measure_id,measure_name,location_id,location_name,sex_id,sex_name,age_id,age_name,cause_id,cause_name,rei_id,rei_name,metric_id,metric_name,year,val,upper,lower
1,Deaths,,"Central Europe, Eastern Europe, and Central Asia",3,Both,7,10-14 years,302,Diarrheal diseases,183,Clostridium difficile,1,Number,1990,104.3758586,193.109784,104.3758586
1,Deaths,,"Central Europe, Eastern Europe, and Central Asia",3,Both,7,10-14 years,302,Diarrheal diseases,183,Clostridium difficile,1,Number,1991,108.8821113,196.8610714,108.8821113
1,Deaths,,"Central Europe, Eastern Europe, and Central Asia",3,Both,7,10-14 years,302,Diarrheal diseases,183,Clostridium difficile,1,Number,1992,117.2468814,205.0652446,117.2468814
1,Deaths,,"Central Europe, Eastern Europe, and Central Asia",3,Both,7,10-14 years,302,Diarrheal diseases,183,Clostridium difficile,1,Number,1993,121.5675235,223.2815853,121.5675235
1,Deaths,,"Central Europe, Eastern Europe, and Central Asia",3,Both,7,10-14 years,302,Diarrheal diseases,183,Clostridium difficile,1,Number,1994,120.5602728,213.2524936,120.5602728
1,Deaths,,"Central Europe, Eastern Europe, and Central Asia",3,Both,7,10-14 years,302,Diarrheal diseases,183,Clostridium difficile,1,Number,1995,130.4837664,217.1009578,130.4837664
1,Deaths,,"Central Europe, Eastern Europe, and Central Asia",3,Both,7,10-14 years,302,Diarrheal diseases,183,Clostridium difficile,1,Number,1996,120.5915132,208.737034,120.5915132
1,Deaths,,"Central Europe, Eastern Europe, and Central Asia",3,Both,7,10-14 years,302,Diarrheal diseases,183,Clostridium difficile,1,Number,1997,120.8956984,204.1906203,120.8956984
1,Deaths,,"Central Europe, Eastern Europe, and Central Asia",3,Both,7,10-14 years,302,Diarrheal diseases,183,Clostridium difficile,1,Number,1998,119.7072176,201.6699718,119.7072176
1,Deaths,,"Central Europe, Eastern Europe, and Central Asia",3,Both,7,10-14 years,302,Diarrheal diseases,183,Clostridium difficile,1,Number,1999,126.9842456,208.9624813,126.9842456
1,Deaths,,"Central Europe, Eastern Europe, and Central Asia",3,Both,7,10-14 years,302,Diarrheal diseases,183,Clostridium difficile,1,Number,2000,117.354167,200.020123,117.354167
1,Deaths,,"Central Europe, Eastern Europe, and Central Asia",3,Both,7,10-14 years,302,Diarrheal diseases,183,Clostridium difficile,1,Number,2001,113.7562493,191.3262856,113.7562493
1,Deaths,,"Central Europe, Eastern Europe, and Central Asia",3,Both,7,10-14 years,302,Diarrheal diseases,183,Clostridium difficile,1,Number,2002,106.0006636,176.7826169,106.0006636
1,Deaths,,"Central Europe, Eastern Europe, and Central Asia",3,Both,7,10-14 years,302,Diarrheal diseases,183,Clostridium difficile,1,Number,2003,96.99923162,163.7841105,96.99923162
1,Deaths,,"Central Europe, Eastern Europe, and Central Asia",3,Both,7,10-14 years,302,Diarrheal diseases,183,Clostridium difficile,1,Number,2004,95.64346238,156.8879372,95.64346238
1,Deaths,,"Central Europe, Eastern Europe, and Central Asia",3,Both,7,10-14 years,302,Diarrheal diseases,183,Clostridium difficile,1,Number,2005,89.36698159,146.5532869,89.36698159
1,Deaths,,"Central Europe, Eastern Europe, and Central Asia",3,Both,7,10-14 years,302,Diarrheal diseases,183,Clostridium difficile,1,Number,2006,81.44588663,133.5230807,81.44588663
1,Deaths,,"Central Europe, Eastern Europe, and Central Asia",3,Both,7,10-14 years,302,Diarrheal diseases,183,Clostridium difficile,1,Number,2007,77.50871004,125.518839,77.50871004
1,Deaths,,"Central Europe, Eastern Europe, and Central Asia",3,Both,7,10-14 years,302,Diarrheal diseases,183,Clostridium difficile,1,Number,2008,72.6003755,117.1465514,72.6003755
1,Deaths,,"Central Europe, Eastern Europe, and Central Asia",3,Both,7,10-14 years,302,Diarrheal diseases,183,Clostridium difficile,1,Number,2009,71.75507806,115.1962929,71.75507806
1,Deaths,,"Central Europe, Eastern Europe, and Central Asia",3,Both,7,10-14 years,302,Diarrheal diseases,183,Clostridium difficile,1,Number,2010,70.30085936,113.2478776,70.30085936
1,Deaths,,"Central Europe, Eastern Europe, and Central Asia",3,Both,7,10-14 years,302,Diarrheal diseases,183,Clostridium difficile,1,Number,2011,69.20835691,110.8633392,69.20835691
1,Deaths,,"Central Europe, Eastern Europe, and Central Asia",3,Both,7,10-14 years,302,Diarrheal diseases,183,Clostridium difficile,1,Number,2012,68.31186001,108.3441828,68.31186001
1,Deaths,,"Central Europe, Eastern Europe, and Central Asia",3,Both,7,10-14 years,302,Diarrheal diseases,183,Clostridium difficile,1,Number,2013,69.84294194,109.9060262,69.84294194
1,Deaths,,"Central Europe, Eastern Europe, and Central Asia",3,Both,7,10-14 years,302,Diarrheal diseases,183,Clostridium difficile,1,Number,2014,73.85104653,112.4031608,73.85104653
1,Deaths,,"Central Europe, Eastern Europe, and Central Asia",3,Both,7,10-14 years,302,Diarrheal diseases,183,Clostridium difficile,1,Number,2015,74.08419409,114.5119804,74.08419409
1,Deaths,,"Central Europe, Eastern Europe, and Central Asia",3,Both,7,10-14 years,302,Diarrheal diseases,183,Clostridium difficile,1,Number,2016,73.09699981,109.7117661,73.09699981
1,Deaths,,"Central Europe, Eastern Europe, and Central Asia",3,Both,7,10-14 years,302,Diarrheal diseases,183,Clostridium difficile,1,Number,2017,71.4272286,110.6932247,71.4272286
1,Deaths,,"Central Europe, Eastern Europe, and Central Asia",3,Both,7,10-14 years,302,Diarrheal diseases,183,Clostridium difficile,1,Number,2018,71.43898588,111.5497465,71.43898588
1,Deaths,,"Central Europe, Eastern Europe, and Central Asia",3,Both,7,10-14 years,302,Diarrheal diseases,183,Clostridium difficile,1,Number,2019,73.88896637,112.4035822,73.88896637
1,Deaths,,"Central Europe, Eastern Europe, and Central Asia",3,Both,7,10-14 years,302,Diarrheal diseases,183,Clostridium difficile,1,Number,2020,72.03968229,109.385392,72.03968229
1,Deaths,,"Central Europe, Eastern Europe, and Central Asia",3,Both,7,10-14 years,302,Diarrheal diseases,183,Clostridium difficile,1,Number,2021,64.92198462,99.97025823,64.92198462
1,Deaths,,"Central Europe, Eastern Europe, and Central Asia",3,Both,8,15-19 years,302,Diarrheal diseases,183,Clostridium difficile,1,Number,1990,134.6137827,245.5155253,134.6137827
1,Deaths,,"Central Europe, Eastern Europe, and Central Asia",3,Both,8,15-19 years,302,Diarrheal diseases,183,Clostridium difficile,1,Number,1991,167.1782288,313.2496531,167.1782288
1,Deaths,,"Central Europe, Eastern Europe, and Central Asia",3,Both,8,15-19 years,302,Diarrheal diseases,183,Clostridium difficile,1,Number,1992,190.3642248,444.6730593,190.3642248
1,Deaths,,"Central Europe, Eastern Europe, and Central Asia",3,Both,8,15-19 years,302,Diarrheal diseases,183,Clostridium difficile,1,Number,1993,192.8882983,629.9701197,192.8882983
1,Deaths,,"Central Europe, Eastern Europe, and Central Asia",3,Both,8,15-19 years,302,Diarrheal diseases,183,Clostridium difficile,1,Number,1994,183.0141953,355.4831176,183.0141953
1,Deaths,,"Central Europe, Eastern Europe, and Central Asia",3,Both,8,15-19 years,302,Diarrheal diseases,183,Clostridium difficile,1,Number,1995,203.1001289,420.1869043,203.1001289
1,Deaths,,"Central Europe, Eastern Europe, and Central Asia",3,Both,8,15-19 years,302,Diarrheal diseases,183,Clostridium difficile,1,Number,1996,184.9892281,330.046077,184.9892281
1,Deaths,,"Central Europe, Eastern Europe, and Central Asia",3,Both,8,15-19 years,302,Diarrheal diseases,183,Clostridium difficile,1,Number,1997,168.4301601,294.4903302,168.4301601
1,Deaths,,"Central Europe, Eastern Europe, and Central Asia",3,Both,8,15-19 years,302,Diarrheal diseases,183,Clostridium difficile,1,Number,1998,174.1316154,278.2175618,174.1316154
1,Deaths,,"Central Europe, Eastern Europe, and Central Asia",3,Both,8,15-19 years,302,Diarrheal diseases,183,Clostridium difficile,1,Number,1999,217.735987,435.5472552,217.735987
1,Deaths,,"Central Europe, Eastern Europe, and Central Asia",3,Both,8,15-19 years,302,Diarrheal diseases,183,Clostridium difficile,1,Number,2000,190.3486891,328.7053747,190.3486891
1,Deaths,,"Central Europe, Eastern Europe, and Central Asia",3,Both,8,15-19 years,302,Diarrheal diseases,183,Clostridium difficile,1,Number,2001,172.1639906,305.7372675,172.1639906
1,Deaths,,"Central Europe, Eastern Europe, and Central Asia",3,Both,8,15-19 years,302,Diarrheal diseases,183,Clostridium difficile,1,Number,2002,161.3895934,273.6350479,161.3895934
1,Deaths,,"Central Europe, Eastern Europe, and Central Asia",3,Both,8,15-19 years,302,Diarrheal diseases,183,Clostridium difficile,1,Number,2003,150.4015084,252.4768059,150.4015084
1,Deaths,,"Central Europe, Eastern Europe, and Central Asia",3,Both,8,15-19 years,302,Diarrheal diseases,183,Clostridium difficile,1,Number,2004,155.8367698,259.415766,155.8367698
1,Deaths,,"Central Europe, Eastern Europe, and Central Asia",3,Both,8,15-19 years,302,Diarrheal diseases,183,Clostridium difficile,1,Number,2005,146.5037281,244.670423,146.5037281
1,Deaths,,"Central Europe, Eastern Europe, and Central Asia",3,Both,8,15-19 years,302,Diarrheal diseases,183,Clostridium difficile,1,Number,2006,135.7858757,222.8187436,135.7858757
1,Deaths,,"Central Europe, Eastern Europe, and Central Asia",3,Both,8,15-19 years,302,Diarrheal diseases,183,Clostridium difficile,1,Number,2007,131.6977032,214.048526,131.6977032
1,Deaths,,"Central Europe, Eastern Europe, and Central Asia",3,Both,8,15-19 years,302,Diarrheal diseases,183,Clostridium difficile,1,Number,2008,127.6435106,209.3899678,127.6435106
1,Deaths,,"Central Europe, Eastern Europe, and Central Asia",3,Both,8,15-19 years,302,Diarrheal diseases,183,Clostridium difficile,1,Number,2009,124.3007486,192.8041111,124.3007486
1,Deaths,,"Central Europe, Eastern Europe, and Central Asia",3,Both,8,15-19 years,302,Diarrheal diseases,183,Clostridium difficile,1,Number,2010,122.8834159,195.7300758,122.8834159
1,Deaths,,"Central Europe, Eastern Europe, and Central Asia",3,Both,8,15-19 years,302,Diarrheal diseases,183,Clostridium difficile,1,Number,2011,114.8693255,175.2167935,114.8693255
1,Deaths,,"Central Europe, Eastern Europe, and Central Asia",3,Both,8,15-19 years,302,Diarrheal diseases,183,Clostridium difficile,1,Number,2012,113.7462297,175.9769578,113.7462297
1,Deaths,,"Central Europe, Eastern Europe, and Central Asia",3,Both,8,15-19 years,302,Diarrheal diseases,183,Clostridium difficile,1,Number,2013,108.0096648,174.5531234,108.0096648
1,Deaths,,"Central Europe, Eastern Europe, and Central Asia",3,Both,8,15-19 years,302,Diarrheal diseases,183,Clostridium difficile,1,Number,2014,115.9840563,208.812008,115.9840563
1,Deaths,,"Central Europe, Eastern Europe, and Central Asia",3,Both,8,15-19 years,302,Diarrheal diseases,183,Clostridium difficile,1,Number,2015,110.5490227,172.4542353,110.5490227
1,Deaths,,"Central Europe, Eastern Europe, and Central Asia",3,Both,8,15-19 years,302,Diarrheal diseases,183,Clostridium difficile,1,Number,2016,102.0366197,152.6742261,102.0366197
1,Deaths,,"Central Europe, Eastern Europe, and Central Asia",3,Both,8,15-19 years,302,Diarrheal diseases,183,Clostridium difficile,1,Number,2017,98.20999812,149.5865223,98.20999812
1,Deaths,,"Central Europe, Eastern Europe, and Central Asia",3,Both,8,15-19 years,302,Diarrheal diseases,183,Clostridium difficile,1,Number,2018,97.37099229,144.8098821,97.37099229
1,Deaths,,"Central Europe, Eastern Europe, and Central Asia",3,Both,8,15-19 years,302,Diarrheal diseases,183,Clostridium difficile,1,Number,2019,98.81839151,140.9258099,98.81839151
1,Deaths,,"Central Europe, Eastern Europe, and Central Asia",3,Both,8,15-19 years,302,Diarrheal diseases,183,Clostridium difficile,1,Number,2020,100.0760365,213.4365437,100.0760365
1,Deaths,,"Central Europe, Eastern Europe, and Central Asia",3,Both,8,15-19 years,302,Diarrheal diseases,183,Clostridium difficile,1,Number,2021,85.55187505,124.4893568,85.55187505
1,Deaths,,"Central Europe, Eastern Europe, and Central Asia",3,Both,9,20-24 years,302,Diarrheal diseases,183,Clostridium difficile,1,Number,1990,157.4411968,296.2188084,157.4411968
1,Deaths,,"Central Europe, Eastern Europe, and Central Asia",3,Both,9,20-24 years,302,Diarrheal diseases,183,Clostridium difficile,1,Number,1991,179.2013279,336.5249224,179.2013279
1,Deaths,,"Central Europe, Eastern Europe, and Central Asia",3,Both,9,20-24 years,302,Diarrheal diseases,183,Clostridium difficile,1,Number,1992,199.3551123,417.494737,199.3551123
1,Deaths,,"Central Europe, Eastern Europe, and Central Asia",3,Both,9,20-24 years,302,Diarrheal diseases,183,Clostridium difficile,1,Number,1993,209.4214799,501.3039161,209.4214799
1,Deaths,,"Central Europe, Eastern Europe, and Central Asia",3,Both,9,20-24 years,302,Diarrheal diseases,183,Clostridium difficile,1,Number,1994,228.7206554,389.4578036,228.7206554
1,Deaths,,"Central Europe, Eastern Europe, and Central Asia",3,Both,9,20-24 years,302,Diarrheal diseases,183,Clostridium difficile,1,Number,1995,234.7147138,443.6083543,234.7147138
1,Deaths,,"Central Europe, Eastern Europe, and Central Asia",3,Both,9,20-24 years,302,Diarrheal diseases,183,Clostridium difficile,1,Number,1996,220.0160695,382.4544359,220.0160695
1,Deaths,,"Central Europe, Eastern Europe, and Central Asia",3,Both,9,20-24 years,302,Diarrheal diseases,183,Clostridium difficile,1,Number,1997,216.0520624,358.3437129,216.0520624
1,Deaths,,"Central Europe, Eastern Europe, and Central Asia",3,Both,9,20-24 years,302,Diarrheal diseases,183,Clostridium difficile,1,Number,1998,213.8275937,356.5131388,213.8275937
1,Deaths,,"Central Europe, Eastern Europe, and Central Asia",3,Both,9,20-24 years,302,Diarrheal diseases,183,Clostridium difficile,1,Number,1999,244.1229482,466.9946188,244.1229482
1,Deaths,,"Central Europe, Eastern Europe, and Central Asia",3,Both,9,20-24 years,302,Diarrheal diseases,183,Clostridium difficile,1,Number,2000,237.0207161,409.9086587,237.0207161
1,Deaths,,"Central Europe, Eastern Europe, and Central Asia",3,Both,9,20-24 years,302,Diarrheal diseases,183,Clostridium difficile,1,Number,2001,221.7356531,378.7159317,221.7356531
1,Deaths,,"Central Europe, Eastern Europe, and Central Asia",3,Both,9,20-24 years,302,Diarrheal diseases,183,Clostridium difficile,1,Number,2002,208.7691198,358.4070816,208.7691198
1,Deaths,,"Central Europe, Eastern Europe, and Central Asia",3,Both,9,20-24 years,302,Diarrheal diseases,183,Clostridium difficile,1,Number,2003,208.0231415,349.6276164,208.0231415
1,Deaths,,"Central Europe, Eastern Europe, and Central Asia",3,Both,9,20-24 years,302,Diarrheal diseases,183,Clostridium difficile,1,Number,2004,222.8317298,366.8488723,222.8317298
1,Deaths,,"Central Europe, Eastern Europe, and Central Asia",3,Both,9,20-24 years,302,Diarrheal diseases,183,Clostridium difficile,1,Number,2005,227.9408933,370.2175706,227.9408933
1,Deaths,,"Central Europe, Eastern Europe, and Central Asia",3,Both,9,20-24 years,302,Diarrheal diseases,183,Clostridium difficile,1,Number,2006,213.4844572,363.4168076,213.4844572
1,Deaths,,"Central Europe, Eastern Europe, and Central Asia",3,Both,9,20-24 years,302,Diarrheal diseases,183,Clostridium difficile,1,Number,2007,221.9920476,355.5228064,221.9920476
1,Deaths,,"Central Europe, Eastern Europe, and Central Asia",3,Both,9,20-24 years,302,Diarrheal diseases,183,Clostridium difficile,1,Number,2008,223.5244036,344.2867283,223.5244036
1,Deaths,,"Central Europe, Eastern Europe, and Central Asia",3,Both,9,20-24 years,302,Diarrheal diseases,183,Clostridium difficile,1,Number,2009,208.9381731,344.7854365,208.9381731
1,Deaths,,"Central Europe, Eastern Europe, and Central Asia",3,Both,9,20-24 years,302,Diarrheal diseases,183,Clostridium difficile,1,Number,2010,222.6004954,334.7750808,222.6004954
1,Deaths,,"Central Europe, Eastern Europe, and Central Asia",3,Both,9,20-24 years,302,Diarrheal diseases,183,Clostridium difficile,1,Number,2011,208.5620308,316.2835577,208.5620308
1,Deaths,,"Central Europe, Eastern Europe, and Central Asia",3,Both,9,20-24 years,302,Diarrheal diseases,183,Clostridium difficile,1,Number,2012,199.7075287,308.6565755,199.7075287
1,Deaths,,"Central Europe, Eastern Europe, and Central Asia",3,Both,9,20-24 years,302,Diarrheal diseases,183,Clostridium difficile,1,Number,2013,194.38131,294.5342327,194.38131
1,Deaths,,"Central Europe, Eastern Europe, and Central Asia",3,Both,9,20-24 years,302,Diarrheal diseases,183,Clostridium difficile,1,Number,2014,191.0124959,312.8973976,191.0124959
1,Deaths,,"Central Europe, Eastern Europe, and Central Asia",3,Both,9,20-24 years,302,Diarrheal diseases,183,Clostridium difficile,1,Number,2015,177.5360883,283.4382582,177.5360883
1,Deaths,,"Central Europe, Eastern Europe, and Central Asia",3,Both,9,20-24 years,302,Diarrheal diseases,183,Clostridium difficile,1,Number,2016,163.0498805,249.6879069,163.0498805
1,Deaths,,"Central Europe, Eastern Europe, and Central Asia",3,Both,9,20-24 years,302,Diarrheal diseases,183,Clostridium difficile,1,Number,2017,152.6078232,235.2008336,152.6078232
1,Deaths,,"Central Europe, Eastern Europe, and Central Asia",3,Both,9,20-24 years,302,Diarrheal diseases,183,Clostridium difficile,1,Number,2018,150.1435672,223.1144012,150.1435672
1,Deaths,,"Central Europe, Eastern Europe, and Central Asia",3,Both,9,20-24 years,302,Diarrheal diseases,183,Clostridium difficile,1,Number,2019,146.8260966,214.9389895,146.8260966
1,Deaths,,"Central Europe, Eastern Europe, and Central Asia",3,Both,9,20-24 years,302,Diarrheal diseases,183,Clostridium difficile,1,Number,2020,141.9291293,240.3849283,141.9291293
1,Deaths,,"Central Europe, Eastern Europe, and Central Asia",3,Both,9,20-24 years,302,Diarrheal diseases,183,Clostridium difficile,1,Number,2021,123.499533,187.1761649,123.499533
1,Deaths,,"Central Europe, Eastern Europe, and Central Asia",3,Both,10,25-29 years,302,Diarrheal diseases,183,Clostridium difficile,1,Number,1990,205.730798,392.3041534,205.730798
1,Deaths,,"Central Europe, Eastern Europe, and Central Asia",3,Both,10,25-29 years,302,Diarrheal diseases,183,Clostridium difficile,1,Number,1991,214.5978933,392.122301,214.5978933
1,Deaths,,"Central Europe, Eastern Europe, and Central Asia",3,Both,10,25-29 years,302,Diarrheal diseases,183,Clostridium difficile,1,Number,1992,231.7446991,419.6643893,231.7446991
1,Deaths,,"Central Europe, Eastern Europe, and Central Asia",3,Both,10,25-29 years,302,Diarrheal diseases,183,Clostridium difficile,1,Number,1993,246.8102956,445.7039966,246.8102956
1,Deaths,,"Central Europe, Eastern Europe, and Central Asia",3,Both,10,25-29 years,302,Diarrheal diseases,183,Clostridium difficile,1,Number,1994,261.01192,448.3300414,261.01192
1,Deaths,,"Central Europe, Eastern Europe, and Central Asia",3,Both,10,25-29 years,302,Diarrheal diseases,183,Clostridium difficile,1,Number,1995,269.3692584,466.0914781,269.3692584
1,Deaths,,"Central Europe, Eastern Europe, and Central Asia",3,Both,10,25-29 years,302,Diarrheal diseases,183,Clostridium difficile,1,Number,1996,248.9720246,439.1241285,248.9720246
1,Deaths,,"Central Europe, Eastern Europe, and Central Asia",3,Both,10,25-29 years,302,Diarrheal diseases,183,Clostridium difficile,1,Number,1997,246.9391688,419.7155869,246.9391688
1,Deaths,,"Central Europe, Eastern Europe, and Central Asia",3,Both,10,25-29 years,302,Diarrheal diseases,183,Clostridium difficile,1,Number,1998,250.5594214,411.0126375,250.5594214
1,Deaths,,"Central Europe, Eastern Europe, and Central Asia",3,Both,10,25-29 years,302,Diarrheal diseases,183,Clostridium difficile,1,Number,1999,276.1028043,460.4541452,276.1028043
1,Deaths,,"Central Europe, Eastern Europe, and Central Asia",3,Both,10,25-29 years,302,Diarrheal diseases,183,Clostridium difficile,1,Number,2000,281.7580089,475.9393518,281.7580089
1,Deaths,,"Central Europe, Eastern Europe, and Central Asia",3,Both,10,25-29 years,302,Diarrheal diseases,183,Clostridium difficile,1,Number,2001,286.4522734,472.8215382,286.4522734
1,Deaths,,"Central Europe, Eastern Europe, and Central Asia",3,Both,10,25-29 years,302,Diarrheal diseases,183,Clostridium difficile,1,Number,2002,281.5002928,480.9728754,281.5002928
1,Deaths,,"Central Europe, Eastern Europe, and Central Asia",3,Both,10,25-29 years,302,Diarrheal diseases,183,Clostridium difficile,1,Number,2003,300.8474987,495.0912216,300.8474987
1,Deaths,,"Central Europe, Eastern Europe, and Central Asia",3,Both,10,25-29 years,302,Diarrheal diseases,183,Clostridium difficile,1,Number,2004,322.6310216,539.7168303,322.6310216
1,Deaths,,"Central Europe, Eastern Europe, and Central Asia",3,Both,10,25-29 years,302,Diarrheal diseases,183,Clostridium difficile,1,Number,2005,348.0906958,570.9524515,348.0906958
1,Deaths,,"Central Europe, Eastern Europe, and Central Asia",3,Both,10,25-29 years,302,Diarrheal diseases,183,Clostridium difficile,1,Number,2006,349.950501,563.9171676,349.950501
1,Deaths,,"Central Europe, Eastern Europe, and Central Asia",3,Both,10,25-29 years,302,Diarrheal diseases,183,Clostridium difficile,1,Number,2007,355.1213775,562.6162188,355.1213775
1,Deaths,,"Central Europe, Eastern Europe, and Central Asia",3,Both,10,25-29 years,302,Diarrheal diseases,183,Clostridium difficile,1,Number,2008,344.8696342,561.8370416,344.8696342
1,Deaths,,"Central Europe, Eastern Europe, and Central Asia",3,Both,10,25-29 years,302,Diarrheal diseases,183,Clostridium difficile,1,Number,2009,344.4121637,547.1467925,344.4121637
1,Deaths,,"Central Europe, Eastern Europe, and Central Asia",3,Both,10,25-29 years,302,Diarrheal diseases,183,Clostridium difficile,1,Number,2010,353.8528788,544.9292502,353.8528788
1,Deaths,,"Central Europe, Eastern Europe, and Central Asia",3,Both,10,25-29 years,302,Diarrheal diseases,183,Clostridium difficile,1,Number,2011,343.6950996,531.8714296,343.6950996
1,Deaths,,"Central Europe, Eastern Europe, and Central Asia",3,Both,10,25-29 years,302,Diarrheal diseases,183,Clostridium difficile,1,Number,2012,343.8043873,519.1162097,343.8043873
1,Deaths,,"Central Europe, Eastern Europe, and Central Asia",3,Both,10,25-29 years,302,Diarrheal diseases,183,Clostridium difficile,1,Number,2013,349.3904207,528.0442611,349.3904207
1,Deaths,,"Central Europe, Eastern Europe, and Central Asia",3,Both,10,25-29 years,302,Diarrheal diseases,183,Clostridium difficile,1,Number,2014,357.9400694,528.9187119,357.9400694
1,Deaths,,"Central Europe, Eastern Europe, and Central Asia",3,Both,10,25-29 years,302,Diarrheal diseases,183,Clostridium difficile,1,Number,2015,358.7021491,531.4530436,358.7021491
1,Deaths,,"Central Europe, Eastern Europe, and Central Asia",3,Both,10,25-29 years,302,Diarrheal diseases,183,Clostridium difficile,1,Number,2016,339.9867653,487.0287961,339.9867653
1,Deaths,,"Central Europe, Eastern Europe, and Central Asia",3,Both,10,25-29 years,302,Diarrheal diseases,183,Clostridium difficile,1,Number,2017,315.5647376,468.6422852,315.5647376
1,Deaths,,"Central Europe, Eastern Europe, and Central Asia",3,Both,10,25-29 years,302,Diarrheal diseases,183,Clostridium difficile,1,Number,2018,310.5676298,438.9037591,310.5676298
1,Deaths,,"Central Europe, Eastern Europe, and Central Asia",3,Both,10,25-29 years,302,Diarrheal diseases,183,Clostridium difficile,1,Number,2019,290.0888671,415.0527646,290.0888671
1,Deaths,,"Central Europe, Eastern Europe, and Central Asia",3,Both,10,25-29 years,302,Diarrheal diseases,183,Clostridium difficile,1,Number,2020,248.897044,370.3209112,248.897044
1,Deaths,,"Central Europe, Eastern Europe, and Central Asia",3,Both,10,25-29 years,302,Diarrheal diseases,183,Clostridium difficile,1,Number,2021,232.6431551,335.714402,232.6431551
1,Deaths,,"Central Europe, Eastern Europe, and Central Asia",3,Both,11,30-34 years,302,Diarrheal diseases,183,Clostridium difficile,1,Number,1990,316.8706781,575.3978596,316.8706781
1,Deaths,,"Central Europe, Eastern Europe, and Central Asia",3,Both,11,30-34 years,302,Diarrheal diseases,183,Clostridium difficile,1,Number,1991,334.33172,599.6490462,334.33172
1,Deaths,,"Central Europe, Eastern Europe, and Central Asia",3,Both,11,30-34 years,302,Diarrheal diseases,183,Clostridium difficile,1,Number,1992,365.1970442,656.3985522,365.1970442
1,Deaths,,"Central Europe, Eastern Europe, and Central Asia",3,Both,11,30-34 years,302,Diarrheal diseases,183,Clostridium difficile,1,Number,1993,402.9041387,715.5248044,402.9041387
1,Deaths,,"Central Europe, Eastern Europe, and Central Asia",3,Both,11,30-34 years,302,Diarrheal diseases,183,Clostridium difficile,1,Number,1994,432.8973951,754.9736714,432.8973951
1,Deaths,,"Central Europe, Eastern Europe, and Central Asia",3,Both,11,30-34 years,302,Diarrheal diseases,183,Clostridium difficile,1,Number,1995,442.2993973,735.4026123,442.2993973
1,Deaths,,"Central Europe, Eastern Europe, and Central Asia",3,Both,11,30-34 years,302,Diarrheal diseases,183,Clostridium difficile,1,Number,1996,382.2515762,652.629675,382.2515762
1,Deaths,,"Central Europe, Eastern Europe, and Central Asia",3,Both,11,30-34 years,302,Diarrheal diseases,183,Clostridium difficile,1,Number,1997,350.8222685,590.7860645,350.8222685
1,Deaths,,"Central Europe, Eastern Europe, and Central Asia",3,Both,11,30-34 years,302,Diarrheal diseases,183,Clostridium difficile,1,Number,1998,333.8876244,558.5938822,333.8876244
1,Deaths,,"Central Europe, Eastern Europe, and Central Asia",3,Both,11,30-34 years,302,Diarrheal diseases,183,Clostridium difficile,1,Number,1999,359.0937674,593.4332557,359.0937674
1,Deaths,,"Central Europe, Eastern Europe, and Central Asia",3,Both,11,30-34 years,302,Diarrheal diseases,183,Clostridium difficile,1,Number,2000,362.4126545,613.4162013,362.4126545
1,Deaths,,"Central Europe, Eastern Europe, and Central Asia",3,Both,11,30-34 years,302,Diarrheal diseases,183,Clostridium difficile,1,Number,2001,369.4327711,623.2897475,369.4327711
1,Deaths,,"Central Europe, Eastern Europe, and Central Asia",3,Both,11,30-34 years,302,Diarrheal diseases,183,Clostridium difficile,1,Number,2002,385.8107262,643.4030836,385.8107262
1,Deaths,,"Central Europe, Eastern Europe, and Central Asia",3,Both,11,30-34 years,302,Diarrheal diseases,183,Clostridium difficile,1,Number,2003,419.1653353,669.1844395,419.1653353
1,Deaths,,"Central Europe, Eastern Europe, and Central Asia",3,Both,11,30-34 years,302,Diarrheal diseases,183,Clostridium difficile,1,Number,2004,458.4763589,731.9340831,458.4763589
1,Deaths,,"Central Europe, Eastern Europe, and Central Asia",3,Both,11,30-34 years,302,Diarrheal diseases,183,Clostridium difficile,1,Number,2005,487.2957618,786.8318922,487.2957618
1,Deaths,,"Central Europe, Eastern Europe, and Central Asia",3,Both,11,30-34 years,302,Diarrheal diseases,183,Clostridium difficile,1,Number,2006,478.7520732,799.3857357,478.7520732
1,Deaths,,"Central Europe, Eastern Europe, and Central Asia",3,Both,11,30-34 years,302,Diarrheal diseases,183,Clostridium difficile,1,Number,2007,502.1873323,802.0819617,502.1873323
1,Deaths,,"Central Europe, Eastern Europe, and Central Asia",3,Both,11,30-34 years,302,Diarrheal diseases,183,Clostridium difficile,1,Number,2008,523.8433199,794.6367477,523.8433199
1,Deaths,,"Central Europe, Eastern Europe, and Central Asia",3,Both,11,30-34 years,302,Diarrheal diseases,183,Clostridium difficile,1,Number,2009,519.8292419,788.5196354,519.8292419
1,Deaths,,"Central Europe, Eastern Europe, and Central Asia",3,Both,11,30-34 years,302,Diarrheal diseases,183,Clostridium difficile,1,Number,2010,546.940267,795.8955963,546.940267
1,Deaths,,"Central Europe, Eastern Europe, and Central Asia",3,Both,11,30-34 years,302,Diarrheal diseases,183,Clostridium difficile,1,Number,2011,544.5275107,787.8925215,544.5275107
1,Deaths,,"Central Europe, Eastern Europe, and Central Asia",3,Both,11,30-34 years,302,Diarrheal diseases,183,Clostridium difficile,1,Number,2012,513.7997508,821.7303291,513.7997508
1,Deaths,,"Central Europe, Eastern Europe, and Central Asia",3,Both,11,30-34 years,302,Diarrheal diseases,183,Clostridium difficile,1,Number,2013,565.3318976,812.2602894,565.3318976
1,Deaths,,"Central Europe, Eastern Europe, and Central Asia",3,Both,11,30-34 years,302,Diarrheal diseases,183,Clostridium difficile,1,Number,2014,575.5878453,823.8266686,575.5878453
1,Deaths,,"Central Europe, Eastern Europe, and Central Asia",3,Both,11,30-34 years,302,Diarrheal diseases,183,Clostridium difficile,1,Number,2015,584.8591297,860.0385827,584.8591297
1,Deaths,,"Central Europe, Eastern Europe, and Central Asia",3,Both,11,30-34 years,302,Diarrheal diseases,183,Clostridium difficile,1,Number,2016,582.9281453,809.6658735,582.9281453
1,Deaths,,"Central Europe, Eastern Europe, and Central Asia",3,Both,11,30-34 years,302,Diarrheal diseases,183,Clostridium difficile,1,Number,2017,574.9948417,815.7530925,574.9948417
1,Deaths,,"Central Europe, Eastern Europe, and Central Asia",3,Both,11,30-34 years,302,Diarrheal diseases,183,Clostridium difficile,1,Number,2018,600.5597105,833.8566657,600.5597105
1,Deaths,,"Central Europe, Eastern Europe, and Central Asia",3,Both,11,30-34 years,302,Diarrheal diseases,183,Clostridium difficile,1,Number,2019,598.4831647,840.5220736,598.4831647
1,Deaths,,"Central Europe, Eastern Europe, and Central Asia",3,Both,11,30-34 years,302,Diarrheal diseases,183,Clostridium difficile,1,Number,2020,544.4184364,748.1852007,544.4184364
1,Deaths,,"Central Europe, Eastern Europe, and Central Asia",3,Both,11,30-34 years,302,Diarrheal diseases,183,Clostridium difficile,1,Number,2021,514.6566673,738.8102548,514.6566673
1,Deaths,,"Central Europe, Eastern Europe, and Central Asia",3,Both,12,35-39 years,302,Diarrheal diseases,183,Clostridium difficile,1,Number,1990,466.0077947,820.5657203,466.0077947
1,Deaths,,"Central Europe, Eastern Europe, and Central Asia",3,Both,12,35-39 years,302,Diarrheal diseases,183,Clostridium difficile,1,Number,1991,484.296076,869.5156965,484.296076
1,Deaths,,"Central Europe, Eastern Europe, and Central Asia",3,Both,12,35-39 years,302,Diarrheal diseases,183,Clostridium difficile,1,Number,1992,544.1853276,957.0851208,544.1853276
1,Deaths,,"Central Europe, Eastern Europe, and Central Asia",3,Both,12,35-39 years,302,Diarrheal diseases,183,Clostridium difficile,1,Number,1993,637.7339246,1066.414359,637.7339246
1,Deaths,,"Central Europe, Eastern Europe, and Central Asia",3,Both,12,35-39 years,302,Diarrheal diseases,183,Clostridium difficile,1,Number,1994,707.6757992,1203.989901,707.6757992
1,Deaths,,"Central Europe, Eastern Europe, and Central Asia",3,Both,12,35-39 years,302,Diarrheal diseases,183,Clostridium difficile,1,Number,1995,721.0532989,1232.370736,721.0532989
1,Deaths,,"Central Europe, Eastern Europe, and Central Asia",3,Both,12,35-39 years,302,Diarrheal diseases,183,Clostridium difficile,1,Number,1996,667.9053558,1103.545939,667.9053558
1,Deaths,,"Central Europe, Eastern Europe, and Central Asia",3,Both,12,35-39 years,302,Diarrheal diseases,183,Clostridium difficile,1,Number,1997,622.2391634,1027.46049,622.2391634
1,Deaths,,"Central Europe, Eastern Europe, and Central Asia",3,Both,12,35-39 years,302,Diarrheal diseases,183,Clostridium difficile,1,Number,1998,594.9781915,979.460105,594.9781915
1,Deaths,,"Central Europe, Eastern Europe, and Central Asia",3,Both,12,35-39 years,302,Diarrheal diseases,183,Clostridium difficile,1,Number,1999,640.1897707,1022.367475,640.1897707
1,Deaths,,"Central Europe, Eastern Europe, and Central Asia",3,Both,12,35-39 years,302,Diarrheal diseases,183,Clostridium difficile,1,Number,2000,629.7052174,1043.200217,629.7052174
1,Deaths,,"Central Europe, Eastern Europe, and Central Asia",3,Both,12,35-39 years,302,Diarrheal diseases,183,Clostridium difficile,1,Number,2001,603.2999516,1016.331596,603.2999516
1,Deaths,,"Central Europe, Eastern Europe, and Central Asia",3,Both,12,35-39 years,302,Diarrheal diseases,183,Clostridium difficile,1,Number,2002,618.0963399,989.3095089,618.0963399
1,Deaths,,"Central Europe, Eastern Europe, and Central Asia",3,Both,12,35-39 years,302,Diarrheal diseases,183,Clostridium difficile,1,Number,2003,633.4089923,994.883874,633.4089923
1,Deaths,,"Central Europe, Eastern Europe, and Central Asia",3,Both,12,35-39 years,302,Diarrheal diseases,183,Clostridium difficile,1,Number,2004,645.4720446,1039.919931,645.4720446
1,Deaths,,"Central Europe, Eastern Europe, and Central Asia",3,Both,12,35-39 years,302,Diarrheal diseases,183,Clostridium difficile,1,Number,2005,660.6423447,1069.952938,660.6423447
1,Deaths,,"Central Europe, Eastern Europe, and Central Asia",3,Both,12,35-39 years,302,Diarrheal diseases,183,Clostridium difficile,1,Number,2006,658.1907303,1021.151392,658.1907303
1,Deaths,,"Central Europe, Eastern Europe, and Central Asia",3,Both,12,35-39 years,302,Diarrheal diseases,183,Clostridium difficile,1,Number,2007,644.4238339,1048.997654,644.4238339
1,Deaths,,"Central Europe, Eastern Europe, and Central Asia",3,Both,12,35-39 years,302,Diarrheal diseases,183,Clostridium difficile,1,Number,2008,663.3436506,1036.854656,663.3436506
1,Deaths,,"Central Europe, Eastern Europe, and Central Asia",3,Both,12,35-39 years,302,Diarrheal diseases,183,Clostridium difficile,1,Number,2009,670.7931387,1012.561511,670.7931387
1,Deaths,,"Central Europe, Eastern Europe, and Central Asia",3,Both,12,35-39 years,302,Diarrheal diseases,183,Clostridium difficile,1,Number,2010,684.2280459,1070.341098,684.2280459
1,Deaths,,"Central Europe, Eastern Europe, and Central Asia",3,Both,12,35-39 years,302,Diarrheal diseases,183,Clostridium difficile,1,Number,2011,718.6436327,1048.540368,718.6436327
1,Deaths,,"Central Europe, Eastern Europe, and Central Asia",3,Both,12,35-39 years,302,Diarrheal diseases,183,Clostridium difficile,1,Number,2012,746.4984102,1067.191232,746.4984102
1,Deaths,,"Central Europe, Eastern Europe, and Central Asia",3,Both,12,35-39 years,302,Diarrheal diseases,183,Clostridium difficile,1,Number,2013,789.0349128,1113.986065,789.0349128
1,Deaths,,"Central Europe, Eastern Europe, and Central Asia",3,Both,12,35-39 years,302,Diarrheal diseases,183,Clostridium difficile,1,Number,2014,813.270729,1162.803451,813.270729
1,Deaths,,"Central Europe, Eastern Europe, and Central Asia",3,Both,12,35-39 years,302,Diarrheal diseases,183,Clostridium difficile,1,Number,2015,883.8251278,1217.714662,883.8251278
1,Deaths,,"Central Europe, Eastern Europe, and Central Asia",3,Both,12,35-39 years,302,Diarrheal diseases,183,Clostridium difficile,1,Number,2016,871.2338024,1190.060449,871.2338024
1,Deaths,,"Central Europe, Eastern Europe, and Central Asia",3,Both,12,35-39 years,302,Diarrheal diseases,183,Clostridium difficile,1,Number,2017,857.1456206,1221.012596,857.1456206
1,Deaths,,"Central Europe, Eastern Europe, and Central Asia",3,Both,12,35-39 years,302,Diarrheal diseases,183,Clostridium difficile,1,Number,2018,912.2979033,1259.222899,912.2979033
1,Deaths,,"Central Europe, Eastern Europe, and Central Asia",3,Both,12,35-39 years,302,Diarrheal diseases,183,Clostridium difficile,1,Number,2019,929.3413493,1292.846771,929.3413493
1,Deaths,,"Central Europe, Eastern Europe, and Central Asia",3,Both,12,35-39 years,302,Diarrheal diseases,183,Clostridium difficile,1,Number,2020,863.9806662,1178.290408,863.9806662
1,Deaths,,"Central Europe, Eastern Europe, and Central Asia",3,Both,12,35-39 years,302,Diarrheal diseases,183,Clostridium difficile,1,Number,2021,835.511172,1209.757663,835.511172
1,Deaths,,"Central Europe, Eastern Europe, and Central Asia",3,Both,13,40-44 years,302,Diarrheal diseases,183,Clostridium difficile,1,Number,1990,601.4331985,1032.498412,601.4331985
1,Deaths,,"Central Europe, Eastern Europe, and Central Asia",3,Both,13,40-44 years,302,Diarrheal diseases,183,Clostridium difficile,1,Number,1991,655.5690785,1192.668368,655.5690785
1,Deaths,,"Central Europe, Eastern Europe, and Central Asia",3,Both,13,40-44 years,302,Diarrheal diseases,183,Clostridium difficile,1,Number,1992,765.124118,1358.443213,765.124118
1,Deaths,,"Central Europe, Eastern Europe, and Central Asia",3,Both,13,40-44 years,302,Diarrheal diseases,183,Clostridium difficile,1,Number,1993,914.3408068,1561.659483,914.3408068
1,Deaths,,"Central Europe, Eastern Europe, and Central Asia",3,Both,13,40-44 years,302,Diarrheal diseases,183,Clostridium difficile,1,Number,1994,1023.185108,1792.224077,1023.185108
1,Deaths,,"Central Europe, Eastern Europe, and Central Asia",3,Both,13,40-44 years,302,Diarrheal diseases,183,Clostridium difficile,1,Number,1995,1072.482062,1821.973374,1072.482062
1,Deaths,,"Central Europe, Eastern Europe, and Central Asia",3,Both,13,40-44 years,302,Diarrheal diseases,183,Clostridium difficile,1,Number,1996,958.2534867,1681.969662,958.2534867
1,Deaths,,"Central Europe, Eastern Europe, and Central Asia",3,Both,13,40-44 years,302,Diarrheal diseases,183,Clostridium difficile,1,Number,1997,921.7524416,1567.50388,921.7524416
1,Deaths,,"Central Europe, Eastern Europe, and Central Asia",3,Both,13,40-44 years,302,Diarrheal diseases,183,Clostridium difficile,1,Number,1998,920.5561539,1506.12903,920.5561539
1,Deaths,,"Central Europe, Eastern Europe, and Central Asia",3,Both,13,40-44 years,302,Diarrheal diseases,183,Clostridium difficile,1,Number,1999,967.4091161,1673.264527,967.4091161
1,Deaths,,"Central Europe, Eastern Europe, and Central Asia",3,Both,13,40-44 years,302,Diarrheal diseases,183,Clostridium difficile,1,Number,2000,1055.046336,1730.656553,1055.046336
1,Deaths,,"Central Europe, Eastern Europe, and Central Asia",3,Both,13,40-44 years,302,Diarrheal diseases,183,Clostridium difficile,1,Number,2001,1061.150908,1756.71084,1061.150908
1,Deaths,,"Central Europe, Eastern Europe, and Central Asia",3,Both,13,40-44 years,302,Diarrheal diseases,183,Clostridium difficile,1,Number,2002,1113.943505,1794.07554,1113.943505
1,Deaths,,"Central Europe, Eastern Europe, and Central Asia",3,Both,13,40-44 years,302,Diarrheal diseases,183,Clostridium difficile,1,Number,2003,1130.714192,1849.134475,1130.714192
1,Deaths,,"Central Europe, Eastern Europe, and Central Asia",3,Both,13,40-44 years,302,Diarrheal diseases,183,Clostridium difficile,1,Number,2004,1181.694042,1849.001341,1181.694042
1,Deaths,,"Central Europe, Eastern Europe, and Central Asia",3,Both,13,40-44 years,302,Diarrheal diseases,183,Clostridium difficile,1,Number,2005,1147.128601,1835.861039,1147.128601
1,Deaths,,"Central Europe, Eastern Europe, and Central Asia",3,Both,13,40-44 years,302,Diarrheal diseases,183,Clostridium difficile,1,Number,2006,1020.225592,1689.38749,1020.225592
1,Deaths,,"Central Europe, Eastern Europe, and Central Asia",3,Both,13,40-44 years,302,Diarrheal diseases,183,Clostridium difficile,1,Number,2007,982.797735,1586.334149,982.797735
1,Deaths,,"Central Europe, Eastern Europe, and Central Asia",3,Both,13,40-44 years,302,Diarrheal diseases,183,Clostridium difficile,1,Number,2008,948.5140836,1511.730436,948.5140836
1,Deaths,,"Central Europe, Eastern Europe, and Central Asia",3,Both,13,40-44 years,302,Diarrheal diseases,183,Clostridium difficile,1,Number,2009,896.608488,1428.035363,896.608488
1,Deaths,,"Central Europe, Eastern Europe, and Central Asia",3,Both,13,40-44 years,302,Diarrheal diseases,183,Clostridium difficile,1,Number,2010,923.4006871,1406.088797,923.4006871
1,Deaths,,"Central Europe, Eastern Europe, and Central Asia",3,Both,13,40-44 years,302,Diarrheal diseases,183,Clostridium difficile,1,Number,2011,925.1320941,1367.307906,925.1320941
1,Deaths,,"Central Europe, Eastern Europe, and Central Asia",3,Both,13,40-44 years,302,Diarrheal diseases,183,Clostridium difficile,1,Number,2012,933.423428,1403.907913,933.423428
1,Deaths,,"Central Europe, Eastern Europe, and Central Asia",3,Both,13,40-44 years,302,Diarrheal diseases,183,Clostridium difficile,1,Number,2013,972.8691517,1455.650804,972.8691517
1,Deaths,,"Central Europe, Eastern Europe, and Central Asia",3,Both,13,40-44 years,302,Diarrheal diseases,183,Clostridium difficile,1,Number,2014,1026.029175,1519.581513,1026.029175
1,Deaths,,"Central Europe, Eastern Europe, and Central Asia",3,Both,13,40-44 years,302,Diarrheal diseases,183,Clostridium difficile,1,Number,2015,1130.004256,1636.273,1130.004256
1,Deaths,,"Central Europe, Eastern Europe, and Central Asia",3,Both,13,40-44 years,302,Diarrheal diseases,183,Clostridium difficile,1,Number,2016,1116.317366,1672.161671,1116.317366
1,Deaths,,"Central Europe, Eastern Europe, and Central Asia",3,Both,13,40-44 years,302,Diarrheal diseases,183,Clostridium difficile,1,Number,2017,1167.861291,1685.334044,1167.861291
1,Deaths,,"Central Europe, Eastern Europe, and Central Asia",3,Both,13,40-44 years,302,Diarrheal diseases,183,Clostridium difficile,1,Number,2018,1256.635387,1757.563695,1256.635387
1,Deaths,,"Central Europe, Eastern Europe, and Central Asia",3,Both,13,40-44 years,302,Diarrheal diseases,183,Clostridium difficile,1,Number,2019,1301.799481,1808.266933,1301.799481
1,Deaths,,"Central Europe, Eastern Europe, and Central Asia",3,Both,13,40-44 years,302,Diarrheal diseases,183,Clostridium difficile,1,Number,2020,1203.02754,1696.845332,1203.02754
1,Deaths,,"Central Europe, Eastern Europe, and Central Asia",3,Both,13,40-44 years,302,Diarrheal diseases,183,Clostridium difficile,1,Number,2021,1155.018754,1695.464022,1155.018754
1,Deaths,,"Central Europe, Eastern Europe, and Central Asia",3,Both,14,45-49 years,302,Diarrheal diseases,183,Clostridium difficile,1,Number,1990,767.3925248,1327.276891,767.3925248
1,Deaths,,"Central Europe, Eastern Europe, and Central Asia",3,Both,14,45-49 years,302,Diarrheal diseases,183,Clostridium difficile,1,Number,1991,731.9446957,1257.263146,731.9446957
1,Deaths,,"Central Europe, Eastern Europe, and Central Asia",3,Both,14,45-49 years,302,Diarrheal diseases,183,Clostridium difficile,1,Number,1992,790.0871418,1333.858421,790.0871418
1,Deaths,,"Central Europe, Eastern Europe, and Central Asia",3,Both,14,45-49 years,302,Diarrheal diseases,183,Clostridium difficile,1,Number,1993,923.3175437,1588.627359,923.3175437
1,Deaths,,"Central Europe, Eastern Europe, and Central Asia",3,Both,14,45-49 years,302,Diarrheal diseases,183,Clostridium difficile,1,Number,1994,1138.107594,1975.459826,1138.107594
1,Deaths,,"Central Europe, Eastern Europe, and Central Asia",3,Both,14,45-49 years,302,Diarrheal diseases,183,Clostridium difficile,1,Number,1995,1334.119882,2222.040013,1334.119882
1,Deaths,,"Central Europe, Eastern Europe, and Central Asia",3,Both,14,45-49 years,302,Diarrheal diseases,183,Clostridium difficile,1,Number,1996,1328.555986,2185.419539,1328.555986
1,Deaths,,"Central Europe, Eastern Europe, and Central Asia",3,Both,14,45-49 years,302,Diarrheal diseases,183,Clostridium difficile,1,Number,1997,1294.401098,2148.173881,1294.401098
1,Deaths,,"Central Europe, Eastern Europe, and Central Asia",3,Both,14,45-49 years,302,Diarrheal diseases,183,Clostridium difficile,1,Number,1998,1308.31554,2131.371463,1308.31554
1,Deaths,,"Central Europe, Eastern Europe, and Central Asia",3,Both,14,45-49 years,302,Diarrheal diseases,183,Clostridium difficile,1,Number,1999,1432.505233,2329.966483,1432.505233
1,Deaths,,"Central Europe, Eastern Europe, and Central Asia",3,Both,14,45-49 years,302,Diarrheal diseases,183,Clostridium difficile,1,Number,2000,1501.861104,2483.58803,1501.861104
1,Deaths,,"Central Europe, Eastern Europe, and Central Asia",3,Both,14,45-49 years,302,Diarrheal diseases,183,Clostridium difficile,1,Number,2001,1545.502249,2511.004693,1545.502249
1,Deaths,,"Central Europe, Eastern Europe, and Central Asia",3,Both,14,45-49 years,302,Diarrheal diseases,183,Clostridium difficile,1,Number,2002,1619.390761,2597.435353,1619.390761
1,Deaths,,"Central Europe, Eastern Europe, and Central Asia",3,Both,14,45-49 years,302,Diarrheal diseases,183,Clostridium difficile,1,Number,2003,1703.710134,2679.255169,1703.710134
1,Deaths,,"Central Europe, Eastern Europe, and Central Asia",3,Both,14,45-49 years,302,Diarrheal diseases,183,Clostridium difficile,1,Number,2004,1775.590078,2778.951827,1775.590078
1,Deaths,,"Central Europe, Eastern Europe, and Central Asia",3,Both,14,45-49 years,302,Diarrheal diseases,183,Clostridium difficile,1,Number,2005,1780.169142,2855.678885,1780.169142
1,Deaths,,"Central Europe, Eastern Europe, and Central Asia",3,Both,14,45-49 years,302,Diarrheal diseases,183,Clostridium difficile,1,Number,2006,1703.538301,2680.378616,1703.538301
1,Deaths,,"Central Europe, Eastern Europe, and Central Asia",3,Both,14,45-49 years,302,Diarrheal diseases,183,Clostridium difficile,1,Number,2007,1703.043479,2590.756581,1703.043479
1,Deaths,,"Central Europe, Eastern Europe, and Central Asia",3,Both,14,45-49 years,302,Diarrheal diseases,183,Clostridium difficile,1,Number,2008,1620.526599,2549.065851,1620.526599
1,Deaths,,"Central Europe, Eastern Europe, and Central Asia",3,Both,14,45-49 years,302,Diarrheal diseases,183,Clostridium difficile,1,Number,2009,1553.960951,2353.538691,1553.960951
1,Deaths,,"Central Europe, Eastern Europe, and Central Asia",3,Both,14,45-49 years,302,Diarrheal diseases,183,Clostridium difficile,1,Number,2010,1524.328592,2265.169377,1524.328592
1,Deaths,,"Central Europe, Eastern Europe, and Central Asia",3,Both,14,45-49 years,302,Diarrheal diseases,183,Clostridium difficile,1,Number,2011,1411.81547,2132.127011,1411.81547
1,Deaths,,"Central Europe, Eastern Europe, and Central Asia",3,Both,14,45-49 years,302,Diarrheal diseases,183,Clostridium difficile,1,Number,2012,1405.39242,2020.88456,1405.39242
1,Deaths,,"Central Europe, Eastern Europe, and Central Asia",3,Both,14,45-49 years,302,Diarrheal diseases,183,Clostridium difficile,1,Number,2013,1350.357987,2051.483403,1350.357987
1,Deaths,,"Central Europe, Eastern Europe, and Central Asia",3,Both,14,45-49 years,302,Diarrheal diseases,183,Clostridium difficile,1,Number,2014,1406.142515,2022.25728,1406.142515
1,Deaths,,"Central Europe, Eastern Europe, and Central Asia",3,Both,14,45-49 years,302,Diarrheal diseases,183,Clostridium difficile,1,Number,2015,1506.09424,2129.827684,1506.09424
1,Deaths,,"Central Europe, Eastern Europe, and Central Asia",3,Both,14,45-49 years,302,Diarrheal diseases,183,Clostridium difficile,1,Number,2016,1515.641948,2114.924074,1515.641948
1,Deaths,,"Central Europe, Eastern Europe, and Central Asia",3,Both,14,45-49 years,302,Diarrheal diseases,183,Clostridium difficile,1,Number,2017,1588.253182,2128.037458,1588.253182
1,Deaths,,"Central Europe, Eastern Europe, and Central Asia",3,Both,14,45-49 years,302,Diarrheal diseases,183,Clostridium difficile,1,Number,2018,1636.750343,2257.86107,1636.750343
1,Deaths,,"Central Europe, Eastern Europe, and Central Asia",3,Both,14,45-49 years,302,Diarrheal diseases,183,Clostridium difficile,1,Number,2019,1686.660328,2334.298837,1686.660328
1,Deaths,,"Central Europe, Eastern Europe, and Central Asia",3,Both,14,45-49 years,302,Diarrheal diseases,183,Clostridium difficile,1,Number,2020,1626.277436,2165.151148,1626.277436
1,Deaths,,"Central Europe, Eastern Europe, and Central Asia",3,Both,14,45-49 years,302,Diarrheal diseases,183,Clostridium difficile,1,Number,2021,1534.924744,2217.359786,1534.924744
1,Deaths,,"Central Europe, Eastern Europe, and Central Asia",3,Both,6,5-9 years,302,Diarrheal diseases,183,Clostridium difficile,1,Number,1990,149.2232067,276.9185274,149.2232067
1,Deaths,,"Central Europe, Eastern Europe, and Central Asia",3,Both,6,5-9 years,302,Diarrheal diseases,183,Clostridium difficile,1,Number,1991,157.0189959,275.3779188,157.0189959
1,Deaths,,"Central Europe, Eastern Europe, and Central Asia",3,Both,6,5-9 years,302,Diarrheal diseases,183,Clostridium difficile,1,Number,1992,163.6534182,296.6613411,163.6534182
1,Deaths,,"Central Europe, Eastern Europe, and Central Asia",3,Both,6,5-9 years,302,Diarrheal diseases,183,Clostridium difficile,1,Number,1993,187.6450184,327.9892446,187.6450184
1,Deaths,,"Central Europe, Eastern Europe, and Central Asia",3,Both,6,5-9 years,302,Diarrheal diseases,183,Clostridium difficile,1,Number,1994,176.0084267,297.5187792,176.0084267
1,Deaths,,"Central Europe, Eastern Europe, and Central Asia",3,Both,6,5-9 years,302,Diarrheal diseases,183,Clostridium difficile,1,Number,1995,181.3304218,310.3251112,181.3304218
1,Deaths,,"Central Europe, Eastern Europe, and Central Asia",3,Both,6,5-9 years,302,Diarrheal diseases,183,Clostridium difficile,1,Number,1996,167.5441839,284.7779304,167.5441839
1,Deaths,,"Central Europe, Eastern Europe, and Central Asia",3,Both,6,5-9 years,302,Diarrheal diseases,183,Clostridium difficile,1,Number,1997,167.5453691,274.3731106,167.5453691
1,Deaths,,"Central Europe, Eastern Europe, and Central Asia",3,Both,6,5-9 years,302,Diarrheal diseases,183,Clostridium difficile,1,Number,1998,161.0254725,264.1001048,161.0254725
1,Deaths,,"Central Europe, Eastern Europe, and Central Asia",3,Both,6,5-9 years,302,Diarrheal diseases,183,Clostridium difficile,1,Number,1999,157.5651907,268.9685147,157.5651907
1,Deaths,,"Central Europe, Eastern Europe, and Central Asia",3,Both,6,5-9 years,302,Diarrheal diseases,183,Clostridium difficile,1,Number,2000,142.2147603,240.3765696,142.2147603
1,Deaths,,"Central Europe, Eastern Europe, and Central Asia",3,Both,6,5-9 years,302,Diarrheal diseases,183,Clostridium difficile,1,Number,2001,136.3583217,221.0658442,136.3583217
1,Deaths,,"Central Europe, Eastern Europe, and Central Asia",3,Both,6,5-9 years,302,Diarrheal diseases,183,Clostridium difficile,1,Number,2002,121.2437514,200.1769841,121.2437514
1,Deaths,,"Central Europe, Eastern Europe, and Central Asia",3,Both,6,5-9 years,302,Diarrheal diseases,183,Clostridium difficile,1,Number,2003,109.9246903,182.6946816,109.9246903
1,Deaths,,"Central Europe, Eastern Europe, and Central Asia",3,Both,6,5-9 years,302,Diarrheal diseases,183,Clostridium difficile,1,Number,2004,106.3836247,178.9445399,106.3836247
1,Deaths,,"Central Europe, Eastern Europe, and Central Asia",3,Both,6,5-9 years,302,Diarrheal diseases,183,Clostridium difficile,1,Number,2005,100.8658529,165.3164605,100.8658529
1,Deaths,,"Central Europe, Eastern Europe, and Central Asia",3,Both,6,5-9 years,302,Diarrheal diseases,183,Clostridium difficile,1,Number,2006,92.32968759,152.9771444,92.32968759
1,Deaths,,"Central Europe, Eastern Europe, and Central Asia",3,Both,6,5-9 years,302,Diarrheal diseases,183,Clostridium difficile,1,Number,2007,88.12713108,145.714844,88.12713108
1,Deaths,,"Central Europe, Eastern Europe, and Central Asia",3,Both,6,5-9 years,302,Diarrheal diseases,183,Clostridium difficile,1,Number,2008,85.49060683,140.269544,85.49060683
1,Deaths,,"Central Europe, Eastern Europe, and Central Asia",3,Both,6,5-9 years,302,Diarrheal diseases,183,Clostridium difficile,1,Number,2009,87.11021492,144.9556785,87.11021492
1,Deaths,,"Central Europe, Eastern Europe, and Central Asia",3,Both,6,5-9 years,302,Diarrheal diseases,183,Clostridium difficile,1,Number,2010,91.16324235,144.5478759,91.16324235
1,Deaths,,"Central Europe, Eastern Europe, and Central Asia",3,Both,6,5-9 years,302,Diarrheal diseases,183,Clostridium difficile,1,Number,2011,92.07471652,146.3319872,92.07471652
1,Deaths,,"Central Europe, Eastern Europe, and Central Asia",3,Both,6,5-9 years,302,Diarrheal diseases,183,Clostridium difficile,1,Number,2012,93.8624594,147.9607661,93.8624594
1,Deaths,,"Central Europe, Eastern Europe, and Central Asia",3,Both,6,5-9 years,302,Diarrheal diseases,183,Clostridium difficile,1,Number,2013,94.5524586,151.1921697,94.5524586
1,Deaths,,"Central Europe, Eastern Europe, and Central Asia",3,Both,6,5-9 years,302,Diarrheal diseases,183,Clostridium difficile,1,Number,2014,97.48949061,155.0808542,97.48949061
1,Deaths,,"Central Europe, Eastern Europe, and Central Asia",3,Both,6,5-9 years,302,Diarrheal diseases,183,Clostridium difficile,1,Number,2015,96.50946749,152.6309278,96.50946749
1,Deaths,,"Central Europe, Eastern Europe, and Central Asia",3,Both,6,5-9 years,302,Diarrheal diseases,183,Clostridium difficile,1,Number,2016,95.487855,153.1011347,95.487855
1,Deaths,,"Central Europe, Eastern Europe, and Central Asia",3,Both,6,5-9 years,302,Diarrheal diseases,183,Clostridium difficile,1,Number,2017,96.14496769,152.7912687,96.14496769
1,Deaths,,"Central Europe, Eastern Europe, and Central Asia",3,Both,6,5-9 years,302,Diarrheal diseases,183,Clostridium difficile,1,Number,2018,96.09933282,149.6540749,96.09933282
1,Deaths,,"Central Europe, Eastern Europe, and Central Asia",3,Both,6,5-9 years,302,Diarrheal diseases,183,Clostridium difficile,1,Number,2019,95.68319151,154.8535985,95.68319151
1,Deaths,,"Central Europe, Eastern Europe, and Central Asia",3,Both,6,5-9 years,302,Diarrheal diseases,183,Clostridium difficile,1,Number,2020,95.47287556,155.1641721,95.47287556
1,Deaths,,"Central Europe, Eastern Europe, and Central Asia",3,Both,6,5-9 years,302,Diarrheal diseases,183,Clostridium difficile,1,Number,2021,80.5501031,126.8368524,80.5501031
1,Deaths,,"Central Europe, Eastern Europe, and Central Asia",3,Both,15,50-54 years,302,Diarrheal diseases,183,Clostridium difficile,1,Number,1990,1770.224964,3214.144714,1770.224964
1,Deaths,,"Central Europe, Eastern Europe, and Central Asia",3,Both,15,50-54 years,302,Diarrheal diseases,183,Clostridium difficile,1,Number,1991,1818.132636,3244.857444,1818.132636
1,Deaths,,"Central Europe, Eastern Europe, and Central Asia",3,Both,15,50-54 years,302,Diarrheal diseases,183,Clostridium difficile,1,Number,1992,1867.022377,3355.323941,1867.022377
1,Deaths,,"Central Europe, Eastern Europe, and Central Asia",3,Both,15,50-54 years,302,Diarrheal diseases,183,Clostridium difficile,1,Number,1993,1919.940547,3376.771116,1919.940547
1,Deaths,,"Central Europe, Eastern Europe, and Central Asia",3,Both,15,50-54 years,302,Diarrheal diseases,183,Clostridium difficile,1,Number,1994,1875.277546,3294.755206,1875.277546
1,Deaths,,"Central Europe, Eastern Europe, and Central Asia",3,Both,15,50-54 years,302,Diarrheal diseases,183,Clostridium difficile,1,Number,1995,1737.854505,2942.838746,1737.854505
1,Deaths,,"Central Europe, Eastern Europe, and Central Asia",3,Both,15,50-54 years,302,Diarrheal diseases,183,Clostridium difficile,1,Number,1996,1446.715162,2484.226906,1446.715162
1,Deaths,,"Central Europe, Eastern Europe, and Central Asia",3,Both,15,50-54 years,302,Diarrheal diseases,183,Clostridium difficile,1,Number,1997,1387.472073,2368.938264,1387.472073
1,Deaths,,"Central Europe, Eastern Europe, and Central Asia",3,Both,15,50-54 years,302,Diarrheal diseases,183,Clostridium difficile,1,Number,1998,1433.971874,2453.797599,1433.971874
1,Deaths,,"Central Europe, Eastern Europe, and Central Asia",3,Both,15,50-54 years,302,Diarrheal diseases,183,Clostridium difficile,1,Number,1999,1692.731907,2931.767565,1692.731907
1,Deaths,,"Central Europe, Eastern Europe, and Central Asia",3,Both,15,50-54 years,302,Diarrheal diseases,183,Clostridium difficile,1,Number,2000,2026.173546,3402.392058,2026.173546
1,Deaths,,"Central Europe, Eastern Europe, and Central Asia",3,Both,15,50-54 years,302,Diarrheal diseases,183,Clostridium difficile,1,Number,2001,2211.640975,3743.594596,2211.640975
1,Deaths,,"Central Europe, Eastern Europe, and Central Asia",3,Both,15,50-54 years,302,Diarrheal diseases,183,Clostridium difficile,1,Number,2002,2464.602086,3934.652139,2464.602086
1,Deaths,,"Central Europe, Eastern Europe, and Central Asia",3,Both,15,50-54 years,302,Diarrheal diseases,183,Clostridium difficile,1,Number,2003,2619.294542,4150.037689,2619.294542
1,Deaths,,"Central Europe, Eastern Europe, and Central Asia",3,Both,15,50-54 years,302,Diarrheal diseases,183,Clostridium difficile,1,Number,2004,2716.621712,4268.139434,2716.621712
1,Deaths,,"Central Europe, Eastern Europe, and Central Asia",3,Both,15,50-54 years,302,Diarrheal diseases,183,Clostridium difficile,1,Number,2005,2721.452151,4355.633722,2721.452151
1,Deaths,,"Central Europe, Eastern Europe, and Central Asia",3,Both,15,50-54 years,302,Diarrheal diseases,183,Clostridium difficile,1,Number,2006,2650.299959,4076.796523,2650.299959
1,Deaths,,"Central Europe, Eastern Europe, and Central Asia",3,Both,15,50-54 years,302,Diarrheal diseases,183,Clostridium difficile,1,Number,2007,2626.487905,4033.4747,2626.487905
1,Deaths,,"Central Europe, Eastern Europe, and Central Asia",3,Both,15,50-54 years,302,Diarrheal diseases,183,Clostridium difficile,1,Number,2008,2593.60899,4091.212613,2593.60899
1,Deaths,,"Central Europe, Eastern Europe, and Central Asia",3,Both,15,50-54 years,302,Diarrheal diseases,183,Clostridium difficile,1,Number,2009,2606.916182,3944.490564,2606.916182
1,Deaths,,"Central Europe, Eastern Europe, and Central Asia",3,Both,15,50-54 years,302,Diarrheal diseases,183,Clostridium difficile,1,Number,2010,2651.492158,3959.795522,2651.492158
1,Deaths,,"Central Europe, Eastern Europe, and Central Asia",3,Both,15,50-54 years,302,Diarrheal diseases,183,Clostridium difficile,1,Number,2011,2664.580743,3798.252211,2664.580743
1,Deaths,,"Central Europe, Eastern Europe, and Central Asia",3,Both,15,50-54 years,302,Diarrheal diseases,183,Clostridium difficile,1,Number,2012,2663.554416,3798.734174,2663.554416
1,Deaths,,"Central Europe, Eastern Europe, and Central Asia",3,Both,15,50-54 years,302,Diarrheal diseases,183,Clostridium difficile,1,Number,2013,2651.340396,3834.379256,2651.340396
1,Deaths,,"Central Europe, Eastern Europe, and Central Asia",3,Both,15,50-54 years,302,Diarrheal diseases,183,Clostridium difficile,1,Number,2014,2690.298491,3753.046646,2690.298491
1,Deaths,,"Central Europe, Eastern Europe, and Central Asia",3,Both,15,50-54 years,302,Diarrheal diseases,183,Clostridium difficile,1,Number,2015,2743.656011,3855.730797,2743.656011
1,Deaths,,"Central Europe, Eastern Europe, and Central Asia",3,Both,15,50-54 years,302,Diarrheal diseases,183,Clostridium difficile,1,Number,2016,2599.841285,3691.620715,2599.841285
1,Deaths,,"Central Europe, Eastern Europe, and Central Asia",3,Both,15,50-54 years,302,Diarrheal diseases,183,Clostridium difficile,1,Number,2017,2540.624092,3575.632721,2540.624092
1,Deaths,,"Central Europe, Eastern Europe, and Central Asia",3,Both,15,50-54 years,302,Diarrheal diseases,183,Clostridium difficile,1,Number,2018,2577.30178,3561.955137,2577.30178
1,Deaths,,"Central Europe, Eastern Europe, and Central Asia",3,Both,15,50-54 years,302,Diarrheal diseases,183,Clostridium difficile,1,Number,2019,2603.889179,3526.756041,2603.889179
1,Deaths,,"Central Europe, Eastern Europe, and Central Asia",3,Both,15,50-54 years,302,Diarrheal diseases,183,Clostridium difficile,1,Number,2020,2425.888013,3305.119764,2425.888013
1,Deaths,,"Central Europe, Eastern Europe, and Central Asia",3,Both,15,50-54 years,302,Diarrheal diseases,183,Clostridium difficile,1,Number,2021,2337.856256,3310.639906,2337.856256
1,Deaths,,"Central Europe, Eastern Europe, and Central Asia",3,Both,16,55-59 years,302,Diarrheal diseases,183,Clostridium difficile,1,Number,1990,2276.93152,4293.272393,2276.93152
1,Deaths,,"Central Europe, Eastern Europe, and Central Asia",3,Both,16,55-59 years,302,Diarrheal diseases,183,Clostridium difficile,1,Number,1991,2223.202353,4238.245934,2223.202353
1,Deaths,,"Central Europe, Eastern Europe, and Central Asia",3,Both,16,55-59 years,302,Diarrheal diseases,183,Clostridium difficile,1,Number,1992,2354.683003,4526.353005,2354.683003
1,Deaths,,"Central Europe, Eastern Europe, and Central Asia",3,Both,16,55-59 years,302,Diarrheal diseases,183,Clostridium difficile,1,Number,1993,2645.986363,5035.906313,2645.986363
1,Deaths,,"Central Europe, Eastern Europe, and Central Asia",3,Both,16,55-59 years,302,Diarrheal diseases,183,Clostridium difficile,1,Number,1994,3144.073488,5608.561114,3144.073488
1,Deaths,,"Central Europe, Eastern Europe, and Central Asia",3,Both,16,55-59 years,302,Diarrheal diseases,183,Clostridium difficile,1,Number,1995,3283.470408,5884.527424,3283.470408
1,Deaths,,"Central Europe, Eastern Europe, and Central Asia",3,Both,16,55-59 years,302,Diarrheal diseases,183,Clostridium difficile,1,Number,1996,2980.67966,5454.465907,2980.67966
1,Deaths,,"Central Europe, Eastern Europe, and Central Asia",3,Both,16,55-59 years,302,Diarrheal diseases,183,Clostridium difficile,1,Number,1997,2765.926921,4985.968741,2765.926921
1,Deaths,,"Central Europe, Eastern Europe, and Central Asia",3,Both,16,55-59 years,302,Diarrheal diseases,183,Clostridium difficile,1,Number,1998,2410.216572,4455.60422,2410.216572
1,Deaths,,"Central Europe, Eastern Europe, and Central Asia",3,Both,16,55-59 years,302,Diarrheal diseases,183,Clostridium difficile,1,Number,1999,2272.180745,4269.493078,2272.180745
1,Deaths,,"Central Europe, Eastern Europe, and Central Asia",3,Both,16,55-59 years,302,Diarrheal diseases,183,Clostridium difficile,1,Number,2000,2076.731061,3850.499264,2076.731061
1,Deaths,,"Central Europe, Eastern Europe, and Central Asia",3,Both,16,55-59 years,302,Diarrheal diseases,183,Clostridium difficile,1,Number,2001,1968.39243,3438.322874,1968.39243
1,Deaths,,"Central Europe, Eastern Europe, and Central Asia",3,Both,16,55-59 years,302,Diarrheal diseases,183,Clostridium difficile,1,Number,2002,1989.06135,3542.123615,1989.06135
1,Deaths,,"Central Europe, Eastern Europe, and Central Asia",3,Both,16,55-59 years,302,Diarrheal diseases,183,Clostridium difficile,1,Number,2003,2180.059611,3856.675193,2180.059611
1,Deaths,,"Central Europe, Eastern Europe, and Central Asia",3,Both,16,55-59 years,302,Diarrheal diseases,183,Clostridium difficile,1,Number,2004,2459.302844,4386.191998,2459.302844
1,Deaths,,"Central Europe, Eastern Europe, and Central Asia",3,Both,16,55-59 years,302,Diarrheal diseases,183,Clostridium difficile,1,Number,2005,2844.436176,4839.708342,2844.436176
1,Deaths,,"Central Europe, Eastern Europe, and Central Asia",3,Both,16,55-59 years,302,Diarrheal diseases,183,Clostridium difficile,1,Number,2006,3050.155508,4862.319092,3050.155508
1,Deaths,,"Central Europe, Eastern Europe, and Central Asia",3,Both,16,55-59 years,302,Diarrheal diseases,183,Clostridium difficile,1,Number,2007,3023.084668,5096.48233,3023.084668
1,Deaths,,"Central Europe, Eastern Europe, and Central Asia",3,Both,16,55-59 years,302,Diarrheal diseases,183,Clostridium difficile,1,Number,2008,3180.37327,5225.167408,3180.37327
1,Deaths,,"Central Europe, Eastern Europe, and Central Asia",3,Both,16,55-59 years,302,Diarrheal diseases,183,Clostridium difficile,1,Number,2009,3220.058506,5152.784069,3220.058506
1,Deaths,,"Central Europe, Eastern Europe, and Central Asia",3,Both,16,55-59 years,302,Diarrheal diseases,183,Clostridium difficile,1,Number,2010,3361.64655,5227.356985,3361.64655
1,Deaths,,"Central Europe, Eastern Europe, and Central Asia",3,Both,16,55-59 years,302,Diarrheal diseases,183,Clostridium difficile,1,Number,2011,3269.595311,5228.623991,3269.595311
1,Deaths,,"Central Europe, Eastern Europe, and Central Asia",3,Both,16,55-59 years,302,Diarrheal diseases,183,Clostridium difficile,1,Number,2012,3371.010902,5297.223569,3371.010902
1,Deaths,,"Central Europe, Eastern Europe, and Central Asia",3,Both,16,55-59 years,302,Diarrheal diseases,183,Clostridium difficile,1,Number,2013,3589.854141,5355.20374,3589.854141
1,Deaths,,"Central Europe, Eastern Europe, and Central Asia",3,Both,16,55-59 years,302,Diarrheal diseases,183,Clostridium difficile,1,Number,2014,3676.212729,5574.176182,3676.212729
1,Deaths,,"Central Europe, Eastern Europe, and Central Asia",3,Both,16,55-59 years,302,Diarrheal diseases,183,Clostridium difficile,1,Number,2015,3920.067957,5957.204643,3920.067957
1,Deaths,,"Central Europe, Eastern Europe, and Central Asia",3,Both,16,55-59 years,302,Diarrheal diseases,183,Clostridium difficile,1,Number,2016,3987.240235,5870.048797,3987.240235
1,Deaths,,"Central Europe, Eastern Europe, and Central Asia",3,Both,16,55-59 years,302,Diarrheal diseases,183,Clostridium difficile,1,Number,2017,4100.847342,5864.252899,4100.847342
1,Deaths,,"Central Europe, Eastern Europe, and Central Asia",3,Both,16,55-59 years,302,Diarrheal diseases,183,Clostridium difficile,1,Number,2018,4156.919757,5957.138463,4156.919757
1,Deaths,,"Central Europe, Eastern Europe, and Central Asia",3,Both,16,55-59 years,302,Diarrheal diseases,183,Clostridium difficile,1,Number,2019,4046.051966,5898.181343,4046.051966
1,Deaths,,"Central Europe, Eastern Europe, and Central Asia",3,Both,16,55-59 years,302,Diarrheal diseases,183,Clostridium difficile,1,Number,2020,3664.198481,5329.022744,3664.198481
1,Deaths,,"Central Europe, Eastern Europe, and Central Asia",3,Both,16,55-59 years,302,Diarrheal diseases,183,Clostridium difficile,1,Number,2021,3442.362111,5013.238005,3442.362111
1,Deaths,,"Central Europe, Eastern Europe, and Central Asia",3,Both,17,60-64 years,302,Diarrheal diseases,183,Clostridium difficile,1,Number,1990,3667.960436,6783.026767,3667.960436
1,Deaths,,"Central Europe, Eastern Europe, and Central Asia",3,Both,17,60-64 years,302,Diarrheal diseases,183,Clostridium difficile,1,Number,1991,3622.206868,6937.514232,3622.206868
1,Deaths,,"Central Europe, Eastern Europe, and Central Asia",3,Both,17,60-64 years,302,Diarrheal diseases,183,Clostridium difficile,1,Number,1992,3781.38429,6932.164428,3781.38429
1,Deaths,,"Central Europe, Eastern Europe, and Central Asia",3,Both,17,60-64 years,302,Diarrheal diseases,183,Clostridium difficile,1,Number,1993,3910.592486,7079.020113,3910.592486
1,Deaths,,"Central Europe, Eastern Europe, and Central Asia",3,Both,17,60-64 years,302,Diarrheal diseases,183,Clostridium difficile,1,Number,1994,3992.158348,7031.485766,3992.158348
1,Deaths,,"Central Europe, Eastern Europe, and Central Asia",3,Both,17,60-64 years,302,Diarrheal diseases,183,Clostridium difficile,1,Number,1995,3837.487336,6794.09459,3837.487336
1,Deaths,,"Central Europe, Eastern Europe, and Central Asia",3,Both,17,60-64 years,302,Diarrheal diseases,183,Clostridium difficile,1,Number,1996,3370.305172,6343.37395,3370.305172
1,Deaths,,"Central Europe, Eastern Europe, and Central Asia",3,Both,17,60-64 years,302,Diarrheal diseases,183,Clostridium difficile,1,Number,1997,3537.550306,6010.932507,3537.550306
1,Deaths,,"Central Europe, Eastern Europe, and Central Asia",3,Both,17,60-64 years,302,Diarrheal diseases,183,Clostridium difficile,1,Number,1998,3536.581263,6127.758927,3536.581263
1,Deaths,,"Central Europe, Eastern Europe, and Central Asia",3,Both,17,60-64 years,302,Diarrheal diseases,183,Clostridium difficile,1,Number,1999,3820.103355,6942.215986,3820.103355
1,Deaths,,"Central Europe, Eastern Europe, and Central Asia",3,Both,17,60-64 years,302,Diarrheal diseases,183,Clostridium difficile,1,Number,2000,4126.179804,7153.851201,4126.179804
1,Deaths,,"Central Europe, Eastern Europe, and Central Asia",3,Both,17,60-64 years,302,Diarrheal diseases,183,Clostridium difficile,1,Number,2001,4180.344377,6931.029834,4180.344377
1,Deaths,,"Central Europe, Eastern Europe, and Central Asia",3,Both,17,60-64 years,302,Diarrheal diseases,183,Clostridium difficile,1,Number,2002,3993.845216,6829.652366,3993.845216
1,Deaths,,"Central Europe, Eastern Europe, and Central Asia",3,Both,17,60-64 years,302,Diarrheal diseases,183,Clostridium difficile,1,Number,2003,3657.934656,6195.20125,3657.934656
1,Deaths,,"Central Europe, Eastern Europe, and Central Asia",3,Both,17,60-64 years,302,Diarrheal diseases,183,Clostridium difficile,1,Number,2004,3224.619287,5499.752462,3224.619287
1,Deaths,,"Central Europe, Eastern Europe, and Central Asia",3,Both,17,60-64 years,302,Diarrheal diseases,183,Clostridium difficile,1,Number,2005,2850.299392,4730.928831,2850.299392
1,Deaths,,"Central Europe, Eastern Europe, and Central Asia",3,Both,17,60-64 years,302,Diarrheal diseases,183,Clostridium difficile,1,Number,2006,2616.886658,4052.904873,2616.886658
1,Deaths,,"Central Europe, Eastern Europe, and Central Asia",3,Both,17,60-64 years,302,Diarrheal diseases,183,Clostridium difficile,1,Number,2007,2645.82939,3981.375782,2645.82939
1,Deaths,,"Central Europe, Eastern Europe, and Central Asia",3,Both,17,60-64 years,302,Diarrheal diseases,183,Clostridium difficile,1,Number,2008,2752.825087,4341.203799,2752.825087
1,Deaths,,"Central Europe, Eastern Europe, and Central Asia",3,Both,17,60-64 years,302,Diarrheal diseases,183,Clostridium difficile,1,Number,2009,3081.601583,4769.858757,3081.601583
1,Deaths,,"Central Europe, Eastern Europe, and Central Asia",3,Both,17,60-64 years,302,Diarrheal diseases,183,Clostridium difficile,1,Number,2010,3527.774992,5511.798111,3527.774992
1,Deaths,,"Central Europe, Eastern Europe, and Central Asia",3,Both,17,60-64 years,302,Diarrheal diseases,183,Clostridium difficile,1,Number,2011,3878.633695,5867.83733,3878.633695
1,Deaths,,"Central Europe, Eastern Europe, and Central Asia",3,Both,17,60-64 years,302,Diarrheal diseases,183,Clostridium difficile,1,Number,2012,4153.737224,6160.844425,4153.737224
1,Deaths,,"Central Europe, Eastern Europe, and Central Asia",3,Both,17,60-64 years,302,Diarrheal diseases,183,Clostridium difficile,1,Number,2013,4436.286125,6480.02088,4436.286125
1,Deaths,,"Central Europe, Eastern Europe, and Central Asia",3,Both,17,60-64 years,302,Diarrheal diseases,183,Clostridium difficile,1,Number,2014,4741.379678,6649.320174,4741.379678
1,Deaths,,"Central Europe, Eastern Europe, and Central Asia",3,Both,17,60-64 years,302,Diarrheal diseases,183,Clostridium difficile,1,Number,2015,5176.56142,7153.255366,5176.56142
1,Deaths,,"Central Europe, Eastern Europe, and Central Asia",3,Both,17,60-64 years,302,Diarrheal diseases,183,Clostridium difficile,1,Number,2016,5222.499432,7306.215823,5222.499432
1,Deaths,,"Central Europe, Eastern Europe, and Central Asia",3,Both,17,60-64 years,302,Diarrheal diseases,183,Clostridium difficile,1,Number,2017,5459.863887,7486.221287,5459.863887
1,Deaths,,"Central Europe, Eastern Europe, and Central Asia",3,Both,17,60-64 years,302,Diarrheal diseases,183,Clostridium difficile,1,Number,2018,5615.209526,7906.416277,5615.209526
1,Deaths,,"Central Europe, Eastern Europe, and Central Asia",3,Both,17,60-64 years,302,Diarrheal diseases,183,Clostridium difficile,1,Number,2019,5834.047517,7955.60471,5834.047517
1,Deaths,,"Central Europe, Eastern Europe, and Central Asia",3,Both,17,60-64 years,302,Diarrheal diseases,183,Clostridium difficile,1,Number,2020,5530.646566,7442.162016,5530.646566
1,Deaths,,"Central Europe, Eastern Europe, and Central Asia",3,Both,17,60-64 years,302,Diarrheal diseases,183,Clostridium difficile,1,Number,2021,5342.58247,7476.850654,5342.58247
1,Deaths,,"Central Europe, Eastern Europe, and Central Asia",3,Both,18,65-69 years,302,Diarrheal diseases,183,Clostridium difficile,1,Number,1990,3933.624009,6742.085277,3933.624009
1,Deaths,,"Central Europe, Eastern Europe, and Central Asia",3,Both,18,65-69 years,302,Diarrheal diseases,183,Clostridium difficile,1,Number,1991,4055.40216,7228.606894,4055.40216
1,Deaths,,"Central Europe, Eastern Europe, and Central Asia",3,Both,18,65-69 years,302,Diarrheal diseases,183,Clostridium difficile,1,Number,1992,4439.911355,7860.949866,4439.911355
1,Deaths,,"Central Europe, Eastern Europe, and Central Asia",3,Both,18,65-69 years,302,Diarrheal diseases,183,Clostridium difficile,1,Number,1993,4931.559907,8539.235279,4931.559907
1,Deaths,,"Central Europe, Eastern Europe, and Central Asia",3,Both,18,65-69 years,302,Diarrheal diseases,183,Clostridium difficile,1,Number,1994,5390.543811,9357.484694,5390.543811
1,Deaths,,"Central Europe, Eastern Europe, and Central Asia",3,Both,18,65-69 years,302,Diarrheal diseases,183,Clostridium difficile,1,Number,1995,5466.021872,9690.180932,5466.021872
1,Deaths,,"Central Europe, Eastern Europe, and Central Asia",3,Both,18,65-69 years,302,Diarrheal diseases,183,Clostridium difficile,1,Number,1996,5274.104883,9132.320737,5274.104883
1,Deaths,,"Central Europe, Eastern Europe, and Central Asia",3,Both,18,65-69 years,302,Diarrheal diseases,183,Clostridium difficile,1,Number,1997,5178.647871,8679.645139,5178.647871
1,Deaths,,"Central Europe, Eastern Europe, and Central Asia",3,Both,18,65-69 years,302,Diarrheal diseases,183,Clostridium difficile,1,Number,1998,4767.746696,8384.335459,4767.746696
1,Deaths,,"Central Europe, Eastern Europe, and Central Asia",3,Both,18,65-69 years,302,Diarrheal diseases,183,Clostridium difficile,1,Number,1999,4794.172002,8099.270135,4794.172002
1,Deaths,,"Central Europe, Eastern Europe, and Central Asia",3,Both,18,65-69 years,302,Diarrheal diseases,183,Clostridium difficile,1,Number,2000,4690.916516,7780.066758,4690.916516
1,Deaths,,"Central Europe, Eastern Europe, and Central Asia",3,Both,18,65-69 years,302,Diarrheal diseases,183,Clostridium difficile,1,Number,2001,4570.007132,7349.551849,4570.007132
1,Deaths,,"Central Europe, Eastern Europe, and Central Asia",3,Both,18,65-69 years,302,Diarrheal diseases,183,Clostridium difficile,1,Number,2002,4641.651923,7596.693963,4641.651923
1,Deaths,,"Central Europe, Eastern Europe, and Central Asia",3,Both,18,65-69 years,302,Diarrheal diseases,183,Clostridium difficile,1,Number,2003,4803.991905,7812.555092,4803.991905
1,Deaths,,"Central Europe, Eastern Europe, and Central Asia",3,Both,18,65-69 years,302,Diarrheal diseases,183,Clostridium difficile,1,Number,2004,5029.364983,8209.075071,5029.364983
1,Deaths,,"Central Europe, Eastern Europe, and Central Asia",3,Both,18,65-69 years,302,Diarrheal diseases,183,Clostridium difficile,1,Number,2005,5097.640745,8224.419792,5097.640745
1,Deaths,,"Central Europe, Eastern Europe, and Central Asia",3,Both,18,65-69 years,302,Diarrheal diseases,183,Clostridium difficile,1,Number,2006,4846.251453,7761.775857,4846.251453
1,Deaths,,"Central Europe, Eastern Europe, and Central Asia",3,Both,18,65-69 years,302,Diarrheal diseases,183,Clostridium difficile,1,Number,2007,4631.260614,7299.183561,4631.260614
1,Deaths,,"Central Europe, Eastern Europe, and Central Asia",3,Both,18,65-69 years,302,Diarrheal diseases,183,Clostridium difficile,1,Number,2008,4287.265182,6531.093138,4287.265182
1,Deaths,,"Central Europe, Eastern Europe, and Central Asia",3,Both,18,65-69 years,302,Diarrheal diseases,183,Clostridium difficile,1,Number,2009,3808.516451,5710.063836,3808.516451
1,Deaths,,"Central Europe, Eastern Europe, and Central Asia",3,Both,18,65-69 years,302,Diarrheal diseases,183,Clostridium difficile,1,Number,2010,3367.415379,5209.994702,3367.415379
1,Deaths,,"Central Europe, Eastern Europe, and Central Asia",3,Both,18,65-69 years,302,Diarrheal diseases,183,Clostridium difficile,1,Number,2011,3188.553923,4638.058004,3188.553923
1,Deaths,,"Central Europe, Eastern Europe, and Central Asia",3,Both,18,65-69 years,302,Diarrheal diseases,183,Clostridium difficile,1,Number,2012,3277.450848,4730.601333,3277.450848
1,Deaths,,"Central Europe, Eastern Europe, and Central Asia",3,Both,18,65-69 years,302,Diarrheal diseases,183,Clostridium difficile,1,Number,2013,3673.781463,5136.246623,3673.781463
1,Deaths,,"Central Europe, Eastern Europe, and Central Asia",3,Both,18,65-69 years,302,Diarrheal diseases,183,Clostridium difficile,1,Number,2014,4287.995453,5936.012646,4287.995453
1,Deaths,,"Central Europe, Eastern Europe, and Central Asia",3,Both,18,65-69 years,302,Diarrheal diseases,183,Clostridium difficile,1,Number,2015,5251.250822,7144.709472,5251.250822
1,Deaths,,"Central Europe, Eastern Europe, and Central Asia",3,Both,18,65-69 years,302,Diarrheal diseases,183,Clostridium difficile,1,Number,2016,5788.918599,7889.99795,5788.918599
1,Deaths,,"Central Europe, Eastern Europe, and Central Asia",3,Both,18,65-69 years,302,Diarrheal diseases,183,Clostridium difficile,1,Number,2017,6298.461101,8393.55806,6298.461101
1,Deaths,,"Central Europe, Eastern Europe, and Central Asia",3,Both,18,65-69 years,302,Diarrheal diseases,183,Clostridium difficile,1,Number,2018,6751.015098,8913.663972,6751.015098
1,Deaths,,"Central Europe, Eastern Europe, and Central Asia",3,Both,18,65-69 years,302,Diarrheal diseases,183,Clostridium difficile,1,Number,2019,6970.931234,9101.690588,6970.931234
1,Deaths,,"Central Europe, Eastern Europe, and Central Asia",3,Both,18,65-69 years,302,Diarrheal diseases,183,Clostridium difficile,1,Number,2020,6615.829044,8788.075497,6615.829044
1,Deaths,,"Central Europe, Eastern Europe, and Central Asia",3,Both,18,65-69 years,302,Diarrheal diseases,183,Clostridium difficile,1,Number,2021,6474.481521,8937.871433,6474.481521
1,Deaths,,"Central Europe, Eastern Europe, and Central Asia",3,Both,19,70-74 years,302,Diarrheal diseases,183,Clostridium difficile,1,Number,1990,2871.461774,5491.910155,2871.461774
1,Deaths,,"Central Europe, Eastern Europe, and Central Asia",3,Both,19,70-74 years,302,Diarrheal diseases,183,Clostridium difficile,1,Number,1991,2865.685335,5646.497063,2865.685335
1,Deaths,,"Central Europe, Eastern Europe, and Central Asia",3,Both,19,70-74 years,302,Diarrheal diseases,183,Clostridium difficile,1,Number,1992,3292.987907,5987.880991,3292.987907
1,Deaths,,"Central Europe, Eastern Europe, and Central Asia",3,Both,19,70-74 years,302,Diarrheal diseases,183,Clostridium difficile,1,Number,1993,3568.846933,6853.273567,3568.846933
1,Deaths,,"Central Europe, Eastern Europe, and Central Asia",3,Both,19,70-74 years,302,Diarrheal diseases,183,Clostridium difficile,1,Number,1994,4145.655264,7307.178731,4145.655264
1,Deaths,,"Central Europe, Eastern Europe, and Central Asia",3,Both,19,70-74 years,302,Diarrheal diseases,183,Clostridium difficile,1,Number,1995,4312.218844,7949.39393,4312.218844
1,Deaths,,"Central Europe, Eastern Europe, and Central Asia",3,Both,19,70-74 years,302,Diarrheal diseases,183,Clostridium difficile,1,Number,1996,4412.989804,8054.011994,4412.989804
1,Deaths,,"Central Europe, Eastern Europe, and Central Asia",3,Both,19,70-74 years,302,Diarrheal diseases,183,Clostridium difficile,1,Number,1997,4438.039046,8577.850775,4438.039046
1,Deaths,,"Central Europe, Eastern Europe, and Central Asia",3,Both,19,70-74 years,302,Diarrheal diseases,183,Clostridium difficile,1,Number,1998,4675.402332,8839.25832,4675.402332
1,Deaths,,"Central Europe, Eastern Europe, and Central Asia",3,Both,19,70-74 years,302,Diarrheal diseases,183,Clostridium difficile,1,Number,1999,5117.774748,9392.373048,5117.774748
1,Deaths,,"Central Europe, Eastern Europe, and Central Asia",3,Both,19,70-74 years,302,Diarrheal diseases,183,Clostridium difficile,1,Number,2000,5402.612313,9488.910709,5402.612313
1,Deaths,,"Central Europe, Eastern Europe, and Central Asia",3,Both,19,70-74 years,302,Diarrheal diseases,183,Clostridium difficile,1,Number,2001,5464.528361,9162.205594,5464.528361
1,Deaths,,"Central Europe, Eastern Europe, and Central Asia",3,Both,19,70-74 years,302,Diarrheal diseases,183,Clostridium difficile,1,Number,2002,5105.14611,9273.51425,5105.14611
1,Deaths,,"Central Europe, Eastern Europe, and Central Asia",3,Both,19,70-74 years,302,Diarrheal diseases,183,Clostridium difficile,1,Number,2003,4996.351695,8829.63076,4996.351695
1,Deaths,,"Central Europe, Eastern Europe, and Central Asia",3,Both,19,70-74 years,302,Diarrheal diseases,183,Clostridium difficile,1,Number,2004,4658.092212,8205.117227,4658.092212
1,Deaths,,"Central Europe, Eastern Europe, and Central Asia",3,Both,19,70-74 years,302,Diarrheal diseases,183,Clostridium difficile,1,Number,2005,4533.851741,7497.925537,4533.851741
1,Deaths,,"Central Europe, Eastern Europe, and Central Asia",3,Both,19,70-74 years,302,Diarrheal diseases,183,Clostridium difficile,1,Number,2006,4172.763099,7167.588803,4172.763099
1,Deaths,,"Central Europe, Eastern Europe, and Central Asia",3,Both,19,70-74 years,302,Diarrheal diseases,183,Clostridium difficile,1,Number,2007,4255.09419,7158.287895,4255.09419
1,Deaths,,"Central Europe, Eastern Europe, and Central Asia",3,Both,19,70-74 years,302,Diarrheal diseases,183,Clostridium difficile,1,Number,2008,4536.618996,7168.105696,4536.618996
1,Deaths,,"Central Europe, Eastern Europe, and Central Asia",3,Both,19,70-74 years,302,Diarrheal diseases,183,Clostridium difficile,1,Number,2009,4713.323204,7480.61746,4713.323204
1,Deaths,,"Central Europe, Eastern Europe, and Central Asia",3,Both,19,70-74 years,302,Diarrheal diseases,183,Clostridium difficile,1,Number,2010,5066.493257,7744.449752,5066.493257
1,Deaths,,"Central Europe, Eastern Europe, and Central Asia",3,Both,19,70-74 years,302,Diarrheal diseases,183,Clostridium difficile,1,Number,2011,4891.886211,7677.829216,4891.886211
1,Deaths,,"Central Europe, Eastern Europe, and Central Asia",3,Both,19,70-74 years,302,Diarrheal diseases,183,Clostridium difficile,1,Number,2012,4970.139834,7284.53784,4970.139834
1,Deaths,,"Central Europe, Eastern Europe, and Central Asia",3,Both,19,70-74 years,302,Diarrheal diseases,183,Clostridium difficile,1,Number,2013,4663.23294,6764.88169,4663.23294
1,Deaths,,"Central Europe, Eastern Europe, and Central Asia",3,Both,19,70-74 years,302,Diarrheal diseases,183,Clostridium difficile,1,Number,2014,4245.578677,6229.496532,4245.578677
1,Deaths,,"Central Europe, Eastern Europe, and Central Asia",3,Both,19,70-74 years,302,Diarrheal diseases,183,Clostridium difficile,1,Number,2015,4122.136794,5874.024353,4122.136794
1,Deaths,,"Central Europe, Eastern Europe, and Central Asia",3,Both,19,70-74 years,302,Diarrheal diseases,183,Clostridium difficile,1,Number,2016,3866.727145,5452.909754,3866.727145
1,Deaths,,"Central Europe, Eastern Europe, and Central Asia",3,Both,19,70-74 years,302,Diarrheal diseases,183,Clostridium difficile,1,Number,2017,3919.971659,5653.989342,3919.971659
1,Deaths,,"Central Europe, Eastern Europe, and Central Asia",3,Both,19,70-74 years,302,Diarrheal diseases,183,Clostridium difficile,1,Number,2018,4488.915427,6069.560722,4488.915427
1,Deaths,,"Central Europe, Eastern Europe, and Central Asia",3,Both,19,70-74 years,302,Diarrheal diseases,183,Clostridium difficile,1,Number,2019,5058.067048,6909.630054,5058.067048
1,Deaths,,"Central Europe, Eastern Europe, and Central Asia",3,Both,19,70-74 years,302,Diarrheal diseases,183,Clostridium difficile,1,Number,2020,5478.79467,7464.110285,5478.79467
1,Deaths,,"Central Europe, Eastern Europe, and Central Asia",3,Both,19,70-74 years,302,Diarrheal diseases,183,Clostridium difficile,1,Number,2021,5959.605629,8119.316365,5959.605629
1,Deaths,,"Central Europe, Eastern Europe, and Central Asia",3,Both,20,75-79 years,302,Diarrheal diseases,183,Clostridium difficile,1,Number,1990,4683.429528,8724.347309,4683.429528
1,Deaths,,"Central Europe, Eastern Europe, and Central Asia",3,Both,20,75-79 years,302,Diarrheal diseases,183,Clostridium difficile,1,Number,1991,4292.983862,8155.127677,4292.983862
1,Deaths,,"Central Europe, Eastern Europe, and Central Asia",3,Both,20,75-79 years,302,Diarrheal diseases,183,Clostridium difficile,1,Number,1992,3978.132082,7612.054943,3978.132082
1,Deaths,,"Central Europe, Eastern Europe, and Central Asia",3,Both,20,75-79 years,302,Diarrheal diseases,183,Clostridium difficile,1,Number,1993,3668.025159,7006.433965,3668.025159
1,Deaths,,"Central Europe, Eastern Europe, and Central Asia",3,Both,20,75-79 years,302,Diarrheal diseases,183,Clostridium difficile,1,Number,1994,3625.444804,6687.701724,3625.444804
1,Deaths,,"Central Europe, Eastern Europe, and Central Asia",3,Both,20,75-79 years,302,Diarrheal diseases,183,Clostridium difficile,1,Number,1995,3414.760588,6429.607928,3414.760588
1,Deaths,,"Central Europe, Eastern Europe, and Central Asia",3,Both,20,75-79 years,302,Diarrheal diseases,183,Clostridium difficile,1,Number,1996,3333.889621,6288.512792,3333.889621
1,Deaths,,"Central Europe, Eastern Europe, and Central Asia",3,Both,20,75-79 years,302,Diarrheal diseases,183,Clostridium difficile,1,Number,1997,3417.108455,6668.776272,3417.108455
1,Deaths,,"Central Europe, Eastern Europe, and Central Asia",3,Both,20,75-79 years,302,Diarrheal diseases,183,Clostridium difficile,1,Number,1998,3813.988934,7092.309955,3813.988934
1,Deaths,,"Central Europe, Eastern Europe, and Central Asia",3,Both,20,75-79 years,302,Diarrheal diseases,183,Clostridium difficile,1,Number,1999,4265.413113,7670.155788,4265.413113
1,Deaths,,"Central Europe, Eastern Europe, and Central Asia",3,Both,20,75-79 years,302,Diarrheal diseases,183,Clostridium difficile,1,Number,2000,4737.178574,8084.277058,4737.178574
1,Deaths,,"Central Europe, Eastern Europe, and Central Asia",3,Both,20,75-79 years,302,Diarrheal diseases,183,Clostridium difficile,1,Number,2001,4882.440774,8371.986848,4882.440774
1,Deaths,,"Central Europe, Eastern Europe, and Central Asia",3,Both,20,75-79 years,302,Diarrheal diseases,183,Clostridium difficile,1,Number,2002,5202.909441,9087.730725,5202.909441
1,Deaths,,"Central Europe, Eastern Europe, and Central Asia",3,Both,20,75-79 years,302,Diarrheal diseases,183,Clostridium difficile,1,Number,2003,5497.064779,9458.376939,5497.064779
1,Deaths,,"Central Europe, Eastern Europe, and Central Asia",3,Both,20,75-79 years,302,Diarrheal diseases,183,Clostridium difficile,1,Number,2004,5671.273774,9681.846597,5671.273774
1,Deaths,,"Central Europe, Eastern Europe, and Central Asia",3,Both,20,75-79 years,302,Diarrheal diseases,183,Clostridium difficile,1,Number,2005,5621.887543,9632.440273,5621.887543
1,Deaths,,"Central Europe, Eastern Europe, and Central Asia",3,Both,20,75-79 years,302,Diarrheal diseases,183,Clostridium difficile,1,Number,2006,5546.004987,9276.719069,5546.004987
1,Deaths,,"Central Europe, Eastern Europe, and Central Asia",3,Both,20,75-79 years,302,Diarrheal diseases,183,Clostridium difficile,1,Number,2007,5491.162074,8828.502396,5491.162074
1,Deaths,,"Central Europe, Eastern Europe, and Central Asia",3,Both,20,75-79 years,302,Diarrheal diseases,183,Clostridium difficile,1,Number,2008,5163.97406,8671.365297,5163.97406
1,Deaths,,"Central Europe, Eastern Europe, and Central Asia",3,Both,20,75-79 years,302,Diarrheal diseases,183,Clostridium difficile,1,Number,2009,5115.606075,7991.513615,5115.606075
1,Deaths,,"Central Europe, Eastern Europe, and Central Asia",3,Both,20,75-79 years,302,Diarrheal diseases,183,Clostridium difficile,1,Number,2010,5030.479209,7843.982126,5030.479209
1,Deaths,,"Central Europe, Eastern Europe, and Central Asia",3,Both,20,75-79 years,302,Diarrheal diseases,183,Clostridium difficile,1,Number,2011,4852.417248,7738.280228,4852.417248
1,Deaths,,"Central Europe, Eastern Europe, and Central Asia",3,Both,20,75-79 years,302,Diarrheal diseases,183,Clostridium difficile,1,Number,2012,5248.7627,7939.627641,5248.7627
1,Deaths,,"Central Europe, Eastern Europe, and Central Asia",3,Both,20,75-79 years,302,Diarrheal diseases,183,Clostridium difficile,1,Number,2013,5529.856882,8427.955828,5529.856882
1,Deaths,,"Central Europe, Eastern Europe, and Central Asia",3,Both,20,75-79 years,302,Diarrheal diseases,183,Clostridium difficile,1,Number,2014,6252.208766,8823.006911,6252.208766
1,Deaths,,"Central Europe, Eastern Europe, and Central Asia",3,Both,20,75-79 years,302,Diarrheal diseases,183,Clostridium difficile,1,Number,2015,6973.808454,9800.020151,6973.808454
1,Deaths,,"Central Europe, Eastern Europe, and Central Asia",3,Both,20,75-79 years,302,Diarrheal diseases,183,Clostridium difficile,1,Number,2016,6999.12272,9949.424997,6999.12272
1,Deaths,,"Central Europe, Eastern Europe, and Central Asia",3,Both,20,75-79 years,302,Diarrheal diseases,183,Clostridium difficile,1,Number,2017,6944.011338,9961.128881,6944.011338
1,Deaths,,"Central Europe, Eastern Europe, and Central Asia",3,Both,20,75-79 years,302,Diarrheal diseases,183,Clostridium difficile,1,Number,2018,6621.445375,9230.502402,6621.445375
1,Deaths,,"Central Europe, Eastern Europe, and Central Asia",3,Both,20,75-79 years,302,Diarrheal diseases,183,Clostridium difficile,1,Number,2019,5928.349282,8290.783865,5928.349282
1,Deaths,,"Central Europe, Eastern Europe, and Central Asia",3,Both,20,75-79 years,302,Diarrheal diseases,183,Clostridium difficile,1,Number,2020,5042.723656,7006.402019,5042.723656
1,Deaths,,"Central Europe, Eastern Europe, and Central Asia",3,Both,20,75-79 years,302,Diarrheal diseases,183,Clostridium difficile,1,Number,2021,4631.790495,6504.704823,4631.790495
1,Deaths,,"Central Europe, Eastern Europe, and Central Asia",3,Both,30,80-84 years,302,Diarrheal diseases,183,Clostridium difficile,1,Number,1990,3724.777195,8000.410637,3724.777195
1,Deaths,,"Central Europe, Eastern Europe, and Central Asia",3,Both,30,80-84 years,302,Diarrheal diseases,183,Clostridium difficile,1,Number,1991,3802.428097,8035.079393,3802.428097
1,Deaths,,"Central Europe, Eastern Europe, and Central Asia",3,Both,30,80-84 years,302,Diarrheal diseases,183,Clostridium difficile,1,Number,1992,3985.893442,7971.469039,3985.893442
1,Deaths,,"Central Europe, Eastern Europe, and Central Asia",3,Both,30,80-84 years,302,Diarrheal diseases,183,Clostridium difficile,1,Number,1993,4216.175463,8086.801845,4216.175463
1,Deaths,,"Central Europe, Eastern Europe, and Central Asia",3,Both,30,80-84 years,302,Diarrheal diseases,183,Clostridium difficile,1,Number,1994,4303.987673,8291.382935,4303.987673
1,Deaths,,"Central Europe, Eastern Europe, and Central Asia",3,Both,30,80-84 years,302,Diarrheal diseases,183,Clostridium difficile,1,Number,1995,4168.904772,8212.271112,4168.904772
1,Deaths,,"Central Europe, Eastern Europe, and Central Asia",3,Both,30,80-84 years,302,Diarrheal diseases,183,Clostridium difficile,1,Number,1996,3680.674017,7392.221989,3680.674017
1,Deaths,,"Central Europe, Eastern Europe, and Central Asia",3,Both,30,80-84 years,302,Diarrheal diseases,183,Clostridium difficile,1,Number,1997,3411.212519,6659.320647,3411.212519
1,Deaths,,"Central Europe, Eastern Europe, and Central Asia",3,Both,30,80-84 years,302,Diarrheal diseases,183,Clostridium difficile,1,Number,1998,2872.975696,6157.42141,2872.975696
1,Deaths,,"Central Europe, Eastern Europe, and Central Asia",3,Both,30,80-84 years,302,Diarrheal diseases,183,Clostridium difficile,1,Number,1999,2881.925399,5938.452479,2881.925399
1,Deaths,,"Central Europe, Eastern Europe, and Central Asia",3,Both,30,80-84 years,302,Diarrheal diseases,183,Clostridium difficile,1,Number,2000,2981.638041,5599.895244,2981.638041
1,Deaths,,"Central Europe, Eastern Europe, and Central Asia",3,Both,30,80-84 years,302,Diarrheal diseases,183,Clostridium difficile,1,Number,2001,2888.96471,5687.272126,2888.96471
1,Deaths,,"Central Europe, Eastern Europe, and Central Asia",3,Both,30,80-84 years,302,Diarrheal diseases,183,Clostridium difficile,1,Number,2002,3241.119396,5997.814034,3241.119396
1,Deaths,,"Central Europe, Eastern Europe, and Central Asia",3,Both,30,80-84 years,302,Diarrheal diseases,183,Clostridium difficile,1,Number,2003,3543.793322,6466.979026,3543.793322
1,Deaths,,"Central Europe, Eastern Europe, and Central Asia",3,Both,30,80-84 years,302,Diarrheal diseases,183,Clostridium difficile,1,Number,2004,3710.012376,6784.587447,3710.012376
1,Deaths,,"Central Europe, Eastern Europe, and Central Asia",3,Both,30,80-84 years,302,Diarrheal diseases,183,Clostridium difficile,1,Number,2005,3834.285547,7080.052827,3834.285547
1,Deaths,,"Central Europe, Eastern Europe, and Central Asia",3,Both,30,80-84 years,302,Diarrheal diseases,183,Clostridium difficile,1,Number,2006,4002.909235,7322.750433,4002.909235
1,Deaths,,"Central Europe, Eastern Europe, and Central Asia",3,Both,30,80-84 years,302,Diarrheal diseases,183,Clostridium difficile,1,Number,2007,4177.275138,7775.31249,4177.275138
1,Deaths,,"Central Europe, Eastern Europe, and Central Asia",3,Both,30,80-84 years,302,Diarrheal diseases,183,Clostridium difficile,1,Number,2008,4469.814311,8000.160794,4469.814311
1,Deaths,,"Central Europe, Eastern Europe, and Central Asia",3,Both,30,80-84 years,302,Diarrheal diseases,183,Clostridium difficile,1,Number,2009,4673.524445,8326.540571,4673.524445
1,Deaths,,"Central Europe, Eastern Europe, and Central Asia",3,Both,30,80-84 years,302,Diarrheal diseases,183,Clostridium difficile,1,Number,2010,4944.041875,8638.485931,4944.041875
1,Deaths,,"Central Europe, Eastern Europe, and Central Asia",3,Both,30,80-84 years,302,Diarrheal diseases,183,Clostridium difficile,1,Number,2011,5039.129427,8658.609063,5039.129427
1,Deaths,,"Central Europe, Eastern Europe, and Central Asia",3,Both,30,80-84 years,302,Diarrheal diseases,183,Clostridium difficile,1,Number,2012,5095.307062,8790.645625,5095.307062
1,Deaths,,"Central Europe, Eastern Europe, and Central Asia",3,Both,30,80-84 years,302,Diarrheal diseases,183,Clostridium difficile,1,Number,2013,5210.798513,8752.514271,5210.798513
1,Deaths,,"Central Europe, Eastern Europe, and Central Asia",3,Both,30,80-84 years,302,Diarrheal diseases,183,Clostridium difficile,1,Number,2014,5231.563274,8521.996378,5231.563274
1,Deaths,,"Central Europe, Eastern Europe, and Central Asia",3,Both,30,80-84 years,302,Diarrheal diseases,183,Clostridium difficile,1,Number,2015,5609.268001,8780.463391,5609.268001
1,Deaths,,"Central Europe, Eastern Europe, and Central Asia",3,Both,30,80-84 years,302,Diarrheal diseases,183,Clostridium difficile,1,Number,2016,5542.351327,8968.830598,5542.351327
1,Deaths,,"Central Europe, Eastern Europe, and Central Asia",3,Both,30,80-84 years,302,Diarrheal diseases,183,Clostridium difficile,1,Number,2017,6188.955194,9372.960737,6188.955194
1,Deaths,,"Central Europe, Eastern Europe, and Central Asia",3,Both,30,80-84 years,302,Diarrheal diseases,183,Clostridium difficile,1,Number,2018,6840.332803,9919.642932,6840.332803
1,Deaths,,"Central Europe, Eastern Europe, and Central Asia",3,Both,30,80-84 years,302,Diarrheal diseases,183,Clostridium difficile,1,Number,2019,7092.728245,10817.4762,7092.728245
1,Deaths,,"Central Europe, Eastern Europe, and Central Asia",3,Both,30,80-84 years,302,Diarrheal diseases,183,Clostridium difficile,1,Number,2020,6973.865281,10309.41879,6973.865281
1,Deaths,,"Central Europe, Eastern Europe, and Central Asia",3,Both,30,80-84 years,302,Diarrheal diseases,183,Clostridium difficile,1,Number,2021,6865.476715,10380.9456,6865.476715
1,Deaths,,"Central Europe, Eastern Europe, and Central Asia",3,Both,31,85-89 years,302,Diarrheal diseases,183,Clostridium difficile,1,Number,1990,2079.320207,4751.24362,2079.320207
1,Deaths,,"Central Europe, Eastern Europe, and Central Asia",3,Both,31,85-89 years,302,Diarrheal diseases,183,Clostridium difficile,1,Number,1991,2007.715468,4985.417523,2007.715468
1,Deaths,,"Central Europe, Eastern Europe, and Central Asia",3,Both,31,85-89 years,302,Diarrheal diseases,183,Clostridium difficile,1,Number,1992,2237.105928,4922.393596,2237.105928
1,Deaths,,"Central Europe, Eastern Europe, and Central Asia",3,Both,31,85-89 years,302,Diarrheal diseases,183,Clostridium difficile,1,Number,1993,2270.909727,5114.471937,2270.909727
1,Deaths,,"Central Europe, Eastern Europe, and Central Asia",3,Both,31,85-89 years,302,Diarrheal diseases,183,Clostridium difficile,1,Number,1994,2287.282959,5332.15646,2287.282959
1,Deaths,,"Central Europe, Eastern Europe, and Central Asia",3,Both,31,85-89 years,302,Diarrheal diseases,183,Clostridium difficile,1,Number,1995,2332.172734,5341.791763,2332.172734
1,Deaths,,"Central Europe, Eastern Europe, and Central Asia",3,Both,31,85-89 years,302,Diarrheal diseases,183,Clostridium difficile,1,Number,1996,2333.175986,5153.355615,2333.175986
1,Deaths,,"Central Europe, Eastern Europe, and Central Asia",3,Both,31,85-89 years,302,Diarrheal diseases,183,Clostridium difficile,1,Number,1997,2219.631461,5159.91174,2219.631461
1,Deaths,,"Central Europe, Eastern Europe, and Central Asia",3,Both,31,85-89 years,302,Diarrheal diseases,183,Clostridium difficile,1,Number,1998,2220.174015,5312.349661,2220.174015
1,Deaths,,"Central Europe, Eastern Europe, and Central Asia",3,Both,31,85-89 years,302,Diarrheal diseases,183,Clostridium difficile,1,Number,1999,2218.508854,5456.350704,2218.508854
1,Deaths,,"Central Europe, Eastern Europe, and Central Asia",3,Both,31,85-89 years,302,Diarrheal diseases,183,Clostridium difficile,1,Number,2000,2470.887218,5204.598608,2470.887218
1,Deaths,,"Central Europe, Eastern Europe, and Central Asia",3,Both,31,85-89 years,302,Diarrheal diseases,183,Clostridium difficile,1,Number,2001,2228.263106,4760.57077,2228.263106
1,Deaths,,"Central Europe, Eastern Europe, and Central Asia",3,Both,31,85-89 years,302,Diarrheal diseases,183,Clostridium difficile,1,Number,2002,1862.493711,4648.971279,1862.493711
1,Deaths,,"Central Europe, Eastern Europe, and Central Asia",3,Both,31,85-89 years,302,Diarrheal diseases,183,Clostridium difficile,1,Number,2003,1956.875472,4019.807735,1956.875472
1,Deaths,,"Central Europe, Eastern Europe, and Central Asia",3,Both,31,85-89 years,302,Diarrheal diseases,183,Clostridium difficile,1,Number,2004,1826.183987,3914.172699,1826.183987
1,Deaths,,"Central Europe, Eastern Europe, and Central Asia",3,Both,31,85-89 years,302,Diarrheal diseases,183,Clostridium difficile,1,Number,2005,1646.343236,3757.408361,1646.343236
1,Deaths,,"Central Europe, Eastern Europe, and Central Asia",3,Both,31,85-89 years,302,Diarrheal diseases,183,Clostridium difficile,1,Number,2006,1814.760956,3596.510196,1814.760956
1,Deaths,,"Central Europe, Eastern Europe, and Central Asia",3,Both,31,85-89 years,302,Diarrheal diseases,183,Clostridium difficile,1,Number,2007,1891.77548,3803.939457,1891.77548
1,Deaths,,"Central Europe, Eastern Europe, and Central Asia",3,Both,31,85-89 years,302,Diarrheal diseases,183,Clostridium difficile,1,Number,2008,2108.344908,4075.33724,2108.344908
1,Deaths,,"Central Europe, Eastern Europe, and Central Asia",3,Both,31,85-89 years,302,Diarrheal diseases,183,Clostridium difficile,1,Number,2009,2260.553455,4402.503554,2260.553455
1,Deaths,,"Central Europe, Eastern Europe, and Central Asia",3,Both,31,85-89 years,302,Diarrheal diseases,183,Clostridium difficile,1,Number,2010,2471.703979,4808.565234,2471.703979
1,Deaths,,"Central Europe, Eastern Europe, and Central Asia",3,Both,31,85-89 years,302,Diarrheal diseases,183,Clostridium difficile,1,Number,2011,2824.897381,4987.774117,2824.897381
1,Deaths,,"Central Europe, Eastern Europe, and Central Asia",3,Both,31,85-89 years,302,Diarrheal diseases,183,Clostridium difficile,1,Number,2012,2974.025201,5696.850908,2974.025201
1,Deaths,,"Central Europe, Eastern Europe, and Central Asia",3,Both,31,85-89 years,302,Diarrheal diseases,183,Clostridium difficile,1,Number,2013,3439.284103,6039.537723,3439.284103
1,Deaths,,"Central Europe, Eastern Europe, and Central Asia",3,Both,31,85-89 years,302,Diarrheal diseases,183,Clostridium difficile,1,Number,2014,3687.859121,6609.730638,3687.859121
1,Deaths,,"Central Europe, Eastern Europe, and Central Asia",3,Both,31,85-89 years,302,Diarrheal diseases,183,Clostridium difficile,1,Number,2015,4199.202033,7239.356465,4199.202033
1,Deaths,,"Central Europe, Eastern Europe, and Central Asia",3,Both,31,85-89 years,302,Diarrheal diseases,183,Clostridium difficile,1,Number,2016,4460.520798,7396.492084,4460.520798
1,Deaths,,"Central Europe, Eastern Europe, and Central Asia",3,Both,31,85-89 years,302,Diarrheal diseases,183,Clostridium difficile,1,Number,2017,4562.452777,7658.217401,4562.452777
1,Deaths,,"Central Europe, Eastern Europe, and Central Asia",3,Both,31,85-89 years,302,Diarrheal diseases,183,Clostridium difficile,1,Number,2018,4661.330845,7592.120386,4661.330845
1,Deaths,,"Central Europe, Eastern Europe, and Central Asia",3,Both,31,85-89 years,302,Diarrheal diseases,183,Clostridium difficile,1,Number,2019,4628.1759,7190.113669,4628.1759
1,Deaths,,"Central Europe, Eastern Europe, and Central Asia",3,Both,31,85-89 years,302,Diarrheal diseases,183,Clostridium difficile,1,Number,2020,4496.629643,6712.924819,4496.629643
1,Deaths,,"Central Europe, Eastern Europe, and Central Asia",3,Both,31,85-89 years,302,Diarrheal diseases,183,Clostridium difficile,1,Number,2021,4090.016619,6873.655699,4090.016619
1,Deaths,,"Central Europe, Eastern Europe, and Central Asia",3,Both,32,90-94 years,302,Diarrheal diseases,183,Clostridium difficile,1,Number,1990,715.4782058,1495.074391,715.4782058
1,Deaths,,"Central Europe, Eastern Europe, and Central Asia",3,Both,32,90-94 years,302,Diarrheal diseases,183,Clostridium difficile,1,Number,1991,700.4765428,1663.643659,700.4765428
1,Deaths,,"Central Europe, Eastern Europe, and Central Asia",3,Both,32,90-94 years,302,Diarrheal diseases,183,Clostridium difficile,1,Number,1992,815.2086281,1638.258417,815.2086281
1,Deaths,,"Central Europe, Eastern Europe, and Central Asia",3,Both,32,90-94 years,302,Diarrheal diseases,183,Clostridium difficile,1,Number,1993,836.1025609,1785.844694,836.1025609
1,Deaths,,"Central Europe, Eastern Europe, and Central Asia",3,Both,32,90-94 years,302,Diarrheal diseases,183,Clostridium difficile,1,Number,1994,950.1915681,1810.886735,950.1915681
1,Deaths,,"Central Europe, Eastern Europe, and Central Asia",3,Both,32,90-94 years,302,Diarrheal diseases,183,Clostridium difficile,1,Number,1995,894.4176361,1950.245411,894.4176361
1,Deaths,,"Central Europe, Eastern Europe, and Central Asia",3,Both,32,90-94 years,302,Diarrheal diseases,183,Clostridium difficile,1,Number,1996,899.0668307,1876.662601,899.0668307
1,Deaths,,"Central Europe, Eastern Europe, and Central Asia",3,Both,32,90-94 years,302,Diarrheal diseases,183,Clostridium difficile,1,Number,1997,885.9052525,1930.498766,885.9052525
1,Deaths,,"Central Europe, Eastern Europe, and Central Asia",3,Both,32,90-94 years,302,Diarrheal diseases,183,Clostridium difficile,1,Number,1998,890.7539392,1973.56251,890.7539392
1,Deaths,,"Central Europe, Eastern Europe, and Central Asia",3,Both,32,90-94 years,302,Diarrheal diseases,183,Clostridium difficile,1,Number,1999,934.4839809,2011.005083,934.4839809
1,Deaths,,"Central Europe, Eastern Europe, and Central Asia",3,Both,32,90-94 years,302,Diarrheal diseases,183,Clostridium difficile,1,Number,2000,960.9348809,2042.197611,960.9348809
1,Deaths,,"Central Europe, Eastern Europe, and Central Asia",3,Both,32,90-94 years,302,Diarrheal diseases,183,Clostridium difficile,1,Number,2001,986.0028195,1981.392112,986.0028195
1,Deaths,,"Central Europe, Eastern Europe, and Central Asia",3,Both,32,90-94 years,302,Diarrheal diseases,183,Clostridium difficile,1,Number,2002,941.2720102,2015.382175,941.2720102
1,Deaths,,"Central Europe, Eastern Europe, and Central Asia",3,Both,32,90-94 years,302,Diarrheal diseases,183,Clostridium difficile,1,Number,2003,952.9123955,1951.620309,952.9123955
1,Deaths,,"Central Europe, Eastern Europe, and Central Asia",3,Both,32,90-94 years,302,Diarrheal diseases,183,Clostridium difficile,1,Number,2004,931.9648617,1790.760013,931.9648617
1,Deaths,,"Central Europe, Eastern Europe, and Central Asia",3,Both,32,90-94 years,302,Diarrheal diseases,183,Clostridium difficile,1,Number,2005,810.4363911,1749.731617,810.4363911
1,Deaths,,"Central Europe, Eastern Europe, and Central Asia",3,Both,32,90-94 years,302,Diarrheal diseases,183,Clostridium difficile,1,Number,2006,829.4778041,1557.932022,829.4778041
1,Deaths,,"Central Europe, Eastern Europe, and Central Asia",3,Both,32,90-94 years,302,Diarrheal diseases,183,Clostridium difficile,1,Number,2007,786.4310565,1467.029387,786.4310565
1,Deaths,,"Central Europe, Eastern Europe, and Central Asia",3,Both,32,90-94 years,302,Diarrheal diseases,183,Clostridium difficile,1,Number,2008,724.9419427,1384.579412,724.9419427
1,Deaths,,"Central Europe, Eastern Europe, and Central Asia",3,Both,32,90-94 years,302,Diarrheal diseases,183,Clostridium difficile,1,Number,2009,810.038053,1354.822322,810.038053
1,Deaths,,"Central Europe, Eastern Europe, and Central Asia",3,Both,32,90-94 years,302,Diarrheal diseases,183,Clostridium difficile,1,Number,2010,805.7057856,1474.472446,805.7057856
1,Deaths,,"Central Europe, Eastern Europe, and Central Asia",3,Both,32,90-94 years,302,Diarrheal diseases,183,Clostridium difficile,1,Number,2011,891.9395842,1567.220505,891.9395842
1,Deaths,,"Central Europe, Eastern Europe, and Central Asia",3,Both,32,90-94 years,302,Diarrheal diseases,183,Clostridium difficile,1,Number,2012,994.3804978,1801.447556,994.3804978
1,Deaths,,"Central Europe, Eastern Europe, and Central Asia",3,Both,32,90-94 years,302,Diarrheal diseases,183,Clostridium difficile,1,Number,2013,1271.048176,1991.386925,1271.048176
1,Deaths,,"Central Europe, Eastern Europe, and Central Asia",3,Both,32,90-94 years,302,Diarrheal diseases,183,Clostridium difficile,1,Number,2014,1379.997635,2349.317858,1379.997635
1,Deaths,,"Central Europe, Eastern Europe, and Central Asia",3,Both,32,90-94 years,302,Diarrheal diseases,183,Clostridium difficile,1,Number,2015,1699.898017,2746.102578,1699.898017
1,Deaths,,"Central Europe, Eastern Europe, and Central Asia",3,Both,32,90-94 years,302,Diarrheal diseases,183,Clostridium difficile,1,Number,2016,1820.029532,3152.563099,1820.029532
1,Deaths,,"Central Europe, Eastern Europe, and Central Asia",3,Both,32,90-94 years,302,Diarrheal diseases,183,Clostridium difficile,1,Number,2017,2169.961069,3511.507267,2169.961069
1,Deaths,,"Central Europe, Eastern Europe, and Central Asia",3,Both,32,90-94 years,302,Diarrheal diseases,183,Clostridium difficile,1,Number,2018,2320.034312,3839.064887,2320.034312
1,Deaths,,"Central Europe, Eastern Europe, and Central Asia",3,Both,32,90-94 years,302,Diarrheal diseases,183,Clostridium difficile,1,Number,2019,2560.808197,3966.00242,2560.808197
1,Deaths,,"Central Europe, Eastern Europe, and Central Asia",3,Both,32,90-94 years,302,Diarrheal diseases,183,Clostridium difficile,1,Number,2020,2341.106666,3833.843857,2341.106666
1,Deaths,,"Central Europe, Eastern Europe, and Central Asia",3,Both,32,90-94 years,302,Diarrheal diseases,183,Clostridium difficile,1,Number,2021,2178.473111,3707.987616,2178.473111
1,Deaths,,"Central Europe, Eastern Europe, and Central Asia",3,Both,235,95+ years,302,Diarrheal diseases,183,Clostridium difficile,1,Number,1990,143.1863699,386.5841972,143.1863699
1,Deaths,,"Central Europe, Eastern Europe, and Central Asia",3,Both,235,95+ years,302,Diarrheal diseases,183,Clostridium difficile,1,Number,1991,165.6239118,372.4817201,165.6239118
1,Deaths,,"Central Europe, Eastern Europe, and Central Asia",3,Both,235,95+ years,302,Diarrheal diseases,183,Clostridium difficile,1,Number,1992,175.7029469,383.5805485,175.7029469
1,Deaths,,"Central Europe, Eastern Europe, and Central Asia",3,Both,235,95+ years,302,Diarrheal diseases,183,Clostridium difficile,1,Number,1993,151.7914037,417.7181883,151.7914037
1,Deaths,,"Central Europe, Eastern Europe, and Central Asia",3,Both,235,95+ years,302,Diarrheal diseases,183,Clostridium difficile,1,Number,1994,174.0459069,411.6707977,174.0459069
1,Deaths,,"Central Europe, Eastern Europe, and Central Asia",3,Both,235,95+ years,302,Diarrheal diseases,183,Clostridium difficile,1,Number,1995,139.8327767,440.1862036,139.8327767
1,Deaths,,"Central Europe, Eastern Europe, and Central Asia",3,Both,235,95+ years,302,Diarrheal diseases,183,Clostridium difficile,1,Number,1996,173.0117613,412.8802486,173.0117613
1,Deaths,,"Central Europe, Eastern Europe, and Central Asia",3,Both,235,95+ years,302,Diarrheal diseases,183,Clostridium difficile,1,Number,1997,165.9451649,398.1978666,165.9451649
1,Deaths,,"Central Europe, Eastern Europe, and Central Asia",3,Both,235,95+ years,302,Diarrheal diseases,183,Clostridium difficile,1,Number,1998,190.4021783,399.1802998,190.4021783
1,Deaths,,"Central Europe, Eastern Europe, and Central Asia",3,Both,235,95+ years,302,Diarrheal diseases,183,Clostridium difficile,1,Number,1999,197.3281013,462.0007161,197.3281013
1,Deaths,,"Central Europe, Eastern Europe, and Central Asia",3,Both,235,95+ years,302,Diarrheal diseases,183,Clostridium difficile,1,Number,2000,197.5780592,476.7589731,197.5780592
1,Deaths,,"Central Europe, Eastern Europe, and Central Asia",3,Both,235,95+ years,302,Diarrheal diseases,183,Clostridium difficile,1,Number,2001,195.3879597,452.2487019,195.3879597
1,Deaths,,"Central Europe, Eastern Europe, and Central Asia",3,Both,235,95+ years,302,Diarrheal diseases,183,Clostridium difficile,1,Number,2002,206.808617,457.5137166,206.808617
1,Deaths,,"Central Europe, Eastern Europe, and Central Asia",3,Both,235,95+ years,302,Diarrheal diseases,183,Clostridium difficile,1,Number,2003,207.9476587,448.8863375,207.9476587
1,Deaths,,"Central Europe, Eastern Europe, and Central Asia",3,Both,235,95+ years,302,Diarrheal diseases,183,Clostridium difficile,1,Number,2004,186.1086076,451.3306438,186.1086076
1,Deaths,,"Central Europe, Eastern Europe, and Central Asia",3,Both,235,95+ years,302,Diarrheal diseases,183,Clostridium difficile,1,Number,2005,186.1766875,426.8286011,186.1766875
1,Deaths,,"Central Europe, Eastern Europe, and Central Asia",3,Both,235,95+ years,302,Diarrheal diseases,183,Clostridium difficile,1,Number,2006,180.6863706,436.5684756,180.6863706
1,Deaths,,"Central Europe, Eastern Europe, and Central Asia",3,Both,235,95+ years,302,Diarrheal diseases,183,Clostridium difficile,1,Number,2007,208.0999878,429.9634342,208.0999878
1,Deaths,,"Central Europe, Eastern Europe, and Central Asia",3,Both,235,95+ years,302,Diarrheal diseases,183,Clostridium difficile,1,Number,2008,216.9487793,451.7889013,216.9487793
1,Deaths,,"Central Europe, Eastern Europe, and Central Asia",3,Both,235,95+ years,302,Diarrheal diseases,183,Clostridium difficile,1,Number,2009,223.4224794,467.1375624,223.4224794
1,Deaths,,"Central Europe, Eastern Europe, and Central Asia",3,Both,235,95+ years,302,Diarrheal diseases,183,Clostridium difficile,1,Number,2010,229.0817921,490.8460034,229.0817921
1,Deaths,,"Central Europe, Eastern Europe, and Central Asia",3,Both,235,95+ years,302,Diarrheal diseases,183,Clostridium difficile,1,Number,2011,231.8097773,482.1261022,231.8097773
1,Deaths,,"Central Europe, Eastern Europe, and Central Asia",3,Both,235,95+ years,302,Diarrheal diseases,183,Clostridium difficile,1,Number,2012,228.0325312,497.7460851,228.0325312
1,Deaths,,"Central Europe, Eastern Europe, and Central Asia",3,Both,235,95+ years,302,Diarrheal diseases,183,Clostridium difficile,1,Number,2013,241.6037695,501.1603459,241.6037695
1,Deaths,,"Central Europe, Eastern Europe, and Central Asia",3,Both,235,95+ years,302,Diarrheal diseases,183,Clostridium difficile,1,Number,2014,289.0775682,545.8002997,289.0775682
1,Deaths,,"Central Europe, Eastern Europe, and Central Asia",3,Both,235,95+ years,302,Diarrheal diseases,183,Clostridium difficile,1,Number,2015,350.5196477,629.4992261,350.5196477
1,Deaths,,"Central Europe, Eastern Europe, and Central Asia",3,Both,235,95+ years,302,Diarrheal diseases,183,Clostridium difficile,1,Number,2016,377.0020657,717.516663,377.0020657
1,Deaths,,"Central Europe, Eastern Europe, and Central Asia",3,Both,235,95+ years,302,Diarrheal diseases,183,Clostridium difficile,1,Number,2017,462.5829009,788.4734337,462.5829009
1,Deaths,,"Central Europe, Eastern Europe, and Central Asia",3,Both,235,95+ years,302,Diarrheal diseases,183,Clostridium difficile,1,Number,2018,504.5999803,897.5850951,504.5999803
1,Deaths,,"Central Europe, Eastern Europe, and Central Asia",3,Both,235,95+ years,302,Diarrheal diseases,183,Clostridium difficile,1,Number,2019,561.4795927,1004.452962,561.4795927
1,Deaths,,"Central Europe, Eastern Europe, and Central Asia",3,Both,235,95+ years,302,Diarrheal diseases,183,Clostridium difficile,1,Number,2020,537.7601726,1014.185442,537.7601726
1,Deaths,,"Central Europe, Eastern Europe, and Central Asia",3,Both,235,95+ years,302,Diarrheal diseases,183,Clostridium difficile,1,Number,2021,550.6348572,1042.317112,550.6348572
1,Deaths,,"Central Europe, Eastern Europe, and Central Asia",3,Both,1,<5 years,302,Diarrheal diseases,183,Clostridium difficile,1,Number,1990,3375.007487,6429.990915,3375.007487
1,Deaths,,"Central Europe, Eastern Europe, and Central Asia",3,Both,1,<5 years,302,Diarrheal diseases,183,Clostridium difficile,1,Number,1991,3066.136843,6015.719538,3066.136843
1,Deaths,,"Central Europe, Eastern Europe, and Central Asia",3,Both,1,<5 years,302,Diarrheal diseases,183,Clostridium difficile,1,Number,1992,3027.31098,5623.165712,3027.31098
1,Deaths,,"Central Europe, Eastern Europe, and Central Asia",3,Both,1,<5 years,302,Diarrheal diseases,183,Clostridium difficile,1,Number,1993,2885.324757,5425.341227,2885.324757
1,Deaths,,"Central Europe, Eastern Europe, and Central Asia",3,Both,1,<5 years,302,Diarrheal diseases,183,Clostridium difficile,1,Number,1994,2808.090199,5207.495799,2808.090199
1,Deaths,,"Central Europe, Eastern Europe, and Central Asia",3,Both,1,<5 years,302,Diarrheal diseases,183,Clostridium difficile,1,Number,1995,2679.586639,4883.23197,2679.586639
1,Deaths,,"Central Europe, Eastern Europe, and Central Asia",3,Both,1,<5 years,302,Diarrheal diseases,183,Clostridium difficile,1,Number,1996,2433.679722,4550.442233,2433.679722
1,Deaths,,"Central Europe, Eastern Europe, and Central Asia",3,Both,1,<5 years,302,Diarrheal diseases,183,Clostridium difficile,1,Number,1997,2353.151582,4362.37392,2353.151582
1,Deaths,,"Central Europe, Eastern Europe, and Central Asia",3,Both,1,<5 years,302,Diarrheal diseases,183,Clostridium difficile,1,Number,1998,2252.517168,4069.891102,2252.517168
1,Deaths,,"Central Europe, Eastern Europe, and Central Asia",3,Both,1,<5 years,302,Diarrheal diseases,183,Clostridium difficile,1,Number,1999,2071.219279,3856.05687,2071.219279
1,Deaths,,"Central Europe, Eastern Europe, and Central Asia",3,Both,1,<5 years,302,Diarrheal diseases,183,Clostridium difficile,1,Number,2000,1991.723533,3663.432385,1991.723533
1,Deaths,,"Central Europe, Eastern Europe, and Central Asia",3,Both,1,<5 years,302,Diarrheal diseases,183,Clostridium difficile,1,Number,2001,2017.5467,3531.984425,2017.5467
1,Deaths,,"Central Europe, Eastern Europe, and Central Asia",3,Both,1,<5 years,302,Diarrheal diseases,183,Clostridium difficile,1,Number,2002,1904.336449,3386.262795,1904.336449
1,Deaths,,"Central Europe, Eastern Europe, and Central Asia",3,Both,1,<5 years,302,Diarrheal diseases,183,Clostridium difficile,1,Number,2003,1807.145729,3243.324473,1807.145729
1,Deaths,,"Central Europe, Eastern Europe, and Central Asia",3,Both,1,<5 years,302,Diarrheal diseases,183,Clostridium difficile,1,Number,2004,1852.497623,3339.925494,1852.497623
1,Deaths,,"Central Europe, Eastern Europe, and Central Asia",3,Both,1,<5 years,302,Diarrheal diseases,183,Clostridium difficile,1,Number,2005,1788.151273,3226.804797,1788.151273
1,Deaths,,"Central Europe, Eastern Europe, and Central Asia",3,Both,1,<5 years,302,Diarrheal diseases,183,Clostridium difficile,1,Number,2006,1672.334094,3087.570998,1672.334094
1,Deaths,,"Central Europe, Eastern Europe, and Central Asia",3,Both,1,<5 years,302,Diarrheal diseases,183,Clostridium difficile,1,Number,2007,1644.830137,3005.311522,1644.830137
1,Deaths,,"Central Europe, Eastern Europe, and Central Asia",3,Both,1,<5 years,302,Diarrheal diseases,183,Clostridium difficile,1,Number,2008,1564.645926,2978.969845,1564.645926
1,Deaths,,"Central Europe, Eastern Europe, and Central Asia",3,Both,1,<5 years,302,Diarrheal diseases,183,Clostridium difficile,1,Number,2009,1653.891906,3074.517706,1653.891906
1,Deaths,,"Central Europe, Eastern Europe, and Central Asia",3,Both,1,<5 years,302,Diarrheal diseases,183,Clostridium difficile,1,Number,2010,1690.095515,3000.128855,1690.095515
1,Deaths,,"Central Europe, Eastern Europe, and Central Asia",3,Both,1,<5 years,302,Diarrheal diseases,183,Clostridium difficile,1,Number,2011,1708.130084,3044.917494,1708.130084
1,Deaths,,"Central Europe, Eastern Europe, and Central Asia",3,Both,1,<5 years,302,Diarrheal diseases,183,Clostridium difficile,1,Number,2012,1732.599255,3056.484702,1732.599255
1,Deaths,,"Central Europe, Eastern Europe, and Central Asia",3,Both,1,<5 years,302,Diarrheal diseases,183,Clostridium difficile,1,Number,2013,1781.254976,3111.265098,1781.254976
1,Deaths,,"Central Europe, Eastern Europe, and Central Asia",3,Both,1,<5 years,302,Diarrheal diseases,183,Clostridium difficile,1,Number,2014,1768.651353,2994.063863,1768.651353
1,Deaths,,"Central Europe, Eastern Europe, and Central Asia",3,Both,1,<5 years,302,Diarrheal diseases,183,Clostridium difficile,1,Number,2015,1713.443293,2970.298739,1713.443293
1,Deaths,,"Central Europe, Eastern Europe, and Central Asia",3,Both,1,<5 years,302,Diarrheal diseases,183,Clostridium difficile,1,Number,2016,1717.362749,2945.311873,1717.362749
1,Deaths,,"Central Europe, Eastern Europe, and Central Asia",3,Both,1,<5 years,302,Diarrheal diseases,183,Clostridium difficile,1,Number,2017,1589.782777,2828.493415,1589.782777
1,Deaths,,"Central Europe, Eastern Europe, and Central Asia",3,Both,1,<5 years,302,Diarrheal diseases,183,Clostridium difficile,1,Number,2018,1575.328962,2778.814231,1575.328962
1,Deaths,,"Central Europe, Eastern Europe, and Central Asia",3,Both,1,<5 years,302,Diarrheal diseases,183,Clostridium difficile,1,Number,2019,1609.864144,2795.579998,1609.864144
1,Deaths,,"Central Europe, Eastern Europe, and Central Asia",3,Both,1,<5 years,302,Diarrheal diseases,183,Clostridium difficile,1,Number,2020,1447.309278,2481.1098,1447.309278
1,Deaths,,"Central Europe, Eastern Europe, and Central Asia",3,Both,1,<5 years,302,Diarrheal diseases,183,Clostridium difficile,1,Number,2021,1162.492165,2172.704204,1162.492165
1,Deaths,,Global,3,Both,7,10-14 years,302,Diarrheal diseases,183,Clostridium difficile,1,Number,1990,2950.108934,6143.958967,2950.108934
1,Deaths,,Global,3,Both,7,10-14 years,302,Diarrheal diseases,183,Clostridium difficile,1,Number,1991,2764.997538,6205.879449,2764.997538
1,Deaths,,Global,3,Both,7,10-14 years,302,Diarrheal diseases,183,Clostridium difficile,1,Number,1992,2860.836646,6147.792715,2860.836646
1,Deaths,,Global,3,Both,7,10-14 years,302,Diarrheal diseases,183,Clostridium difficile,1,Number,1993,2850.117604,6222.66423,2850.117604
1,Deaths,,Global,3,Both,7,10-14 years,302,Diarrheal diseases,183,Clostridium difficile,1,Number,1994,3234.782365,7012.167852,3234.782365
1,Deaths,,Global,3,Both,7,10-14 years,302,Diarrheal diseases,183,Clostridium difficile,1,Number,1995,3207.636597,6265.404048,3207.636597
1,Deaths,,Global,3,Both,7,10-14 years,302,Diarrheal diseases,183,Clostridium difficile,1,Number,1996,3068.582675,6373.463298,3068.582675
1,Deaths,,Global,3,Both,7,10-14 years,302,Diarrheal diseases,183,Clostridium difficile,1,Number,1997,3110.639104,6210.385357,3110.639104
1,Deaths,,Global,3,Both,7,10-14 years,302,Diarrheal diseases,183,Clostridium difficile,1,Number,1998,3182.401851,6209.282454,3182.401851
1,Deaths,,Global,3,Both,7,10-14 years,302,Diarrheal diseases,183,Clostridium difficile,1,Number,1999,3326.072774,6225.956698,3326.072774
1,Deaths,,Global,3,Both,7,10-14 years,302,Diarrheal diseases,183,Clostridium difficile,1,Number,2000,3316.971993,6325.61238,3316.971993
1,Deaths,,Global,3,Both,7,10-14 years,302,Diarrheal diseases,183,Clostridium difficile,1,Number,2001,3338.793025,6121.249412,3338.793025
1,Deaths,,Global,3,Both,7,10-14 years,302,Diarrheal diseases,183,Clostridium difficile,1,Number,2002,3323.657867,5694.160472,3323.657867
1,Deaths,,Global,3,Both,7,10-14 years,302,Diarrheal diseases,183,Clostridium difficile,1,Number,2003,3187.882391,5436.850476,3187.882391
1,Deaths,,Global,3,Both,7,10-14 years,302,Diarrheal diseases,183,Clostridium difficile,1,Number,2004,3297.420296,5452.382889,3297.420296
1,Deaths,,Global,3,Both,7,10-14 years,302,Diarrheal diseases,183,Clostridium difficile,1,Number,2005,3640.245509,5732.013179,3640.245509
1,Deaths,,Global,3,Both,7,10-14 years,302,Diarrheal diseases,183,Clostridium difficile,1,Number,2006,3805.521855,5894.307645,3805.521855
1,Deaths,,Global,3,Both,7,10-14 years,302,Diarrheal diseases,183,Clostridium difficile,1,Number,2007,3807.493198,5933.737455,3807.493198
1,Deaths,,Global,3,Both,7,10-14 years,302,Diarrheal diseases,183,Clostridium difficile,1,Number,2008,3846.816312,5927.74899,3846.816312
1,Deaths,,Global,3,Both,7,10-14 years,302,Diarrheal diseases,183,Clostridium difficile,1,Number,2009,4028.559987,6186.530462,4028.559987
1,Deaths,,Global,3,Both,7,10-14 years,302,Diarrheal diseases,183,Clostridium difficile,1,Number,2010,4220.979515,6631.173424,4220.979515
1,Deaths,,Global,3,Both,7,10-14 years,302,Diarrheal diseases,183,Clostridium difficile,1,Number,2011,4451.662546,7015.949656,4451.662546
1,Deaths,,Global,3,Both,7,10-14 years,302,Diarrheal diseases,183,Clostridium difficile,1,Number,2012,4504.613811,6862.017443,4504.613811
1,Deaths,,Global,3,Both,7,10-14 years,302,Diarrheal diseases,183,Clostridium difficile,1,Number,2013,4426.126045,6766.132624,4426.126045
1,Deaths,,Global,3,Both,7,10-14 years,302,Diarrheal diseases,183,Clostridium difficile,1,Number,2014,4699.732778,6935.815564,4699.732778
1,Deaths,,Global,3,Both,7,10-14 years,302,Diarrheal diseases,183,Clostridium difficile,1,Number,2015,4757.050305,7107.902399,4757.050305
1,Deaths,,Global,3,Both,7,10-14 years,302,Diarrheal diseases,183,Clostridium difficile,1,Number,2016,4748.322397,6861.110404,4748.322397
1,Deaths,,Global,3,Both,7,10-14 years,302,Diarrheal diseases,183,Clostridium difficile,1,Number,2017,4712.495094,7140.693549,4712.495094
1,Deaths,,Global,3,Both,7,10-14 years,302,Diarrheal diseases,183,Clostridium difficile,1,Number,2018,4477.245949,6969.520859,4477.245949
1,Deaths,,Global,3,Both,7,10-14 years,302,Diarrheal diseases,183,Clostridium difficile,1,Number,2019,4473.384857,6670.989834,4473.384857
1,Deaths,,Global,3,Both,7,10-14 years,302,Diarrheal diseases,183,Clostridium difficile,1,Number,2020,4157.927143,6284.060172,4157.927143
1,Deaths,,Global,3,Both,7,10-14 years,302,Diarrheal diseases,183,Clostridium difficile,1,Number,2021,3953.849116,6014.681336,3953.849116
1,Deaths,,Global,3,Both,8,15-19 years,302,Diarrheal diseases,183,Clostridium difficile,1,Number,1990,4279.018973,9275.118982,4279.018973
1,Deaths,,Global,3,Both,8,15-19 years,302,Diarrheal diseases,183,Clostridium difficile,1,Number,1991,4313.084041,8793.803244,4313.084041
1,Deaths,,Global,3,Both,8,15-19 years,302,Diarrheal diseases,183,Clostridium difficile,1,Number,1992,4155.760634,8536.169307,4155.760634
1,Deaths,,Global,3,Both,8,15-19 years,302,Diarrheal diseases,183,Clostridium difficile,1,Number,1993,4149.834419,8423.822688,4149.834419
1,Deaths,,Global,3,Both,8,15-19 years,302,Diarrheal diseases,183,Clostridium difficile,1,Number,1994,4317.269932,18981.89153,4317.269932
1,Deaths,,Global,3,Both,8,15-19 years,302,Diarrheal diseases,183,Clostridium difficile,1,Number,1995,4415.793716,8548.24156,4415.793716
1,Deaths,,Global,3,Both,8,15-19 years,302,Diarrheal diseases,183,Clostridium difficile,1,Number,1996,4467.355103,8706.48455,4467.355103
1,Deaths,,Global,3,Both,8,15-19 years,302,Diarrheal diseases,183,Clostridium difficile,1,Number,1997,4641.215976,9058.504568,4641.215976
1,Deaths,,Global,3,Both,8,15-19 years,302,Diarrheal diseases,183,Clostridium difficile,1,Number,1998,5129.098227,9246.799934,5129.098227
1,Deaths,,Global,3,Both,8,15-19 years,302,Diarrheal diseases,183,Clostridium difficile,1,Number,1999,5060.272024,9774.126605,5060.272024
1,Deaths,,Global,3,Both,8,15-19 years,302,Diarrheal diseases,183,Clostridium difficile,1,Number,2000,5390.739099,9471.562608,5390.739099
1,Deaths,,Global,3,Both,8,15-19 years,302,Diarrheal diseases,183,Clostridium difficile,1,Number,2001,5061.100517,8913.507362,5061.100517
1,Deaths,,Global,3,Both,8,15-19 years,302,Diarrheal diseases,183,Clostridium difficile,1,Number,2002,5070.737165,8729.849488,5070.737165
1,Deaths,,Global,3,Both,8,15-19 years,302,Diarrheal diseases,183,Clostridium difficile,1,Number,2003,5172.754731,8724.980899,5172.754731
1,Deaths,,Global,3,Both,8,15-19 years,302,Diarrheal diseases,183,Clostridium difficile,1,Number,2004,5438.891658,9065.293628,5438.891658
1,Deaths,,Global,3,Both,8,15-19 years,302,Diarrheal diseases,183,Clostridium difficile,1,Number,2005,5826.184714,9292.073811,5826.184714
1,Deaths,,Global,3,Both,8,15-19 years,302,Diarrheal diseases,183,Clostridium difficile,1,Number,2006,6048.294479,9622.552444,6048.294479
1,Deaths,,Global,3,Both,8,15-19 years,302,Diarrheal diseases,183,Clostridium difficile,1,Number,2007,5957.181092,9526.257113,5957.181092
1,Deaths,,Global,3,Both,8,15-19 years,302,Diarrheal diseases,183,Clostridium difficile,1,Number,2008,5964.83095,9565.454234,5964.83095
1,Deaths,,Global,3,Both,8,15-19 years,302,Diarrheal diseases,183,Clostridium difficile,1,Number,2009,6375.644877,9725.669638,6375.644877
1,Deaths,,Global,3,Both,8,15-19 years,302,Diarrheal diseases,183,Clostridium difficile,1,Number,2010,6630.837343,9889.89209,6630.837343
1,Deaths,,Global,3,Both,8,15-19 years,302,Diarrheal diseases,183,Clostridium difficile,1,Number,2011,7144.890729,10484.7029,7144.890729
1,Deaths,,Global,3,Both,8,15-19 years,302,Diarrheal diseases,183,Clostridium difficile,1,Number,2012,7459.074453,11031.38942,7459.074453
1,Deaths,,Global,3,Both,8,15-19 years,302,Diarrheal diseases,183,Clostridium difficile,1,Number,2013,7146.156511,11219.42319,7146.156511
1,Deaths,,Global,3,Both,8,15-19 years,302,Diarrheal diseases,183,Clostridium difficile,1,Number,2014,7369.94477,12157.52531,7369.94477
1,Deaths,,Global,3,Both,8,15-19 years,302,Diarrheal diseases,183,Clostridium difficile,1,Number,2015,7159.17044,11763.40199,7159.17044
1,Deaths,,Global,3,Both,8,15-19 years,302,Diarrheal diseases,183,Clostridium difficile,1,Number,2016,7090.494029,11683.5252,7090.494029
1,Deaths,,Global,3,Both,8,15-19 years,302,Diarrheal diseases,183,Clostridium difficile,1,Number,2017,7371.70891,11860.85651,7371.70891
1,Deaths,,Global,3,Both,8,15-19 years,302,Diarrheal diseases,183,Clostridium difficile,1,Number,2018,6973.412709,11428.25355,6973.412709
1,Deaths,,Global,3,Both,8,15-19 years,302,Diarrheal diseases,183,Clostridium difficile,1,Number,2019,6819.292851,10584.80903,6819.292851
1,Deaths,,Global,3,Both,8,15-19 years,302,Diarrheal diseases,183,Clostridium difficile,1,Number,2020,6651.631006,9910.463702,6651.631006
1,Deaths,,Global,3,Both,8,15-19 years,302,Diarrheal diseases,183,Clostridium difficile,1,Number,2021,6624.265782,10217.24175,6624.265782
1,Deaths,,Global,3,Both,9,20-24 years,302,Diarrheal diseases,183,Clostridium difficile,1,Number,1990,3948.321735,8480.634414,3948.321735
1,Deaths,,Global,3,Both,9,20-24 years,302,Diarrheal diseases,183,Clostridium difficile,1,Number,1991,4026.037096,8298.032958,4026.037096
1,Deaths,,Global,3,Both,9,20-24 years,302,Diarrheal diseases,183,Clostridium difficile,1,Number,1992,3966.030736,8378.593396,3966.030736
1,Deaths,,Global,3,Both,9,20-24 years,302,Diarrheal diseases,183,Clostridium difficile,1,Number,1993,4098.402382,8309.273138,4098.402382
1,Deaths,,Global,3,Both,9,20-24 years,302,Diarrheal diseases,183,Clostridium difficile,1,Number,1994,4728.30319,10809.19452,4728.30319
1,Deaths,,Global,3,Both,9,20-24 years,302,Diarrheal diseases,183,Clostridium difficile,1,Number,1995,4375.91084,8459.124701,4375.91084
1,Deaths,,Global,3,Both,9,20-24 years,302,Diarrheal diseases,183,Clostridium difficile,1,Number,1996,4376.209825,8506.131919,4376.209825
1,Deaths,,Global,3,Both,9,20-24 years,302,Diarrheal diseases,183,Clostridium difficile,1,Number,1997,4585.866535,8493.617004,4585.866535
1,Deaths,,Global,3,Both,9,20-24 years,302,Diarrheal diseases,183,Clostridium difficile,1,Number,1998,4745.042502,8793.447792,4745.042502
1,Deaths,,Global,3,Both,9,20-24 years,302,Diarrheal diseases,183,Clostridium difficile,1,Number,1999,4813.006535,8950.969726,4813.006535
1,Deaths,,Global,3,Both,9,20-24 years,302,Diarrheal diseases,183,Clostridium difficile,1,Number,2000,4875.361625,8858.150691,4875.361625
1,Deaths,,Global,3,Both,9,20-24 years,302,Diarrheal diseases,183,Clostridium difficile,1,Number,2001,4974.994955,8548.517906,4974.994955
1,Deaths,,Global,3,Both,9,20-24 years,302,Diarrheal diseases,183,Clostridium difficile,1,Number,2002,5005.779383,8599.106281,5005.779383
1,Deaths,,Global,3,Both,9,20-24 years,302,Diarrheal diseases,183,Clostridium difficile,1,Number,2003,5052.0001,8418.82013,5052.0001
1,Deaths,,Global,3,Both,9,20-24 years,302,Diarrheal diseases,183,Clostridium difficile,1,Number,2004,5299.975719,8633.387615,5299.975719
1,Deaths,,Global,3,Both,9,20-24 years,302,Diarrheal diseases,183,Clostridium difficile,1,Number,2005,5778.394658,9043.986736,5778.394658
1,Deaths,,Global,3,Both,9,20-24 years,302,Diarrheal diseases,183,Clostridium difficile,1,Number,2006,6037.781224,9775.821516,6037.781224
1,Deaths,,Global,3,Both,9,20-24 years,302,Diarrheal diseases,183,Clostridium difficile,1,Number,2007,6396.16239,9859.736733,6396.16239
1,Deaths,,Global,3,Both,9,20-24 years,302,Diarrheal diseases,183,Clostridium difficile,1,Number,2008,6822.437177,9748.471176,6822.437177
1,Deaths,,Global,3,Both,9,20-24 years,302,Diarrheal diseases,183,Clostridium difficile,1,Number,2009,6819.362814,10390.19458,6819.362814
1,Deaths,,Global,3,Both,9,20-24 years,302,Diarrheal diseases,183,Clostridium difficile,1,Number,2010,7325.355083,10549.29351,7325.355083
1,Deaths,,Global,3,Both,9,20-24 years,302,Diarrheal diseases,183,Clostridium difficile,1,Number,2011,7614.730697,10974.36191,7614.730697
1,Deaths,,Global,3,Both,9,20-24 years,302,Diarrheal diseases,183,Clostridium difficile,1,Number,2012,7942.331805,11576.78499,7942.331805
1,Deaths,,Global,3,Both,9,20-24 years,302,Diarrheal diseases,183,Clostridium difficile,1,Number,2013,7894.285899,11241.5711,7894.285899
1,Deaths,,Global,3,Both,9,20-24 years,302,Diarrheal diseases,183,Clostridium difficile,1,Number,2014,7603.373289,11230.65149,7603.373289
1,Deaths,,Global,3,Both,9,20-24 years,302,Diarrheal diseases,183,Clostridium difficile,1,Number,2015,7139.210731,11346.50483,7139.210731
1,Deaths,,Global,3,Both,9,20-24 years,302,Diarrheal diseases,183,Clostridium difficile,1,Number,2016,7494.179322,11225.28253,7494.179322
1,Deaths,,Global,3,Both,9,20-24 years,302,Diarrheal diseases,183,Clostridium difficile,1,Number,2017,7638.47376,11389.57565,7638.47376
1,Deaths,,Global,3,Both,9,20-24 years,302,Diarrheal diseases,183,Clostridium difficile,1,Number,2018,7444.39529,10795.00117,7444.39529
1,Deaths,,Global,3,Both,9,20-24 years,302,Diarrheal diseases,183,Clostridium difficile,1,Number,2019,7175.536046,10593.78829,7175.536046
1,Deaths,,Global,3,Both,9,20-24 years,302,Diarrheal diseases,183,Clostridium difficile,1,Number,2020,7033.564586,10154.23514,7033.564586
1,Deaths,,Global,3,Both,9,20-24 years,302,Diarrheal diseases,183,Clostridium difficile,1,Number,2021,6947.661167,10163.00379,6947.661167
1,Deaths,,Global,3,Both,10,25-29 years,302,Diarrheal diseases,183,Clostridium difficile,1,Number,1990,3528.822298,7323.407013,3528.822298
1,Deaths,,Global,3,Both,10,25-29 years,302,Diarrheal diseases,183,Clostridium difficile,1,Number,1991,3583.530899,7358.110796,3583.530899
1,Deaths,,Global,3,Both,10,25-29 years,302,Diarrheal diseases,183,Clostridium difficile,1,Number,1992,3715.312081,7362.173259,3715.312081
1,Deaths,,Global,3,Both,10,25-29 years,302,Diarrheal diseases,183,Clostridium difficile,1,Number,1993,3777.865644,7477.064616,3777.865644
1,Deaths,,Global,3,Both,10,25-29 years,302,Diarrheal diseases,183,Clostridium difficile,1,Number,1994,4036.278515,7759.582104,4036.278515
1,Deaths,,Global,3,Both,10,25-29 years,302,Diarrheal diseases,183,Clostridium difficile,1,Number,1995,4059.665762,7593.041226,4059.665762
1,Deaths,,Global,3,Both,10,25-29 years,302,Diarrheal diseases,183,Clostridium difficile,1,Number,1996,4003.030409,7670.320298,4003.030409
1,Deaths,,Global,3,Both,10,25-29 years,302,Diarrheal diseases,183,Clostridium difficile,1,Number,1997,4159.596184,7663.958406,4159.596184
1,Deaths,,Global,3,Both,10,25-29 years,302,Diarrheal diseases,183,Clostridium difficile,1,Number,1998,4426.692064,7843.882629,4426.692064
1,Deaths,,Global,3,Both,10,25-29 years,302,Diarrheal diseases,183,Clostridium difficile,1,Number,1999,4607.436784,8012.02956,4607.436784
1,Deaths,,Global,3,Both,10,25-29 years,302,Diarrheal diseases,183,Clostridium difficile,1,Number,2000,4733.409202,8158.519642,4733.409202
1,Deaths,,Global,3,Both,10,25-29 years,302,Diarrheal diseases,183,Clostridium difficile,1,Number,2001,4824.450748,8156.046819,4824.450748
1,Deaths,,Global,3,Both,10,25-29 years,302,Diarrheal diseases,183,Clostridium difficile,1,Number,2002,4818.424212,8203.327144,4818.424212
1,Deaths,,Global,3,Both,10,25-29 years,302,Diarrheal diseases,183,Clostridium difficile,1,Number,2003,4940.166035,7947.524641,4940.166035
1,Deaths,,Global,3,Both,10,25-29 years,302,Diarrheal diseases,183,Clostridium difficile,1,Number,2004,5049.140151,8057.170599,5049.140151
1,Deaths,,Global,3,Both,10,25-29 years,302,Diarrheal diseases,183,Clostridium difficile,1,Number,2005,5367.809837,8476.664309,5367.809837
1,Deaths,,Global,3,Both,10,25-29 years,302,Diarrheal diseases,183,Clostridium difficile,1,Number,2006,5755.891254,8683.474033,5755.891254
1,Deaths,,Global,3,Both,10,25-29 years,302,Diarrheal diseases,183,Clostridium difficile,1,Number,2007,5867.916831,8834.7246,5867.916831
1,Deaths,,Global,3,Both,10,25-29 years,302,Diarrheal diseases,183,Clostridium difficile,1,Number,2008,6122.768798,9080.317495,6122.768798
1,Deaths,,Global,3,Both,10,25-29 years,302,Diarrheal diseases,183,Clostridium difficile,1,Number,2009,6570.23624,9736.327124,6570.23624
1,Deaths,,Global,3,Both,10,25-29 years,302,Diarrheal diseases,183,Clostridium difficile,1,Number,2010,7044.039423,10223.94116,7044.039423
1,Deaths,,Global,3,Both,10,25-29 years,302,Diarrheal diseases,183,Clostridium difficile,1,Number,2011,7232.906419,10555.09835,7232.906419
1,Deaths,,Global,3,Both,10,25-29 years,302,Diarrheal diseases,183,Clostridium difficile,1,Number,2012,7811.857899,10799.19205,7811.857899
1,Deaths,,Global,3,Both,10,25-29 years,302,Diarrheal diseases,183,Clostridium difficile,1,Number,2013,7979.340516,10957.40131,7979.340516
1,Deaths,,Global,3,Both,10,25-29 years,302,Diarrheal diseases,183,Clostridium difficile,1,Number,2014,7865.177045,10675.37728,7865.177045
1,Deaths,,Global,3,Both,10,25-29 years,302,Diarrheal diseases,183,Clostridium difficile,1,Number,2015,7713.303021,10684.68406,7713.303021
1,Deaths,,Global,3,Both,10,25-29 years,302,Diarrheal diseases,183,Clostridium difficile,1,Number,2016,7893.502788,10870.04169,7893.502788
1,Deaths,,Global,3,Both,10,25-29 years,302,Diarrheal diseases,183,Clostridium difficile,1,Number,2017,8226.916412,11241.39949,8226.916412
1,Deaths,,Global,3,Both,10,25-29 years,302,Diarrheal diseases,183,Clostridium difficile,1,Number,2018,7985.589468,10689.55694,7985.589468
1,Deaths,,Global,3,Both,10,25-29 years,302,Diarrheal diseases,183,Clostridium difficile,1,Number,2019,7638.787764,10677.40695,7638.787764
1,Deaths,,Global,3,Both,10,25-29 years,302,Diarrheal diseases,183,Clostridium difficile,1,Number,2020,7384.896409,10318.8905,7384.896409
1,Deaths,,Global,3,Both,10,25-29 years,302,Diarrheal diseases,183,Clostridium difficile,1,Number,2021,7275.010818,10184.64454,7275.010818
1,Deaths,,Global,3,Both,11,30-34 years,302,Diarrheal diseases,183,Clostridium difficile,1,Number,1990,3482.888345,7255.068201,3482.888345
1,Deaths,,Global,3,Both,11,30-34 years,302,Diarrheal diseases,183,Clostridium difficile,1,Number,1991,3587.01201,7376.1674,3587.01201
1,Deaths,,Global,3,Both,11,30-34 years,302,Diarrheal diseases,183,Clostridium difficile,1,Number,1992,3715.286232,7442.469434,3715.286232
1,Deaths,,Global,3,Both,11,30-34 years,302,Diarrheal diseases,183,Clostridium difficile,1,Number,1993,3892.925117,7611.378018,3892.925117
1,Deaths,,Global,3,Both,11,30-34 years,302,Diarrheal diseases,183,Clostridium difficile,1,Number,1994,4140.840875,7953.412747,4140.840875
1,Deaths,,Global,3,Both,11,30-34 years,302,Diarrheal diseases,183,Clostridium difficile,1,Number,1995,4235.002078,7937.191652,4235.002078
1,Deaths,,Global,3,Both,11,30-34 years,302,Diarrheal diseases,183,Clostridium difficile,1,Number,1996,4255.966274,7934.966275,4255.966274
1,Deaths,,Global,3,Both,11,30-34 years,302,Diarrheal diseases,183,Clostridium difficile,1,Number,1997,4369.075653,8015.316075,4369.075653
1,Deaths,,Global,3,Both,11,30-34 years,302,Diarrheal diseases,183,Clostridium difficile,1,Number,1998,4537.546651,8263.463479,4537.546651
1,Deaths,,Global,3,Both,11,30-34 years,302,Diarrheal diseases,183,Clostridium difficile,1,Number,1999,4667.544267,8403.415793,4667.544267
1,Deaths,,Global,3,Both,11,30-34 years,302,Diarrheal diseases,183,Clostridium difficile,1,Number,2000,4850.434526,8485.193418,4850.434526
1,Deaths,,Global,3,Both,11,30-34 years,302,Diarrheal diseases,183,Clostridium difficile,1,Number,2001,4969.622868,8483.218575,4969.622868
1,Deaths,,Global,3,Both,11,30-34 years,302,Diarrheal diseases,183,Clostridium difficile,1,Number,2002,5191.09763,8538.020303,5191.09763
1,Deaths,,Global,3,Both,11,30-34 years,302,Diarrheal diseases,183,Clostridium difficile,1,Number,2003,5374.18959,8677.503952,5374.18959
1,Deaths,,Global,3,Both,11,30-34 years,302,Diarrheal diseases,183,Clostridium difficile,1,Number,2004,5672.899872,8928.762303,5672.899872
1,Deaths,,Global,3,Both,11,30-34 years,302,Diarrheal diseases,183,Clostridium difficile,1,Number,2005,5965.625099,9288.057923,5965.625099
1,Deaths,,Global,3,Both,11,30-34 years,302,Diarrheal diseases,183,Clostridium difficile,1,Number,2006,6331.684513,9607.179673,6331.684513
1,Deaths,,Global,3,Both,11,30-34 years,302,Diarrheal diseases,183,Clostridium difficile,1,Number,2007,6608.652022,9693.048748,6608.652022
1,Deaths,,Global,3,Both,11,30-34 years,302,Diarrheal diseases,183,Clostridium difficile,1,Number,2008,6950.808494,9898.215207,6950.808494
1,Deaths,,Global,3,Both,11,30-34 years,302,Diarrheal diseases,183,Clostridium difficile,1,Number,2009,7268.223174,10502.31621,7268.223174
1,Deaths,,Global,3,Both,11,30-34 years,302,Diarrheal diseases,183,Clostridium difficile,1,Number,2010,7801.974104,10749.44049,7801.974104
1,Deaths,,Global,3,Both,11,30-34 years,302,Diarrheal diseases,183,Clostridium difficile,1,Number,2011,8112.504986,11067.40616,8112.504986
1,Deaths,,Global,3,Both,11,30-34 years,302,Diarrheal diseases,183,Clostridium difficile,1,Number,2012,8183.549169,11656.3289,8183.549169
1,Deaths,,Global,3,Both,11,30-34 years,302,Diarrheal diseases,183,Clostridium difficile,1,Number,2013,8546.431684,11715.71354,8546.431684
1,Deaths,,Global,3,Both,11,30-34 years,302,Diarrheal diseases,183,Clostridium difficile,1,Number,2014,8675.304231,11751.68323,8675.304231
1,Deaths,,Global,3,Both,11,30-34 years,302,Diarrheal diseases,183,Clostridium difficile,1,Number,2015,8714.707967,12170.97378,8714.707967
1,Deaths,,Global,3,Both,11,30-34 years,302,Diarrheal diseases,183,Clostridium difficile,1,Number,2016,9186.518497,12368.261,9186.518497
1,Deaths,,Global,3,Both,11,30-34 years,302,Diarrheal diseases,183,Clostridium difficile,1,Number,2017,9540.001967,12917.05548,9540.001967
1,Deaths,,Global,3,Both,11,30-34 years,302,Diarrheal diseases,183,Clostridium difficile,1,Number,2018,9481.883823,12813.92409,9481.883823
1,Deaths,,Global,3,Both,11,30-34 years,302,Diarrheal diseases,183,Clostridium difficile,1,Number,2019,9435.660477,12893.08454,9435.660477
1,Deaths,,Global,3,Both,11,30-34 years,302,Diarrheal diseases,183,Clostridium difficile,1,Number,2020,9328.99882,12582.05031,9328.99882
1,Deaths,,Global,3,Both,11,30-34 years,302,Diarrheal diseases,183,Clostridium difficile,1,Number,2021,9144.440424,12676.94074,9144.440424
1,Deaths,,Global,3,Both,12,35-39 years,302,Diarrheal diseases,183,Clostridium difficile,1,Number,1990,4592.738312,9436.409823,4592.738312
1,Deaths,,Global,3,Both,12,35-39 years,302,Diarrheal diseases,183,Clostridium difficile,1,Number,1991,4768.841606,9592.373453,4768.841606
1,Deaths,,Global,3,Both,12,35-39 years,302,Diarrheal diseases,183,Clostridium difficile,1,Number,1992,4841.095526,9768.281183,4841.095526
1,Deaths,,Global,3,Both,12,35-39 years,302,Diarrheal diseases,183,Clostridium difficile,1,Number,1993,5132.913931,9778.551977,5132.913931
1,Deaths,,Global,3,Both,12,35-39 years,302,Diarrheal diseases,183,Clostridium difficile,1,Number,1994,5330.915231,10131.78836,5330.915231
1,Deaths,,Global,3,Both,12,35-39 years,302,Diarrheal diseases,183,Clostridium difficile,1,Number,1995,5352.575018,10160.51176,5352.575018
1,Deaths,,Global,3,Both,12,35-39 years,302,Diarrheal diseases,183,Clostridium difficile,1,Number,1996,5481.176659,9858.24545,5481.176659
1,Deaths,,Global,3,Both,12,35-39 years,302,Diarrheal diseases,183,Clostridium difficile,1,Number,1997,5453.105879,10018.68007,5453.105879
1,Deaths,,Global,3,Both,12,35-39 years,302,Diarrheal diseases,183,Clostridium difficile,1,Number,1998,5904.60803,10263.55392,5904.60803
1,Deaths,,Global,3,Both,12,35-39 years,302,Diarrheal diseases,183,Clostridium difficile,1,Number,1999,6142.886136,10597.50836,6142.886136
1,Deaths,,Global,3,Both,12,35-39 years,302,Diarrheal diseases,183,Clostridium difficile,1,Number,2000,6314.031939,10907.90425,6314.031939
1,Deaths,,Global,3,Both,12,35-39 years,302,Diarrheal diseases,183,Clostridium difficile,1,Number,2001,6460.069233,11296.3293,6460.069233
1,Deaths,,Global,3,Both,12,35-39 years,302,Diarrheal diseases,183,Clostridium difficile,1,Number,2002,7044.983665,11303.93269,7044.983665
1,Deaths,,Global,3,Both,12,35-39 years,302,Diarrheal diseases,183,Clostridium difficile,1,Number,2003,7072.334681,11319.35456,7072.334681
1,Deaths,,Global,3,Both,12,35-39 years,302,Diarrheal diseases,183,Clostridium difficile,1,Number,2004,7305.711365,11558.61224,7305.711365
1,Deaths,,Global,3,Both,12,35-39 years,302,Diarrheal diseases,183,Clostridium difficile,1,Number,2005,7795.64857,12276.4573,7795.64857
1,Deaths,,Global,3,Both,12,35-39 years,302,Diarrheal diseases,183,Clostridium difficile,1,Number,2006,8813.930306,12612.97525,8813.930306
1,Deaths,,Global,3,Both,12,35-39 years,302,Diarrheal diseases,183,Clostridium difficile,1,Number,2007,8804.434601,13358.79603,8804.434601
1,Deaths,,Global,3,Both,12,35-39 years,302,Diarrheal diseases,183,Clostridium difficile,1,Number,2008,9378.703613,13621.45587,9378.703613
1,Deaths,,Global,3,Both,12,35-39 years,302,Diarrheal diseases,183,Clostridium difficile,1,Number,2009,9979.369997,14069.91031,9979.369997
1,Deaths,,Global,3,Both,12,35-39 years,302,Diarrheal diseases,183,Clostridium difficile,1,Number,2010,10085.53306,14617.91674,10085.53306
1,Deaths,,Global,3,Both,12,35-39 years,302,Diarrheal diseases,183,Clostridium difficile,1,Number,2011,10581.25239,14323.63907,10581.25239
1,Deaths,,Global,3,Both,12,35-39 years,302,Diarrheal diseases,183,Clostridium difficile,1,Number,2012,10996.85002,15001.2427,10996.85002
1,Deaths,,Global,3,Both,12,35-39 years,302,Diarrheal diseases,183,Clostridium difficile,1,Number,2013,11483.40217,15318.41112,11483.40217
1,Deaths,,Global,3,Both,12,35-39 years,302,Diarrheal diseases,183,Clostridium difficile,1,Number,2014,11519.27642,15410.50334,11519.27642
1,Deaths,,Global,3,Both,12,35-39 years,302,Diarrheal diseases,183,Clostridium difficile,1,Number,2015,11949.82182,15606.22502,11949.82182
1,Deaths,,Global,3,Both,12,35-39 years,302,Diarrheal diseases,183,Clostridium difficile,1,Number,2016,12201.76523,16260.00948,12201.76523
1,Deaths,,Global,3,Both,12,35-39 years,302,Diarrheal diseases,183,Clostridium difficile,1,Number,2017,12688.63383,17108.18183,12688.63383
1,Deaths,,Global,3,Both,12,35-39 years,302,Diarrheal diseases,183,Clostridium difficile,1,Number,2018,12619.66147,16702.67471,12619.66147
1,Deaths,,Global,3,Both,12,35-39 years,302,Diarrheal diseases,183,Clostridium difficile,1,Number,2019,12641.93011,16708.81117,12641.93011
1,Deaths,,Global,3,Both,12,35-39 years,302,Diarrheal diseases,183,Clostridium difficile,1,Number,2020,12205.71807,16524.33442,12205.71807
1,Deaths,,Global,3,Both,12,35-39 years,302,Diarrheal diseases,183,Clostridium difficile,1,Number,2021,12120.46162,16674.42681,12120.46162
1,Deaths,,Global,3,Both,13,40-44 years,302,Diarrheal diseases,183,Clostridium difficile,1,Number,1990,5827.976628,11691.24549,5827.976628
1,Deaths,,Global,3,Both,13,40-44 years,302,Diarrheal diseases,183,Clostridium difficile,1,Number,1991,5973.038884,12348.54845,5973.038884
1,Deaths,,Global,3,Both,13,40-44 years,302,Diarrheal diseases,183,Clostridium difficile,1,Number,1992,6229.407346,12809.5799,6229.407346
1,Deaths,,Global,3,Both,13,40-44 years,302,Diarrheal diseases,183,Clostridium difficile,1,Number,1993,6705.164809,13172.77658,6705.164809
1,Deaths,,Global,3,Both,13,40-44 years,302,Diarrheal diseases,183,Clostridium difficile,1,Number,1994,7130.190399,13765.15935,7130.190399
1,Deaths,,Global,3,Both,13,40-44 years,302,Diarrheal diseases,183,Clostridium difficile,1,Number,1995,7355.920225,14229.80032,7355.920225
1,Deaths,,Global,3,Both,13,40-44 years,302,Diarrheal diseases,183,Clostridium difficile,1,Number,1996,7268.092989,14070.73866,7268.092989
1,Deaths,,Global,3,Both,13,40-44 years,302,Diarrheal diseases,183,Clostridium difficile,1,Number,1997,7476.771425,13909.91789,7476.771425
1,Deaths,,Global,3,Both,13,40-44 years,302,Diarrheal diseases,183,Clostridium difficile,1,Number,1998,7911.553303,13950.53057,7911.553303
1,Deaths,,Global,3,Both,13,40-44 years,302,Diarrheal diseases,183,Clostridium difficile,1,Number,1999,7844.050252,14260.36963,7844.050252
1,Deaths,,Global,3,Both,13,40-44 years,302,Diarrheal diseases,183,Clostridium difficile,1,Number,2000,8084.509365,13992.25413,8084.509365
1,Deaths,,Global,3,Both,13,40-44 years,302,Diarrheal diseases,183,Clostridium difficile,1,Number,2001,8306.262825,14030.13191,8306.262825
1,Deaths,,Global,3,Both,13,40-44 years,302,Diarrheal diseases,183,Clostridium difficile,1,Number,2002,8707.242999,14394.5329,8707.242999
1,Deaths,,Global,3,Both,13,40-44 years,302,Diarrheal diseases,183,Clostridium difficile,1,Number,2003,9008.886449,14802.80965,9008.886449
1,Deaths,,Global,3,Both,13,40-44 years,302,Diarrheal diseases,183,Clostridium difficile,1,Number,2004,9617.77583,15319.04231,9617.77583
1,Deaths,,Global,3,Both,13,40-44 years,302,Diarrheal diseases,183,Clostridium difficile,1,Number,2005,10449.8457,16188.16599,10449.8457
1,Deaths,,Global,3,Both,13,40-44 years,302,Diarrheal diseases,183,Clostridium difficile,1,Number,2006,11344.60264,17485.89093,11344.60264
1,Deaths,,Global,3,Both,13,40-44 years,302,Diarrheal diseases,183,Clostridium difficile,1,Number,2007,12049.68146,18283.19108,12049.68146
1,Deaths,,Global,3,Both,13,40-44 years,302,Diarrheal diseases,183,Clostridium difficile,1,Number,2008,12594.188,18602.03078,12594.188
1,Deaths,,Global,3,Both,13,40-44 years,302,Diarrheal diseases,183,Clostridium difficile,1,Number,2009,13016.73387,19009.60282,13016.73387
1,Deaths,,Global,3,Both,13,40-44 years,302,Diarrheal diseases,183,Clostridium difficile,1,Number,2010,13650.31602,19798.64802,13650.31602
1,Deaths,,Global,3,Both,13,40-44 years,302,Diarrheal diseases,183,Clostridium difficile,1,Number,2011,14467.49407,20366.84775,14467.49407
1,Deaths,,Global,3,Both,13,40-44 years,302,Diarrheal diseases,183,Clostridium difficile,1,Number,2012,15208.37953,20924.62438,15208.37953
1,Deaths,,Global,3,Both,13,40-44 years,302,Diarrheal diseases,183,Clostridium difficile,1,Number,2013,15503.52129,21700.2825,15503.52129
1,Deaths,,Global,3,Both,13,40-44 years,302,Diarrheal diseases,183,Clostridium difficile,1,Number,2014,15918.19876,21830.64088,15918.19876
1,Deaths,,Global,3,Both,13,40-44 years,302,Diarrheal diseases,183,Clostridium difficile,1,Number,2015,16432.41508,22021.59408,16432.41508
1,Deaths,,Global,3,Both,13,40-44 years,302,Diarrheal diseases,183,Clostridium difficile,1,Number,2016,16603.66943,23063.40588,16603.66943
1,Deaths,,Global,3,Both,13,40-44 years,302,Diarrheal diseases,183,Clostridium difficile,1,Number,2017,17387.45439,24096.95236,17387.45439
1,Deaths,,Global,3,Both,13,40-44 years,302,Diarrheal diseases,183,Clostridium difficile,1,Number,2018,17510.5676,23684.11406,17510.5676
1,Deaths,,Global,3,Both,13,40-44 years,302,Diarrheal diseases,183,Clostridium difficile,1,Number,2019,17504.30315,23389.76503,17504.30315
1,Deaths,,Global,3,Both,13,40-44 years,302,Diarrheal diseases,183,Clostridium difficile,1,Number,2020,17085.84635,23147.41957,17085.84635
1,Deaths,,Global,3,Both,13,40-44 years,302,Diarrheal diseases,183,Clostridium difficile,1,Number,2021,16676.34362,23466.48091,16676.34362
1,Deaths,,Global,3,Both,14,45-49 years,302,Diarrheal diseases,183,Clostridium difficile,1,Number,1990,7434.014046,15304.64724,7434.014046
1,Deaths,,Global,3,Both,14,45-49 years,302,Diarrheal diseases,183,Clostridium difficile,1,Number,1991,7610.08426,15258.76857,7610.08426
1,Deaths,,Global,3,Both,14,45-49 years,302,Diarrheal diseases,183,Clostridium difficile,1,Number,1992,7860.562904,15470.66544,7860.562904
1,Deaths,,Global,3,Both,14,45-49 years,302,Diarrheal diseases,183,Clostridium difficile,1,Number,1993,8140.438955,16022.18984,8140.438955
1,Deaths,,Global,3,Both,14,45-49 years,302,Diarrheal diseases,183,Clostridium difficile,1,Number,1994,8653.425942,16963.48325,8653.425942
1,Deaths,,Global,3,Both,14,45-49 years,302,Diarrheal diseases,183,Clostridium difficile,1,Number,1995,9186.67566,17246.09079,9186.67566
1,Deaths,,Global,3,Both,14,45-49 years,302,Diarrheal diseases,183,Clostridium difficile,1,Number,1996,9585.272629,17323.02575,9585.272629
1,Deaths,,Global,3,Both,14,45-49 years,302,Diarrheal diseases,183,Clostridium difficile,1,Number,1997,9597.27396,17833.94346,9597.27396
1,Deaths,,Global,3,Both,14,45-49 years,302,Diarrheal diseases,183,Clostridium difficile,1,Number,1998,10337.67585,18056.97107,10337.67585
1,Deaths,,Global,3,Both,14,45-49 years,302,Diarrheal diseases,183,Clostridium difficile,1,Number,1999,10743.42173,18405.56176,10743.42173
1,Deaths,,Global,3,Both,14,45-49 years,302,Diarrheal diseases,183,Clostridium difficile,1,Number,2000,10945.04353,19199.34077,10945.04353
1,Deaths,,Global,3,Both,14,45-49 years,302,Diarrheal diseases,183,Clostridium difficile,1,Number,2001,11370.81426,19248.42454,11370.81426
1,Deaths,,Global,3,Both,14,45-49 years,302,Diarrheal diseases,183,Clostridium difficile,1,Number,2002,11942.8183,19589.27543,11942.8183
1,Deaths,,Global,3,Both,14,45-49 years,302,Diarrheal diseases,183,Clostridium difficile,1,Number,2003,12351.49849,19805.10706,12351.49849
1,Deaths,,Global,3,Both,14,45-49 years,302,Diarrheal diseases,183,Clostridium difficile,1,Number,2004,12933.45103,20431.39423,12933.45103
1,Deaths,,Global,3,Both,14,45-49 years,302,Diarrheal diseases,183,Clostridium difficile,1,Number,2005,13729.89066,21466.40183,13729.89066
1,Deaths,,Global,3,Both,14,45-49 years,302,Diarrheal diseases,183,Clostridium difficile,1,Number,2006,14858.16632,21949.50198,14858.16632
1,Deaths,,Global,3,Both,14,45-49 years,302,Diarrheal diseases,183,Clostridium difficile,1,Number,2007,15610.9368,22438.4105,15610.9368
1,Deaths,,Global,3,Both,14,45-49 years,302,Diarrheal diseases,183,Clostridium difficile,1,Number,2008,16143.60269,24058.49381,16143.60269
1,Deaths,,Global,3,Both,14,45-49 years,302,Diarrheal diseases,183,Clostridium difficile,1,Number,2009,17741.54504,25573.50385,17741.54504
1,Deaths,,Global,3,Both,14,45-49 years,302,Diarrheal diseases,183,Clostridium difficile,1,Number,2010,19238.33916,27411.77826,19238.33916
1,Deaths,,Global,3,Both,14,45-49 years,302,Diarrheal diseases,183,Clostridium difficile,1,Number,2011,20164.76605,28696.56142,20164.76605
1,Deaths,,Global,3,Both,14,45-49 years,302,Diarrheal diseases,183,Clostridium difficile,1,Number,2012,21583.01138,29655.80111,21583.01138
1,Deaths,,Global,3,Both,14,45-49 years,302,Diarrheal diseases,183,Clostridium difficile,1,Number,2013,21868.64753,30661.43616,21868.64753
1,Deaths,,Global,3,Both,14,45-49 years,302,Diarrheal diseases,183,Clostridium difficile,1,Number,2014,22343.59439,30153.14673,22343.59439
1,Deaths,,Global,3,Both,14,45-49 years,302,Diarrheal diseases,183,Clostridium difficile,1,Number,2015,22867.76881,30902.6293,22867.76881
1,Deaths,,Global,3,Both,14,45-49 years,302,Diarrheal diseases,183,Clostridium difficile,1,Number,2016,23792.65987,31659.18751,23792.65987
1,Deaths,,Global,3,Both,14,45-49 years,302,Diarrheal diseases,183,Clostridium difficile,1,Number,2017,24793.18823,32335.17463,24793.18823
1,Deaths,,Global,3,Both,14,45-49 years,302,Diarrheal diseases,183,Clostridium difficile,1,Number,2018,24241.2608,32780.14036,24241.2608
1,Deaths,,Global,3,Both,14,45-49 years,302,Diarrheal diseases,183,Clostridium difficile,1,Number,2019,24255.75315,32864.509,24255.75315
1,Deaths,,Global,3,Both,14,45-49 years,302,Diarrheal diseases,183,Clostridium difficile,1,Number,2020,23747.89682,31790.22783,23747.89682
1,Deaths,,Global,3,Both,14,45-49 years,302,Diarrheal diseases,183,Clostridium difficile,1,Number,2021,22938.5769,31749.68928,22938.5769
1,Deaths,,Global,3,Both,6,5-9 years,302,Diarrheal diseases,183,Clostridium difficile,1,Number,1990,5172.644762,11839.47325,5172.644762
1,Deaths,,Global,3,Both,6,5-9 years,302,Diarrheal diseases,183,Clostridium difficile,1,Number,1991,5318.287747,11676.25071,5318.287747
1,Deaths,,Global,3,Both,6,5-9 years,302,Diarrheal diseases,183,Clostridium difficile,1,Number,1992,5342.941466,11745.73651,5342.941466
1,Deaths,,Global,3,Both,6,5-9 years,302,Diarrheal diseases,183,Clostridium difficile,1,Number,1993,5425.763172,11618.82776,5425.763172
1,Deaths,,Global,3,Both,6,5-9 years,302,Diarrheal diseases,183,Clostridium difficile,1,Number,1994,5693.495496,13565.95265,5693.495496
1,Deaths,,Global,3,Both,6,5-9 years,302,Diarrheal diseases,183,Clostridium difficile,1,Number,1995,5180.100165,11587.44794,5180.100165
1,Deaths,,Global,3,Both,6,5-9 years,302,Diarrheal diseases,183,Clostridium difficile,1,Number,1996,5139.081039,11249.94883,5139.081039
1,Deaths,,Global,3,Both,6,5-9 years,302,Diarrheal diseases,183,Clostridium difficile,1,Number,1997,5082.262033,10885.02791,5082.262033
1,Deaths,,Global,3,Both,6,5-9 years,302,Diarrheal diseases,183,Clostridium difficile,1,Number,1998,5121.864997,10727.64638,5121.864997
1,Deaths,,Global,3,Both,6,5-9 years,302,Diarrheal diseases,183,Clostridium difficile,1,Number,1999,4771.806369,10020.59132,4771.806369
1,Deaths,,Global,3,Both,6,5-9 years,302,Diarrheal diseases,183,Clostridium difficile,1,Number,2000,4691.487551,9634.831434,4691.487551
1,Deaths,,Global,3,Both,6,5-9 years,302,Diarrheal diseases,183,Clostridium difficile,1,Number,2001,4857.399669,9174.430204,4857.399669
1,Deaths,,Global,3,Both,6,5-9 years,302,Diarrheal diseases,183,Clostridium difficile,1,Number,2002,4607.358412,8527.998184,4607.358412
1,Deaths,,Global,3,Both,6,5-9 years,302,Diarrheal diseases,183,Clostridium difficile,1,Number,2003,4422.274036,8046.213064,4422.274036
1,Deaths,,Global,3,Both,6,5-9 years,302,Diarrheal diseases,183,Clostridium difficile,1,Number,2004,4579.293089,8182.057567,4579.293089
1,Deaths,,Global,3,Both,6,5-9 years,302,Diarrheal diseases,183,Clostridium difficile,1,Number,2005,5129.316906,8514.605593,5129.316906
1,Deaths,,Global,3,Both,6,5-9 years,302,Diarrheal diseases,183,Clostridium difficile,1,Number,2006,5307.225604,8799.574828,5307.225604
1,Deaths,,Global,3,Both,6,5-9 years,302,Diarrheal diseases,183,Clostridium difficile,1,Number,2007,5316.964083,8729.9973,5316.964083
1,Deaths,,Global,3,Both,6,5-9 years,302,Diarrheal diseases,183,Clostridium difficile,1,Number,2008,5336.198659,8783.82589,5336.198659
1,Deaths,,Global,3,Both,6,5-9 years,302,Diarrheal diseases,183,Clostridium difficile,1,Number,2009,5288.723601,8975.498929,5288.723601
1,Deaths,,Global,3,Both,6,5-9 years,302,Diarrheal diseases,183,Clostridium difficile,1,Number,2010,5406.088932,9101.300914,5406.088932
1,Deaths,,Global,3,Both,6,5-9 years,302,Diarrheal diseases,183,Clostridium difficile,1,Number,2011,6118.929342,10351.39022,6118.929342
1,Deaths,,Global,3,Both,6,5-9 years,302,Diarrheal diseases,183,Clostridium difficile,1,Number,2012,6358.535549,10745.84171,6358.535549
1,Deaths,,Global,3,Both,6,5-9 years,302,Diarrheal diseases,183,Clostridium difficile,1,Number,2013,6048.16112,10274.31554,6048.16112
1,Deaths,,Global,3,Both,6,5-9 years,302,Diarrheal diseases,183,Clostridium difficile,1,Number,2014,5814.311733,9721.787986,5814.311733
1,Deaths,,Global,3,Both,6,5-9 years,302,Diarrheal diseases,183,Clostridium difficile,1,Number,2015,5925.289325,9809.398377,5925.289325
1,Deaths,,Global,3,Both,6,5-9 years,302,Diarrheal diseases,183,Clostridium difficile,1,Number,2016,6099.418257,9748.191095,6099.418257
1,Deaths,,Global,3,Both,6,5-9 years,302,Diarrheal diseases,183,Clostridium difficile,1,Number,2017,5959.626791,9728.505246,5959.626791
1,Deaths,,Global,3,Both,6,5-9 years,302,Diarrheal diseases,183,Clostridium difficile,1,Number,2018,5509.434299,9026.222005,5509.434299
1,Deaths,,Global,3,Both,6,5-9 years,302,Diarrheal diseases,183,Clostridium difficile,1,Number,2019,5124.287363,8527.433893,5124.287363
1,Deaths,,Global,3,Both,6,5-9 years,302,Diarrheal diseases,183,Clostridium difficile,1,Number,2020,4551.085457,7497.169951,4551.085457
1,Deaths,,Global,3,Both,6,5-9 years,302,Diarrheal diseases,183,Clostridium difficile,1,Number,2021,4236.494546,7209.617681,4236.494546
1,Deaths,,Global,3,Both,15,50-54 years,302,Diarrheal diseases,183,Clostridium difficile,1,Number,1990,13554.13949,27405.11589,13554.13949
1,Deaths,,Global,3,Both,15,50-54 years,302,Diarrheal diseases,183,Clostridium difficile,1,Number,1991,13343.98626,27262.46268,13343.98626
1,Deaths,,Global,3,Both,15,50-54 years,302,Diarrheal diseases,183,Clostridium difficile,1,Number,1992,13447.92519,27494.66144,13447.92519
1,Deaths,,Global,3,Both,15,50-54 years,302,Diarrheal diseases,183,Clostridium difficile,1,Number,1993,14112.44934,27238.43102,14112.44934
1,Deaths,,Global,3,Both,15,50-54 years,302,Diarrheal diseases,183,Clostridium difficile,1,Number,1994,14382.71382,27477.26257,14382.71382
1,Deaths,,Global,3,Both,15,50-54 years,302,Diarrheal diseases,183,Clostridium difficile,1,Number,1995,14494.40687,27025.15485,14494.40687
1,Deaths,,Global,3,Both,15,50-54 years,302,Diarrheal diseases,183,Clostridium difficile,1,Number,1996,14587.79657,26256.16976,14587.79657
1,Deaths,,Global,3,Both,15,50-54 years,302,Diarrheal diseases,183,Clostridium difficile,1,Number,1997,14550.84426,26886.10125,14550.84426
1,Deaths,,Global,3,Both,15,50-54 years,302,Diarrheal diseases,183,Clostridium difficile,1,Number,1998,15224.99628,27184.40069,15224.99628
1,Deaths,,Global,3,Both,15,50-54 years,302,Diarrheal diseases,183,Clostridium difficile,1,Number,1999,15464.47816,27703.76963,15464.47816
1,Deaths,,Global,3,Both,15,50-54 years,302,Diarrheal diseases,183,Clostridium difficile,1,Number,2000,16172.89883,28238.40064,16172.89883
1,Deaths,,Global,3,Both,15,50-54 years,302,Diarrheal diseases,183,Clostridium difficile,1,Number,2001,17023.87579,29547.76074,17023.87579
1,Deaths,,Global,3,Both,15,50-54 years,302,Diarrheal diseases,183,Clostridium difficile,1,Number,2002,18550.4282,30115.94464,18550.4282
1,Deaths,,Global,3,Both,15,50-54 years,302,Diarrheal diseases,183,Clostridium difficile,1,Number,2003,19430.97777,31065.35735,19430.97777
1,Deaths,,Global,3,Both,15,50-54 years,302,Diarrheal diseases,183,Clostridium difficile,1,Number,2004,20341.67381,32355.53898,20341.67381
1,Deaths,,Global,3,Both,15,50-54 years,302,Diarrheal diseases,183,Clostridium difficile,1,Number,2005,21834.63538,35000.52043,21834.63538
1,Deaths,,Global,3,Both,15,50-54 years,302,Diarrheal diseases,183,Clostridium difficile,1,Number,2006,24208.33124,36566.99318,24208.33124
1,Deaths,,Global,3,Both,15,50-54 years,302,Diarrheal diseases,183,Clostridium difficile,1,Number,2007,25385.18118,37615.10373,25385.18118
1,Deaths,,Global,3,Both,15,50-54 years,302,Diarrheal diseases,183,Clostridium difficile,1,Number,2008,26265.77783,39019.2553,26265.77783
1,Deaths,,Global,3,Both,15,50-54 years,302,Diarrheal diseases,183,Clostridium difficile,1,Number,2009,27680.14031,39925.61659,27680.14031
1,Deaths,,Global,3,Both,15,50-54 years,302,Diarrheal diseases,183,Clostridium difficile,1,Number,2010,28920.14787,41620.52219,28920.14787
1,Deaths,,Global,3,Both,15,50-54 years,302,Diarrheal diseases,183,Clostridium difficile,1,Number,2011,31083.00348,42833.40694,31083.00348
1,Deaths,,Global,3,Both,15,50-54 years,302,Diarrheal diseases,183,Clostridium difficile,1,Number,2012,32743.26611,44301.79938,32743.26611
1,Deaths,,Global,3,Both,15,50-54 years,302,Diarrheal diseases,183,Clostridium difficile,1,Number,2013,33975.13867,47408.61087,33975.13867
1,Deaths,,Global,3,Both,15,50-54 years,302,Diarrheal diseases,183,Clostridium difficile,1,Number,2014,37178.16946,49203.03897,37178.16946
1,Deaths,,Global,3,Both,15,50-54 years,302,Diarrheal diseases,183,Clostridium difficile,1,Number,2015,38681.95268,52708.63907,38681.95268
1,Deaths,,Global,3,Both,15,50-54 years,302,Diarrheal diseases,183,Clostridium difficile,1,Number,2016,39388.13963,54012.45906,39388.13963
1,Deaths,,Global,3,Both,15,50-54 years,302,Diarrheal diseases,183,Clostridium difficile,1,Number,2017,40287.89933,54612.58648,40287.89933
1,Deaths,,Global,3,Both,15,50-54 years,302,Diarrheal diseases,183,Clostridium difficile,1,Number,2018,40296.45589,54345.57015,40296.45589
1,Deaths,,Global,3,Both,15,50-54 years,302,Diarrheal diseases,183,Clostridium difficile,1,Number,2019,40467.381,53433.82685,40467.381
1,Deaths,,Global,3,Both,15,50-54 years,302,Diarrheal diseases,183,Clostridium difficile,1,Number,2020,39097.91239,52366.90067,39097.91239
1,Deaths,,Global,3,Both,15,50-54 years,302,Diarrheal diseases,183,Clostridium difficile,1,Number,2021,38245.4206,52641.62713,38245.4206
1,Deaths,,Global,3,Both,16,55-59 years,302,Diarrheal diseases,183,Clostridium difficile,1,Number,1990,18439.90855,38775.33136,18439.90855
1,Deaths,,Global,3,Both,16,55-59 years,302,Diarrheal diseases,183,Clostridium difficile,1,Number,1991,18175.998,38604.51281,18175.998
1,Deaths,,Global,3,Both,16,55-59 years,302,Diarrheal diseases,183,Clostridium difficile,1,Number,1992,18001.10324,39330.77051,18001.10324
1,Deaths,,Global,3,Both,16,55-59 years,302,Diarrheal diseases,183,Clostridium difficile,1,Number,1993,18822.92706,39412.00357,18822.92706
1,Deaths,,Global,3,Both,16,55-59 years,302,Diarrheal diseases,183,Clostridium difficile,1,Number,1994,20624.80094,39631.73886,20624.80094
1,Deaths,,Global,3,Both,16,55-59 years,302,Diarrheal diseases,183,Clostridium difficile,1,Number,1995,20556.51463,39673.13563,20556.51463
1,Deaths,,Global,3,Both,16,55-59 years,302,Diarrheal diseases,183,Clostridium difficile,1,Number,1996,20056.7304,38870.50206,20056.7304
1,Deaths,,Global,3,Both,16,55-59 years,302,Diarrheal diseases,183,Clostridium difficile,1,Number,1997,19714.06503,38697.39915,19714.06503
1,Deaths,,Global,3,Both,16,55-59 years,302,Diarrheal diseases,183,Clostridium difficile,1,Number,1998,20461.47693,38220.62791,20461.47693
1,Deaths,,Global,3,Both,16,55-59 years,302,Diarrheal diseases,183,Clostridium difficile,1,Number,1999,19249.64795,38927.22455,19249.64795
1,Deaths,,Global,3,Both,16,55-59 years,302,Diarrheal diseases,183,Clostridium difficile,1,Number,2000,20108.47597,37634.80297,20108.47597
1,Deaths,,Global,3,Both,16,55-59 years,302,Diarrheal diseases,183,Clostridium difficile,1,Number,2001,21132.25969,36906.55325,21132.25969
1,Deaths,,Global,3,Both,16,55-59 years,302,Diarrheal diseases,183,Clostridium difficile,1,Number,2002,21477.73013,38042.08425,21477.73013
1,Deaths,,Global,3,Both,16,55-59 years,302,Diarrheal diseases,183,Clostridium difficile,1,Number,2003,21741.73503,39187.21691,21741.73503
1,Deaths,,Global,3,Both,16,55-59 years,302,Diarrheal diseases,183,Clostridium difficile,1,Number,2004,23323.79782,41152.4999,23323.79782
1,Deaths,,Global,3,Both,16,55-59 years,302,Diarrheal diseases,183,Clostridium difficile,1,Number,2005,26331.34021,43488.13096,26331.34021
1,Deaths,,Global,3,Both,16,55-59 years,302,Diarrheal diseases,183,Clostridium difficile,1,Number,2006,29801.62846,46500.57925,29801.62846
1,Deaths,,Global,3,Both,16,55-59 years,302,Diarrheal diseases,183,Clostridium difficile,1,Number,2007,31131.15508,48866.96426,31131.15508
1,Deaths,,Global,3,Both,16,55-59 years,302,Diarrheal diseases,183,Clostridium difficile,1,Number,2008,33113.69154,51276.1199,33113.69154
1,Deaths,,Global,3,Both,16,55-59 years,302,Diarrheal diseases,183,Clostridium difficile,1,Number,2009,35604.07172,53320.04735,35604.07172
1,Deaths,,Global,3,Both,16,55-59 years,302,Diarrheal diseases,183,Clostridium difficile,1,Number,2010,38855.4911,57325.03258,38855.4911
1,Deaths,,Global,3,Both,16,55-59 years,302,Diarrheal diseases,183,Clostridium difficile,1,Number,2011,40959.60079,60789.64577,40959.60079
1,Deaths,,Global,3,Both,16,55-59 years,302,Diarrheal diseases,183,Clostridium difficile,1,Number,2012,43113.93319,63812.88762,43113.93319
1,Deaths,,Global,3,Both,16,55-59 years,302,Diarrheal diseases,183,Clostridium difficile,1,Number,2013,45139.95648,64167.99144,45139.95648
1,Deaths,,Global,3,Both,16,55-59 years,302,Diarrheal diseases,183,Clostridium difficile,1,Number,2014,46048.10406,66316.03734,46048.10406
1,Deaths,,Global,3,Both,16,55-59 years,302,Diarrheal diseases,183,Clostridium difficile,1,Number,2015,48252.16344,70104.2022,48252.16344
1,Deaths,,Global,3,Both,16,55-59 years,302,Diarrheal diseases,183,Clostridium difficile,1,Number,2016,49890.20332,72395.36757,49890.20332
1,Deaths,,Global,3,Both,16,55-59 years,302,Diarrheal diseases,183,Clostridium difficile,1,Number,2017,52835.42817,74623.36595,52835.42817
1,Deaths,,Global,3,Both,16,55-59 years,302,Diarrheal diseases,183,Clostridium difficile,1,Number,2018,55157.90444,76288.13182,55157.90444
1,Deaths,,Global,3,Both,16,55-59 years,302,Diarrheal diseases,183,Clostridium difficile,1,Number,2019,55080.17056,79297.16202,55080.17056
1,Deaths,,Global,3,Both,16,55-59 years,302,Diarrheal diseases,183,Clostridium difficile,1,Number,2020,54344.8858,77469.39267,54344.8858
1,Deaths,,Global,3,Both,16,55-59 years,302,Diarrheal diseases,183,Clostridium difficile,1,Number,2021,54021.26547,76330.17057,54021.26547
1,Deaths,,Global,3,Both,17,60-64 years,302,Diarrheal diseases,183,Clostridium difficile,1,Number,1990,26370.15708,54099.24294,26370.15708
1,Deaths,,Global,3,Both,17,60-64 years,302,Diarrheal diseases,183,Clostridium difficile,1,Number,1991,26243.57876,54376.46949,26243.57876
1,Deaths,,Global,3,Both,17,60-64 years,302,Diarrheal diseases,183,Clostridium difficile,1,Number,1992,26980.20518,55165.71549,26980.20518
1,Deaths,,Global,3,Both,17,60-64 years,302,Diarrheal diseases,183,Clostridium difficile,1,Number,1993,28215.03796,55085.40341,28215.03796
1,Deaths,,Global,3,Both,17,60-64 years,302,Diarrheal diseases,183,Clostridium difficile,1,Number,1994,29261.28613,56061.92719,29261.28613
1,Deaths,,Global,3,Both,17,60-64 years,302,Diarrheal diseases,183,Clostridium difficile,1,Number,1995,29433.14612,56235.3251,29433.14612
1,Deaths,,Global,3,Both,17,60-64 years,302,Diarrheal diseases,183,Clostridium difficile,1,Number,1996,28221.00416,56165.98414,28221.00416
1,Deaths,,Global,3,Both,17,60-64 years,302,Diarrheal diseases,183,Clostridium difficile,1,Number,1997,30272.29014,54607.86664,30272.29014
1,Deaths,,Global,3,Both,17,60-64 years,302,Diarrheal diseases,183,Clostridium difficile,1,Number,1998,31130.97176,55169.75824,31130.97176
1,Deaths,,Global,3,Both,17,60-64 years,302,Diarrheal diseases,183,Clostridium difficile,1,Number,1999,29531.86435,55412.55687,29531.86435
1,Deaths,,Global,3,Both,17,60-64 years,302,Diarrheal diseases,183,Clostridium difficile,1,Number,2000,30610.87898,53840.28081,30610.87898
1,Deaths,,Global,3,Both,17,60-64 years,302,Diarrheal diseases,183,Clostridium difficile,1,Number,2001,31435.96224,53286.16403,31435.96224
1,Deaths,,Global,3,Both,17,60-64 years,302,Diarrheal diseases,183,Clostridium difficile,1,Number,2002,32182.52427,53639.95691,32182.52427
1,Deaths,,Global,3,Both,17,60-64 years,302,Diarrheal diseases,183,Clostridium difficile,1,Number,2003,32554.28104,53889.87845,32554.28104
1,Deaths,,Global,3,Both,17,60-64 years,302,Diarrheal diseases,183,Clostridium difficile,1,Number,2004,32841.91198,54812.0281,32841.91198
1,Deaths,,Global,3,Both,17,60-64 years,302,Diarrheal diseases,183,Clostridium difficile,1,Number,2005,35308.46964,55965.32383,35308.46964
1,Deaths,,Global,3,Both,17,60-64 years,302,Diarrheal diseases,183,Clostridium difficile,1,Number,2006,39018.2703,58030.6731,39018.2703
1,Deaths,,Global,3,Both,17,60-64 years,302,Diarrheal diseases,183,Clostridium difficile,1,Number,2007,42125.03126,60253.30163,42125.03126
1,Deaths,,Global,3,Both,17,60-64 years,302,Diarrheal diseases,183,Clostridium difficile,1,Number,2008,43588.96286,64578.81814,43588.96286
1,Deaths,,Global,3,Both,17,60-64 years,302,Diarrheal diseases,183,Clostridium difficile,1,Number,2009,47108.53441,68821.91445,47108.53441
1,Deaths,,Global,3,Both,17,60-64 years,302,Diarrheal diseases,183,Clostridium difficile,1,Number,2010,50672.30241,73784.96924,50672.30241
1,Deaths,,Global,3,Both,17,60-64 years,302,Diarrheal diseases,183,Clostridium difficile,1,Number,2011,56021.6238,79389.1943,56021.6238
1,Deaths,,Global,3,Both,17,60-64 years,302,Diarrheal diseases,183,Clostridium difficile,1,Number,2012,59678.48142,84774.85524,59678.48142
1,Deaths,,Global,3,Both,17,60-64 years,302,Diarrheal diseases,183,Clostridium difficile,1,Number,2013,62511.13767,85639.55435,62511.13767
1,Deaths,,Global,3,Both,17,60-64 years,302,Diarrheal diseases,183,Clostridium difficile,1,Number,2014,65008.63334,87101.51118,65008.63334
1,Deaths,,Global,3,Both,17,60-64 years,302,Diarrheal diseases,183,Clostridium difficile,1,Number,2015,69517.97102,93342.38997,69517.97102
1,Deaths,,Global,3,Both,17,60-64 years,302,Diarrheal diseases,183,Clostridium difficile,1,Number,2016,71226.92494,95621.61881,71226.92494
1,Deaths,,Global,3,Both,17,60-64 years,302,Diarrheal diseases,183,Clostridium difficile,1,Number,2017,72359.1089,99682.09358,72359.1089
1,Deaths,,Global,3,Both,17,60-64 years,302,Diarrheal diseases,183,Clostridium difficile,1,Number,2018,73925.17759,101581.5881,73925.17759
1,Deaths,,Global,3,Both,17,60-64 years,302,Diarrheal diseases,183,Clostridium difficile,1,Number,2019,75452.91574,100472.5888,75452.91574
1,Deaths,,Global,3,Both,17,60-64 years,302,Diarrheal diseases,183,Clostridium difficile,1,Number,2020,71988.63371,97388.5158,71988.63371
1,Deaths,,Global,3,Both,17,60-64 years,302,Diarrheal diseases,183,Clostridium difficile,1,Number,2021,70406.50567,95836.88675,70406.50567
1,Deaths,,Global,3,Both,18,65-69 years,302,Diarrheal diseases,183,Clostridium difficile,1,Number,1990,31541.39221,62903.28832,31541.39221
1,Deaths,,Global,3,Both,18,65-69 years,302,Diarrheal diseases,183,Clostridium difficile,1,Number,1991,31700.21948,64169.13787,31700.21948
1,Deaths,,Global,3,Both,18,65-69 years,302,Diarrheal diseases,183,Clostridium difficile,1,Number,1992,33068.96091,64937.76088,33068.96091
1,Deaths,,Global,3,Both,18,65-69 years,302,Diarrheal diseases,183,Clostridium difficile,1,Number,1993,33960.80606,66830.87113,33960.80606
1,Deaths,,Global,3,Both,18,65-69 years,302,Diarrheal diseases,183,Clostridium difficile,1,Number,1994,36517.56245,68589.01648,36517.56245
1,Deaths,,Global,3,Both,18,65-69 years,302,Diarrheal diseases,183,Clostridium difficile,1,Number,1995,37148.22776,69407.59832,37148.22776
1,Deaths,,Global,3,Both,18,65-69 years,302,Diarrheal diseases,183,Clostridium difficile,1,Number,1996,37293.05107,69241.61748,37293.05107
1,Deaths,,Global,3,Both,18,65-69 years,302,Diarrheal diseases,183,Clostridium difficile,1,Number,1997,39014.98464,69582.72279,39014.98464
1,Deaths,,Global,3,Both,18,65-69 years,302,Diarrheal diseases,183,Clostridium difficile,1,Number,1998,40028.0025,71136.70652,40028.0025
1,Deaths,,Global,3,Both,18,65-69 years,302,Diarrheal diseases,183,Clostridium difficile,1,Number,1999,40965.65251,69043.38841,40965.65251
1,Deaths,,Global,3,Both,18,65-69 years,302,Diarrheal diseases,183,Clostridium difficile,1,Number,2000,40547.50074,69496.70361,40547.50074
1,Deaths,,Global,3,Both,18,65-69 years,302,Diarrheal diseases,183,Clostridium difficile,1,Number,2001,42137.07495,69567.40099,42137.07495
1,Deaths,,Global,3,Both,18,65-69 years,302,Diarrheal diseases,183,Clostridium difficile,1,Number,2002,43458.57742,70427.96029,43458.57742
1,Deaths,,Global,3,Both,18,65-69 years,302,Diarrheal diseases,183,Clostridium difficile,1,Number,2003,44267.80971,70338.49395,44267.80971
1,Deaths,,Global,3,Both,18,65-69 years,302,Diarrheal diseases,183,Clostridium difficile,1,Number,2004,45236.80871,71593.91216,45236.80871
1,Deaths,,Global,3,Both,18,65-69 years,302,Diarrheal diseases,183,Clostridium difficile,1,Number,2005,48793.04095,74558.2512,48793.04095
1,Deaths,,Global,3,Both,18,65-69 years,302,Diarrheal diseases,183,Clostridium difficile,1,Number,2006,51927.19702,78102.60607,51927.19702
1,Deaths,,Global,3,Both,18,65-69 years,302,Diarrheal diseases,183,Clostridium difficile,1,Number,2007,53799.0944,78889.02128,53799.0944
1,Deaths,,Global,3,Both,18,65-69 years,302,Diarrheal diseases,183,Clostridium difficile,1,Number,2008,55861.63644,81177.55778,55861.63644
1,Deaths,,Global,3,Both,18,65-69 years,302,Diarrheal diseases,183,Clostridium difficile,1,Number,2009,59660.53311,84368.35177,59660.53311
1,Deaths,,Global,3,Both,18,65-69 years,302,Diarrheal diseases,183,Clostridium difficile,1,Number,2010,63397.28353,90163.15538,63397.28353
1,Deaths,,Global,3,Both,18,65-69 years,302,Diarrheal diseases,183,Clostridium difficile,1,Number,2011,69004.94613,93652.86482,69004.94613
1,Deaths,,Global,3,Both,18,65-69 years,302,Diarrheal diseases,183,Clostridium difficile,1,Number,2012,72257.37549,98997.83314,72257.37549
1,Deaths,,Global,3,Both,18,65-69 years,302,Diarrheal diseases,183,Clostridium difficile,1,Number,2013,74036.05151,98805.83031,74036.05151
1,Deaths,,Global,3,Both,18,65-69 years,302,Diarrheal diseases,183,Clostridium difficile,1,Number,2014,76169.58872,99964.92617,76169.58872
1,Deaths,,Global,3,Both,18,65-69 years,302,Diarrheal diseases,183,Clostridium difficile,1,Number,2015,79678.71818,106171.5734,79678.71818
1,Deaths,,Global,3,Both,18,65-69 years,302,Diarrheal diseases,183,Clostridium difficile,1,Number,2016,84463.47445,113834.7459,84463.47445
1,Deaths,,Global,3,Both,18,65-69 years,302,Diarrheal diseases,183,Clostridium difficile,1,Number,2017,92614.43121,120034.0766,92614.43121
1,Deaths,,Global,3,Both,18,65-69 years,302,Diarrheal diseases,183,Clostridium difficile,1,Number,2018,96810.38586,126416.0794,96810.38586
1,Deaths,,Global,3,Both,18,65-69 years,302,Diarrheal diseases,183,Clostridium difficile,1,Number,2019,98848.87743,128244.3516,98848.87743
1,Deaths,,Global,3,Both,18,65-69 years,302,Diarrheal diseases,183,Clostridium difficile,1,Number,2020,96139.16028,126600.4253,96139.16028
1,Deaths,,Global,3,Both,18,65-69 years,302,Diarrheal diseases,183,Clostridium difficile,1,Number,2021,92037.54467,125087.28,92037.54467
1,Deaths,,Global,3,Both,19,70-74 years,302,Diarrheal diseases,183,Clostridium difficile,1,Number,1990,29557.94976,63550.10032,29557.94976
1,Deaths,,Global,3,Both,19,70-74 years,302,Diarrheal diseases,183,Clostridium difficile,1,Number,1991,30811.26575,63828.52376,30811.26575
1,Deaths,,Global,3,Both,19,70-74 years,302,Diarrheal diseases,183,Clostridium difficile,1,Number,1992,31930.90364,65839.16818,31930.90364
1,Deaths,,Global,3,Both,19,70-74 years,302,Diarrheal diseases,183,Clostridium difficile,1,Number,1993,33010.04043,67803.14475,33010.04043
1,Deaths,,Global,3,Both,19,70-74 years,302,Diarrheal diseases,183,Clostridium difficile,1,Number,1994,36518.99334,68546.62687,36518.99334
1,Deaths,,Global,3,Both,19,70-74 years,302,Diarrheal diseases,183,Clostridium difficile,1,Number,1995,36980.006,71465.06182,36980.006
1,Deaths,,Global,3,Both,19,70-74 years,302,Diarrheal diseases,183,Clostridium difficile,1,Number,1996,37384.38145,71264.96528,37384.38145
1,Deaths,,Global,3,Both,19,70-74 years,302,Diarrheal diseases,183,Clostridium difficile,1,Number,1997,38106.04658,72805.8994,38106.04658
1,Deaths,,Global,3,Both,19,70-74 years,302,Diarrheal diseases,183,Clostridium difficile,1,Number,1998,40508.57828,74739.17048,40508.57828
1,Deaths,,Global,3,Both,19,70-74 years,302,Diarrheal diseases,183,Clostridium difficile,1,Number,1999,41327.15225,74853.86864,41327.15225
1,Deaths,,Global,3,Both,19,70-74 years,302,Diarrheal diseases,183,Clostridium difficile,1,Number,2000,41745.62814,74315.29018,41745.62814
1,Deaths,,Global,3,Both,19,70-74 years,302,Diarrheal diseases,183,Clostridium difficile,1,Number,2001,44459.51575,73560.91102,44459.51575
1,Deaths,,Global,3,Both,19,70-74 years,302,Diarrheal diseases,183,Clostridium difficile,1,Number,2002,45048.88981,76140.1253,45048.88981
1,Deaths,,Global,3,Both,19,70-74 years,302,Diarrheal diseases,183,Clostridium difficile,1,Number,2003,46584.65924,77374.10165,46584.65924
1,Deaths,,Global,3,Both,19,70-74 years,302,Diarrheal diseases,183,Clostridium difficile,1,Number,2004,49060.43284,79078.14074,49060.43284
1,Deaths,,Global,3,Both,19,70-74 years,302,Diarrheal diseases,183,Clostridium difficile,1,Number,2005,52701.57101,81351.77533,52701.57101
1,Deaths,,Global,3,Both,19,70-74 years,302,Diarrheal diseases,183,Clostridium difficile,1,Number,2006,55706.96588,85161.51452,55706.96588
1,Deaths,,Global,3,Both,19,70-74 years,302,Diarrheal diseases,183,Clostridium difficile,1,Number,2007,59696.61998,89359.10269,59696.61998
1,Deaths,,Global,3,Both,19,70-74 years,302,Diarrheal diseases,183,Clostridium difficile,1,Number,2008,63337.79549,91981.67486,63337.79549
1,Deaths,,Global,3,Both,19,70-74 years,302,Diarrheal diseases,183,Clostridium difficile,1,Number,2009,66563.79081,94691.45041,66563.79081
1,Deaths,,Global,3,Both,19,70-74 years,302,Diarrheal diseases,183,Clostridium difficile,1,Number,2010,70688.95405,99802.68983,70688.95405
1,Deaths,,Global,3,Both,19,70-74 years,302,Diarrheal diseases,183,Clostridium difficile,1,Number,2011,74509.63461,105098.8548,74509.63461
1,Deaths,,Global,3,Both,19,70-74 years,302,Diarrheal diseases,183,Clostridium difficile,1,Number,2012,79145.9491,108159.5055,79145.9491
1,Deaths,,Global,3,Both,19,70-74 years,302,Diarrheal diseases,183,Clostridium difficile,1,Number,2013,80331.61948,107401.0845,80331.61948
1,Deaths,,Global,3,Both,19,70-74 years,302,Diarrheal diseases,183,Clostridium difficile,1,Number,2014,78873.85738,104876.6503,78873.85738
1,Deaths,,Global,3,Both,19,70-74 years,302,Diarrheal diseases,183,Clostridium difficile,1,Number,2015,80410.86281,106150.2116,80410.86281
1,Deaths,,Global,3,Both,19,70-74 years,302,Diarrheal diseases,183,Clostridium difficile,1,Number,2016,85315.21135,109404.429,85315.21135
1,Deaths,,Global,3,Both,19,70-74 years,302,Diarrheal diseases,183,Clostridium difficile,1,Number,2017,88258.28344,121648.4902,88258.28344
1,Deaths,,Global,3,Both,19,70-74 years,302,Diarrheal diseases,183,Clostridium difficile,1,Number,2018,93624.4292,122537.5805,93624.4292
1,Deaths,,Global,3,Both,19,70-74 years,302,Diarrheal diseases,183,Clostridium difficile,1,Number,2019,94773.56519,125735.6763,94773.56519
1,Deaths,,Global,3,Both,19,70-74 years,302,Diarrheal diseases,183,Clostridium difficile,1,Number,2020,93230.4708,125940.6148,93230.4708
1,Deaths,,Global,3,Both,19,70-74 years,302,Diarrheal diseases,183,Clostridium difficile,1,Number,2021,95750.51732,125427.2799,95750.51732
1,Deaths,,Global,3,Both,20,75-79 years,302,Diarrheal diseases,183,Clostridium difficile,1,Number,1990,32859.48408,68322.77293,32859.48408
1,Deaths,,Global,3,Both,20,75-79 years,302,Diarrheal diseases,183,Clostridium difficile,1,Number,1991,32834.14404,66878.10383,32834.14404
1,Deaths,,Global,3,Both,20,75-79 years,302,Diarrheal diseases,183,Clostridium difficile,1,Number,1992,32619.31428,66918.18265,32619.31428
1,Deaths,,Global,3,Both,20,75-79 years,302,Diarrheal diseases,183,Clostridium difficile,1,Number,1993,32802.63475,66078.25082,32802.63475
1,Deaths,,Global,3,Both,20,75-79 years,302,Diarrheal diseases,183,Clostridium difficile,1,Number,1994,33522.73802,66315.36401,33522.73802
1,Deaths,,Global,3,Both,20,75-79 years,302,Diarrheal diseases,183,Clostridium difficile,1,Number,1995,34093.46086,68200.79313,34093.46086
1,Deaths,,Global,3,Both,20,75-79 years,302,Diarrheal diseases,183,Clostridium difficile,1,Number,1996,35230.64966,67276.7358,35230.64966
1,Deaths,,Global,3,Both,20,75-79 years,302,Diarrheal diseases,183,Clostridium difficile,1,Number,1997,36035.52362,68448.51954,36035.52362
1,Deaths,,Global,3,Both,20,75-79 years,302,Diarrheal diseases,183,Clostridium difficile,1,Number,1998,37826.6015,70461.15141,37826.6015
1,Deaths,,Global,3,Both,20,75-79 years,302,Diarrheal diseases,183,Clostridium difficile,1,Number,1999,39382.40939,71348.51957,39382.40939
1,Deaths,,Global,3,Both,20,75-79 years,302,Diarrheal diseases,183,Clostridium difficile,1,Number,2000,41984.31224,71615.28182,41984.31224
1,Deaths,,Global,3,Both,20,75-79 years,302,Diarrheal diseases,183,Clostridium difficile,1,Number,2001,43102.22394,73295.30286,43102.22394
1,Deaths,,Global,3,Both,20,75-79 years,302,Diarrheal diseases,183,Clostridium difficile,1,Number,2002,45699.37215,74735.29257,45699.37215
1,Deaths,,Global,3,Both,20,75-79 years,302,Diarrheal diseases,183,Clostridium difficile,1,Number,2003,47404.49045,77252.64758,47404.49045
1,Deaths,,Global,3,Both,20,75-79 years,302,Diarrheal diseases,183,Clostridium difficile,1,Number,2004,50580.9038,80697.70734,50580.9038
1,Deaths,,Global,3,Both,20,75-79 years,302,Diarrheal diseases,183,Clostridium difficile,1,Number,2005,54988.65838,84913.19725,54988.65838
1,Deaths,,Global,3,Both,20,75-79 years,302,Diarrheal diseases,183,Clostridium difficile,1,Number,2006,59622.52941,89468.72291,59622.52941
1,Deaths,,Global,3,Both,20,75-79 years,302,Diarrheal diseases,183,Clostridium difficile,1,Number,2007,63343.6072,91634.47007,63343.6072
1,Deaths,,Global,3,Both,20,75-79 years,302,Diarrheal diseases,183,Clostridium difficile,1,Number,2008,66775.64472,96569.92149,66775.64472
1,Deaths,,Global,3,Both,20,75-79 years,302,Diarrheal diseases,183,Clostridium difficile,1,Number,2009,70388.41167,100872.2688,70388.41167
1,Deaths,,Global,3,Both,20,75-79 years,302,Diarrheal diseases,183,Clostridium difficile,1,Number,2010,75900.4465,105813.6736,75900.4465
1,Deaths,,Global,3,Both,20,75-79 years,302,Diarrheal diseases,183,Clostridium difficile,1,Number,2011,78422.56813,112674.7903,78422.56813
1,Deaths,,Global,3,Both,20,75-79 years,302,Diarrheal diseases,183,Clostridium difficile,1,Number,2012,83901.61605,115095.8094,83901.61605
1,Deaths,,Global,3,Both,20,75-79 years,302,Diarrheal diseases,183,Clostridium difficile,1,Number,2013,86432.85665,119098.7316,86432.85665
1,Deaths,,Global,3,Both,20,75-79 years,302,Diarrheal diseases,183,Clostridium difficile,1,Number,2014,90063.37116,119392.0534,90063.37116
1,Deaths,,Global,3,Both,20,75-79 years,302,Diarrheal diseases,183,Clostridium difficile,1,Number,2015,91975.15655,121196.524,91975.15655
1,Deaths,,Global,3,Both,20,75-79 years,302,Diarrheal diseases,183,Clostridium difficile,1,Number,2016,94002.6049,122965.5357,94002.6049
1,Deaths,,Global,3,Both,20,75-79 years,302,Diarrheal diseases,183,Clostridium difficile,1,Number,2017,97511.97526,129046.4748,97511.97526
1,Deaths,,Global,3,Both,20,75-79 years,302,Diarrheal diseases,183,Clostridium difficile,1,Number,2018,97586.95592,131017.2126,97586.95592
1,Deaths,,Global,3,Both,20,75-79 years,302,Diarrheal diseases,183,Clostridium difficile,1,Number,2019,98597.245,132027.2371,98597.245
1,Deaths,,Global,3,Both,20,75-79 years,302,Diarrheal diseases,183,Clostridium difficile,1,Number,2020,95329.63437,125090.5328,95329.63437
1,Deaths,,Global,3,Both,20,75-79 years,302,Diarrheal diseases,183,Clostridium difficile,1,Number,2021,91379.6533,122698.8536,91379.6533
1,Deaths,,Global,3,Both,30,80-84 years,302,Diarrheal diseases,183,Clostridium difficile,1,Number,1990,26480.86497,60471.40266,26480.86497
1,Deaths,,Global,3,Both,30,80-84 years,302,Diarrheal diseases,183,Clostridium difficile,1,Number,1991,27866.35217,59359.26189,27866.35217
1,Deaths,,Global,3,Both,30,80-84 years,302,Diarrheal diseases,183,Clostridium difficile,1,Number,1992,28872.90753,59978.14772,28872.90753
1,Deaths,,Global,3,Both,30,80-84 years,302,Diarrheal diseases,183,Clostridium difficile,1,Number,1993,30126.54643,59948.58446,30126.54643
1,Deaths,,Global,3,Both,30,80-84 years,302,Diarrheal diseases,183,Clostridium difficile,1,Number,1994,30934.92719,61211.39195,30934.92719
1,Deaths,,Global,3,Both,30,80-84 years,302,Diarrheal diseases,183,Clostridium difficile,1,Number,1995,31779.01391,62249.31022,31779.01391
1,Deaths,,Global,3,Both,30,80-84 years,302,Diarrheal diseases,183,Clostridium difficile,1,Number,1996,31686.38529,60078.77286,31686.38529
1,Deaths,,Global,3,Both,30,80-84 years,302,Diarrheal diseases,183,Clostridium difficile,1,Number,1997,31350.43288,59434.26958,31350.43288
1,Deaths,,Global,3,Both,30,80-84 years,302,Diarrheal diseases,183,Clostridium difficile,1,Number,1998,31512.09106,59670.31986,31512.09106
1,Deaths,,Global,3,Both,30,80-84 years,302,Diarrheal diseases,183,Clostridium difficile,1,Number,1999,30501.49814,59759.56843,30501.49814
1,Deaths,,Global,3,Both,30,80-84 years,302,Diarrheal diseases,183,Clostridium difficile,1,Number,2000,32453.74402,58157.12276,32453.74402
1,Deaths,,Global,3,Both,30,80-84 years,302,Diarrheal diseases,183,Clostridium difficile,1,Number,2001,33755.10549,59352.11022,33755.10549
1,Deaths,,Global,3,Both,30,80-84 years,302,Diarrheal diseases,183,Clostridium difficile,1,Number,2002,36004.0994,61623.4383,36004.0994
1,Deaths,,Global,3,Both,30,80-84 years,302,Diarrheal diseases,183,Clostridium difficile,1,Number,2003,38081.6074,64805.62057,38081.6074
1,Deaths,,Global,3,Both,30,80-84 years,302,Diarrheal diseases,183,Clostridium difficile,1,Number,2004,41837.14374,68170.85394,41837.14374
1,Deaths,,Global,3,Both,30,80-84 years,302,Diarrheal diseases,183,Clostridium difficile,1,Number,2005,45040.06792,72338.29769,45040.06792
1,Deaths,,Global,3,Both,30,80-84 years,302,Diarrheal diseases,183,Clostridium difficile,1,Number,2006,48603.09258,77376.15331,48603.09258
1,Deaths,,Global,3,Both,30,80-84 years,302,Diarrheal diseases,183,Clostridium difficile,1,Number,2007,52297.77615,81443.92698,52297.77615
1,Deaths,,Global,3,Both,30,80-84 years,302,Diarrheal diseases,183,Clostridium difficile,1,Number,2008,56296.13156,87429.84176,56296.13156
1,Deaths,,Global,3,Both,30,80-84 years,302,Diarrheal diseases,183,Clostridium difficile,1,Number,2009,61725.62566,91706.23852,61725.62566
1,Deaths,,Global,3,Both,30,80-84 years,302,Diarrheal diseases,183,Clostridium difficile,1,Number,2010,66349.60952,99204.24863,66349.60952
1,Deaths,,Global,3,Both,30,80-84 years,302,Diarrheal diseases,183,Clostridium difficile,1,Number,2011,71288.59748,103596.8467,71288.59748
1,Deaths,,Global,3,Both,30,80-84 years,302,Diarrheal diseases,183,Clostridium difficile,1,Number,2012,73253.15136,110159.2687,73253.15136
1,Deaths,,Global,3,Both,30,80-84 years,302,Diarrheal diseases,183,Clostridium difficile,1,Number,2013,78054.76016,117900.897,78054.76016
1,Deaths,,Global,3,Both,30,80-84 years,302,Diarrheal diseases,183,Clostridium difficile,1,Number,2014,84540.79434,122337.906,84540.79434
1,Deaths,,Global,3,Both,30,80-84 years,302,Diarrheal diseases,183,Clostridium difficile,1,Number,2015,86663.26412,122566.2757,86663.26412
1,Deaths,,Global,3,Both,30,80-84 years,302,Diarrheal diseases,183,Clostridium difficile,1,Number,2016,87008.5193,125144.7199,87008.5193
1,Deaths,,Global,3,Both,30,80-84 years,302,Diarrheal diseases,183,Clostridium difficile,1,Number,2017,91235.54909,131063.6718,91235.54909
1,Deaths,,Global,3,Both,30,80-84 years,302,Diarrheal diseases,183,Clostridium difficile,1,Number,2018,93919.1673,129808.2152,93919.1673
1,Deaths,,Global,3,Both,30,80-84 years,302,Diarrheal diseases,183,Clostridium difficile,1,Number,2019,93797.22401,131014.652,93797.22401
1,Deaths,,Global,3,Both,30,80-84 years,302,Diarrheal diseases,183,Clostridium difficile,1,Number,2020,91129.42532,126439.0816,91129.42532
1,Deaths,,Global,3,Both,30,80-84 years,302,Diarrheal diseases,183,Clostridium difficile,1,Number,2021,88642.67968,123513.7309,88642.67968
1,Deaths,,Global,3,Both,31,85-89 years,302,Diarrheal diseases,183,Clostridium difficile,1,Number,1990,17982.88115,39181.06519,17982.88115
1,Deaths,,Global,3,Both,31,85-89 years,302,Diarrheal diseases,183,Clostridium difficile,1,Number,1991,17461.13618,40463.81722,17461.13618
1,Deaths,,Global,3,Both,31,85-89 years,302,Diarrheal diseases,183,Clostridium difficile,1,Number,1992,19128.87745,40719.8878,19128.87745
1,Deaths,,Global,3,Both,31,85-89 years,302,Diarrheal diseases,183,Clostridium difficile,1,Number,1993,19555.42447,41700.17581,19555.42447
1,Deaths,,Global,3,Both,31,85-89 years,302,Diarrheal diseases,183,Clostridium difficile,1,Number,1994,20171.94244,43061.30534,20171.94244
1,Deaths,,Global,3,Both,31,85-89 years,302,Diarrheal diseases,183,Clostridium difficile,1,Number,1995,20619.02787,44491.39876,20619.02787
1,Deaths,,Global,3,Both,31,85-89 years,302,Diarrheal diseases,183,Clostridium difficile,1,Number,1996,21067.63817,43732.34735,21067.63817
1,Deaths,,Global,3,Both,31,85-89 years,302,Diarrheal diseases,183,Clostridium difficile,1,Number,1997,21745.41533,43799.69845,21745.41533
1,Deaths,,Global,3,Both,31,85-89 years,302,Diarrheal diseases,183,Clostridium difficile,1,Number,1998,22388.68851,44684.7578,22388.68851
1,Deaths,,Global,3,Both,31,85-89 years,302,Diarrheal diseases,183,Clostridium difficile,1,Number,1999,22594.86573,44535.93824,22594.86573
1,Deaths,,Global,3,Both,31,85-89 years,302,Diarrheal diseases,183,Clostridium difficile,1,Number,2000,24209.39461,43873.40274,24209.39461
1,Deaths,,Global,3,Both,31,85-89 years,302,Diarrheal diseases,183,Clostridium difficile,1,Number,2001,23850.51661,45402.16732,23850.51661
1,Deaths,,Global,3,Both,31,85-89 years,302,Diarrheal diseases,183,Clostridium difficile,1,Number,2002,24744.5272,45850.74589,24744.5272
1,Deaths,,Global,3,Both,31,85-89 years,302,Diarrheal diseases,183,Clostridium difficile,1,Number,2003,26644.93541,46002.83195,26644.93541
1,Deaths,,Global,3,Both,31,85-89 years,302,Diarrheal diseases,183,Clostridium difficile,1,Number,2004,28253.39705,47904.088,28253.39705
1,Deaths,,Global,3,Both,31,85-89 years,302,Diarrheal diseases,183,Clostridium difficile,1,Number,2005,29097.52472,51223.94195,29097.52472
1,Deaths,,Global,3,Both,31,85-89 years,302,Diarrheal diseases,183,Clostridium difficile,1,Number,2006,32208.25174,54176.59239,32208.25174
1,Deaths,,Global,3,Both,31,85-89 years,302,Diarrheal diseases,183,Clostridium difficile,1,Number,2007,35485.43469,56892.78149,35485.43469
1,Deaths,,Global,3,Both,31,85-89 years,302,Diarrheal diseases,183,Clostridium difficile,1,Number,2008,38195.30774,60757.75344,38195.30774
1,Deaths,,Global,3,Both,31,85-89 years,302,Diarrheal diseases,183,Clostridium difficile,1,Number,2009,40780.62237,64040.33842,40780.62237
1,Deaths,,Global,3,Both,31,85-89 years,302,Diarrheal diseases,183,Clostridium difficile,1,Number,2010,44799.25975,68121.19611,44799.25975
1,Deaths,,Global,3,Both,31,85-89 years,302,Diarrheal diseases,183,Clostridium difficile,1,Number,2011,46148.165,73058.35693,46148.165
1,Deaths,,Global,3,Both,31,85-89 years,302,Diarrheal diseases,183,Clostridium difficile,1,Number,2012,49904.05915,77939.60503,49904.05915
1,Deaths,,Global,3,Both,31,85-89 years,302,Diarrheal diseases,183,Clostridium difficile,1,Number,2013,57209.13174,85099.47258,57209.13174
1,Deaths,,Global,3,Both,31,85-89 years,302,Diarrheal diseases,183,Clostridium difficile,1,Number,2014,61171.78572,92631.63262,61171.78572
1,Deaths,,Global,3,Both,31,85-89 years,302,Diarrheal diseases,183,Clostridium difficile,1,Number,2015,62055.86183,94675.12158,62055.86183
1,Deaths,,Global,3,Both,31,85-89 years,302,Diarrheal diseases,183,Clostridium difficile,1,Number,2016,64703.95256,94584.53174,64703.95256
1,Deaths,,Global,3,Both,31,85-89 years,302,Diarrheal diseases,183,Clostridium difficile,1,Number,2017,67603.50054,97384.70066,67603.50054
1,Deaths,,Global,3,Both,31,85-89 years,302,Diarrheal diseases,183,Clostridium difficile,1,Number,2018,66996.02569,97603.36675,66996.02569
1,Deaths,,Global,3,Both,31,85-89 years,302,Diarrheal diseases,183,Clostridium difficile,1,Number,2019,66474.77798,100707.8066,66474.77798
1,Deaths,,Global,3,Both,31,85-89 years,302,Diarrheal diseases,183,Clostridium difficile,1,Number,2020,67024.87425,96013.2214,67024.87425
1,Deaths,,Global,3,Both,31,85-89 years,302,Diarrheal diseases,183,Clostridium difficile,1,Number,2021,63258.42296,96582.41183,63258.42296
1,Deaths,,Global,3,Both,32,90-94 years,302,Diarrheal diseases,183,Clostridium difficile,1,Number,1990,6926.504727,15089.05814,6926.504727
1,Deaths,,Global,3,Both,32,90-94 years,302,Diarrheal diseases,183,Clostridium difficile,1,Number,1991,6900.034753,15692.46467,6900.034753
1,Deaths,,Global,3,Both,32,90-94 years,302,Diarrheal diseases,183,Clostridium difficile,1,Number,1992,7647.287704,15972.60831,7647.287704
1,Deaths,,Global,3,Both,32,90-94 years,302,Diarrheal diseases,183,Clostridium difficile,1,Number,1993,7981.968437,16830.45482,7981.968437
1,Deaths,,Global,3,Both,32,90-94 years,302,Diarrheal diseases,183,Clostridium difficile,1,Number,1994,8799.199428,17533.59836,8799.199428
1,Deaths,,Global,3,Both,32,90-94 years,302,Diarrheal diseases,183,Clostridium difficile,1,Number,1995,8979.508923,18881.28251,8979.508923
1,Deaths,,Global,3,Both,32,90-94 years,302,Diarrheal diseases,183,Clostridium difficile,1,Number,1996,9128.04057,19258.66602,9128.04057
1,Deaths,,Global,3,Both,32,90-94 years,302,Diarrheal diseases,183,Clostridium difficile,1,Number,1997,9875.97113,19795.39455,9875.97113
1,Deaths,,Global,3,Both,32,90-94 years,302,Diarrheal diseases,183,Clostridium difficile,1,Number,1998,10124.69734,20709.3769,10124.69734
1,Deaths,,Global,3,Both,32,90-94 years,302,Diarrheal diseases,183,Clostridium difficile,1,Number,1999,10568.23904,20597.45133,10568.23904
1,Deaths,,Global,3,Both,32,90-94 years,302,Diarrheal diseases,183,Clostridium difficile,1,Number,2000,10803.41475,20958.69869,10803.41475
1,Deaths,,Global,3,Both,32,90-94 years,302,Diarrheal diseases,183,Clostridium difficile,1,Number,2001,11500.39232,21287.05189,11500.39232
1,Deaths,,Global,3,Both,32,90-94 years,302,Diarrheal diseases,183,Clostridium difficile,1,Number,2002,11862.29553,22169.88095,11862.29553
1,Deaths,,Global,3,Both,32,90-94 years,302,Diarrheal diseases,183,Clostridium difficile,1,Number,2003,12737.74848,22777.51482,12737.74848
1,Deaths,,Global,3,Both,32,90-94 years,302,Diarrheal diseases,183,Clostridium difficile,1,Number,2004,13805.07609,23343.80031,13805.07609
1,Deaths,,Global,3,Both,32,90-94 years,302,Diarrheal diseases,183,Clostridium difficile,1,Number,2005,14454.06006,24717.96049,14454.06006
1,Deaths,,Global,3,Both,32,90-94 years,302,Diarrheal diseases,183,Clostridium difficile,1,Number,2006,16211.92405,25464.72396,16211.92405
1,Deaths,,Global,3,Both,32,90-94 years,302,Diarrheal diseases,183,Clostridium difficile,1,Number,2007,17294.7804,26817.19835,17294.7804
1,Deaths,,Global,3,Both,32,90-94 years,302,Diarrheal diseases,183,Clostridium difficile,1,Number,2008,17770.9639,28200.50032,17770.9639
1,Deaths,,Global,3,Both,32,90-94 years,302,Diarrheal diseases,183,Clostridium difficile,1,Number,2009,18763.53553,29355.08507,18763.53553
1,Deaths,,Global,3,Both,32,90-94 years,302,Diarrheal diseases,183,Clostridium difficile,1,Number,2010,20139.36664,32200.09969,20139.36664
1,Deaths,,Global,3,Both,32,90-94 years,302,Diarrheal diseases,183,Clostridium difficile,1,Number,2011,21602.16906,34570.95038,21602.16906
1,Deaths,,Global,3,Both,32,90-94 years,302,Diarrheal diseases,183,Clostridium difficile,1,Number,2012,23334.10162,37986.98329,23334.10162
1,Deaths,,Global,3,Both,32,90-94 years,302,Diarrheal diseases,183,Clostridium difficile,1,Number,2013,27853.60245,41683.85985,27853.60245
1,Deaths,,Global,3,Both,32,90-94 years,302,Diarrheal diseases,183,Clostridium difficile,1,Number,2014,29648.86029,45465.55903,29648.86029
1,Deaths,,Global,3,Both,32,90-94 years,302,Diarrheal diseases,183,Clostridium difficile,1,Number,2015,30679.04699,45324.90259,30679.04699
1,Deaths,,Global,3,Both,32,90-94 years,302,Diarrheal diseases,183,Clostridium difficile,1,Number,2016,30532.9981,46866.0295,30532.9981
1,Deaths,,Global,3,Both,32,90-94 years,302,Diarrheal diseases,183,Clostridium difficile,1,Number,2017,32531.36211,48396.65193,32531.36211
1,Deaths,,Global,3,Both,32,90-94 years,302,Diarrheal diseases,183,Clostridium difficile,1,Number,2018,32821.5588,49503.67205,32821.5588
1,Deaths,,Global,3,Both,32,90-94 years,302,Diarrheal diseases,183,Clostridium difficile,1,Number,2019,34629.80755,51153.19895,34629.80755
1,Deaths,,Global,3,Both,32,90-94 years,302,Diarrheal diseases,183,Clostridium difficile,1,Number,2020,33538.22354,50521.93295,33538.22354
1,Deaths,,Global,3,Both,32,90-94 years,302,Diarrheal diseases,183,Clostridium difficile,1,Number,2021,32244.26577,49883.36207,32244.26577
1,Deaths,,Global,3,Both,235,95+ years,302,Diarrheal diseases,183,Clostridium difficile,1,Number,1990,1790.64233,4299.809084,1790.64233
1,Deaths,,Global,3,Both,235,95+ years,302,Diarrheal diseases,183,Clostridium difficile,1,Number,1991,1868.269696,4245.352277,1868.269696
1,Deaths,,Global,3,Both,235,95+ years,302,Diarrheal diseases,183,Clostridium difficile,1,Number,1992,1971.591743,4365.616857,1971.591743
1,Deaths,,Global,3,Both,235,95+ years,302,Diarrheal diseases,183,Clostridium difficile,1,Number,1993,1950.674062,4662.44751,1950.674062
1,Deaths,,Global,3,Both,235,95+ years,302,Diarrheal diseases,183,Clostridium difficile,1,Number,1994,2136.746903,4793.29135,2136.746903
1,Deaths,,Global,3,Both,235,95+ years,302,Diarrheal diseases,183,Clostridium difficile,1,Number,1995,2193.543586,5158.880402,2193.543586
1,Deaths,,Global,3,Both,235,95+ years,302,Diarrheal diseases,183,Clostridium difficile,1,Number,1996,2436.806446,5251.040279,2436.806446
1,Deaths,,Global,3,Both,235,95+ years,302,Diarrheal diseases,183,Clostridium difficile,1,Number,1997,2546.601845,5614.855152,2546.601845
1,Deaths,,Global,3,Both,235,95+ years,302,Diarrheal diseases,183,Clostridium difficile,1,Number,1998,2850.19778,5856.959768,2850.19778
1,Deaths,,Global,3,Both,235,95+ years,302,Diarrheal diseases,183,Clostridium difficile,1,Number,1999,2898.448644,6127.103424,2898.448644
1,Deaths,,Global,3,Both,235,95+ years,302,Diarrheal diseases,183,Clostridium difficile,1,Number,2000,3090.903805,6331.210034,3090.903805
1,Deaths,,Global,3,Both,235,95+ years,302,Diarrheal diseases,183,Clostridium difficile,1,Number,2001,3400.605005,6615.73443,3400.605005
1,Deaths,,Global,3,Both,235,95+ years,302,Diarrheal diseases,183,Clostridium difficile,1,Number,2002,3624.577417,7088.580667,3624.577417
1,Deaths,,Global,3,Both,235,95+ years,302,Diarrheal diseases,183,Clostridium difficile,1,Number,2003,3987.806052,7410.889884,3987.806052
1,Deaths,,Global,3,Both,235,95+ years,302,Diarrheal diseases,183,Clostridium difficile,1,Number,2004,4208.192428,7901.877184,4208.192428
1,Deaths,,Global,3,Both,235,95+ years,302,Diarrheal diseases,183,Clostridium difficile,1,Number,2005,4673.74336,8417.01857,4673.74336
1,Deaths,,Global,3,Both,235,95+ years,302,Diarrheal diseases,183,Clostridium difficile,1,Number,2006,5014.770918,9242.862696,5014.770918
1,Deaths,,Global,3,Both,235,95+ years,302,Diarrheal diseases,183,Clostridium difficile,1,Number,2007,5694.287208,9641.564612,5694.287208
1,Deaths,,Global,3,Both,235,95+ years,302,Diarrheal diseases,183,Clostridium difficile,1,Number,2008,5967.795802,10103.31627,5967.795802
1,Deaths,,Global,3,Both,235,95+ years,302,Diarrheal diseases,183,Clostridium difficile,1,Number,2009,6187.064489,10923.43717,6187.064489
1,Deaths,,Global,3,Both,235,95+ years,302,Diarrheal diseases,183,Clostridium difficile,1,Number,2010,6807.283064,11828.23142,6807.283064
1,Deaths,,Global,3,Both,235,95+ years,302,Diarrheal diseases,183,Clostridium difficile,1,Number,2011,7213.341719,12621.93024,7213.341719
1,Deaths,,Global,3,Both,235,95+ years,302,Diarrheal diseases,183,Clostridium difficile,1,Number,2012,7859.380647,13761.45587,7859.380647
1,Deaths,,Global,3,Both,235,95+ years,302,Diarrheal diseases,183,Clostridium difficile,1,Number,2013,8974.898607,15354.18897,8974.898607
1,Deaths,,Global,3,Both,235,95+ years,302,Diarrheal diseases,183,Clostridium difficile,1,Number,2014,9674.94378,16177.81489,9674.94378
1,Deaths,,Global,3,Both,235,95+ years,302,Diarrheal diseases,183,Clostridium difficile,1,Number,2015,9943.385631,16008.26752,9943.385631
1,Deaths,,Global,3,Both,235,95+ years,302,Diarrheal diseases,183,Clostridium difficile,1,Number,2016,9880.767295,16547.07487,9880.767295
1,Deaths,,Global,3,Both,235,95+ years,302,Diarrheal diseases,183,Clostridium difficile,1,Number,2017,10723.038,17283.04729,10723.038
1,Deaths,,Global,3,Both,235,95+ years,302,Diarrheal diseases,183,Clostridium difficile,1,Number,2018,11043.75598,17814.19589,11043.75598
1,Deaths,,Global,3,Both,235,95+ years,302,Diarrheal diseases,183,Clostridium difficile,1,Number,2019,11548.99331,18847.273,11548.99331
1,Deaths,,Global,3,Both,235,95+ years,302,Diarrheal diseases,183,Clostridium difficile,1,Number,2020,11179.60599,18519.14472,11179.60599
1,Deaths,,Global,3,Both,235,95+ years,302,Diarrheal diseases,183,Clostridium difficile,1,Number,2021,10603.57811,18137.18061,10603.57811
1,Deaths,,Global,3,Both,1,<5 years,302,Diarrheal diseases,183,Clostridium difficile,1,Number,1990,140657.8938,333751.1616,140657.8938
1,Deaths,,Global,3,Both,1,<5 years,302,Diarrheal diseases,183,Clostridium difficile,1,Number,1991,137001.2362,332291.3295,137001.2362
1,Deaths,,Global,3,Both,1,<5 years,302,Diarrheal diseases,183,Clostridium difficile,1,Number,1992,138819.5198,319593.4445,138819.5198
1,Deaths,,Global,3,Both,1,<5 years,302,Diarrheal diseases,183,Clostridium difficile,1,Number,1993,136912.569,316700.1318,136912.569
1,Deaths,,Global,3,Both,1,<5 years,302,Diarrheal diseases,183,Clostridium difficile,1,Number,1994,137272.3189,309575.4591,137272.3189
1,Deaths,,Global,3,Both,1,<5 years,302,Diarrheal diseases,183,Clostridium difficile,1,Number,1995,140106.5425,303539.4425,140106.5425
1,Deaths,,Global,3,Both,1,<5 years,302,Diarrheal diseases,183,Clostridium difficile,1,Number,1996,132658.7456,303182.2478,132658.7456
1,Deaths,,Global,3,Both,1,<5 years,302,Diarrheal diseases,183,Clostridium difficile,1,Number,1997,130108.3361,295567.9117,130108.3361
1,Deaths,,Global,3,Both,1,<5 years,302,Diarrheal diseases,183,Clostridium difficile,1,Number,1998,136404.3514,285088.1951,136404.3514
1,Deaths,,Global,3,Both,1,<5 years,302,Diarrheal diseases,183,Clostridium difficile,1,Number,1999,131317.173,277350.1719,131317.173
1,Deaths,,Global,3,Both,1,<5 years,302,Diarrheal diseases,183,Clostridium difficile,1,Number,2000,129892.6491,272104.0955,129892.6491
1,Deaths,,Global,3,Both,1,<5 years,302,Diarrheal diseases,183,Clostridium difficile,1,Number,2001,132460.6603,261725.285,132460.6603
1,Deaths,,Global,3,Both,1,<5 years,302,Diarrheal diseases,183,Clostridium difficile,1,Number,2002,130701.0522,259019.829,130701.0522
1,Deaths,,Global,3,Both,1,<5 years,302,Diarrheal diseases,183,Clostridium difficile,1,Number,2003,129275.5687,251165.7228,129275.5687
1,Deaths,,Global,3,Both,1,<5 years,302,Diarrheal diseases,183,Clostridium difficile,1,Number,2004,129482.3858,248350.9165,129482.3858
1,Deaths,,Global,3,Both,1,<5 years,302,Diarrheal diseases,183,Clostridium difficile,1,Number,2005,137060.9823,246448.4245,137060.9823
1,Deaths,,Global,3,Both,1,<5 years,302,Diarrheal diseases,183,Clostridium difficile,1,Number,2006,143707.92,252870.9112,143707.92
1,Deaths,,Global,3,Both,1,<5 years,302,Diarrheal diseases,183,Clostridium difficile,1,Number,2007,145209.8422,254066.5613,145209.8422
1,Deaths,,Global,3,Both,1,<5 years,302,Diarrheal diseases,183,Clostridium difficile,1,Number,2008,142329.2913,257907.4222,142329.2913
1,Deaths,,Global,3,Both,1,<5 years,302,Diarrheal diseases,183,Clostridium difficile,1,Number,2009,147015.1035,267003.1183,147015.1035
1,Deaths,,Global,3,Both,1,<5 years,302,Diarrheal diseases,183,Clostridium difficile,1,Number,2010,155653.169,270976.4321,155653.169
1,Deaths,,Global,3,Both,1,<5 years,302,Diarrheal diseases,183,Clostridium difficile,1,Number,2011,163836.8927,283635.0478,163836.8927
1,Deaths,,Global,3,Both,1,<5 years,302,Diarrheal diseases,183,Clostridium difficile,1,Number,2012,175344.1478,288939.9756,175344.1478
1,Deaths,,Global,3,Both,1,<5 years,302,Diarrheal diseases,183,Clostridium difficile,1,Number,2013,172846.0215,288625.4534,172846.0215
1,Deaths,,Global,3,Both,1,<5 years,302,Diarrheal diseases,183,Clostridium difficile,1,Number,2014,172436.0938,279923.0021,172436.0938
1,Deaths,,Global,3,Both,1,<5 years,302,Diarrheal diseases,183,Clostridium difficile,1,Number,2015,175644.4263,278567.5468,175644.4263
1,Deaths,,Global,3,Both,1,<5 years,302,Diarrheal diseases,183,Clostridium difficile,1,Number,2016,169445.0348,275971.4774,169445.0348
1,Deaths,,Global,3,Both,1,<5 years,302,Diarrheal diseases,183,Clostridium difficile,1,Number,2017,169799.3604,268529.1753,169799.3604
1,Deaths,,Global,3,Both,1,<5 years,302,Diarrheal diseases,183,Clostridium difficile,1,Number,2018,153939.8279,260852.4345,153939.8279
1,Deaths,,Global,3,Both,1,<5 years,302,Diarrheal diseases,183,Clostridium difficile,1,Number,2019,146687.6189,247014.308,146687.6189
1,Deaths,,Global,3,Both,1,<5 years,302,Diarrheal diseases,183,Clostridium difficile,1,Number,2020,130142.7577,220750.9481,130142.7577
1,Deaths,,Global,3,Both,1,<5 years,302,Diarrheal diseases,183,Clostridium difficile,1,Number,2021,116299.0558,209267.4279,116299.0558
1,Deaths,,High-income,3,Both,7,10-14 years,302,Diarrheal diseases,183,Clostridium difficile,1,Number,1990,83.07501671,167.2736935,83.07501671
1,Deaths,,High-income,3,Both,7,10-14 years,302,Diarrheal diseases,183,Clostridium difficile,1,Number,1991,76.61869129,155.6425858,76.61869129
1,Deaths,,High-income,3,Both,7,10-14 years,302,Diarrheal diseases,183,Clostridium difficile,1,Number,1992,74.83011181,147.3865425,74.83011181
1,Deaths,,High-income,3,Both,7,10-14 years,302,Diarrheal diseases,183,Clostridium difficile,1,Number,1993,71.30615094,144.1125006,71.30615094
1,Deaths,,High-income,3,Both,7,10-14 years,302,Diarrheal diseases,183,Clostridium difficile,1,Number,1994,69.28972109,138.4608456,69.28972109
1,Deaths,,High-income,3,Both,7,10-14 years,302,Diarrheal diseases,183,Clostridium difficile,1,Number,1995,70.64706763,125.472195,70.64706763
1,Deaths,,High-income,3,Both,7,10-14 years,302,Diarrheal diseases,183,Clostridium difficile,1,Number,1996,63.08958757,121.1176495,63.08958757
1,Deaths,,High-income,3,Both,7,10-14 years,302,Diarrheal diseases,183,Clostridium difficile,1,Number,1997,63.51814095,113.5392883,63.51814095
1,Deaths,,High-income,3,Both,7,10-14 years,302,Diarrheal diseases,183,Clostridium difficile,1,Number,1998,62.03280637,108.0805012,62.03280637
1,Deaths,,High-income,3,Both,7,10-14 years,302,Diarrheal diseases,183,Clostridium difficile,1,Number,1999,58.95762369,101.1932616,58.95762369
1,Deaths,,High-income,3,Both,7,10-14 years,302,Diarrheal diseases,183,Clostridium difficile,1,Number,2000,55.46643669,97.68236475,55.46643669
1,Deaths,,High-income,3,Both,7,10-14 years,302,Diarrheal diseases,183,Clostridium difficile,1,Number,2001,58.88638667,97.93799297,58.88638667
1,Deaths,,High-income,3,Both,7,10-14 years,302,Diarrheal diseases,183,Clostridium difficile,1,Number,2002,60.93491662,96.06858002,60.93491662
1,Deaths,,High-income,3,Both,7,10-14 years,302,Diarrheal diseases,183,Clostridium difficile,1,Number,2003,57.96659215,92.51018263,57.96659215
1,Deaths,,High-income,3,Both,7,10-14 years,302,Diarrheal diseases,183,Clostridium difficile,1,Number,2004,58.58091037,87.60488983,58.58091037
1,Deaths,,High-income,3,Both,7,10-14 years,302,Diarrheal diseases,183,Clostridium difficile,1,Number,2005,58.66486366,88.27887524,58.66486366
1,Deaths,,High-income,3,Both,7,10-14 years,302,Diarrheal diseases,183,Clostridium difficile,1,Number,2006,59.22452836,89.44473764,59.22452836
1,Deaths,,High-income,3,Both,7,10-14 years,302,Diarrheal diseases,183,Clostridium difficile,1,Number,2007,60.51081455,85.54662259,60.51081455
1,Deaths,,High-income,3,Both,7,10-14 years,302,Diarrheal diseases,183,Clostridium difficile,1,Number,2008,57.88919356,83.84831731,57.88919356
1,Deaths,,High-income,3,Both,7,10-14 years,302,Diarrheal diseases,183,Clostridium difficile,1,Number,2009,58.46213742,82.1654759,58.46213742
1,Deaths,,High-income,3,Both,7,10-14 years,302,Diarrheal diseases,183,Clostridium difficile,1,Number,2010,54.83358951,78.7701281,54.83358951
1,Deaths,,High-income,3,Both,7,10-14 years,302,Diarrheal diseases,183,Clostridium difficile,1,Number,2011,53.10875309,79.84588075,53.10875309
1,Deaths,,High-income,3,Both,7,10-14 years,302,Diarrheal diseases,183,Clostridium difficile,1,Number,2012,52.72939831,74.7594725,52.72939831
1,Deaths,,High-income,3,Both,7,10-14 years,302,Diarrheal diseases,183,Clostridium difficile,1,Number,2013,50.19169932,70.65485179,50.19169932
1,Deaths,,High-income,3,Both,7,10-14 years,302,Diarrheal diseases,183,Clostridium difficile,1,Number,2014,49.48271834,70.30723008,49.48271834
1,Deaths,,High-income,3,Both,7,10-14 years,302,Diarrheal diseases,183,Clostridium difficile,1,Number,2015,48.30165999,68.8001314,48.30165999
1,Deaths,,High-income,3,Both,7,10-14 years,302,Diarrheal diseases,183,Clostridium difficile,1,Number,2016,48.39615773,66.8749794,48.39615773
1,Deaths,,High-income,3,Both,7,10-14 years,302,Diarrheal diseases,183,Clostridium difficile,1,Number,2017,47.67847099,66.62167562,47.67847099
1,Deaths,,High-income,3,Both,7,10-14 years,302,Diarrheal diseases,183,Clostridium difficile,1,Number,2018,46.90003849,67.08979798,46.90003849
1,Deaths,,High-income,3,Both,7,10-14 years,302,Diarrheal diseases,183,Clostridium difficile,1,Number,2019,47.37086658,66.09435054,47.37086658
1,Deaths,,High-income,3,Both,7,10-14 years,302,Diarrheal diseases,183,Clostridium difficile,1,Number,2020,42.93772552,60.68585618,42.93772552
1,Deaths,,High-income,3,Both,7,10-14 years,302,Diarrheal diseases,183,Clostridium difficile,1,Number,2021,41.9020747,61.28208639,41.9020747
1,Deaths,,High-income,3,Both,8,15-19 years,302,Diarrheal diseases,183,Clostridium difficile,1,Number,1990,127.0696819,260.4365993,127.0696819
1,Deaths,,High-income,3,Both,8,15-19 years,302,Diarrheal diseases,183,Clostridium difficile,1,Number,1991,118.9213084,236.3750415,118.9213084
1,Deaths,,High-income,3,Both,8,15-19 years,302,Diarrheal diseases,183,Clostridium difficile,1,Number,1992,114.8559757,216.1192844,114.8559757
1,Deaths,,High-income,3,Both,8,15-19 years,302,Diarrheal diseases,183,Clostridium difficile,1,Number,1993,107.8539628,204.1270734,107.8539628
1,Deaths,,High-income,3,Both,8,15-19 years,302,Diarrheal diseases,183,Clostridium difficile,1,Number,1994,103.1833401,200.8254323,103.1833401
1,Deaths,,High-income,3,Both,8,15-19 years,302,Diarrheal diseases,183,Clostridium difficile,1,Number,1995,101.1665622,187.0345829,101.1665622
1,Deaths,,High-income,3,Both,8,15-19 years,302,Diarrheal diseases,183,Clostridium difficile,1,Number,1996,98.82654049,176.7538579,98.82654049
1,Deaths,,High-income,3,Both,8,15-19 years,302,Diarrheal diseases,183,Clostridium difficile,1,Number,1997,98.08023258,172.5396455,98.08023258
1,Deaths,,High-income,3,Both,8,15-19 years,302,Diarrheal diseases,183,Clostridium difficile,1,Number,1998,100.1798972,162.8626074,100.1798972
1,Deaths,,High-income,3,Both,8,15-19 years,302,Diarrheal diseases,183,Clostridium difficile,1,Number,1999,93.67314355,156.4889043,93.67314355
1,Deaths,,High-income,3,Both,8,15-19 years,302,Diarrheal diseases,183,Clostridium difficile,1,Number,2000,92.46182866,146.9810849,92.46182866
1,Deaths,,High-income,3,Both,8,15-19 years,302,Diarrheal diseases,183,Clostridium difficile,1,Number,2001,95.14830114,150.4258197,95.14830114
1,Deaths,,High-income,3,Both,8,15-19 years,302,Diarrheal diseases,183,Clostridium difficile,1,Number,2002,98.57350303,149.275828,98.57350303
1,Deaths,,High-income,3,Both,8,15-19 years,302,Diarrheal diseases,183,Clostridium difficile,1,Number,2003,90.06315214,143.3926861,90.06315214
1,Deaths,,High-income,3,Both,8,15-19 years,302,Diarrheal diseases,183,Clostridium difficile,1,Number,2004,91.19850628,139.2243578,91.19850628
1,Deaths,,High-income,3,Both,8,15-19 years,302,Diarrheal diseases,183,Clostridium difficile,1,Number,2005,91.85389753,137.7674783,91.85389753
1,Deaths,,High-income,3,Both,8,15-19 years,302,Diarrheal diseases,183,Clostridium difficile,1,Number,2006,98.61367769,142.4495591,98.61367769
1,Deaths,,High-income,3,Both,8,15-19 years,302,Diarrheal diseases,183,Clostridium difficile,1,Number,2007,99.16342743,140.0844557,99.16342743
1,Deaths,,High-income,3,Both,8,15-19 years,302,Diarrheal diseases,183,Clostridium difficile,1,Number,2008,98.73190692,140.1961194,98.73190692
1,Deaths,,High-income,3,Both,8,15-19 years,302,Diarrheal diseases,183,Clostridium difficile,1,Number,2009,99.6996922,137.6757047,99.6996922
1,Deaths,,High-income,3,Both,8,15-19 years,302,Diarrheal diseases,183,Clostridium difficile,1,Number,2010,93.50007307,126.8676927,93.50007307
1,Deaths,,High-income,3,Both,8,15-19 years,302,Diarrheal diseases,183,Clostridium difficile,1,Number,2011,93.93528089,124.0122768,93.93528089
1,Deaths,,High-income,3,Both,8,15-19 years,302,Diarrheal diseases,183,Clostridium difficile,1,Number,2012,90.48237683,119.7681657,90.48237683
1,Deaths,,High-income,3,Both,8,15-19 years,302,Diarrheal diseases,183,Clostridium difficile,1,Number,2013,83.189995,115.3665916,83.189995
1,Deaths,,High-income,3,Both,8,15-19 years,302,Diarrheal diseases,183,Clostridium difficile,1,Number,2014,87.57334583,121.7582782,87.57334583
1,Deaths,,High-income,3,Both,8,15-19 years,302,Diarrheal diseases,183,Clostridium difficile,1,Number,2015,83.32452843,111.7863057,83.32452843
1,Deaths,,High-income,3,Both,8,15-19 years,302,Diarrheal diseases,183,Clostridium difficile,1,Number,2016,83.92948506,109.5025051,83.92948506
1,Deaths,,High-income,3,Both,8,15-19 years,302,Diarrheal diseases,183,Clostridium difficile,1,Number,2017,81.14648771,108.4108005,81.14648771
1,Deaths,,High-income,3,Both,8,15-19 years,302,Diarrheal diseases,183,Clostridium difficile,1,Number,2018,79.46127679,108.4110903,79.46127679
1,Deaths,,High-income,3,Both,8,15-19 years,302,Diarrheal diseases,183,Clostridium difficile,1,Number,2019,78.69063466,103.6013806,78.69063466
1,Deaths,,High-income,3,Both,8,15-19 years,302,Diarrheal diseases,183,Clostridium difficile,1,Number,2020,70.90862834,93.96976298,70.90862834
1,Deaths,,High-income,3,Both,8,15-19 years,302,Diarrheal diseases,183,Clostridium difficile,1,Number,2021,71.16955544,94.3791312,71.16955544
1,Deaths,,High-income,3,Both,9,20-24 years,302,Diarrheal diseases,183,Clostridium difficile,1,Number,1990,170.4740828,349.860816,170.4740828
1,Deaths,,High-income,3,Both,9,20-24 years,302,Diarrheal diseases,183,Clostridium difficile,1,Number,1991,157.1643365,328.3960397,157.1643365
1,Deaths,,High-income,3,Both,9,20-24 years,302,Diarrheal diseases,183,Clostridium difficile,1,Number,1992,154.3712489,308.4576321,154.3712489
1,Deaths,,High-income,3,Both,9,20-24 years,302,Diarrheal diseases,183,Clostridium difficile,1,Number,1993,150.565003,290.1471131,150.565003
1,Deaths,,High-income,3,Both,9,20-24 years,302,Diarrheal diseases,183,Clostridium difficile,1,Number,1994,154.2188761,276.2813367,154.2188761
1,Deaths,,High-income,3,Both,9,20-24 years,302,Diarrheal diseases,183,Clostridium difficile,1,Number,1995,141.8328385,266.6710231,141.8328385
1,Deaths,,High-income,3,Both,9,20-24 years,302,Diarrheal diseases,183,Clostridium difficile,1,Number,1996,142.5388413,243.0741631,142.5388413
1,Deaths,,High-income,3,Both,9,20-24 years,302,Diarrheal diseases,183,Clostridium difficile,1,Number,1997,142.0541073,235.8233326,142.0541073
1,Deaths,,High-income,3,Both,9,20-24 years,302,Diarrheal diseases,183,Clostridium difficile,1,Number,1998,138.5840124,229.9340826,138.5840124
1,Deaths,,High-income,3,Both,9,20-24 years,302,Diarrheal diseases,183,Clostridium difficile,1,Number,1999,130.1134869,227.1244753,130.1134869
1,Deaths,,High-income,3,Both,9,20-24 years,302,Diarrheal diseases,183,Clostridium difficile,1,Number,2000,133.3767746,214.788301,133.3767746
1,Deaths,,High-income,3,Both,9,20-24 years,302,Diarrheal diseases,183,Clostridium difficile,1,Number,2001,140.522152,219.0044689,140.522152
1,Deaths,,High-income,3,Both,9,20-24 years,302,Diarrheal diseases,183,Clostridium difficile,1,Number,2002,142.7616874,218.87621,142.7616874
1,Deaths,,High-income,3,Both,9,20-24 years,302,Diarrheal diseases,183,Clostridium difficile,1,Number,2003,140.2561324,210.9025007,140.2561324
1,Deaths,,High-income,3,Both,9,20-24 years,302,Diarrheal diseases,183,Clostridium difficile,1,Number,2004,134.5969258,213.4770005,134.5969258
1,Deaths,,High-income,3,Both,9,20-24 years,302,Diarrheal diseases,183,Clostridium difficile,1,Number,2005,142.7160268,208.2687209,142.7160268
1,Deaths,,High-income,3,Both,9,20-24 years,302,Diarrheal diseases,183,Clostridium difficile,1,Number,2006,144.5232101,217.6317093,144.5232101
1,Deaths,,High-income,3,Both,9,20-24 years,302,Diarrheal diseases,183,Clostridium difficile,1,Number,2007,146.602343,213.5670558,146.602343
1,Deaths,,High-income,3,Both,9,20-24 years,302,Diarrheal diseases,183,Clostridium difficile,1,Number,2008,153.350169,206.3588234,153.350169
1,Deaths,,High-income,3,Both,9,20-24 years,302,Diarrheal diseases,183,Clostridium difficile,1,Number,2009,150.9154459,211.8934623,150.9154459
1,Deaths,,High-income,3,Both,9,20-24 years,302,Diarrheal diseases,183,Clostridium difficile,1,Number,2010,145.0229265,200.8881848,145.0229265
1,Deaths,,High-income,3,Both,9,20-24 years,302,Diarrheal diseases,183,Clostridium difficile,1,Number,2011,147.4959542,198.6666714,147.4959542
1,Deaths,,High-income,3,Both,9,20-24 years,302,Diarrheal diseases,183,Clostridium difficile,1,Number,2012,146.2223482,193.4292808,146.2223482
1,Deaths,,High-income,3,Both,9,20-24 years,302,Diarrheal diseases,183,Clostridium difficile,1,Number,2013,139.3633324,187.7074225,139.3633324
1,Deaths,,High-income,3,Both,9,20-24 years,302,Diarrheal diseases,183,Clostridium difficile,1,Number,2014,141.0296185,192.0518938,141.0296185
1,Deaths,,High-income,3,Both,9,20-24 years,302,Diarrheal diseases,183,Clostridium difficile,1,Number,2015,138.3438274,185.8569785,138.3438274
1,Deaths,,High-income,3,Both,9,20-24 years,302,Diarrheal diseases,183,Clostridium difficile,1,Number,2016,139.168775,186.0372287,139.168775
1,Deaths,,High-income,3,Both,9,20-24 years,302,Diarrheal diseases,183,Clostridium difficile,1,Number,2017,137.6677705,184.0135362,137.6677705
1,Deaths,,High-income,3,Both,9,20-24 years,302,Diarrheal diseases,183,Clostridium difficile,1,Number,2018,137.5586821,181.8574661,137.5586821
1,Deaths,,High-income,3,Both,9,20-24 years,302,Diarrheal diseases,183,Clostridium difficile,1,Number,2019,135.0437023,177.4923856,135.0437023
1,Deaths,,High-income,3,Both,9,20-24 years,302,Diarrheal diseases,183,Clostridium difficile,1,Number,2020,122.9593688,167.8068575,122.9593688
1,Deaths,,High-income,3,Both,9,20-24 years,302,Diarrheal diseases,183,Clostridium difficile,1,Number,2021,121.9192592,166.9394982,121.9192592
1,Deaths,,High-income,3,Both,10,25-29 years,302,Diarrheal diseases,183,Clostridium difficile,1,Number,1990,248.7703597,497.4287093,248.7703597
1,Deaths,,High-income,3,Both,10,25-29 years,302,Diarrheal diseases,183,Clostridium difficile,1,Number,1991,237.9154888,452.9575394,237.9154888
1,Deaths,,High-income,3,Both,10,25-29 years,302,Diarrheal diseases,183,Clostridium difficile,1,Number,1992,226.2162811,426.0220764,226.2162811
1,Deaths,,High-income,3,Both,10,25-29 years,302,Diarrheal diseases,183,Clostridium difficile,1,Number,1993,217.2216378,403.5476922,217.2216378
1,Deaths,,High-income,3,Both,10,25-29 years,302,Diarrheal diseases,183,Clostridium difficile,1,Number,1994,217.9945299,391.0618301,217.9945299
1,Deaths,,High-income,3,Both,10,25-29 years,302,Diarrheal diseases,183,Clostridium difficile,1,Number,1995,206.3753898,379.7136627,206.3753898
1,Deaths,,High-income,3,Both,10,25-29 years,302,Diarrheal diseases,183,Clostridium difficile,1,Number,1996,197.9975854,366.5690521,197.9975854
1,Deaths,,High-income,3,Both,10,25-29 years,302,Diarrheal diseases,183,Clostridium difficile,1,Number,1997,206.7815144,351.7662027,206.7815144
1,Deaths,,High-income,3,Both,10,25-29 years,302,Diarrheal diseases,183,Clostridium difficile,1,Number,1998,208.1638457,338.443162,208.1638457
1,Deaths,,High-income,3,Both,10,25-29 years,302,Diarrheal diseases,183,Clostridium difficile,1,Number,1999,199.3508223,327.6393067,199.3508223
1,Deaths,,High-income,3,Both,10,25-29 years,302,Diarrheal diseases,183,Clostridium difficile,1,Number,2000,196.244,310.231727,196.244
1,Deaths,,High-income,3,Both,10,25-29 years,302,Diarrheal diseases,183,Clostridium difficile,1,Number,2001,203.7551589,308.6676536,203.7551589
1,Deaths,,High-income,3,Both,10,25-29 years,302,Diarrheal diseases,183,Clostridium difficile,1,Number,2002,198.2183086,299.751721,198.2183086
1,Deaths,,High-income,3,Both,10,25-29 years,302,Diarrheal diseases,183,Clostridium difficile,1,Number,2003,196.3138692,285.9869396,196.3138692
1,Deaths,,High-income,3,Both,10,25-29 years,302,Diarrheal diseases,183,Clostridium difficile,1,Number,2004,196.6598603,281.8584543,196.6598603
1,Deaths,,High-income,3,Both,10,25-29 years,302,Diarrheal diseases,183,Clostridium difficile,1,Number,2005,202.9388613,289.7181657,202.9388613
1,Deaths,,High-income,3,Both,10,25-29 years,302,Diarrheal diseases,183,Clostridium difficile,1,Number,2006,213.5256304,301.1693041,213.5256304
1,Deaths,,High-income,3,Both,10,25-29 years,302,Diarrheal diseases,183,Clostridium difficile,1,Number,2007,223.7540926,302.4740205,223.7540926
1,Deaths,,High-income,3,Both,10,25-29 years,302,Diarrheal diseases,183,Clostridium difficile,1,Number,2008,222.8549134,311.6220416,222.8549134
1,Deaths,,High-income,3,Both,10,25-29 years,302,Diarrheal diseases,183,Clostridium difficile,1,Number,2009,232.6074088,307.9198406,232.6074088
1,Deaths,,High-income,3,Both,10,25-29 years,302,Diarrheal diseases,183,Clostridium difficile,1,Number,2010,219.4115334,293.8061251,219.4115334
1,Deaths,,High-income,3,Both,10,25-29 years,302,Diarrheal diseases,183,Clostridium difficile,1,Number,2011,220.7861216,285.2506685,220.7861216
1,Deaths,,High-income,3,Both,10,25-29 years,302,Diarrheal diseases,183,Clostridium difficile,1,Number,2012,212.7395282,283.616279,212.7395282
1,Deaths,,High-income,3,Both,10,25-29 years,302,Diarrheal diseases,183,Clostridium difficile,1,Number,2013,209.811328,271.3419291,209.811328
1,Deaths,,High-income,3,Both,10,25-29 years,302,Diarrheal diseases,183,Clostridium difficile,1,Number,2014,210.6594138,272.5178706,210.6594138
1,Deaths,,High-income,3,Both,10,25-29 years,302,Diarrheal diseases,183,Clostridium difficile,1,Number,2015,213.4996612,278.8414092,213.4996612
1,Deaths,,High-income,3,Both,10,25-29 years,302,Diarrheal diseases,183,Clostridium difficile,1,Number,2016,221.976276,283.2049967,221.976276
1,Deaths,,High-income,3,Both,10,25-29 years,302,Diarrheal diseases,183,Clostridium difficile,1,Number,2017,219.8610327,287.9485773,219.8610327
1,Deaths,,High-income,3,Both,10,25-29 years,302,Diarrheal diseases,183,Clostridium difficile,1,Number,2018,227.1660224,286.8315987,227.1660224
1,Deaths,,High-income,3,Both,10,25-29 years,302,Diarrheal diseases,183,Clostridium difficile,1,Number,2019,220.5346619,288.851307,220.5346619
1,Deaths,,High-income,3,Both,10,25-29 years,302,Diarrheal diseases,183,Clostridium difficile,1,Number,2020,212.4844964,270.8794521,212.4844964
1,Deaths,,High-income,3,Both,10,25-29 years,302,Diarrheal diseases,183,Clostridium difficile,1,Number,2021,203.9183422,262.5709576,203.9183422
1,Deaths,,High-income,3,Both,11,30-34 years,302,Diarrheal diseases,183,Clostridium difficile,1,Number,1990,371.3555801,700.9920253,371.3555801
1,Deaths,,High-income,3,Both,11,30-34 years,302,Diarrheal diseases,183,Clostridium difficile,1,Number,1991,341.5458635,665.2877882,341.5458635
1,Deaths,,High-income,3,Both,11,30-34 years,302,Diarrheal diseases,183,Clostridium difficile,1,Number,1992,335.3361763,639.7859247,335.3361763
1,Deaths,,High-income,3,Both,11,30-34 years,302,Diarrheal diseases,183,Clostridium difficile,1,Number,1993,336.6198368,616.2416203,336.6198368
1,Deaths,,High-income,3,Both,11,30-34 years,302,Diarrheal diseases,183,Clostridium difficile,1,Number,1994,335.3806352,612.9566052,335.3806352
1,Deaths,,High-income,3,Both,11,30-34 years,302,Diarrheal diseases,183,Clostridium difficile,1,Number,1995,336.6156329,585.1628609,336.6156329
1,Deaths,,High-income,3,Both,11,30-34 years,302,Diarrheal diseases,183,Clostridium difficile,1,Number,1996,320.1905106,564.9189718,320.1905106
1,Deaths,,High-income,3,Both,11,30-34 years,302,Diarrheal diseases,183,Clostridium difficile,1,Number,1997,321.2411305,548.9940737,321.2411305
1,Deaths,,High-income,3,Both,11,30-34 years,302,Diarrheal diseases,183,Clostridium difficile,1,Number,1998,322.8988024,523.7150502,322.8988024
1,Deaths,,High-income,3,Both,11,30-34 years,302,Diarrheal diseases,183,Clostridium difficile,1,Number,1999,311.8652052,504.0937035,311.8652052
1,Deaths,,High-income,3,Both,11,30-34 years,302,Diarrheal diseases,183,Clostridium difficile,1,Number,2000,301.3037535,484.7200084,301.3037535
1,Deaths,,High-income,3,Both,11,30-34 years,302,Diarrheal diseases,183,Clostridium difficile,1,Number,2001,321.6285313,493.0379382,321.6285313
1,Deaths,,High-income,3,Both,11,30-34 years,302,Diarrheal diseases,183,Clostridium difficile,1,Number,2002,317.6141546,481.3066517,317.6141546
1,Deaths,,High-income,3,Both,11,30-34 years,302,Diarrheal diseases,183,Clostridium difficile,1,Number,2003,314.132832,458.157644,314.132832
1,Deaths,,High-income,3,Both,11,30-34 years,302,Diarrheal diseases,183,Clostridium difficile,1,Number,2004,314.8197984,446.2157687,314.8197984
1,Deaths,,High-income,3,Both,11,30-34 years,302,Diarrheal diseases,183,Clostridium difficile,1,Number,2005,317.6356585,450.4541032,317.6356585
1,Deaths,,High-income,3,Both,11,30-34 years,302,Diarrheal diseases,183,Clostridium difficile,1,Number,2006,321.2216954,453.547312,321.2216954
1,Deaths,,High-income,3,Both,11,30-34 years,302,Diarrheal diseases,183,Clostridium difficile,1,Number,2007,326.0398236,436.9531232,326.0398236
1,Deaths,,High-income,3,Both,11,30-34 years,302,Diarrheal diseases,183,Clostridium difficile,1,Number,2008,329.2351648,435.7836343,329.2351648
1,Deaths,,High-income,3,Both,11,30-34 years,302,Diarrheal diseases,183,Clostridium difficile,1,Number,2009,339.1850616,440.2010059,339.1850616
1,Deaths,,High-income,3,Both,11,30-34 years,302,Diarrheal diseases,183,Clostridium difficile,1,Number,2010,334.0378549,429.0836364,334.0378549
1,Deaths,,High-income,3,Both,11,30-34 years,302,Diarrheal diseases,183,Clostridium difficile,1,Number,2011,337.3728876,435.112573,337.3728876
1,Deaths,,High-income,3,Both,11,30-34 years,302,Diarrheal diseases,183,Clostridium difficile,1,Number,2012,331.9335574,436.0503949,331.9335574
1,Deaths,,High-income,3,Both,11,30-34 years,302,Diarrheal diseases,183,Clostridium difficile,1,Number,2013,331.4101976,417.3932794,331.4101976
1,Deaths,,High-income,3,Both,11,30-34 years,302,Diarrheal diseases,183,Clostridium difficile,1,Number,2014,326.5196343,422.4022728,326.5196343
1,Deaths,,High-income,3,Both,11,30-34 years,302,Diarrheal diseases,183,Clostridium difficile,1,Number,2015,333.1900985,426.8461021,333.1900985
1,Deaths,,High-income,3,Both,11,30-34 years,302,Diarrheal diseases,183,Clostridium difficile,1,Number,2016,342.1658557,425.1933903,342.1658557
1,Deaths,,High-income,3,Both,11,30-34 years,302,Diarrheal diseases,183,Clostridium difficile,1,Number,2017,333.8600719,428.57719,333.8600719
1,Deaths,,High-income,3,Both,11,30-34 years,302,Diarrheal diseases,183,Clostridium difficile,1,Number,2018,344.580185,432.5529584,344.580185
1,Deaths,,High-income,3,Both,11,30-34 years,302,Diarrheal diseases,183,Clostridium difficile,1,Number,2019,344.2130443,435.8939064,344.2130443
1,Deaths,,High-income,3,Both,11,30-34 years,302,Diarrheal diseases,183,Clostridium difficile,1,Number,2020,328.5364695,414.4107654,328.5364695
1,Deaths,,High-income,3,Both,11,30-34 years,302,Diarrheal diseases,183,Clostridium difficile,1,Number,2021,321.3931767,404.6587144,321.3931767
1,Deaths,,High-income,3,Both,12,35-39 years,302,Diarrheal diseases,183,Clostridium difficile,1,Number,1990,522.2002468,998.8528344,522.2002468
1,Deaths,,High-income,3,Both,12,35-39 years,302,Diarrheal diseases,183,Clostridium difficile,1,Number,1991,483.7276912,946.746111,483.7276912
1,Deaths,,High-income,3,Both,12,35-39 years,302,Diarrheal diseases,183,Clostridium difficile,1,Number,1992,468.2031543,920.4616664,468.2031543
1,Deaths,,High-income,3,Both,12,35-39 years,302,Diarrheal diseases,183,Clostridium difficile,1,Number,1993,485.7512499,886.9844957,485.7512499
1,Deaths,,High-income,3,Both,12,35-39 years,302,Diarrheal diseases,183,Clostridium difficile,1,Number,1994,499.0049165,875.107129,499.0049165
1,Deaths,,High-income,3,Both,12,35-39 years,302,Diarrheal diseases,183,Clostridium difficile,1,Number,1995,476.7454807,872.4318628,476.7454807
1,Deaths,,High-income,3,Both,12,35-39 years,302,Diarrheal diseases,183,Clostridium difficile,1,Number,1996,490.2842732,824.6688688,490.2842732
1,Deaths,,High-income,3,Both,12,35-39 years,302,Diarrheal diseases,183,Clostridium difficile,1,Number,1997,487.6529249,834.7190344,487.6529249
1,Deaths,,High-income,3,Both,12,35-39 years,302,Diarrheal diseases,183,Clostridium difficile,1,Number,1998,505.6216945,819.5889681,505.6216945
1,Deaths,,High-income,3,Both,12,35-39 years,302,Diarrheal diseases,183,Clostridium difficile,1,Number,1999,494.6633419,804.7928086,494.6633419
1,Deaths,,High-income,3,Both,12,35-39 years,302,Diarrheal diseases,183,Clostridium difficile,1,Number,2000,488.0059932,780.6022946,488.0059932
1,Deaths,,High-income,3,Both,12,35-39 years,302,Diarrheal diseases,183,Clostridium difficile,1,Number,2001,506.514061,801.4172214,506.514061
1,Deaths,,High-income,3,Both,12,35-39 years,302,Diarrheal diseases,183,Clostridium difficile,1,Number,2002,507.7873068,756.1760881,507.7873068
1,Deaths,,High-income,3,Both,12,35-39 years,302,Diarrheal diseases,183,Clostridium difficile,1,Number,2003,489.2053051,720.998701,489.2053051
1,Deaths,,High-income,3,Both,12,35-39 years,302,Diarrheal diseases,183,Clostridium difficile,1,Number,2004,482.3443887,709.4190555,482.3443887
1,Deaths,,High-income,3,Both,12,35-39 years,302,Diarrheal diseases,183,Clostridium difficile,1,Number,2005,497.2899173,707.7652769,497.2899173
1,Deaths,,High-income,3,Both,12,35-39 years,302,Diarrheal diseases,183,Clostridium difficile,1,Number,2006,528.5319745,709.5466868,528.5319745
1,Deaths,,High-income,3,Both,12,35-39 years,302,Diarrheal diseases,183,Clostridium difficile,1,Number,2007,515.0543977,712.1500126,515.0543977
1,Deaths,,High-income,3,Both,12,35-39 years,302,Diarrheal diseases,183,Clostridium difficile,1,Number,2008,520.7903104,696.433677,520.7903104
1,Deaths,,High-income,3,Both,12,35-39 years,302,Diarrheal diseases,183,Clostridium difficile,1,Number,2009,524.3889047,690.4456007,524.3889047
1,Deaths,,High-income,3,Both,12,35-39 years,302,Diarrheal diseases,183,Clostridium difficile,1,Number,2010,501.2317266,664.0814942,501.2317266
1,Deaths,,High-income,3,Both,12,35-39 years,302,Diarrheal diseases,183,Clostridium difficile,1,Number,2011,498.2606136,644.9495195,498.2606136
1,Deaths,,High-income,3,Both,12,35-39 years,302,Diarrheal diseases,183,Clostridium difficile,1,Number,2012,487.1382293,627.8502736,487.1382293
1,Deaths,,High-income,3,Both,12,35-39 years,302,Diarrheal diseases,183,Clostridium difficile,1,Number,2013,478.1101321,600.7086357,478.1101321
1,Deaths,,High-income,3,Both,12,35-39 years,302,Diarrheal diseases,183,Clostridium difficile,1,Number,2014,478.0119189,599.2836444,478.0119189
1,Deaths,,High-income,3,Both,12,35-39 years,302,Diarrheal diseases,183,Clostridium difficile,1,Number,2015,486.2685996,612.1926062,486.2685996
1,Deaths,,High-income,3,Both,12,35-39 years,302,Diarrheal diseases,183,Clostridium difficile,1,Number,2016,498.6321695,624.1605128,498.6321695
1,Deaths,,High-income,3,Both,12,35-39 years,302,Diarrheal diseases,183,Clostridium difficile,1,Number,2017,497.1498945,634.3505776,497.1498945
1,Deaths,,High-income,3,Both,12,35-39 years,302,Diarrheal diseases,183,Clostridium difficile,1,Number,2018,521.3879445,646.9914319,521.3879445
1,Deaths,,High-income,3,Both,12,35-39 years,302,Diarrheal diseases,183,Clostridium difficile,1,Number,2019,521.799211,648.9829694,521.799211
1,Deaths,,High-income,3,Both,12,35-39 years,302,Diarrheal diseases,183,Clostridium difficile,1,Number,2020,491.831049,616.7273721,491.831049
1,Deaths,,High-income,3,Both,12,35-39 years,302,Diarrheal diseases,183,Clostridium difficile,1,Number,2021,468.7617508,596.0545217,468.7617508
1,Deaths,,High-income,3,Both,13,40-44 years,302,Diarrheal diseases,183,Clostridium difficile,1,Number,1990,768.6633524,1424.363046,768.6633524
1,Deaths,,High-income,3,Both,13,40-44 years,302,Diarrheal diseases,183,Clostridium difficile,1,Number,1991,711.2856129,1429.766862,711.2856129
1,Deaths,,High-income,3,Both,13,40-44 years,302,Diarrheal diseases,183,Clostridium difficile,1,Number,1992,712.1716317,1374.240967,712.1716317
1,Deaths,,High-income,3,Both,13,40-44 years,302,Diarrheal diseases,183,Clostridium difficile,1,Number,1993,715.6269412,1312.549659,715.6269412
1,Deaths,,High-income,3,Both,13,40-44 years,302,Diarrheal diseases,183,Clostridium difficile,1,Number,1994,708.1084241,1302.494732,708.1084241
1,Deaths,,High-income,3,Both,13,40-44 years,302,Diarrheal diseases,183,Clostridium difficile,1,Number,1995,697.4643903,1259.171791,697.4643903
1,Deaths,,High-income,3,Both,13,40-44 years,302,Diarrheal diseases,183,Clostridium difficile,1,Number,1996,668.245648,1238.955084,668.245648
1,Deaths,,High-income,3,Both,13,40-44 years,302,Diarrheal diseases,183,Clostridium difficile,1,Number,1997,704.113282,1228.517586,704.113282
1,Deaths,,High-income,3,Both,13,40-44 years,302,Diarrheal diseases,183,Clostridium difficile,1,Number,1998,747.2270283,1220.041268,747.2270283
1,Deaths,,High-income,3,Both,13,40-44 years,302,Diarrheal diseases,183,Clostridium difficile,1,Number,1999,722.2021227,1243.863439,722.2021227
1,Deaths,,High-income,3,Both,13,40-44 years,302,Diarrheal diseases,183,Clostridium difficile,1,Number,2000,744.941447,1196.46035,744.941447
1,Deaths,,High-income,3,Both,13,40-44 years,302,Diarrheal diseases,183,Clostridium difficile,1,Number,2001,796.7304783,1231.254166,796.7304783
1,Deaths,,High-income,3,Both,13,40-44 years,302,Diarrheal diseases,183,Clostridium difficile,1,Number,2002,805.4879687,1217.197897,805.4879687
1,Deaths,,High-income,3,Both,13,40-44 years,302,Diarrheal diseases,183,Clostridium difficile,1,Number,2003,778.2669032,1196.272954,778.2669032
1,Deaths,,High-income,3,Both,13,40-44 years,302,Diarrheal diseases,183,Clostridium difficile,1,Number,2004,804.2358016,1163.085391,804.2358016
1,Deaths,,High-income,3,Both,13,40-44 years,302,Diarrheal diseases,183,Clostridium difficile,1,Number,2005,827.4631236,1179.930947,827.4631236
1,Deaths,,High-income,3,Both,13,40-44 years,302,Diarrheal diseases,183,Clostridium difficile,1,Number,2006,847.6232901,1191.886067,847.6232901
1,Deaths,,High-income,3,Both,13,40-44 years,302,Diarrheal diseases,183,Clostridium difficile,1,Number,2007,841.3693918,1153.548198,841.3693918
1,Deaths,,High-income,3,Both,13,40-44 years,302,Diarrheal diseases,183,Clostridium difficile,1,Number,2008,841.6843437,1115.625489,841.6843437
1,Deaths,,High-income,3,Both,13,40-44 years,302,Diarrheal diseases,183,Clostridium difficile,1,Number,2009,817.7887439,1113.746035,817.7887439
1,Deaths,,High-income,3,Both,13,40-44 years,302,Diarrheal diseases,183,Clostridium difficile,1,Number,2010,797.3480031,1054.254595,797.3480031
1,Deaths,,High-income,3,Both,13,40-44 years,302,Diarrheal diseases,183,Clostridium difficile,1,Number,2011,793.7812101,1050.667505,793.7812101
1,Deaths,,High-income,3,Both,13,40-44 years,302,Diarrheal diseases,183,Clostridium difficile,1,Number,2012,786.4410112,1027.661849,786.4410112
1,Deaths,,High-income,3,Both,13,40-44 years,302,Diarrheal diseases,183,Clostridium difficile,1,Number,2013,762.1882436,990.5167242,762.1882436
1,Deaths,,High-income,3,Both,13,40-44 years,302,Diarrheal diseases,183,Clostridium difficile,1,Number,2014,754.6327926,970.0749849,754.6327926
1,Deaths,,High-income,3,Both,13,40-44 years,302,Diarrheal diseases,183,Clostridium difficile,1,Number,2015,739.7939439,962.6729146,739.7939439
1,Deaths,,High-income,3,Both,13,40-44 years,302,Diarrheal diseases,183,Clostridium difficile,1,Number,2016,724.5520194,945.2540252,724.5520194
1,Deaths,,High-income,3,Both,13,40-44 years,302,Diarrheal diseases,183,Clostridium difficile,1,Number,2017,716.9117436,917.9789508,716.9117436
1,Deaths,,High-income,3,Both,13,40-44 years,302,Diarrheal diseases,183,Clostridium difficile,1,Number,2018,731.4099739,932.7035903,731.4099739
1,Deaths,,High-income,3,Both,13,40-44 years,302,Diarrheal diseases,183,Clostridium difficile,1,Number,2019,735.5502868,925.5176921,735.5502868
1,Deaths,,High-income,3,Both,13,40-44 years,302,Diarrheal diseases,183,Clostridium difficile,1,Number,2020,708.4694298,887.2442265,708.4694298
1,Deaths,,High-income,3,Both,13,40-44 years,302,Diarrheal diseases,183,Clostridium difficile,1,Number,2021,679.6910676,883.5020576,679.6910676
1,Deaths,,High-income,3,Both,14,45-49 years,302,Diarrheal diseases,183,Clostridium difficile,1,Number,1990,1013.322857,1909.656072,1013.322857
1,Deaths,,High-income,3,Both,14,45-49 years,302,Diarrheal diseases,183,Clostridium difficile,1,Number,1991,944.334705,1790.924785,944.334705
1,Deaths,,High-income,3,Both,14,45-49 years,302,Diarrheal diseases,183,Clostridium difficile,1,Number,1992,952.1469169,1768.56978,952.1469169
1,Deaths,,High-income,3,Both,14,45-49 years,302,Diarrheal diseases,183,Clostridium difficile,1,Number,1993,950.509692,1767.61192,950.509692
1,Deaths,,High-income,3,Both,14,45-49 years,302,Diarrheal diseases,183,Clostridium difficile,1,Number,1994,966.2414306,1822.805699,966.2414306
1,Deaths,,High-income,3,Both,14,45-49 years,302,Diarrheal diseases,183,Clostridium difficile,1,Number,1995,1012.495937,1801.91387,1012.495937
1,Deaths,,High-income,3,Both,14,45-49 years,302,Diarrheal diseases,183,Clostridium difficile,1,Number,1996,1041.416077,1782.35468,1041.416077
1,Deaths,,High-income,3,Both,14,45-49 years,302,Diarrheal diseases,183,Clostridium difficile,1,Number,1997,1036.92871,1810.477829,1036.92871
1,Deaths,,High-income,3,Both,14,45-49 years,302,Diarrheal diseases,183,Clostridium difficile,1,Number,1998,1083.874263,1780.474366,1083.874263
1,Deaths,,High-income,3,Both,14,45-49 years,302,Diarrheal diseases,183,Clostridium difficile,1,Number,1999,1074.355694,1756.532615,1074.355694
1,Deaths,,High-income,3,Both,14,45-49 years,302,Diarrheal diseases,183,Clostridium difficile,1,Number,2000,1056.866094,1728.205986,1056.866094
1,Deaths,,High-income,3,Both,14,45-49 years,302,Diarrheal diseases,183,Clostridium difficile,1,Number,2001,1143.031546,1775.920266,1143.031546
1,Deaths,,High-income,3,Both,14,45-49 years,302,Diarrheal diseases,183,Clostridium difficile,1,Number,2002,1164.586425,1765.806886,1164.586425
1,Deaths,,High-income,3,Both,14,45-49 years,302,Diarrheal diseases,183,Clostridium difficile,1,Number,2003,1163.69798,1728.534089,1163.69798
1,Deaths,,High-income,3,Both,14,45-49 years,302,Diarrheal diseases,183,Clostridium difficile,1,Number,2004,1204.174709,1721.865003,1204.174709
1,Deaths,,High-income,3,Both,14,45-49 years,302,Diarrheal diseases,183,Clostridium difficile,1,Number,2005,1249.848263,1782.197203,1249.848263
1,Deaths,,High-income,3,Both,14,45-49 years,302,Diarrheal diseases,183,Clostridium difficile,1,Number,2006,1328.835819,1806.204578,1328.835819
1,Deaths,,High-income,3,Both,14,45-49 years,302,Diarrheal diseases,183,Clostridium difficile,1,Number,2007,1347.364956,1780.102641,1347.364956
1,Deaths,,High-income,3,Both,14,45-49 years,302,Diarrheal diseases,183,Clostridium difficile,1,Number,2008,1321.502126,1800.148343,1321.502126
1,Deaths,,High-income,3,Both,14,45-49 years,302,Diarrheal diseases,183,Clostridium difficile,1,Number,2009,1327.799461,1773.13591,1327.799461
1,Deaths,,High-income,3,Both,14,45-49 years,302,Diarrheal diseases,183,Clostridium difficile,1,Number,2010,1288.151008,1728.502088,1288.151008
1,Deaths,,High-income,3,Both,14,45-49 years,302,Diarrheal diseases,183,Clostridium difficile,1,Number,2011,1264.17594,1730.966279,1264.17594
1,Deaths,,High-income,3,Both,14,45-49 years,302,Diarrheal diseases,183,Clostridium difficile,1,Number,2012,1263.86106,1665.205516,1263.86106
1,Deaths,,High-income,3,Both,14,45-49 years,302,Diarrheal diseases,183,Clostridium difficile,1,Number,2013,1189.444215,1604.132824,1189.444215
1,Deaths,,High-income,3,Both,14,45-49 years,302,Diarrheal diseases,183,Clostridium difficile,1,Number,2014,1190.222069,1540.354253,1190.222069
1,Deaths,,High-income,3,Both,14,45-49 years,302,Diarrheal diseases,183,Clostridium difficile,1,Number,2015,1174.446444,1521.341725,1174.446444
1,Deaths,,High-income,3,Both,14,45-49 years,302,Diarrheal diseases,183,Clostridium difficile,1,Number,2016,1186.322346,1482.453357,1186.322346
1,Deaths,,High-income,3,Both,14,45-49 years,302,Diarrheal diseases,183,Clostridium difficile,1,Number,2017,1164.609793,1459.069855,1164.609793
1,Deaths,,High-income,3,Both,14,45-49 years,302,Diarrheal diseases,183,Clostridium difficile,1,Number,2018,1181.187699,1486.273017,1181.187699
1,Deaths,,High-income,3,Both,14,45-49 years,302,Diarrheal diseases,183,Clostridium difficile,1,Number,2019,1155.040595,1473.598717,1155.040595
1,Deaths,,High-income,3,Both,14,45-49 years,302,Diarrheal diseases,183,Clostridium difficile,1,Number,2020,1108.100381,1386.279212,1108.100381
1,Deaths,,High-income,3,Both,14,45-49 years,302,Diarrheal diseases,183,Clostridium difficile,1,Number,2021,1056.030258,1346.020993,1056.030258
1,Deaths,,High-income,3,Both,6,5-9 years,302,Diarrheal diseases,183,Clostridium difficile,1,Number,1990,85.44715914,177.4383,85.44715914
1,Deaths,,High-income,3,Both,6,5-9 years,302,Diarrheal diseases,183,Clostridium difficile,1,Number,1991,80.06743071,158.7686248,80.06743071
1,Deaths,,High-income,3,Both,6,5-9 years,302,Diarrheal diseases,183,Clostridium difficile,1,Number,1992,76.48347028,147.6223669,76.48347028
1,Deaths,,High-income,3,Both,6,5-9 years,302,Diarrheal diseases,183,Clostridium difficile,1,Number,1993,72.21519129,141.0710573,72.21519129
1,Deaths,,High-income,3,Both,6,5-9 years,302,Diarrheal diseases,183,Clostridium difficile,1,Number,1994,72.1777134,128.9758994,72.1777134
1,Deaths,,High-income,3,Both,6,5-9 years,302,Diarrheal diseases,183,Clostridium difficile,1,Number,1995,64.36555409,122.453092,64.36555409
1,Deaths,,High-income,3,Both,6,5-9 years,302,Diarrheal diseases,183,Clostridium difficile,1,Number,1996,62.34487663,114.9936702,62.34487663
1,Deaths,,High-income,3,Both,6,5-9 years,302,Diarrheal diseases,183,Clostridium difficile,1,Number,1997,65.81457219,110.2787721,65.81457219
1,Deaths,,High-income,3,Both,6,5-9 years,302,Diarrheal diseases,183,Clostridium difficile,1,Number,1998,63.89789549,106.9681764,63.89789549
1,Deaths,,High-income,3,Both,6,5-9 years,302,Diarrheal diseases,183,Clostridium difficile,1,Number,1999,56.09368868,100.2001691,56.09368868
1,Deaths,,High-income,3,Both,6,5-9 years,302,Diarrheal diseases,183,Clostridium difficile,1,Number,2000,54.38679949,93.74602014,54.38679949
1,Deaths,,High-income,3,Both,6,5-9 years,302,Diarrheal diseases,183,Clostridium difficile,1,Number,2001,57.28855713,91.49150687,57.28855713
1,Deaths,,High-income,3,Both,6,5-9 years,302,Diarrheal diseases,183,Clostridium difficile,1,Number,2002,58.22615241,88.8223299,58.22615241
1,Deaths,,High-income,3,Both,6,5-9 years,302,Diarrheal diseases,183,Clostridium difficile,1,Number,2003,52.95375356,85.34326408,52.95375356
1,Deaths,,High-income,3,Both,6,5-9 years,302,Diarrheal diseases,183,Clostridium difficile,1,Number,2004,52.53404682,81.25320074,52.53404682
1,Deaths,,High-income,3,Both,6,5-9 years,302,Diarrheal diseases,183,Clostridium difficile,1,Number,2005,55.72392413,79.29610661,55.72392413
1,Deaths,,High-income,3,Both,6,5-9 years,302,Diarrheal diseases,183,Clostridium difficile,1,Number,2006,54.68513456,82.23359168,54.68513456
1,Deaths,,High-income,3,Both,6,5-9 years,302,Diarrheal diseases,183,Clostridium difficile,1,Number,2007,53.36988798,79.86303929,53.36988798
1,Deaths,,High-income,3,Both,6,5-9 years,302,Diarrheal diseases,183,Clostridium difficile,1,Number,2008,53.20530412,78.41073227,53.20530412
1,Deaths,,High-income,3,Both,6,5-9 years,302,Diarrheal diseases,183,Clostridium difficile,1,Number,2009,53.5107409,76.48348878,53.5107409
1,Deaths,,High-income,3,Both,6,5-9 years,302,Diarrheal diseases,183,Clostridium difficile,1,Number,2010,50.13758198,70.10552227,50.13758198
1,Deaths,,High-income,3,Both,6,5-9 years,302,Diarrheal diseases,183,Clostridium difficile,1,Number,2011,49.71311765,71.39655879,49.71311765
1,Deaths,,High-income,3,Both,6,5-9 years,302,Diarrheal diseases,183,Clostridium difficile,1,Number,2012,48.07243337,69.85720185,48.07243337
1,Deaths,,High-income,3,Both,6,5-9 years,302,Diarrheal diseases,183,Clostridium difficile,1,Number,2013,45.88761903,67.43851121,45.88761903
1,Deaths,,High-income,3,Both,6,5-9 years,302,Diarrheal diseases,183,Clostridium difficile,1,Number,2014,47.04228267,67.64306865,47.04228267
1,Deaths,,High-income,3,Both,6,5-9 years,302,Diarrheal diseases,183,Clostridium difficile,1,Number,2015,46.25258958,63.78225099,46.25258958
1,Deaths,,High-income,3,Both,6,5-9 years,302,Diarrheal diseases,183,Clostridium difficile,1,Number,2016,45.19825502,64.7776926,45.19825502
1,Deaths,,High-income,3,Both,6,5-9 years,302,Diarrheal diseases,183,Clostridium difficile,1,Number,2017,45.19577047,62.74592048,45.19577047
1,Deaths,,High-income,3,Both,6,5-9 years,302,Diarrheal diseases,183,Clostridium difficile,1,Number,2018,43.11440689,61.48585571,43.11440689
1,Deaths,,High-income,3,Both,6,5-9 years,302,Diarrheal diseases,183,Clostridium difficile,1,Number,2019,41.44331414,60.85573619,41.44331414
1,Deaths,,High-income,3,Both,6,5-9 years,302,Diarrheal diseases,183,Clostridium difficile,1,Number,2020,37.29648385,52.96505378,37.29648385
1,Deaths,,High-income,3,Both,6,5-9 years,302,Diarrheal diseases,183,Clostridium difficile,1,Number,2021,37.76158251,53.96547442,37.76158251
1,Deaths,,High-income,3,Both,15,50-54 years,302,Diarrheal diseases,183,Clostridium difficile,1,Number,1990,1665.557268,3267.037604,1665.557268
1,Deaths,,High-income,3,Both,15,50-54 years,302,Diarrheal diseases,183,Clostridium difficile,1,Number,1991,1550.84958,3046.064826,1550.84958
1,Deaths,,High-income,3,Both,15,50-54 years,302,Diarrheal diseases,183,Clostridium difficile,1,Number,1992,1533.337209,2935.436044,1533.337209
1,Deaths,,High-income,3,Both,15,50-54 years,302,Diarrheal diseases,183,Clostridium difficile,1,Number,1993,1553.487544,2817.501755,1553.487544
1,Deaths,,High-income,3,Both,15,50-54 years,302,Diarrheal diseases,183,Clostridium difficile,1,Number,1994,1529.988209,2843.729743,1529.988209
1,Deaths,,High-income,3,Both,15,50-54 years,302,Diarrheal diseases,183,Clostridium difficile,1,Number,1995,1488.20364,2715.262327,1488.20364
1,Deaths,,High-income,3,Both,15,50-54 years,302,Diarrheal diseases,183,Clostridium difficile,1,Number,1996,1483.049187,2566.039279,1483.049187
1,Deaths,,High-income,3,Both,15,50-54 years,302,Diarrheal diseases,183,Clostridium difficile,1,Number,1997,1525.912921,2652.017893,1525.912921
1,Deaths,,High-income,3,Both,15,50-54 years,302,Diarrheal diseases,183,Clostridium difficile,1,Number,1998,1606.435544,2682.132835,1606.435544
1,Deaths,,High-income,3,Both,15,50-54 years,302,Diarrheal diseases,183,Clostridium difficile,1,Number,1999,1625.225138,2724.190799,1625.225138
1,Deaths,,High-income,3,Both,15,50-54 years,302,Diarrheal diseases,183,Clostridium difficile,1,Number,2000,1687.795187,2744.558719,1687.795187
1,Deaths,,High-income,3,Both,15,50-54 years,302,Diarrheal diseases,183,Clostridium difficile,1,Number,2001,1814.806914,2926.392939,1814.806914
1,Deaths,,High-income,3,Both,15,50-54 years,302,Diarrheal diseases,183,Clostridium difficile,1,Number,2002,1849.056352,2878.756672,1849.056352
1,Deaths,,High-income,3,Both,15,50-54 years,302,Diarrheal diseases,183,Clostridium difficile,1,Number,2003,1861.767334,2742.621601,1861.767334
1,Deaths,,High-income,3,Both,15,50-54 years,302,Diarrheal diseases,183,Clostridium difficile,1,Number,2004,1881.883198,2714.268849,1881.883198
1,Deaths,,High-income,3,Both,15,50-54 years,302,Diarrheal diseases,183,Clostridium difficile,1,Number,2005,1914.20461,2815.654054,1914.20461
1,Deaths,,High-income,3,Both,15,50-54 years,302,Diarrheal diseases,183,Clostridium difficile,1,Number,2006,2026.384635,2852.765119,2026.384635
1,Deaths,,High-income,3,Both,15,50-54 years,302,Diarrheal diseases,183,Clostridium difficile,1,Number,2007,2067.469677,2808.450666,2067.469677
1,Deaths,,High-income,3,Both,15,50-54 years,302,Diarrheal diseases,183,Clostridium difficile,1,Number,2008,2055.127553,2864.653453,2055.127553
1,Deaths,,High-income,3,Both,15,50-54 years,302,Diarrheal diseases,183,Clostridium difficile,1,Number,2009,2103.221316,2853.152323,2103.221316
1,Deaths,,High-income,3,Both,15,50-54 years,302,Diarrheal diseases,183,Clostridium difficile,1,Number,2010,2069.419778,2823.476466,2069.419778
1,Deaths,,High-income,3,Both,15,50-54 years,302,Diarrheal diseases,183,Clostridium difficile,1,Number,2011,2133.105205,2831.741106,2133.105205
1,Deaths,,High-income,3,Both,15,50-54 years,302,Diarrheal diseases,183,Clostridium difficile,1,Number,2012,2155.980189,2779.681771,2155.980189
1,Deaths,,High-income,3,Both,15,50-54 years,302,Diarrheal diseases,183,Clostridium difficile,1,Number,2013,2063.333248,2724.594659,2063.333248
1,Deaths,,High-income,3,Both,15,50-54 years,302,Diarrheal diseases,183,Clostridium difficile,1,Number,2014,2088.859909,2671.400345,2088.859909
1,Deaths,,High-income,3,Both,15,50-54 years,302,Diarrheal diseases,183,Clostridium difficile,1,Number,2015,2065.020317,2685.77259,2065.020317
1,Deaths,,High-income,3,Both,15,50-54 years,302,Diarrheal diseases,183,Clostridium difficile,1,Number,2016,2010.115193,2644.892701,2010.115193
1,Deaths,,High-income,3,Both,15,50-54 years,302,Diarrheal diseases,183,Clostridium difficile,1,Number,2017,1956.968403,2569.011156,1956.968403
1,Deaths,,High-income,3,Both,15,50-54 years,302,Diarrheal diseases,183,Clostridium difficile,1,Number,2018,2006.985725,2558.677502,2006.985725
1,Deaths,,High-income,3,Both,15,50-54 years,302,Diarrheal diseases,183,Clostridium difficile,1,Number,2019,1997.507282,2493.731281,1997.507282
1,Deaths,,High-income,3,Both,15,50-54 years,302,Diarrheal diseases,183,Clostridium difficile,1,Number,2020,1884.785347,2418.880349,1884.785347
1,Deaths,,High-income,3,Both,15,50-54 years,302,Diarrheal diseases,183,Clostridium difficile,1,Number,2021,1858.106523,2405.112616,1858.106523
1,Deaths,,High-income,3,Both,16,55-59 years,302,Diarrheal diseases,183,Clostridium difficile,1,Number,1990,2479.991685,4862.714123,2479.991685
1,Deaths,,High-income,3,Both,16,55-59 years,302,Diarrheal diseases,183,Clostridium difficile,1,Number,1991,2226.013212,4557.149625,2226.013212
1,Deaths,,High-income,3,Both,16,55-59 years,302,Diarrheal diseases,183,Clostridium difficile,1,Number,1992,2127.783269,4384.322446,2127.783269
1,Deaths,,High-income,3,Both,16,55-59 years,302,Diarrheal diseases,183,Clostridium difficile,1,Number,1993,2120.9131,4166.697613,2120.9131
1,Deaths,,High-income,3,Both,16,55-59 years,302,Diarrheal diseases,183,Clostridium difficile,1,Number,1994,2121.667811,4070.92356,2121.667811
1,Deaths,,High-income,3,Both,16,55-59 years,302,Diarrheal diseases,183,Clostridium difficile,1,Number,1995,2051.946865,3844.649507,2051.946865
1,Deaths,,High-income,3,Both,16,55-59 years,302,Diarrheal diseases,183,Clostridium difficile,1,Number,1996,1963.377032,3713.576365,1963.377032
1,Deaths,,High-income,3,Both,16,55-59 years,302,Diarrheal diseases,183,Clostridium difficile,1,Number,1997,2031.073941,3671.159712,2031.073941
1,Deaths,,High-income,3,Both,16,55-59 years,302,Diarrheal diseases,183,Clostridium difficile,1,Number,1998,2078.058012,3695.054621,2078.058012
1,Deaths,,High-income,3,Both,16,55-59 years,302,Diarrheal diseases,183,Clostridium difficile,1,Number,1999,2017.767528,3761.316675,2017.767528
1,Deaths,,High-income,3,Both,16,55-59 years,302,Diarrheal diseases,183,Clostridium difficile,1,Number,2000,2070.284256,3579.086387,2070.284256
1,Deaths,,High-income,3,Both,16,55-59 years,302,Diarrheal diseases,183,Clostridium difficile,1,Number,2001,2199.087143,3559.791389,2199.087143
1,Deaths,,High-income,3,Both,16,55-59 years,302,Diarrheal diseases,183,Clostridium difficile,1,Number,2002,2249.282891,3647.041727,2249.282891
1,Deaths,,High-income,3,Both,16,55-59 years,302,Diarrheal diseases,183,Clostridium difficile,1,Number,2003,2254.859931,3641.7749,2254.859931
1,Deaths,,High-income,3,Both,16,55-59 years,302,Diarrheal diseases,183,Clostridium difficile,1,Number,2004,2296.260933,3730.691771,2296.260933
1,Deaths,,High-income,3,Both,16,55-59 years,302,Diarrheal diseases,183,Clostridium difficile,1,Number,2005,2514.178936,3890.911486,2514.178936
1,Deaths,,High-income,3,Both,16,55-59 years,302,Diarrheal diseases,183,Clostridium difficile,1,Number,2006,2783.773664,3983.44777,2783.773664
1,Deaths,,High-income,3,Both,16,55-59 years,302,Diarrheal diseases,183,Clostridium difficile,1,Number,2007,2702.037182,3979.729749,2702.037182
1,Deaths,,High-income,3,Both,16,55-59 years,302,Diarrheal diseases,183,Clostridium difficile,1,Number,2008,2723.926762,3895.302174,2723.926762
1,Deaths,,High-income,3,Both,16,55-59 years,302,Diarrheal diseases,183,Clostridium difficile,1,Number,2009,2792.141068,3822.309293,2792.141068
1,Deaths,,High-income,3,Both,16,55-59 years,302,Diarrheal diseases,183,Clostridium difficile,1,Number,2010,2764.008865,3784.843114,2764.008865
1,Deaths,,High-income,3,Both,16,55-59 years,302,Diarrheal diseases,183,Clostridium difficile,1,Number,2011,2776.818926,3901.359525,2776.818926
1,Deaths,,High-income,3,Both,16,55-59 years,302,Diarrheal diseases,183,Clostridium difficile,1,Number,2012,2801.400122,3937.212312,2801.400122
1,Deaths,,High-income,3,Both,16,55-59 years,302,Diarrheal diseases,183,Clostridium difficile,1,Number,2013,2796.25052,3843.50176,2796.25052
1,Deaths,,High-income,3,Both,16,55-59 years,302,Diarrheal diseases,183,Clostridium difficile,1,Number,2014,2819.826525,3878.220933,2819.826525
1,Deaths,,High-income,3,Both,16,55-59 years,302,Diarrheal diseases,183,Clostridium difficile,1,Number,2015,2840.590363,3954.346199,2840.590363
1,Deaths,,High-income,3,Both,16,55-59 years,302,Diarrheal diseases,183,Clostridium difficile,1,Number,2016,2904.21144,3893.95527,2904.21144
1,Deaths,,High-income,3,Both,16,55-59 years,302,Diarrheal diseases,183,Clostridium difficile,1,Number,2017,2852.19664,3895.216997,2852.19664
1,Deaths,,High-income,3,Both,16,55-59 years,302,Diarrheal diseases,183,Clostridium difficile,1,Number,2018,2992.747098,3942.281747,2992.747098
1,Deaths,,High-income,3,Both,16,55-59 years,302,Diarrheal diseases,183,Clostridium difficile,1,Number,2019,2943.017493,4005.03027,2943.017493
1,Deaths,,High-income,3,Both,16,55-59 years,302,Diarrheal diseases,183,Clostridium difficile,1,Number,2020,2921.016955,3817.741186,2921.016955
1,Deaths,,High-income,3,Both,16,55-59 years,302,Diarrheal diseases,183,Clostridium difficile,1,Number,2021,2822.546144,3763.578418,2822.546144
1,Deaths,,High-income,3,Both,17,60-64 years,302,Diarrheal diseases,183,Clostridium difficile,1,Number,1990,3642.813246,7121.13255,3642.813246
1,Deaths,,High-income,3,Both,17,60-64 years,302,Diarrheal diseases,183,Clostridium difficile,1,Number,1991,3368.94645,6673.645628,3368.94645
1,Deaths,,High-income,3,Both,17,60-64 years,302,Diarrheal diseases,183,Clostridium difficile,1,Number,1992,3321.640625,6349.566843,3321.640625
1,Deaths,,High-income,3,Both,17,60-64 years,302,Diarrheal diseases,183,Clostridium difficile,1,Number,1993,3247.387097,6036.972962,3247.387097
1,Deaths,,High-income,3,Both,17,60-64 years,302,Diarrheal diseases,183,Clostridium difficile,1,Number,1994,3225.153182,5843.143591,3225.153182
1,Deaths,,High-income,3,Both,17,60-64 years,302,Diarrheal diseases,183,Clostridium difficile,1,Number,1995,3108.238771,5473.003983,3108.238771
1,Deaths,,High-income,3,Both,17,60-64 years,302,Diarrheal diseases,183,Clostridium difficile,1,Number,1996,2918.722012,5247.591407,2918.722012
1,Deaths,,High-income,3,Both,17,60-64 years,302,Diarrheal diseases,183,Clostridium difficile,1,Number,1997,3063.976655,5031.498887,3063.976655
1,Deaths,,High-income,3,Both,17,60-64 years,302,Diarrheal diseases,183,Clostridium difficile,1,Number,1998,3034.585076,5038.681708,3034.585076
1,Deaths,,High-income,3,Both,17,60-64 years,302,Diarrheal diseases,183,Clostridium difficile,1,Number,1999,2892.761814,5055.000076,2892.761814
1,Deaths,,High-income,3,Both,17,60-64 years,302,Diarrheal diseases,183,Clostridium difficile,1,Number,2000,2955.444607,4747.113247,2955.444607
1,Deaths,,High-income,3,Both,17,60-64 years,302,Diarrheal diseases,183,Clostridium difficile,1,Number,2001,3092.153567,4735.437204,3092.153567
1,Deaths,,High-income,3,Both,17,60-64 years,302,Diarrheal diseases,183,Clostridium difficile,1,Number,2002,3032.23653,4782.929033,3032.23653
1,Deaths,,High-income,3,Both,17,60-64 years,302,Diarrheal diseases,183,Clostridium difficile,1,Number,2003,3094.224224,4610.117478,3094.224224
1,Deaths,,High-income,3,Both,17,60-64 years,302,Diarrheal diseases,183,Clostridium difficile,1,Number,2004,3061.324842,4697.241351,3061.324842
1,Deaths,,High-income,3,Both,17,60-64 years,302,Diarrheal diseases,183,Clostridium difficile,1,Number,2005,3231.695025,4694.207408,3231.695025
1,Deaths,,High-income,3,Both,17,60-64 years,302,Diarrheal diseases,183,Clostridium difficile,1,Number,2006,3378.543589,4618.21415,3378.543589
1,Deaths,,High-income,3,Both,17,60-64 years,302,Diarrheal diseases,183,Clostridium difficile,1,Number,2007,3470.005508,4645.779131,3470.005508
1,Deaths,,High-income,3,Both,17,60-64 years,302,Diarrheal diseases,183,Clostridium difficile,1,Number,2008,3452.405195,4804.983178,3452.405195
1,Deaths,,High-income,3,Both,17,60-64 years,302,Diarrheal diseases,183,Clostridium difficile,1,Number,2009,3630.17045,4825.140352,3630.17045
1,Deaths,,High-income,3,Both,17,60-64 years,302,Diarrheal diseases,183,Clostridium difficile,1,Number,2010,3653.704895,4984.07478,3653.704895
1,Deaths,,High-income,3,Both,17,60-64 years,302,Diarrheal diseases,183,Clostridium difficile,1,Number,2011,3818.65867,5165.038116,3818.65867
1,Deaths,,High-income,3,Both,17,60-64 years,302,Diarrheal diseases,183,Clostridium difficile,1,Number,2012,3874.104924,5113.680229,3874.104924
1,Deaths,,High-income,3,Both,17,60-64 years,302,Diarrheal diseases,183,Clostridium difficile,1,Number,2013,3792.636574,5006.178117,3792.636574
1,Deaths,,High-income,3,Both,17,60-64 years,302,Diarrheal diseases,183,Clostridium difficile,1,Number,2014,3812.796705,4976.227746,3812.796705
1,Deaths,,High-income,3,Both,17,60-64 years,302,Diarrheal diseases,183,Clostridium difficile,1,Number,2015,3849.035111,5063.980315,3849.035111
1,Deaths,,High-income,3,Both,17,60-64 years,302,Diarrheal diseases,183,Clostridium difficile,1,Number,2016,3941.659279,5025.215001,3941.659279
1,Deaths,,High-income,3,Both,17,60-64 years,302,Diarrheal diseases,183,Clostridium difficile,1,Number,2017,3963.449762,5054.527474,3963.449762
1,Deaths,,High-income,3,Both,17,60-64 years,302,Diarrheal diseases,183,Clostridium difficile,1,Number,2018,4061.698801,5315.718872,4061.698801
1,Deaths,,High-income,3,Both,17,60-64 years,302,Diarrheal diseases,183,Clostridium difficile,1,Number,2019,4184.008669,5308.535499,4184.008669
1,Deaths,,High-income,3,Both,17,60-64 years,302,Diarrheal diseases,183,Clostridium difficile,1,Number,2020,4112.596008,5244.322551,4112.596008
1,Deaths,,High-income,3,Both,17,60-64 years,302,Diarrheal diseases,183,Clostridium difficile,1,Number,2021,4048.43791,5225.077253,4048.43791
1,Deaths,,High-income,3,Both,18,65-69 years,302,Diarrheal diseases,183,Clostridium difficile,1,Number,1990,5209.571736,9551.584109,5209.571736
1,Deaths,,High-income,3,Both,18,65-69 years,302,Diarrheal diseases,183,Clostridium difficile,1,Number,1991,4765.423986,9000.438813,4765.423986
1,Deaths,,High-income,3,Both,18,65-69 years,302,Diarrheal diseases,183,Clostridium difficile,1,Number,1992,4690.111105,8618.610966,4690.111105
1,Deaths,,High-income,3,Both,18,65-69 years,302,Diarrheal diseases,183,Clostridium difficile,1,Number,1993,4589.726,8372.774407,4589.726
1,Deaths,,High-income,3,Both,18,65-69 years,302,Diarrheal diseases,183,Clostridium difficile,1,Number,1994,4653.250677,8153.373297,4653.250677
1,Deaths,,High-income,3,Both,18,65-69 years,302,Diarrheal diseases,183,Clostridium difficile,1,Number,1995,4439.63729,7814.067128,4439.63729
1,Deaths,,High-income,3,Both,18,65-69 years,302,Diarrheal diseases,183,Clostridium difficile,1,Number,1996,4370.223031,7392.873849,4370.223031
1,Deaths,,High-income,3,Both,18,65-69 years,302,Diarrheal diseases,183,Clostridium difficile,1,Number,1997,4390.961327,7318.335754,4390.961327
1,Deaths,,High-income,3,Both,18,65-69 years,302,Diarrheal diseases,183,Clostridium difficile,1,Number,1998,4357.180739,7262.177935,4357.180739
1,Deaths,,High-income,3,Both,18,65-69 years,302,Diarrheal diseases,183,Clostridium difficile,1,Number,1999,4388.709664,6952.2455,4388.709664
1,Deaths,,High-income,3,Both,18,65-69 years,302,Diarrheal diseases,183,Clostridium difficile,1,Number,2000,4263.556222,6613.646055,4263.556222
1,Deaths,,High-income,3,Both,18,65-69 years,302,Diarrheal diseases,183,Clostridium difficile,1,Number,2001,4302.313205,6588.765059,4302.313205
1,Deaths,,High-income,3,Both,18,65-69 years,302,Diarrheal diseases,183,Clostridium difficile,1,Number,2002,4339.429899,6413.808019,4339.429899
1,Deaths,,High-income,3,Both,18,65-69 years,302,Diarrheal diseases,183,Clostridium difficile,1,Number,2003,4260.561187,6245.991525,4260.561187
1,Deaths,,High-income,3,Both,18,65-69 years,302,Diarrheal diseases,183,Clostridium difficile,1,Number,2004,4296.09424,6124.591953,4296.09424
1,Deaths,,High-income,3,Both,18,65-69 years,302,Diarrheal diseases,183,Clostridium difficile,1,Number,2005,4399.209643,6163.73422,4399.209643
1,Deaths,,High-income,3,Both,18,65-69 years,302,Diarrheal diseases,183,Clostridium difficile,1,Number,2006,4514.401404,6168.956422,4514.401404
1,Deaths,,High-income,3,Both,18,65-69 years,302,Diarrheal diseases,183,Clostridium difficile,1,Number,2007,4545.85055,6036.979118,4545.85055
1,Deaths,,High-income,3,Both,18,65-69 years,302,Diarrheal diseases,183,Clostridium difficile,1,Number,2008,4522.795076,6017.868885,4522.795076
1,Deaths,,High-income,3,Both,18,65-69 years,302,Diarrheal diseases,183,Clostridium difficile,1,Number,2009,4565.359344,6028.924316,4565.359344
1,Deaths,,High-income,3,Both,18,65-69 years,302,Diarrheal diseases,183,Clostridium difficile,1,Number,2010,4512.402082,5985.399961,4512.402082
1,Deaths,,High-income,3,Both,18,65-69 years,302,Diarrheal diseases,183,Clostridium difficile,1,Number,2011,4597.83216,5927.787059,4597.83216
1,Deaths,,High-income,3,Both,18,65-69 years,302,Diarrheal diseases,183,Clostridium difficile,1,Number,2012,4777.717349,6092.583374,4777.717349
1,Deaths,,High-income,3,Both,18,65-69 years,302,Diarrheal diseases,183,Clostridium difficile,1,Number,2013,4819.261128,6096.293233,4819.261128
1,Deaths,,High-income,3,Both,18,65-69 years,302,Diarrheal diseases,183,Clostridium difficile,1,Number,2014,4970.069937,6161.552377,4970.069937
1,Deaths,,High-income,3,Both,18,65-69 years,302,Diarrheal diseases,183,Clostridium difficile,1,Number,2015,5142.377174,6463.262405,5142.377174
1,Deaths,,High-income,3,Both,18,65-69 years,302,Diarrheal diseases,183,Clostridium difficile,1,Number,2016,5288.999074,6645.802657,5288.999074
1,Deaths,,High-income,3,Both,18,65-69 years,302,Diarrheal diseases,183,Clostridium difficile,1,Number,2017,5307.523125,6598.278669,5307.523125
1,Deaths,,High-income,3,Both,18,65-69 years,302,Diarrheal diseases,183,Clostridium difficile,1,Number,2018,5440.563881,6811.808187,5440.563881
1,Deaths,,High-income,3,Both,18,65-69 years,302,Diarrheal diseases,183,Clostridium difficile,1,Number,2019,5466.979268,6809.797826,5466.979268
1,Deaths,,High-income,3,Both,18,65-69 years,302,Diarrheal diseases,183,Clostridium difficile,1,Number,2020,5399.707476,6670.778062,5399.707476
1,Deaths,,High-income,3,Both,18,65-69 years,302,Diarrheal diseases,183,Clostridium difficile,1,Number,2021,5299.890821,6716.319666,5299.890821
1,Deaths,,High-income,3,Both,19,70-74 years,302,Diarrheal diseases,183,Clostridium difficile,1,Number,1990,5014.049549,9633.455603,5014.049549
1,Deaths,,High-income,3,Both,19,70-74 years,302,Diarrheal diseases,183,Clostridium difficile,1,Number,1991,4805.614905,9155.251608,4805.614905
1,Deaths,,High-income,3,Both,19,70-74 years,302,Diarrheal diseases,183,Clostridium difficile,1,Number,1992,4916.797834,9090.073895,4916.797834
1,Deaths,,High-income,3,Both,19,70-74 years,302,Diarrheal diseases,183,Clostridium difficile,1,Number,1993,5007.502768,9246.307936,5007.502768
1,Deaths,,High-income,3,Both,19,70-74 years,302,Diarrheal diseases,183,Clostridium difficile,1,Number,1994,5249.918515,9341.943688,5249.918515
1,Deaths,,High-income,3,Both,19,70-74 years,302,Diarrheal diseases,183,Clostridium difficile,1,Number,1995,5134.505531,9070.22408,5134.505531
1,Deaths,,High-income,3,Both,19,70-74 years,302,Diarrheal diseases,183,Clostridium difficile,1,Number,1996,4969.318244,8726.654166,4969.318244
1,Deaths,,High-income,3,Both,19,70-74 years,302,Diarrheal diseases,183,Clostridium difficile,1,Number,1997,5040.090584,8697.167229,5040.090584
1,Deaths,,High-income,3,Both,19,70-74 years,302,Diarrheal diseases,183,Clostridium difficile,1,Number,1998,5176.330634,8596.456814,5176.330634
1,Deaths,,High-income,3,Both,19,70-74 years,302,Diarrheal diseases,183,Clostridium difficile,1,Number,1999,5184.932305,8460.55529,5184.932305
1,Deaths,,High-income,3,Both,19,70-74 years,302,Diarrheal diseases,183,Clostridium difficile,1,Number,2000,5075.526067,8186.781497,5075.526067
1,Deaths,,High-income,3,Both,19,70-74 years,302,Diarrheal diseases,183,Clostridium difficile,1,Number,2001,5326.909021,8020.78225,5326.909021
1,Deaths,,High-income,3,Both,19,70-74 years,302,Diarrheal diseases,183,Clostridium difficile,1,Number,2002,5304.295304,7915.146739,5304.295304
1,Deaths,,High-income,3,Both,19,70-74 years,302,Diarrheal diseases,183,Clostridium difficile,1,Number,2003,5212.296517,7621.50169,5212.296517
1,Deaths,,High-income,3,Both,19,70-74 years,302,Diarrheal diseases,183,Clostridium difficile,1,Number,2004,5169.262546,7483.016565,5169.262546
1,Deaths,,High-income,3,Both,19,70-74 years,302,Diarrheal diseases,183,Clostridium difficile,1,Number,2005,5338.687802,7396.670705,5338.687802
1,Deaths,,High-income,3,Both,19,70-74 years,302,Diarrheal diseases,183,Clostridium difficile,1,Number,2006,5296.10216,7331.675058,5296.10216
1,Deaths,,High-income,3,Both,19,70-74 years,302,Diarrheal diseases,183,Clostridium difficile,1,Number,2007,5239.294758,7067.478399,5239.294758
1,Deaths,,High-income,3,Both,19,70-74 years,302,Diarrheal diseases,183,Clostridium difficile,1,Number,2008,5213.172662,6926.438877,5213.172662
1,Deaths,,High-income,3,Both,19,70-74 years,302,Diarrheal diseases,183,Clostridium difficile,1,Number,2009,5242.814561,6803.756259,5242.814561
1,Deaths,,High-income,3,Both,19,70-74 years,302,Diarrheal diseases,183,Clostridium difficile,1,Number,2010,5187.521264,6731.558938,5187.521264
1,Deaths,,High-income,3,Both,19,70-74 years,302,Diarrheal diseases,183,Clostridium difficile,1,Number,2011,5192.409286,6694.533746,5192.409286
1,Deaths,,High-income,3,Both,19,70-74 years,302,Diarrheal diseases,183,Clostridium difficile,1,Number,2012,5223.472577,6739.720726,5223.472577
1,Deaths,,High-income,3,Both,19,70-74 years,302,Diarrheal diseases,183,Clostridium difficile,1,Number,2013,5209.3319,6646.984788,5209.3319
1,Deaths,,High-income,3,Both,19,70-74 years,302,Diarrheal diseases,183,Clostridium difficile,1,Number,2014,5278.623005,6614.447351,5278.623005
1,Deaths,,High-income,3,Both,19,70-74 years,302,Diarrheal diseases,183,Clostridium difficile,1,Number,2015,5292.788322,6750.344523,5292.788322
1,Deaths,,High-income,3,Both,19,70-74 years,302,Diarrheal diseases,183,Clostridium difficile,1,Number,2016,5303.992467,6595.740281,5303.992467
1,Deaths,,High-income,3,Both,19,70-74 years,302,Diarrheal diseases,183,Clostridium difficile,1,Number,2017,5401.086282,6893.949512,5401.086282
1,Deaths,,High-income,3,Both,19,70-74 years,302,Diarrheal diseases,183,Clostridium difficile,1,Number,2018,5843.7639,7221.467088,5843.7639
1,Deaths,,High-income,3,Both,19,70-74 years,302,Diarrheal diseases,183,Clostridium difficile,1,Number,2019,5967.005615,7417.259054,5967.005615
1,Deaths,,High-income,3,Both,19,70-74 years,302,Diarrheal diseases,183,Clostridium difficile,1,Number,2020,5994.835315,7536.933234,5994.835315
1,Deaths,,High-income,3,Both,19,70-74 years,302,Diarrheal diseases,183,Clostridium difficile,1,Number,2021,6093.132607,7714.268882,6093.132607
1,Deaths,,High-income,3,Both,20,75-79 years,302,Diarrheal diseases,183,Clostridium difficile,1,Number,1990,7425.430581,14049.14192,7425.430581
1,Deaths,,High-income,3,Both,20,75-79 years,302,Diarrheal diseases,183,Clostridium difficile,1,Number,1991,6808.93286,12787.88509,6808.93286
1,Deaths,,High-income,3,Both,20,75-79 years,302,Diarrheal diseases,183,Clostridium difficile,1,Number,1992,6428.320991,11938.80655,6428.320991
1,Deaths,,High-income,3,Both,20,75-79 years,302,Diarrheal diseases,183,Clostridium difficile,1,Number,1993,6017.816326,11103.23958,6017.816326
1,Deaths,,High-income,3,Both,20,75-79 years,302,Diarrheal diseases,183,Clostridium difficile,1,Number,1994,5760.785132,10470.64097,5760.785132
1,Deaths,,High-income,3,Both,20,75-79 years,302,Diarrheal diseases,183,Clostridium difficile,1,Number,1995,5571.924201,10105.95598,5571.924201
1,Deaths,,High-income,3,Both,20,75-79 years,302,Diarrheal diseases,183,Clostridium difficile,1,Number,1996,5589.192281,9869.049103,5589.192281
1,Deaths,,High-income,3,Both,20,75-79 years,302,Diarrheal diseases,183,Clostridium difficile,1,Number,1997,5932.333193,10167.33026,5932.333193
1,Deaths,,High-income,3,Both,20,75-79 years,302,Diarrheal diseases,183,Clostridium difficile,1,Number,1998,6305.391148,10537.576,6305.391148
1,Deaths,,High-income,3,Both,20,75-79 years,302,Diarrheal diseases,183,Clostridium difficile,1,Number,1999,6627.256592,10814.54418,6627.256592
1,Deaths,,High-income,3,Both,20,75-79 years,302,Diarrheal diseases,183,Clostridium difficile,1,Number,2000,6723.87506,10535.82152,6723.87506
1,Deaths,,High-income,3,Both,20,75-79 years,302,Diarrheal diseases,183,Clostridium difficile,1,Number,2001,6886.501786,10557.39682,6886.501786
1,Deaths,,High-income,3,Both,20,75-79 years,302,Diarrheal diseases,183,Clostridium difficile,1,Number,2002,7025.139541,10483.25131,7025.139541
1,Deaths,,High-income,3,Both,20,75-79 years,302,Diarrheal diseases,183,Clostridium difficile,1,Number,2003,6946.000674,10361.75179,6946.000674
1,Deaths,,High-income,3,Both,20,75-79 years,302,Diarrheal diseases,183,Clostridium difficile,1,Number,2004,7106.203784,10191.13004,7106.203784
1,Deaths,,High-income,3,Both,20,75-79 years,302,Diarrheal diseases,183,Clostridium difficile,1,Number,2005,7364.987526,10279.74799,7364.987526
1,Deaths,,High-income,3,Both,20,75-79 years,302,Diarrheal diseases,183,Clostridium difficile,1,Number,2006,7472.154872,10228.56361,7472.154872
1,Deaths,,High-income,3,Both,20,75-79 years,302,Diarrheal diseases,183,Clostridium difficile,1,Number,2007,7415.210292,9886.359566,7415.210292
1,Deaths,,High-income,3,Both,20,75-79 years,302,Diarrheal diseases,183,Clostridium difficile,1,Number,2008,7213.808379,9697.85202,7213.808379
1,Deaths,,High-income,3,Both,20,75-79 years,302,Diarrheal diseases,183,Clostridium difficile,1,Number,2009,7196.191439,9464.300123,7196.191439
1,Deaths,,High-income,3,Both,20,75-79 years,302,Diarrheal diseases,183,Clostridium difficile,1,Number,2010,7116.64847,9254.241649,7116.64847
1,Deaths,,High-income,3,Both,20,75-79 years,302,Diarrheal diseases,183,Clostridium difficile,1,Number,2011,6958.494504,9265.339607,6958.494504
1,Deaths,,High-income,3,Both,20,75-79 years,302,Diarrheal diseases,183,Clostridium difficile,1,Number,2012,7037.705818,9173.896265,7037.705818
1,Deaths,,High-income,3,Both,20,75-79 years,302,Diarrheal diseases,183,Clostridium difficile,1,Number,2013,6955.361688,9013.077705,6955.361688
1,Deaths,,High-income,3,Both,20,75-79 years,302,Diarrheal diseases,183,Clostridium difficile,1,Number,2014,6990.691653,8893.672201,6990.691653
1,Deaths,,High-income,3,Both,20,75-79 years,302,Diarrheal diseases,183,Clostridium difficile,1,Number,2015,7071.67936,8986.418345,7071.67936
1,Deaths,,High-income,3,Both,20,75-79 years,302,Diarrheal diseases,183,Clostridium difficile,1,Number,2016,7028.360178,8883.27914,7028.360178
1,Deaths,,High-income,3,Both,20,75-79 years,302,Diarrheal diseases,183,Clostridium difficile,1,Number,2017,7049.162485,8941.433402,7049.162485
1,Deaths,,High-income,3,Both,20,75-79 years,302,Diarrheal diseases,183,Clostridium difficile,1,Number,2018,7350.234949,9441.817888,7350.234949
1,Deaths,,High-income,3,Both,20,75-79 years,302,Diarrheal diseases,183,Clostridium difficile,1,Number,2019,7419.59319,9475.863644,7419.59319
1,Deaths,,High-income,3,Both,20,75-79 years,302,Diarrheal diseases,183,Clostridium difficile,1,Number,2020,7376.028916,9377.45091,7376.028916
1,Deaths,,High-income,3,Both,20,75-79 years,302,Diarrheal diseases,183,Clostridium difficile,1,Number,2021,7255.893893,9178.396213,7255.893893
1,Deaths,,High-income,3,Both,30,80-84 years,302,Diarrheal diseases,183,Clostridium difficile,1,Number,1990,7715.505675,15409.23803,7715.505675
1,Deaths,,High-income,3,Both,30,80-84 years,302,Diarrheal diseases,183,Clostridium difficile,1,Number,1991,7470.388235,14413.07472,7470.388235
1,Deaths,,High-income,3,Both,30,80-84 years,302,Diarrheal diseases,183,Clostridium difficile,1,Number,1992,7387.152241,14057.36587,7387.152241
1,Deaths,,High-income,3,Both,30,80-84 years,302,Diarrheal diseases,183,Clostridium difficile,1,Number,1993,7475.189964,13568.96663,7475.189964
1,Deaths,,High-income,3,Both,30,80-84 years,302,Diarrheal diseases,183,Clostridium difficile,1,Number,1994,7372.765994,13488.55963,7372.765994
1,Deaths,,High-income,3,Both,30,80-84 years,302,Diarrheal diseases,183,Clostridium difficile,1,Number,1995,7152.168789,12849.11491,7152.168789
1,Deaths,,High-income,3,Both,30,80-84 years,302,Diarrheal diseases,183,Clostridium difficile,1,Number,1996,6865.415116,12155.12823,6865.415116
1,Deaths,,High-income,3,Both,30,80-84 years,302,Diarrheal diseases,183,Clostridium difficile,1,Number,1997,6818.919914,11909.44405,6818.919914
1,Deaths,,High-income,3,Both,30,80-84 years,302,Diarrheal diseases,183,Clostridium difficile,1,Number,1998,6683.02263,11533.24772,6683.02263
1,Deaths,,High-income,3,Both,30,80-84 years,302,Diarrheal diseases,183,Clostridium difficile,1,Number,1999,6440.932976,11128.3724,6440.932976
1,Deaths,,High-income,3,Both,30,80-84 years,302,Diarrheal diseases,183,Clostridium difficile,1,Number,2000,6496.577869,10600.01719,6496.577869
1,Deaths,,High-income,3,Both,30,80-84 years,302,Diarrheal diseases,183,Clostridium difficile,1,Number,2001,6809.106113,10807.82764,6809.106113
1,Deaths,,High-income,3,Both,30,80-84 years,302,Diarrheal diseases,183,Clostridium difficile,1,Number,2002,7186.22443,11261.83342,7186.22443
1,Deaths,,High-income,3,Both,30,80-84 years,302,Diarrheal diseases,183,Clostridium difficile,1,Number,2003,7531.927904,11612.12982,7531.927904
1,Deaths,,High-income,3,Both,30,80-84 years,302,Diarrheal diseases,183,Clostridium difficile,1,Number,2004,7969.645395,12001.67846,7969.645395
1,Deaths,,High-income,3,Both,30,80-84 years,302,Diarrheal diseases,183,Clostridium difficile,1,Number,2005,8378.582903,12498.67124,8378.582903
1,Deaths,,High-income,3,Both,30,80-84 years,302,Diarrheal diseases,183,Clostridium difficile,1,Number,2006,8555.108201,12627.53961,8555.108201
1,Deaths,,High-income,3,Both,30,80-84 years,302,Diarrheal diseases,183,Clostridium difficile,1,Number,2007,8588.22406,12380.33013,8588.22406
1,Deaths,,High-income,3,Both,30,80-84 years,302,Diarrheal diseases,183,Clostridium difficile,1,Number,2008,8656.276979,12229.54869,8656.276979
1,Deaths,,High-income,3,Both,30,80-84 years,302,Diarrheal diseases,183,Clostridium difficile,1,Number,2009,8655.432903,12281.64997,8655.432903
1,Deaths,,High-income,3,Both,30,80-84 years,302,Diarrheal diseases,183,Clostridium difficile,1,Number,2010,8662.588331,12180.84314,8662.588331
1,Deaths,,High-income,3,Both,30,80-84 years,302,Diarrheal diseases,183,Clostridium difficile,1,Number,2011,8874.571363,12176.95139,8874.571363
1,Deaths,,High-income,3,Both,30,80-84 years,302,Diarrheal diseases,183,Clostridium difficile,1,Number,2012,8808.868963,12406.91266,8808.868963
1,Deaths,,High-income,3,Both,30,80-84 years,302,Diarrheal diseases,183,Clostridium difficile,1,Number,2013,8586.932464,12238.18195,8586.932464
1,Deaths,,High-income,3,Both,30,80-84 years,302,Diarrheal diseases,183,Clostridium difficile,1,Number,2014,8570.31957,11954.34447,8570.31957
1,Deaths,,High-income,3,Both,30,80-84 years,302,Diarrheal diseases,183,Clostridium difficile,1,Number,2015,8661.737394,12026.27648,8661.737394
1,Deaths,,High-income,3,Both,30,80-84 years,302,Diarrheal diseases,183,Clostridium difficile,1,Number,2016,8545.916565,11794.50487,8545.916565
1,Deaths,,High-income,3,Both,30,80-84 years,302,Diarrheal diseases,183,Clostridium difficile,1,Number,2017,8541.468036,11823.34296,8541.468036
1,Deaths,,High-income,3,Both,30,80-84 years,302,Diarrheal diseases,183,Clostridium difficile,1,Number,2018,9019.462233,12243.18788,9019.462233
1,Deaths,,High-income,3,Both,30,80-84 years,302,Diarrheal diseases,183,Clostridium difficile,1,Number,2019,8920.134341,12373.00529,8920.134341
1,Deaths,,High-income,3,Both,30,80-84 years,302,Diarrheal diseases,183,Clostridium difficile,1,Number,2020,8886.722244,12263.23435,8886.722244
1,Deaths,,High-income,3,Both,30,80-84 years,302,Diarrheal diseases,183,Clostridium difficile,1,Number,2021,8625.364252,12011.13602,8625.364252
1,Deaths,,High-income,3,Both,31,85-89 years,302,Diarrheal diseases,183,Clostridium difficile,1,Number,1990,6388.187364,12254.03533,6388.187364
1,Deaths,,High-income,3,Both,31,85-89 years,302,Diarrheal diseases,183,Clostridium difficile,1,Number,1991,5810.236612,11937.51972,5810.236612
1,Deaths,,High-income,3,Both,31,85-89 years,302,Diarrheal diseases,183,Clostridium difficile,1,Number,1992,6073.624311,11531.82768,6073.624311
1,Deaths,,High-income,3,Both,31,85-89 years,302,Diarrheal diseases,183,Clostridium difficile,1,Number,1993,5943.336813,11531.52526,5943.336813
1,Deaths,,High-income,3,Both,31,85-89 years,302,Diarrheal diseases,183,Clostridium difficile,1,Number,1994,6108.155327,11604.59382,6108.155327
1,Deaths,,High-income,3,Both,31,85-89 years,302,Diarrheal diseases,183,Clostridium difficile,1,Number,1995,5901.711528,11596.67227,5901.711528
1,Deaths,,High-income,3,Both,31,85-89 years,302,Diarrheal diseases,183,Clostridium difficile,1,Number,1996,5943.572877,11294.19759,5943.572877
1,Deaths,,High-income,3,Both,31,85-89 years,302,Diarrheal diseases,183,Clostridium difficile,1,Number,1997,6212.297569,11473.35565,6212.297569
1,Deaths,,High-income,3,Both,31,85-89 years,302,Diarrheal diseases,183,Clostridium difficile,1,Number,1998,6348.524055,11751.23931,6348.524055
1,Deaths,,High-income,3,Both,31,85-89 years,302,Diarrheal diseases,183,Clostridium difficile,1,Number,1999,6583.864184,11780.57183,6583.864184
1,Deaths,,High-income,3,Both,31,85-89 years,302,Diarrheal diseases,183,Clostridium difficile,1,Number,2000,6705.861543,11294.45134,6705.861543
1,Deaths,,High-income,3,Both,31,85-89 years,302,Diarrheal diseases,183,Clostridium difficile,1,Number,2001,6615.901534,11352.9747,6615.901534
1,Deaths,,High-income,3,Both,31,85-89 years,302,Diarrheal diseases,183,Clostridium difficile,1,Number,2002,6597.366838,11225.73388,6597.366838
1,Deaths,,High-income,3,Both,31,85-89 years,302,Diarrheal diseases,183,Clostridium difficile,1,Number,2003,6628.38081,10555.88634,6628.38081
1,Deaths,,High-income,3,Both,31,85-89 years,302,Diarrheal diseases,183,Clostridium difficile,1,Number,2004,6372.320739,10339.34434,6372.320739
1,Deaths,,High-income,3,Both,31,85-89 years,302,Diarrheal diseases,183,Clostridium difficile,1,Number,2005,6666.40179,10701.81717,6666.40179
1,Deaths,,High-income,3,Both,31,85-89 years,302,Diarrheal diseases,183,Clostridium difficile,1,Number,2006,7088.394487,11035.32866,7088.394487
1,Deaths,,High-income,3,Both,31,85-89 years,302,Diarrheal diseases,183,Clostridium difficile,1,Number,2007,7488.335619,11392.97396,7488.335619
1,Deaths,,High-income,3,Both,31,85-89 years,302,Diarrheal diseases,183,Clostridium difficile,1,Number,2008,7895.02281,11920.7314,7895.02281
1,Deaths,,High-income,3,Both,31,85-89 years,302,Diarrheal diseases,183,Clostridium difficile,1,Number,2009,8223.418194,12580.39578,8223.418194
1,Deaths,,High-income,3,Both,31,85-89 years,302,Diarrheal diseases,183,Clostridium difficile,1,Number,2010,8692.264701,12592.11742,8692.264701
1,Deaths,,High-income,3,Both,31,85-89 years,302,Diarrheal diseases,183,Clostridium difficile,1,Number,2011,8710.234778,13128.81062,8710.234778
1,Deaths,,High-income,3,Both,31,85-89 years,302,Diarrheal diseases,183,Clostridium difficile,1,Number,2012,8945.853901,13389.05793,8945.853901
1,Deaths,,High-income,3,Both,31,85-89 years,302,Diarrheal diseases,183,Clostridium difficile,1,Number,2013,9125.519993,13223.29376,9125.519993
1,Deaths,,High-income,3,Both,31,85-89 years,302,Diarrheal diseases,183,Clostridium difficile,1,Number,2014,9064.202028,13364.75631,9064.202028
1,Deaths,,High-income,3,Both,31,85-89 years,302,Diarrheal diseases,183,Clostridium difficile,1,Number,2015,9207.731439,13846.3148,9207.731439
1,Deaths,,High-income,3,Both,31,85-89 years,302,Diarrheal diseases,183,Clostridium difficile,1,Number,2016,9497.028808,13687.67987,9497.028808
1,Deaths,,High-income,3,Both,31,85-89 years,302,Diarrheal diseases,183,Clostridium difficile,1,Number,2017,9527.667346,13864.38342,9527.667346
1,Deaths,,High-income,3,Both,31,85-89 years,302,Diarrheal diseases,183,Clostridium difficile,1,Number,2018,9889.434381,14360.91022,9889.434381
1,Deaths,,High-income,3,Both,31,85-89 years,302,Diarrheal diseases,183,Clostridium difficile,1,Number,2019,9796.599874,14340.59775,9796.599874
1,Deaths,,High-income,3,Both,31,85-89 years,302,Diarrheal diseases,183,Clostridium difficile,1,Number,2020,9714.065797,14103.02957,9714.065797
1,Deaths,,High-income,3,Both,31,85-89 years,302,Diarrheal diseases,183,Clostridium difficile,1,Number,2021,9190.649143,13825.52008,9190.649143
1,Deaths,,High-income,3,Both,32,90-94 years,302,Diarrheal diseases,183,Clostridium difficile,1,Number,1990,2937.544218,5844.901972,2937.544218
1,Deaths,,High-income,3,Both,32,90-94 years,302,Diarrheal diseases,183,Clostridium difficile,1,Number,1991,2773.253875,5768.559403,2773.253875
1,Deaths,,High-income,3,Both,32,90-94 years,302,Diarrheal diseases,183,Clostridium difficile,1,Number,1992,2961.836119,5681.652588,2961.836119
1,Deaths,,High-income,3,Both,32,90-94 years,302,Diarrheal diseases,183,Clostridium difficile,1,Number,1993,2980.003004,5806.104467,2980.003004
1,Deaths,,High-income,3,Both,32,90-94 years,302,Diarrheal diseases,183,Clostridium difficile,1,Number,1994,3146.593809,5913.269352,3146.593809
1,Deaths,,High-income,3,Both,32,90-94 years,302,Diarrheal diseases,183,Clostridium difficile,1,Number,1995,3065.978583,6012.650928,3065.978583
1,Deaths,,High-income,3,Both,32,90-94 years,302,Diarrheal diseases,183,Clostridium difficile,1,Number,1996,3062.138833,5980.88864,3062.138833
1,Deaths,,High-income,3,Both,32,90-94 years,302,Diarrheal diseases,183,Clostridium difficile,1,Number,1997,3298.272015,6191.679449,3298.272015
1,Deaths,,High-income,3,Both,32,90-94 years,302,Diarrheal diseases,183,Clostridium difficile,1,Number,1998,3431.280212,6422.520005,3431.280212
1,Deaths,,High-income,3,Both,32,90-94 years,302,Diarrheal diseases,183,Clostridium difficile,1,Number,1999,3600.408387,6611.335353,3600.408387
1,Deaths,,High-income,3,Both,32,90-94 years,302,Diarrheal diseases,183,Clostridium difficile,1,Number,2000,3648.251489,6675.725909,3648.251489
1,Deaths,,High-income,3,Both,32,90-94 years,302,Diarrheal diseases,183,Clostridium difficile,1,Number,2001,3880.811676,6829.655691,3880.811676
1,Deaths,,High-income,3,Both,32,90-94 years,302,Diarrheal diseases,183,Clostridium difficile,1,Number,2002,4069.398579,7118.006192,4069.398579
1,Deaths,,High-income,3,Both,32,90-94 years,302,Diarrheal diseases,183,Clostridium difficile,1,Number,2003,4211.367889,7226.441632,4211.367889
1,Deaths,,High-income,3,Both,32,90-94 years,302,Diarrheal diseases,183,Clostridium difficile,1,Number,2004,4426.290682,7272.769315,4426.290682
1,Deaths,,High-income,3,Both,32,90-94 years,302,Diarrheal diseases,183,Clostridium difficile,1,Number,2005,4622.076827,7655.531689,4622.076827
1,Deaths,,High-income,3,Both,32,90-94 years,302,Diarrheal diseases,183,Clostridium difficile,1,Number,2006,4822.584914,7545.939722,4822.584914
1,Deaths,,High-income,3,Both,32,90-94 years,302,Diarrheal diseases,183,Clostridium difficile,1,Number,2007,4743.431343,7318.579731,4743.431343
1,Deaths,,High-income,3,Both,32,90-94 years,302,Diarrheal diseases,183,Clostridium difficile,1,Number,2008,4552.044731,7165.050129,4552.044731
1,Deaths,,High-income,3,Both,32,90-94 years,302,Diarrheal diseases,183,Clostridium difficile,1,Number,2009,4536.0505,7096.227947,4536.0505
1,Deaths,,High-income,3,Both,32,90-94 years,302,Diarrheal diseases,183,Clostridium difficile,1,Number,2010,4657.174433,7319.493117,4657.174433
1,Deaths,,High-income,3,Both,32,90-94 years,302,Diarrheal diseases,183,Clostridium difficile,1,Number,2011,5000.868548,7829.800948,5000.868548
1,Deaths,,High-income,3,Both,32,90-94 years,302,Diarrheal diseases,183,Clostridium difficile,1,Number,2012,5384.325879,8503.536465,5384.325879
1,Deaths,,High-income,3,Both,32,90-94 years,302,Diarrheal diseases,183,Clostridium difficile,1,Number,2013,5854.511467,8804.831813,5854.511467
1,Deaths,,High-income,3,Both,32,90-94 years,302,Diarrheal diseases,183,Clostridium difficile,1,Number,2014,6054.756273,9329.806394,6054.756273
1,Deaths,,High-income,3,Both,32,90-94 years,302,Diarrheal diseases,183,Clostridium difficile,1,Number,2015,6466.944369,9745.369943,6466.944369
1,Deaths,,High-income,3,Both,32,90-94 years,302,Diarrheal diseases,183,Clostridium difficile,1,Number,2016,6488.927268,9864.077118,6488.927268
1,Deaths,,High-income,3,Both,32,90-94 years,302,Diarrheal diseases,183,Clostridium difficile,1,Number,2017,6719.253172,10071.08101,6719.253172
1,Deaths,,High-income,3,Both,32,90-94 years,302,Diarrheal diseases,183,Clostridium difficile,1,Number,2018,7070.982988,10748.0465,7070.982988
1,Deaths,,High-income,3,Both,32,90-94 years,302,Diarrheal diseases,183,Clostridium difficile,1,Number,2019,7177.210427,10849.40245,7177.210427
1,Deaths,,High-income,3,Both,32,90-94 years,302,Diarrheal diseases,183,Clostridium difficile,1,Number,2020,7129.324264,10833.67565,7129.324264
1,Deaths,,High-income,3,Both,32,90-94 years,302,Diarrheal diseases,183,Clostridium difficile,1,Number,2021,6794.239976,10636.88884,6794.239976
1,Deaths,,High-income,3,Both,235,95+ years,302,Diarrheal diseases,183,Clostridium difficile,1,Number,1990,899.7922381,1935.33027,899.7922381
1,Deaths,,High-income,3,Both,235,95+ years,302,Diarrheal diseases,183,Clostridium difficile,1,Number,1991,897.1697848,1847.471871,897.1697848
1,Deaths,,High-income,3,Both,235,95+ years,302,Diarrheal diseases,183,Clostridium difficile,1,Number,1992,918.25869,1845.197567,918.25869
1,Deaths,,High-income,3,Both,235,95+ years,302,Diarrheal diseases,183,Clostridium difficile,1,Number,1993,897.7556349,1935.856712,897.7556349
1,Deaths,,High-income,3,Both,235,95+ years,302,Diarrheal diseases,183,Clostridium difficile,1,Number,1994,955.7434871,1962.253157,955.7434871
1,Deaths,,High-income,3,Both,235,95+ years,302,Diarrheal diseases,183,Clostridium difficile,1,Number,1995,966.8222007,2030.074776,966.8222007
1,Deaths,,High-income,3,Both,235,95+ years,302,Diarrheal diseases,183,Clostridium difficile,1,Number,1996,1047.528963,2051.959247,1047.528963
1,Deaths,,High-income,3,Both,235,95+ years,302,Diarrheal diseases,183,Clostridium difficile,1,Number,1997,1111.275565,2232.71504,1111.275565
1,Deaths,,High-income,3,Both,235,95+ years,302,Diarrheal diseases,183,Clostridium difficile,1,Number,1998,1224.209495,2316.841682,1224.209495
1,Deaths,,High-income,3,Both,235,95+ years,302,Diarrheal diseases,183,Clostridium difficile,1,Number,1999,1255.737716,2429.819758,1255.737716
1,Deaths,,High-income,3,Both,235,95+ years,302,Diarrheal diseases,183,Clostridium difficile,1,Number,2000,1309.22088,2451.776297,1309.22088
1,Deaths,,High-income,3,Both,235,95+ years,302,Diarrheal diseases,183,Clostridium difficile,1,Number,2001,1393.364265,2549.14535,1393.364265
1,Deaths,,High-income,3,Both,235,95+ years,302,Diarrheal diseases,183,Clostridium difficile,1,Number,2002,1485.701628,2713.996904,1485.701628
1,Deaths,,High-income,3,Both,235,95+ years,302,Diarrheal diseases,183,Clostridium difficile,1,Number,2003,1581.469956,2808.439614,1581.469956
1,Deaths,,High-income,3,Both,235,95+ years,302,Diarrheal diseases,183,Clostridium difficile,1,Number,2004,1654.957985,2948.505141,1654.957985
1,Deaths,,High-income,3,Both,235,95+ years,302,Diarrheal diseases,183,Clostridium difficile,1,Number,2005,1817.841843,3186.40948,1817.841843
1,Deaths,,High-income,3,Both,235,95+ years,302,Diarrheal diseases,183,Clostridium difficile,1,Number,2006,1868.620884,3337.890654,1868.620884
1,Deaths,,High-income,3,Both,235,95+ years,302,Diarrheal diseases,183,Clostridium difficile,1,Number,2007,2002.83481,3314.931605,2002.83481
1,Deaths,,High-income,3,Both,235,95+ years,302,Diarrheal diseases,183,Clostridium difficile,1,Number,2008,2043.228769,3428.593925,2043.228769
1,Deaths,,High-income,3,Both,235,95+ years,302,Diarrheal diseases,183,Clostridium difficile,1,Number,2009,2115.370211,3613.835827,2115.370211
1,Deaths,,High-income,3,Both,235,95+ years,302,Diarrheal diseases,183,Clostridium difficile,1,Number,2010,2204.229463,3694.828198,2204.229463
1,Deaths,,High-income,3,Both,235,95+ years,302,Diarrheal diseases,183,Clostridium difficile,1,Number,2011,2286.193854,3816.728402,2286.193854
1,Deaths,,High-income,3,Both,235,95+ years,302,Diarrheal diseases,183,Clostridium difficile,1,Number,2012,2335.991754,3910.22778,2335.991754
1,Deaths,,High-income,3,Both,235,95+ years,302,Diarrheal diseases,183,Clostridium difficile,1,Number,2013,2341.137698,3919.839871,2341.137698
1,Deaths,,High-income,3,Both,235,95+ years,302,Diarrheal diseases,183,Clostridium difficile,1,Number,2014,2386.459296,3919.75179,2386.459296
1,Deaths,,High-income,3,Both,235,95+ years,302,Diarrheal diseases,183,Clostridium difficile,1,Number,2015,2570.28436,4126.690687,2570.28436
1,Deaths,,High-income,3,Both,235,95+ years,302,Diarrheal diseases,183,Clostridium difficile,1,Number,2016,2665.974423,4368.562349,2665.974423
1,Deaths,,High-income,3,Both,235,95+ years,302,Diarrheal diseases,183,Clostridium difficile,1,Number,2017,2929.084868,4675.926995,2929.084868
1,Deaths,,High-income,3,Both,235,95+ years,302,Diarrheal diseases,183,Clostridium difficile,1,Number,2018,3227.541757,5174.043206,3227.541757
1,Deaths,,High-income,3,Both,235,95+ years,302,Diarrheal diseases,183,Clostridium difficile,1,Number,2019,3327.690306,5337.923319,3327.690306
1,Deaths,,High-income,3,Both,235,95+ years,302,Diarrheal diseases,183,Clostridium difficile,1,Number,2020,3318.266606,5454.099037,3318.266606
1,Deaths,,High-income,3,Both,235,95+ years,302,Diarrheal diseases,183,Clostridium difficile,1,Number,2021,3149.924291,5330.361554,3149.924291
1,Deaths,,High-income,3,Both,1,<5 years,302,Diarrheal diseases,183,Clostridium difficile,1,Number,1990,1276.576778,2321.745914,1276.576778
1,Deaths,,High-income,3,Both,1,<5 years,302,Diarrheal diseases,183,Clostridium difficile,1,Number,1991,1120.016647,2154.25658,1120.016647
1,Deaths,,High-income,3,Both,1,<5 years,302,Diarrheal diseases,183,Clostridium difficile,1,Number,1992,1063.562685,1949.983707,1063.562685
1,Deaths,,High-income,3,Both,1,<5 years,302,Diarrheal diseases,183,Clostridium difficile,1,Number,1993,992.8667575,1814.169727,992.8667575
1,Deaths,,High-income,3,Both,1,<5 years,302,Diarrheal diseases,183,Clostridium difficile,1,Number,1994,926.7190222,1701.419098,926.7190222
1,Deaths,,High-income,3,Both,1,<5 years,302,Diarrheal diseases,183,Clostridium difficile,1,Number,1995,903.39455,1541.960369,903.39455
1,Deaths,,High-income,3,Both,1,<5 years,302,Diarrheal diseases,183,Clostridium difficile,1,Number,1996,837.9392805,1474.420637,837.9392805
1,Deaths,,High-income,3,Both,1,<5 years,302,Diarrheal diseases,183,Clostridium difficile,1,Number,1997,823.0399943,1433.999988,823.0399943
1,Deaths,,High-income,3,Both,1,<5 years,302,Diarrheal diseases,183,Clostridium difficile,1,Number,1998,834.175567,1355.796347,834.175567
1,Deaths,,High-income,3,Both,1,<5 years,302,Diarrheal diseases,183,Clostridium difficile,1,Number,1999,782.5206112,1249.198783,782.5206112
1,Deaths,,High-income,3,Both,1,<5 years,302,Diarrheal diseases,183,Clostridium difficile,1,Number,2000,752.4300971,1200.631039,752.4300971
1,Deaths,,High-income,3,Both,1,<5 years,302,Diarrheal diseases,183,Clostridium difficile,1,Number,2001,782.1690564,1185.457779,782.1690564
1,Deaths,,High-income,3,Both,1,<5 years,302,Diarrheal diseases,183,Clostridium difficile,1,Number,2002,775.3748727,1170.818952,775.3748727
1,Deaths,,High-income,3,Both,1,<5 years,302,Diarrheal diseases,183,Clostridium difficile,1,Number,2003,753.8277303,1133.426252,753.8277303
1,Deaths,,High-income,3,Both,1,<5 years,302,Diarrheal diseases,183,Clostridium difficile,1,Number,2004,731.8322143,1079.712517,731.8322143
1,Deaths,,High-income,3,Both,1,<5 years,302,Diarrheal diseases,183,Clostridium difficile,1,Number,2005,741.8431068,1030.04443,741.8431068
1,Deaths,,High-income,3,Both,1,<5 years,302,Diarrheal diseases,183,Clostridium difficile,1,Number,2006,743.0237628,1046.813954,743.0237628
1,Deaths,,High-income,3,Both,1,<5 years,302,Diarrheal diseases,183,Clostridium difficile,1,Number,2007,759.1910229,1028.521185,759.1910229
1,Deaths,,High-income,3,Both,1,<5 years,302,Diarrheal diseases,183,Clostridium difficile,1,Number,2008,735.4666416,1018.022028,735.4666416
1,Deaths,,High-income,3,Both,1,<5 years,302,Diarrheal diseases,183,Clostridium difficile,1,Number,2009,695.3835499,982.0567771,695.3835499
1,Deaths,,High-income,3,Both,1,<5 years,302,Diarrheal diseases,183,Clostridium difficile,1,Number,2010,670.4621288,938.2045923,670.4621288
1,Deaths,,High-income,3,Both,1,<5 years,302,Diarrheal diseases,183,Clostridium difficile,1,Number,2011,674.3296296,931.5077317,674.3296296
1,Deaths,,High-income,3,Both,1,<5 years,302,Diarrheal diseases,183,Clostridium difficile,1,Number,2012,670.2958874,885.3062124,670.2958874
1,Deaths,,High-income,3,Both,1,<5 years,302,Diarrheal diseases,183,Clostridium difficile,1,Number,2013,615.8230667,857.2808155,615.8230667
1,Deaths,,High-income,3,Both,1,<5 years,302,Diarrheal diseases,183,Clostridium difficile,1,Number,2014,623.5044918,820.6166296,623.5044918
1,Deaths,,High-income,3,Both,1,<5 years,302,Diarrheal diseases,183,Clostridium difficile,1,Number,2015,607.3771641,794.6116013,607.3771641
1,Deaths,,High-income,3,Both,1,<5 years,302,Diarrheal diseases,183,Clostridium difficile,1,Number,2016,580.5481635,759.0470062,580.5481635
1,Deaths,,High-income,3,Both,1,<5 years,302,Diarrheal diseases,183,Clostridium difficile,1,Number,2017,548.513,736.5075416,548.513
1,Deaths,,High-income,3,Both,1,<5 years,302,Diarrheal diseases,183,Clostridium difficile,1,Number,2018,527.3928341,693.4715919,527.3928341
1,Deaths,,High-income,3,Both,1,<5 years,302,Diarrheal diseases,183,Clostridium difficile,1,Number,2019,493.3157573,669.5003224,493.3157573
1,Deaths,,High-income,3,Both,1,<5 years,302,Diarrheal diseases,183,Clostridium difficile,1,Number,2020,425.7501859,590.4677434,425.7501859
1,Deaths,,High-income,3,Both,1,<5 years,302,Diarrheal diseases,183,Clostridium difficile,1,Number,2021,377.1061666,553.1832678,377.1061666
1,Deaths,,Latin America and Caribbean,3,Both,7,10-14 years,302,Diarrheal diseases,183,Clostridium difficile,1,Number,1990,258.5382026,481.4259852,258.5382026
1,Deaths,,Latin America and Caribbean,3,Both,7,10-14 years,302,Diarrheal diseases,183,Clostridium difficile,1,Number,1991,256.9475906,487.0978781,256.9475906
1,Deaths,,Latin America and Caribbean,3,Both,7,10-14 years,302,Diarrheal diseases,183,Clostridium difficile,1,Number,1992,252.3224994,451.9104843,252.3224994
1,Deaths,,Latin America and Caribbean,3,Both,7,10-14 years,302,Diarrheal diseases,183,Clostridium difficile,1,Number,1993,245.8003861,455.2421737,245.8003861
1,Deaths,,Latin America and Caribbean,3,Both,7,10-14 years,302,Diarrheal diseases,183,Clostridium difficile,1,Number,1994,248.7431157,446.7972716,248.7431157
1,Deaths,,Latin America and Caribbean,3,Both,7,10-14 years,302,Diarrheal diseases,183,Clostridium difficile,1,Number,1995,255.1723006,424.4213533,255.1723006
1,Deaths,,Latin America and Caribbean,3,Both,7,10-14 years,302,Diarrheal diseases,183,Clostridium difficile,1,Number,1996,238.703702,427.1926906,238.703702
1,Deaths,,Latin America and Caribbean,3,Both,7,10-14 years,302,Diarrheal diseases,183,Clostridium difficile,1,Number,1997,247.6548153,416.0263585,247.6548153
1,Deaths,,Latin America and Caribbean,3,Both,7,10-14 years,302,Diarrheal diseases,183,Clostridium difficile,1,Number,1998,249.4423631,415.2722738,249.4423631
1,Deaths,,Latin America and Caribbean,3,Both,7,10-14 years,302,Diarrheal diseases,183,Clostridium difficile,1,Number,1999,238.3452295,390.4836018,238.3452295
1,Deaths,,Latin America and Caribbean,3,Both,7,10-14 years,302,Diarrheal diseases,183,Clostridium difficile,1,Number,2000,230.1548942,388.2643889,230.1548942
1,Deaths,,Latin America and Caribbean,3,Both,7,10-14 years,302,Diarrheal diseases,183,Clostridium difficile,1,Number,2001,232.2692746,380.8426076,232.2692746
1,Deaths,,Latin America and Caribbean,3,Both,7,10-14 years,302,Diarrheal diseases,183,Clostridium difficile,1,Number,2002,241.3843773,380.3417447,241.3843773
1,Deaths,,Latin America and Caribbean,3,Both,7,10-14 years,302,Diarrheal diseases,183,Clostridium difficile,1,Number,2003,241.4083834,377.9605608,241.4083834
1,Deaths,,Latin America and Caribbean,3,Both,7,10-14 years,302,Diarrheal diseases,183,Clostridium difficile,1,Number,2004,247.1002099,369.971575,247.1002099
1,Deaths,,Latin America and Caribbean,3,Both,7,10-14 years,302,Diarrheal diseases,183,Clostridium difficile,1,Number,2005,256.1708948,380.1773694,256.1708948
1,Deaths,,Latin America and Caribbean,3,Both,7,10-14 years,302,Diarrheal diseases,183,Clostridium difficile,1,Number,2006,268.1162511,391.7478451,268.1162511
1,Deaths,,Latin America and Caribbean,3,Both,7,10-14 years,302,Diarrheal diseases,183,Clostridium difficile,1,Number,2007,279.7687179,401.3880884,279.7687179
1,Deaths,,Latin America and Caribbean,3,Both,7,10-14 years,302,Diarrheal diseases,183,Clostridium difficile,1,Number,2008,284.6206083,411.767818,284.6206083
1,Deaths,,Latin America and Caribbean,3,Both,7,10-14 years,302,Diarrheal diseases,183,Clostridium difficile,1,Number,2009,298.5672491,424.7628907,298.5672491
1,Deaths,,Latin America and Caribbean,3,Both,7,10-14 years,302,Diarrheal diseases,183,Clostridium difficile,1,Number,2010,315.9520504,455.5080068,315.9520504
1,Deaths,,Latin America and Caribbean,3,Both,7,10-14 years,302,Diarrheal diseases,183,Clostridium difficile,1,Number,2011,302.7891273,442.5230514,302.7891273
1,Deaths,,Latin America and Caribbean,3,Both,7,10-14 years,302,Diarrheal diseases,183,Clostridium difficile,1,Number,2012,309.1796876,428.599441,309.1796876
1,Deaths,,Latin America and Caribbean,3,Both,7,10-14 years,302,Diarrheal diseases,183,Clostridium difficile,1,Number,2013,302.0058262,416.5709352,302.0058262
1,Deaths,,Latin America and Caribbean,3,Both,7,10-14 years,302,Diarrheal diseases,183,Clostridium difficile,1,Number,2014,298.2336951,411.4749912,298.2336951
1,Deaths,,Latin America and Caribbean,3,Both,7,10-14 years,302,Diarrheal diseases,183,Clostridium difficile,1,Number,2015,293.0803934,409.3477569,293.0803934
1,Deaths,,Latin America and Caribbean,3,Both,7,10-14 years,302,Diarrheal diseases,183,Clostridium difficile,1,Number,2016,290.5578026,400.3442055,290.5578026
1,Deaths,,Latin America and Caribbean,3,Both,7,10-14 years,302,Diarrheal diseases,183,Clostridium difficile,1,Number,2017,272.1812072,383.1764899,272.1812072
1,Deaths,,Latin America and Caribbean,3,Both,7,10-14 years,302,Diarrheal diseases,183,Clostridium difficile,1,Number,2018,255.6030435,384.3855697,255.6030435
1,Deaths,,Latin America and Caribbean,3,Both,7,10-14 years,302,Diarrheal diseases,183,Clostridium difficile,1,Number,2019,270.3781305,384.7754201,270.3781305
1,Deaths,,Latin America and Caribbean,3,Both,7,10-14 years,302,Diarrheal diseases,183,Clostridium difficile,1,Number,2020,243.6760406,345.7426024,243.6760406
1,Deaths,,Latin America and Caribbean,3,Both,7,10-14 years,302,Diarrheal diseases,183,Clostridium difficile,1,Number,2021,226.3498633,331.854115,226.3498633
1,Deaths,,Latin America and Caribbean,3,Both,8,15-19 years,302,Diarrheal diseases,183,Clostridium difficile,1,Number,1990,325.2894024,618.6041756,325.2894024
1,Deaths,,Latin America and Caribbean,3,Both,8,15-19 years,302,Diarrheal diseases,183,Clostridium difficile,1,Number,1991,343.4713602,621.5550065,343.4713602
1,Deaths,,Latin America and Caribbean,3,Both,8,15-19 years,302,Diarrheal diseases,183,Clostridium difficile,1,Number,1992,326.8895432,585.283195,326.8895432
1,Deaths,,Latin America and Caribbean,3,Both,8,15-19 years,302,Diarrheal diseases,183,Clostridium difficile,1,Number,1993,318.8550578,552.1682029,318.8550578
1,Deaths,,Latin America and Caribbean,3,Both,8,15-19 years,302,Diarrheal diseases,183,Clostridium difficile,1,Number,1994,324.6467583,568.9429594,324.6467583
1,Deaths,,Latin America and Caribbean,3,Both,8,15-19 years,302,Diarrheal diseases,183,Clostridium difficile,1,Number,1995,329.7274287,557.4853185,329.7274287
1,Deaths,,Latin America and Caribbean,3,Both,8,15-19 years,302,Diarrheal diseases,183,Clostridium difficile,1,Number,1996,329.7091643,555.6557831,329.7091643
1,Deaths,,Latin America and Caribbean,3,Both,8,15-19 years,302,Diarrheal diseases,183,Clostridium difficile,1,Number,1997,334.4649523,555.7371893,334.4649523
1,Deaths,,Latin America and Caribbean,3,Both,8,15-19 years,302,Diarrheal diseases,183,Clostridium difficile,1,Number,1998,352.706609,540.9827399,352.706609
1,Deaths,,Latin America and Caribbean,3,Both,8,15-19 years,302,Diarrheal diseases,183,Clostridium difficile,1,Number,1999,324.9763728,523.2741144,324.9763728
1,Deaths,,Latin America and Caribbean,3,Both,8,15-19 years,302,Diarrheal diseases,183,Clostridium difficile,1,Number,2000,331.0255817,503.5438446,331.0255817
1,Deaths,,Latin America and Caribbean,3,Both,8,15-19 years,302,Diarrheal diseases,183,Clostridium difficile,1,Number,2001,326.1614436,516.41308,326.1614436
1,Deaths,,Latin America and Caribbean,3,Both,8,15-19 years,302,Diarrheal diseases,183,Clostridium difficile,1,Number,2002,343.2376226,522.1677273,343.2376226
1,Deaths,,Latin America and Caribbean,3,Both,8,15-19 years,302,Diarrheal diseases,183,Clostridium difficile,1,Number,2003,329.3353754,507.0841163,329.3353754
1,Deaths,,Latin America and Caribbean,3,Both,8,15-19 years,302,Diarrheal diseases,183,Clostridium difficile,1,Number,2004,341.3785667,514.05622,341.3785667
1,Deaths,,Latin America and Caribbean,3,Both,8,15-19 years,302,Diarrheal diseases,183,Clostridium difficile,1,Number,2005,355.179577,528.5088392,355.179577
1,Deaths,,Latin America and Caribbean,3,Both,8,15-19 years,302,Diarrheal diseases,183,Clostridium difficile,1,Number,2006,366.802671,530.6497201,366.802671
1,Deaths,,Latin America and Caribbean,3,Both,8,15-19 years,302,Diarrheal diseases,183,Clostridium difficile,1,Number,2007,381.3524326,543.2721105,381.3524326
1,Deaths,,Latin America and Caribbean,3,Both,8,15-19 years,302,Diarrheal diseases,183,Clostridium difficile,1,Number,2008,395.9390776,558.5426669,395.9390776
1,Deaths,,Latin America and Caribbean,3,Both,8,15-19 years,302,Diarrheal diseases,183,Clostridium difficile,1,Number,2009,424.25064,581.1115909,424.25064
1,Deaths,,Latin America and Caribbean,3,Both,8,15-19 years,302,Diarrheal diseases,183,Clostridium difficile,1,Number,2010,452.372302,613.8116629,452.372302
1,Deaths,,Latin America and Caribbean,3,Both,8,15-19 years,302,Diarrheal diseases,183,Clostridium difficile,1,Number,2011,462.4925386,609.0475997,462.4925386
1,Deaths,,Latin America and Caribbean,3,Both,8,15-19 years,302,Diarrheal diseases,183,Clostridium difficile,1,Number,2012,469.125001,616.774073,469.125001
1,Deaths,,Latin America and Caribbean,3,Both,8,15-19 years,302,Diarrheal diseases,183,Clostridium difficile,1,Number,2013,456.7460514,620.7580133,456.7460514
1,Deaths,,Latin America and Caribbean,3,Both,8,15-19 years,302,Diarrheal diseases,183,Clostridium difficile,1,Number,2014,462.0266809,614.790735,462.0266809
1,Deaths,,Latin America and Caribbean,3,Both,8,15-19 years,302,Diarrheal diseases,183,Clostridium difficile,1,Number,2015,465.6732516,621.6558874,465.6732516
1,Deaths,,Latin America and Caribbean,3,Both,8,15-19 years,302,Diarrheal diseases,183,Clostridium difficile,1,Number,2016,470.334015,609.49311,470.334015
1,Deaths,,Latin America and Caribbean,3,Both,8,15-19 years,302,Diarrheal diseases,183,Clostridium difficile,1,Number,2017,435.0906912,582.0359476,435.0906912
1,Deaths,,Latin America and Caribbean,3,Both,8,15-19 years,302,Diarrheal diseases,183,Clostridium difficile,1,Number,2018,424.4074704,576.7293945,424.4074704
1,Deaths,,Latin America and Caribbean,3,Both,8,15-19 years,302,Diarrheal diseases,183,Clostridium difficile,1,Number,2019,439.5029186,583.4959719,439.5029186
1,Deaths,,Latin America and Caribbean,3,Both,8,15-19 years,302,Diarrheal diseases,183,Clostridium difficile,1,Number,2020,405.2057777,554.6887631,405.2057777
1,Deaths,,Latin America and Caribbean,3,Both,8,15-19 years,302,Diarrheal diseases,183,Clostridium difficile,1,Number,2021,374.3105581,516.6314402,374.3105581
1,Deaths,,Latin America and Caribbean,3,Both,9,20-24 years,302,Diarrheal diseases,183,Clostridium difficile,1,Number,1990,338.6712573,630.6368801,338.6712573
1,Deaths,,Latin America and Caribbean,3,Both,9,20-24 years,302,Diarrheal diseases,183,Clostridium difficile,1,Number,1991,354.7378243,644.9621938,354.7378243
1,Deaths,,Latin America and Caribbean,3,Both,9,20-24 years,302,Diarrheal diseases,183,Clostridium difficile,1,Number,1992,338.9687225,620.1830565,338.9687225
1,Deaths,,Latin America and Caribbean,3,Both,9,20-24 years,302,Diarrheal diseases,183,Clostridium difficile,1,Number,1993,350.6964236,606.4384585,350.6964236
1,Deaths,,Latin America and Caribbean,3,Both,9,20-24 years,302,Diarrheal diseases,183,Clostridium difficile,1,Number,1994,363.5852239,607.766623,363.5852239
1,Deaths,,Latin America and Caribbean,3,Both,9,20-24 years,302,Diarrheal diseases,183,Clostridium difficile,1,Number,1995,357.3212057,605.1301213,357.3212057
1,Deaths,,Latin America and Caribbean,3,Both,9,20-24 years,302,Diarrheal diseases,183,Clostridium difficile,1,Number,1996,357.356523,589.9829094,357.356523
1,Deaths,,Latin America and Caribbean,3,Both,9,20-24 years,302,Diarrheal diseases,183,Clostridium difficile,1,Number,1997,370.3994656,592.1784285,370.3994656
1,Deaths,,Latin America and Caribbean,3,Both,9,20-24 years,302,Diarrheal diseases,183,Clostridium difficile,1,Number,1998,381.5290427,600.3067282,381.5290427
1,Deaths,,Latin America and Caribbean,3,Both,9,20-24 years,302,Diarrheal diseases,183,Clostridium difficile,1,Number,1999,352.2144383,579.89328,352.2144383
1,Deaths,,Latin America and Caribbean,3,Both,9,20-24 years,302,Diarrheal diseases,183,Clostridium difficile,1,Number,2000,358.8527686,571.0444694,358.8527686
1,Deaths,,Latin America and Caribbean,3,Both,9,20-24 years,302,Diarrheal diseases,183,Clostridium difficile,1,Number,2001,369.0146885,567.3204615,369.0146885
1,Deaths,,Latin America and Caribbean,3,Both,9,20-24 years,302,Diarrheal diseases,183,Clostridium difficile,1,Number,2002,384.5742245,584.5280206,384.5742245
1,Deaths,,Latin America and Caribbean,3,Both,9,20-24 years,302,Diarrheal diseases,183,Clostridium difficile,1,Number,2003,389.0089904,578.9963094,389.0089904
1,Deaths,,Latin America and Caribbean,3,Both,9,20-24 years,302,Diarrheal diseases,183,Clostridium difficile,1,Number,2004,397.5819123,591.4997207,397.5819123
1,Deaths,,Latin America and Caribbean,3,Both,9,20-24 years,302,Diarrheal diseases,183,Clostridium difficile,1,Number,2005,419.0397605,601.8630755,419.0397605
1,Deaths,,Latin America and Caribbean,3,Both,9,20-24 years,302,Diarrheal diseases,183,Clostridium difficile,1,Number,2006,422.5792113,618.7954709,422.5792113
1,Deaths,,Latin America and Caribbean,3,Both,9,20-24 years,302,Diarrheal diseases,183,Clostridium difficile,1,Number,2007,442.5655556,628.2640179,442.5655556
1,Deaths,,Latin America and Caribbean,3,Both,9,20-24 years,302,Diarrheal diseases,183,Clostridium difficile,1,Number,2008,480.1891606,630.705727,480.1891606
1,Deaths,,Latin America and Caribbean,3,Both,9,20-24 years,302,Diarrheal diseases,183,Clostridium difficile,1,Number,2009,500.5416524,697.2347176,500.5416524
1,Deaths,,Latin America and Caribbean,3,Both,9,20-24 years,302,Diarrheal diseases,183,Clostridium difficile,1,Number,2010,532.6481619,713.0918421,532.6481619
1,Deaths,,Latin America and Caribbean,3,Both,9,20-24 years,302,Diarrheal diseases,183,Clostridium difficile,1,Number,2011,530.0691344,711.646608,530.0691344
1,Deaths,,Latin America and Caribbean,3,Both,9,20-24 years,302,Diarrheal diseases,183,Clostridium difficile,1,Number,2012,537.9532713,719.0932365,537.9532713
1,Deaths,,Latin America and Caribbean,3,Both,9,20-24 years,302,Diarrheal diseases,183,Clostridium difficile,1,Number,2013,539.6679998,717.618539,539.6679998
1,Deaths,,Latin America and Caribbean,3,Both,9,20-24 years,302,Diarrheal diseases,183,Clostridium difficile,1,Number,2014,547.5309749,733.3207622,547.5309749
1,Deaths,,Latin America and Caribbean,3,Both,9,20-24 years,302,Diarrheal diseases,183,Clostridium difficile,1,Number,2015,572.6835779,752.3596943,572.6835779
1,Deaths,,Latin America and Caribbean,3,Both,9,20-24 years,302,Diarrheal diseases,183,Clostridium difficile,1,Number,2016,575.6206304,774.8658945,575.6206304
1,Deaths,,Latin America and Caribbean,3,Both,9,20-24 years,302,Diarrheal diseases,183,Clostridium difficile,1,Number,2017,559.5312425,740.0944071,559.5312425
1,Deaths,,Latin America and Caribbean,3,Both,9,20-24 years,302,Diarrheal diseases,183,Clostridium difficile,1,Number,2018,555.8639204,736.9330153,555.8639204
1,Deaths,,Latin America and Caribbean,3,Both,9,20-24 years,302,Diarrheal diseases,183,Clostridium difficile,1,Number,2019,578.8793243,765.6951221,578.8793243
1,Deaths,,Latin America and Caribbean,3,Both,9,20-24 years,302,Diarrheal diseases,183,Clostridium difficile,1,Number,2020,542.1919127,736.3931131,542.1919127
1,Deaths,,Latin America and Caribbean,3,Both,9,20-24 years,302,Diarrheal diseases,183,Clostridium difficile,1,Number,2021,518.8809923,710.0930054,518.8809923
1,Deaths,,Latin America and Caribbean,3,Both,10,25-29 years,302,Diarrheal diseases,183,Clostridium difficile,1,Number,1990,337.5432768,623.9362733,337.5432768
1,Deaths,,Latin America and Caribbean,3,Both,10,25-29 years,302,Diarrheal diseases,183,Clostridium difficile,1,Number,1991,357.4300645,642.2593778,357.4300645
1,Deaths,,Latin America and Caribbean,3,Both,10,25-29 years,302,Diarrheal diseases,183,Clostridium difficile,1,Number,1992,355.2248255,614.4905571,355.2248255
1,Deaths,,Latin America and Caribbean,3,Both,10,25-29 years,302,Diarrheal diseases,183,Clostridium difficile,1,Number,1993,363.2105768,630.8416317,363.2105768
1,Deaths,,Latin America and Caribbean,3,Both,10,25-29 years,302,Diarrheal diseases,183,Clostridium difficile,1,Number,1994,369.907511,623.5358776,369.907511
1,Deaths,,Latin America and Caribbean,3,Both,10,25-29 years,302,Diarrheal diseases,183,Clostridium difficile,1,Number,1995,372.029466,619.692488,372.029466
1,Deaths,,Latin America and Caribbean,3,Both,10,25-29 years,302,Diarrheal diseases,183,Clostridium difficile,1,Number,1996,361.7341853,614.2787741,361.7341853
1,Deaths,,Latin America and Caribbean,3,Both,10,25-29 years,302,Diarrheal diseases,183,Clostridium difficile,1,Number,1997,379.437136,613.6172273,379.437136
1,Deaths,,Latin America and Caribbean,3,Both,10,25-29 years,302,Diarrheal diseases,183,Clostridium difficile,1,Number,1998,402.234594,619.169734,402.234594
1,Deaths,,Latin America and Caribbean,3,Both,10,25-29 years,302,Diarrheal diseases,183,Clostridium difficile,1,Number,1999,371.9755037,589.2101703,371.9755037
1,Deaths,,Latin America and Caribbean,3,Both,10,25-29 years,302,Diarrheal diseases,183,Clostridium difficile,1,Number,2000,380.9417528,579.0154854,380.9417528
1,Deaths,,Latin America and Caribbean,3,Both,10,25-29 years,302,Diarrheal diseases,183,Clostridium difficile,1,Number,2001,382.8717993,581.2824145,382.8717993
1,Deaths,,Latin America and Caribbean,3,Both,10,25-29 years,302,Diarrheal diseases,183,Clostridium difficile,1,Number,2002,392.5235986,597.559676,392.5235986
1,Deaths,,Latin America and Caribbean,3,Both,10,25-29 years,302,Diarrheal diseases,183,Clostridium difficile,1,Number,2003,402.6283604,600.3199683,402.6283604
1,Deaths,,Latin America and Caribbean,3,Both,10,25-29 years,302,Diarrheal diseases,183,Clostridium difficile,1,Number,2004,414.612901,609.1744272,414.612901
1,Deaths,,Latin America and Caribbean,3,Both,10,25-29 years,302,Diarrheal diseases,183,Clostridium difficile,1,Number,2005,444.200469,631.5750671,444.200469
1,Deaths,,Latin America and Caribbean,3,Both,10,25-29 years,302,Diarrheal diseases,183,Clostridium difficile,1,Number,2006,468.1166041,656.2594442,468.1166041
1,Deaths,,Latin America and Caribbean,3,Both,10,25-29 years,302,Diarrheal diseases,183,Clostridium difficile,1,Number,2007,496.1202475,677.6239788,496.1202475
1,Deaths,,Latin America and Caribbean,3,Both,10,25-29 years,302,Diarrheal diseases,183,Clostridium difficile,1,Number,2008,512.9371754,709.191377,512.9371754
1,Deaths,,Latin America and Caribbean,3,Both,10,25-29 years,302,Diarrheal diseases,183,Clostridium difficile,1,Number,2009,564.3822595,765.1187774,564.3822595
1,Deaths,,Latin America and Caribbean,3,Both,10,25-29 years,302,Diarrheal diseases,183,Clostridium difficile,1,Number,2010,591.585636,798.1577147,591.585636
1,Deaths,,Latin America and Caribbean,3,Both,10,25-29 years,302,Diarrheal diseases,183,Clostridium difficile,1,Number,2011,600.8477109,796.8587405,600.8477109
1,Deaths,,Latin America and Caribbean,3,Both,10,25-29 years,302,Diarrheal diseases,183,Clostridium difficile,1,Number,2012,607.5108935,799.1045525,607.5108935
1,Deaths,,Latin America and Caribbean,3,Both,10,25-29 years,302,Diarrheal diseases,183,Clostridium difficile,1,Number,2013,617.2883235,792.8215375,617.2883235
1,Deaths,,Latin America and Caribbean,3,Both,10,25-29 years,302,Diarrheal diseases,183,Clostridium difficile,1,Number,2014,624.2596721,805.3045118,624.2596721
1,Deaths,,Latin America and Caribbean,3,Both,10,25-29 years,302,Diarrheal diseases,183,Clostridium difficile,1,Number,2015,638.2646846,838.5631149,638.2646846
1,Deaths,,Latin America and Caribbean,3,Both,10,25-29 years,302,Diarrheal diseases,183,Clostridium difficile,1,Number,2016,658.3508441,849.2043829,658.3508441
1,Deaths,,Latin America and Caribbean,3,Both,10,25-29 years,302,Diarrheal diseases,183,Clostridium difficile,1,Number,2017,630.3862879,831.3758552,630.3862879
1,Deaths,,Latin America and Caribbean,3,Both,10,25-29 years,302,Diarrheal diseases,183,Clostridium difficile,1,Number,2018,640.709268,820.346264,640.709268
1,Deaths,,Latin America and Caribbean,3,Both,10,25-29 years,302,Diarrheal diseases,183,Clostridium difficile,1,Number,2019,675.9548931,884.6344488,675.9548931
1,Deaths,,Latin America and Caribbean,3,Both,10,25-29 years,302,Diarrheal diseases,183,Clostridium difficile,1,Number,2020,653.4094286,850.1083924,653.4094286
1,Deaths,,Latin America and Caribbean,3,Both,10,25-29 years,302,Diarrheal diseases,183,Clostridium difficile,1,Number,2021,645.6159828,862.4206173,645.6159828
1,Deaths,,Latin America and Caribbean,3,Both,11,30-34 years,302,Diarrheal diseases,183,Clostridium difficile,1,Number,1990,381.5592269,684.5264591,381.5592269
1,Deaths,,Latin America and Caribbean,3,Both,11,30-34 years,302,Diarrheal diseases,183,Clostridium difficile,1,Number,1991,398.0238067,724.0397836,398.0238067
1,Deaths,,Latin America and Caribbean,3,Both,11,30-34 years,302,Diarrheal diseases,183,Clostridium difficile,1,Number,1992,403.9247219,705.7788747,403.9247219
1,Deaths,,Latin America and Caribbean,3,Both,11,30-34 years,302,Diarrheal diseases,183,Clostridium difficile,1,Number,1993,429.4419989,726.2977363,429.4419989
1,Deaths,,Latin America and Caribbean,3,Both,11,30-34 years,302,Diarrheal diseases,183,Clostridium difficile,1,Number,1994,440.0462332,735.0616443,440.0462332
1,Deaths,,Latin America and Caribbean,3,Both,11,30-34 years,302,Diarrheal diseases,183,Clostridium difficile,1,Number,1995,446.1756628,736.7075394,446.1756628
1,Deaths,,Latin America and Caribbean,3,Both,11,30-34 years,302,Diarrheal diseases,183,Clostridium difficile,1,Number,1996,442.3021341,730.6531703,442.3021341
1,Deaths,,Latin America and Caribbean,3,Both,11,30-34 years,302,Diarrheal diseases,183,Clostridium difficile,1,Number,1997,458.2029159,736.6264552,458.2029159
1,Deaths,,Latin America and Caribbean,3,Both,11,30-34 years,302,Diarrheal diseases,183,Clostridium difficile,1,Number,1998,474.9644076,762.1478093,474.9644076
1,Deaths,,Latin America and Caribbean,3,Both,11,30-34 years,302,Diarrheal diseases,183,Clostridium difficile,1,Number,1999,452.7550426,720.0331978,452.7550426
1,Deaths,,Latin America and Caribbean,3,Both,11,30-34 years,302,Diarrheal diseases,183,Clostridium difficile,1,Number,2000,452.5288497,714.236809,452.5288497
1,Deaths,,Latin America and Caribbean,3,Both,11,30-34 years,302,Diarrheal diseases,183,Clostridium difficile,1,Number,2001,463.490922,703.6183178,463.490922
1,Deaths,,Latin America and Caribbean,3,Both,11,30-34 years,302,Diarrheal diseases,183,Clostridium difficile,1,Number,2002,470.019276,717.2154451,470.019276
1,Deaths,,Latin America and Caribbean,3,Both,11,30-34 years,302,Diarrheal diseases,183,Clostridium difficile,1,Number,2003,479.9132093,709.14387,479.9132093
1,Deaths,,Latin America and Caribbean,3,Both,11,30-34 years,302,Diarrheal diseases,183,Clostridium difficile,1,Number,2004,492.8266489,709.005345,492.8266489
1,Deaths,,Latin America and Caribbean,3,Both,11,30-34 years,302,Diarrheal diseases,183,Clostridium difficile,1,Number,2005,515.9813213,737.2883589,515.9813213
1,Deaths,,Latin America and Caribbean,3,Both,11,30-34 years,302,Diarrheal diseases,183,Clostridium difficile,1,Number,2006,543.2617967,764.4275703,543.2617967
1,Deaths,,Latin America and Caribbean,3,Both,11,30-34 years,302,Diarrheal diseases,183,Clostridium difficile,1,Number,2007,583.7975394,788.8282163,583.7975394
1,Deaths,,Latin America and Caribbean,3,Both,11,30-34 years,302,Diarrheal diseases,183,Clostridium difficile,1,Number,2008,614.7011723,821.6741858,614.7011723
1,Deaths,,Latin America and Caribbean,3,Both,11,30-34 years,302,Diarrheal diseases,183,Clostridium difficile,1,Number,2009,679.7273144,885.8361454,679.7273144
1,Deaths,,Latin America and Caribbean,3,Both,11,30-34 years,302,Diarrheal diseases,183,Clostridium difficile,1,Number,2010,729.1778988,941.588936,729.1778988
1,Deaths,,Latin America and Caribbean,3,Both,11,30-34 years,302,Diarrheal diseases,183,Clostridium difficile,1,Number,2011,749.1415971,962.9818991,749.1415971
1,Deaths,,Latin America and Caribbean,3,Both,11,30-34 years,302,Diarrheal diseases,183,Clostridium difficile,1,Number,2012,759.3564243,1000.446039,759.3564243
1,Deaths,,Latin America and Caribbean,3,Both,11,30-34 years,302,Diarrheal diseases,183,Clostridium difficile,1,Number,2013,785.1965089,1005.814869,785.1965089
1,Deaths,,Latin America and Caribbean,3,Both,11,30-34 years,302,Diarrheal diseases,183,Clostridium difficile,1,Number,2014,794.6050692,1019.382919,794.6050692
1,Deaths,,Latin America and Caribbean,3,Both,11,30-34 years,302,Diarrheal diseases,183,Clostridium difficile,1,Number,2015,812.9526877,1056.08888,812.9526877
1,Deaths,,Latin America and Caribbean,3,Both,11,30-34 years,302,Diarrheal diseases,183,Clostridium difficile,1,Number,2016,843.7555482,1054.42558,843.7555482
1,Deaths,,Latin America and Caribbean,3,Both,11,30-34 years,302,Diarrheal diseases,183,Clostridium difficile,1,Number,2017,799.2947563,1037.371464,799.2947563
1,Deaths,,Latin America and Caribbean,3,Both,11,30-34 years,302,Diarrheal diseases,183,Clostridium difficile,1,Number,2018,804.9140118,1032.085794,804.9140118
1,Deaths,,Latin America and Caribbean,3,Both,11,30-34 years,302,Diarrheal diseases,183,Clostridium difficile,1,Number,2019,854.0027558,1111.165875,854.0027558
1,Deaths,,Latin America and Caribbean,3,Both,11,30-34 years,302,Diarrheal diseases,183,Clostridium difficile,1,Number,2020,838.3836776,1080.02071,838.3836776
1,Deaths,,Latin America and Caribbean,3,Both,11,30-34 years,302,Diarrheal diseases,183,Clostridium difficile,1,Number,2021,836.2410053,1099.411724,836.2410053
1,Deaths,,Latin America and Caribbean,3,Both,12,35-39 years,302,Diarrheal diseases,183,Clostridium difficile,1,Number,1990,481.2217264,853.0121124,481.2217264
1,Deaths,,Latin America and Caribbean,3,Both,12,35-39 years,302,Diarrheal diseases,183,Clostridium difficile,1,Number,1991,499.2288112,890.6750896,499.2288112
1,Deaths,,Latin America and Caribbean,3,Both,12,35-39 years,302,Diarrheal diseases,183,Clostridium difficile,1,Number,1992,507.3194244,891.9806676,507.3194244
1,Deaths,,Latin America and Caribbean,3,Both,12,35-39 years,302,Diarrheal diseases,183,Clostridium difficile,1,Number,1993,552.5566594,918.6023548,552.5566594
1,Deaths,,Latin America and Caribbean,3,Both,12,35-39 years,302,Diarrheal diseases,183,Clostridium difficile,1,Number,1994,560.8230594,931.6997746,560.8230594
1,Deaths,,Latin America and Caribbean,3,Both,12,35-39 years,302,Diarrheal diseases,183,Clostridium difficile,1,Number,1995,567.1987502,956.7553554,567.1987502
1,Deaths,,Latin America and Caribbean,3,Both,12,35-39 years,302,Diarrheal diseases,183,Clostridium difficile,1,Number,1996,592.5046803,944.0133835,592.5046803
1,Deaths,,Latin America and Caribbean,3,Both,12,35-39 years,302,Diarrheal diseases,183,Clostridium difficile,1,Number,1997,603.5100675,980.3100808,603.5100675
1,Deaths,,Latin America and Caribbean,3,Both,12,35-39 years,302,Diarrheal diseases,183,Clostridium difficile,1,Number,1998,650.3094311,1001.50978,650.3094311
1,Deaths,,Latin America and Caribbean,3,Both,12,35-39 years,302,Diarrheal diseases,183,Clostridium difficile,1,Number,1999,613.9214172,967.4194539,613.9214172
1,Deaths,,Latin America and Caribbean,3,Both,12,35-39 years,302,Diarrheal diseases,183,Clostridium difficile,1,Number,2000,621.8991099,973.4730605,621.8991099
1,Deaths,,Latin America and Caribbean,3,Both,12,35-39 years,302,Diarrheal diseases,183,Clostridium difficile,1,Number,2001,625.9759786,979.6450129,625.9759786
1,Deaths,,Latin America and Caribbean,3,Both,12,35-39 years,302,Diarrheal diseases,183,Clostridium difficile,1,Number,2002,669.0726346,975.779952,669.0726346
1,Deaths,,Latin America and Caribbean,3,Both,12,35-39 years,302,Diarrheal diseases,183,Clostridium difficile,1,Number,2003,667.6776696,979.0654097,667.6776696
1,Deaths,,Latin America and Caribbean,3,Both,12,35-39 years,302,Diarrheal diseases,183,Clostridium difficile,1,Number,2004,679.2512887,987.6151656,679.2512887
1,Deaths,,Latin America and Caribbean,3,Both,12,35-39 years,302,Diarrheal diseases,183,Clostridium difficile,1,Number,2005,713.8520354,1019.535703,713.8520354
1,Deaths,,Latin America and Caribbean,3,Both,12,35-39 years,302,Diarrheal diseases,183,Clostridium difficile,1,Number,2006,767.5032089,1023.777632,767.5032089
1,Deaths,,Latin America and Caribbean,3,Both,12,35-39 years,302,Diarrheal diseases,183,Clostridium difficile,1,Number,2007,773.0912747,1077.39806,773.0912747
1,Deaths,,Latin America and Caribbean,3,Both,12,35-39 years,302,Diarrheal diseases,183,Clostridium difficile,1,Number,2008,818.4453664,1103.083972,818.4453664
1,Deaths,,Latin America and Caribbean,3,Both,12,35-39 years,302,Diarrheal diseases,183,Clostridium difficile,1,Number,2009,888.8448242,1169.118511,888.8448242
1,Deaths,,Latin America and Caribbean,3,Both,12,35-39 years,302,Diarrheal diseases,183,Clostridium difficile,1,Number,2010,923.2373119,1245.077091,923.2373119
1,Deaths,,Latin America and Caribbean,3,Both,12,35-39 years,302,Diarrheal diseases,183,Clostridium difficile,1,Number,2011,969.5180615,1256.540522,969.5180615
1,Deaths,,Latin America and Caribbean,3,Both,12,35-39 years,302,Diarrheal diseases,183,Clostridium difficile,1,Number,2012,1005.628078,1287.577108,1005.628078
1,Deaths,,Latin America and Caribbean,3,Both,12,35-39 years,302,Diarrheal diseases,183,Clostridium difficile,1,Number,2013,1039.96737,1304.192421,1039.96737
1,Deaths,,Latin America and Caribbean,3,Both,12,35-39 years,302,Diarrheal diseases,183,Clostridium difficile,1,Number,2014,1061.088056,1337.570261,1061.088056
1,Deaths,,Latin America and Caribbean,3,Both,12,35-39 years,302,Diarrheal diseases,183,Clostridium difficile,1,Number,2015,1122.597117,1390.696568,1122.597117
1,Deaths,,Latin America and Caribbean,3,Both,12,35-39 years,302,Diarrheal diseases,183,Clostridium difficile,1,Number,2016,1147.135345,1442.172895,1147.135345
1,Deaths,,Latin America and Caribbean,3,Both,12,35-39 years,302,Diarrheal diseases,183,Clostridium difficile,1,Number,2017,1114.099246,1419.648173,1114.099246
1,Deaths,,Latin America and Caribbean,3,Both,12,35-39 years,302,Diarrheal diseases,183,Clostridium difficile,1,Number,2018,1123.158811,1436.743536,1123.158811
1,Deaths,,Latin America and Caribbean,3,Both,12,35-39 years,302,Diarrheal diseases,183,Clostridium difficile,1,Number,2019,1211.05138,1528.944009,1211.05138
1,Deaths,,Latin America and Caribbean,3,Both,12,35-39 years,302,Diarrheal diseases,183,Clostridium difficile,1,Number,2020,1200.359722,1531.51544,1200.359722
1,Deaths,,Latin America and Caribbean,3,Both,12,35-39 years,302,Diarrheal diseases,183,Clostridium difficile,1,Number,2021,1208.925671,1588.14793,1208.925671
1,Deaths,,Latin America and Caribbean,3,Both,13,40-44 years,302,Diarrheal diseases,183,Clostridium difficile,1,Number,1990,591.4605226,1033.52493,591.4605226
1,Deaths,,Latin America and Caribbean,3,Both,13,40-44 years,302,Diarrheal diseases,183,Clostridium difficile,1,Number,1991,603.5397597,1104.373687,603.5397597
1,Deaths,,Latin America and Caribbean,3,Both,13,40-44 years,302,Diarrheal diseases,183,Clostridium difficile,1,Number,1992,624.955679,1112.444012,624.955679
1,Deaths,,Latin America and Caribbean,3,Both,13,40-44 years,302,Diarrheal diseases,183,Clostridium difficile,1,Number,1993,673.9047894,1158.806204,673.9047894
1,Deaths,,Latin America and Caribbean,3,Both,13,40-44 years,302,Diarrheal diseases,183,Clostridium difficile,1,Number,1994,697.7284915,1181.340613,697.7284915
1,Deaths,,Latin America and Caribbean,3,Both,13,40-44 years,302,Diarrheal diseases,183,Clostridium difficile,1,Number,1995,704.9008652,1230.217728,704.9008652
1,Deaths,,Latin America and Caribbean,3,Both,13,40-44 years,302,Diarrheal diseases,183,Clostridium difficile,1,Number,1996,716.6039755,1241.216292,716.6039755
1,Deaths,,Latin America and Caribbean,3,Both,13,40-44 years,302,Diarrheal diseases,183,Clostridium difficile,1,Number,1997,769.1617558,1275.420195,769.1617558
1,Deaths,,Latin America and Caribbean,3,Both,13,40-44 years,302,Diarrheal diseases,183,Clostridium difficile,1,Number,1998,845.7605583,1323.391574,845.7605583
1,Deaths,,Latin America and Caribbean,3,Both,13,40-44 years,302,Diarrheal diseases,183,Clostridium difficile,1,Number,1999,795.1506998,1299.389556,795.1506998
1,Deaths,,Latin America and Caribbean,3,Both,13,40-44 years,302,Diarrheal diseases,183,Clostridium difficile,1,Number,2000,828.8234569,1306.952032,828.8234569
1,Deaths,,Latin America and Caribbean,3,Both,13,40-44 years,302,Diarrheal diseases,183,Clostridium difficile,1,Number,2001,862.875249,1307.959004,862.875249
1,Deaths,,Latin America and Caribbean,3,Both,13,40-44 years,302,Diarrheal diseases,183,Clostridium difficile,1,Number,2002,902.3880698,1347.577731,902.3880698
1,Deaths,,Latin America and Caribbean,3,Both,13,40-44 years,302,Diarrheal diseases,183,Clostridium difficile,1,Number,2003,911.0400866,1378.483,911.0400866
1,Deaths,,Latin America and Caribbean,3,Both,13,40-44 years,302,Diarrheal diseases,183,Clostridium difficile,1,Number,2004,957.0372653,1387.353976,957.0372653
1,Deaths,,Latin America and Caribbean,3,Both,13,40-44 years,302,Diarrheal diseases,183,Clostridium difficile,1,Number,2005,1016.418795,1439.554003,1016.418795
1,Deaths,,Latin America and Caribbean,3,Both,13,40-44 years,302,Diarrheal diseases,183,Clostridium difficile,1,Number,2006,1054.776553,1503.300194,1054.776553
1,Deaths,,Latin America and Caribbean,3,Both,13,40-44 years,302,Diarrheal diseases,183,Clostridium difficile,1,Number,2007,1104.466126,1553.907445,1104.466126
1,Deaths,,Latin America and Caribbean,3,Both,13,40-44 years,302,Diarrheal diseases,183,Clostridium difficile,1,Number,2008,1173.812876,1600.254627,1173.812876
1,Deaths,,Latin America and Caribbean,3,Both,13,40-44 years,302,Diarrheal diseases,183,Clostridium difficile,1,Number,2009,1245.012158,1690.210146,1245.012158
1,Deaths,,Latin America and Caribbean,3,Both,13,40-44 years,302,Diarrheal diseases,183,Clostridium difficile,1,Number,2010,1312.860172,1756.900118,1312.860172
1,Deaths,,Latin America and Caribbean,3,Both,13,40-44 years,302,Diarrheal diseases,183,Clostridium difficile,1,Number,2011,1347.362092,1781.972325,1347.362092
1,Deaths,,Latin America and Caribbean,3,Both,13,40-44 years,302,Diarrheal diseases,183,Clostridium difficile,1,Number,2012,1388.946826,1807.939785,1388.946826
1,Deaths,,Latin America and Caribbean,3,Both,13,40-44 years,302,Diarrheal diseases,183,Clostridium difficile,1,Number,2013,1393.895509,1840.443486,1393.895509
1,Deaths,,Latin America and Caribbean,3,Both,13,40-44 years,302,Diarrheal diseases,183,Clostridium difficile,1,Number,2014,1424.113925,1846.404128,1424.113925
1,Deaths,,Latin America and Caribbean,3,Both,13,40-44 years,302,Diarrheal diseases,183,Clostridium difficile,1,Number,2015,1480.995962,1927.1965,1480.995962
1,Deaths,,Latin America and Caribbean,3,Both,13,40-44 years,302,Diarrheal diseases,183,Clostridium difficile,1,Number,2016,1516.656137,1985.977613,1516.656137
1,Deaths,,Latin America and Caribbean,3,Both,13,40-44 years,302,Diarrheal diseases,183,Clostridium difficile,1,Number,2017,1486.287322,1940.359866,1486.287322
1,Deaths,,Latin America and Caribbean,3,Both,13,40-44 years,302,Diarrheal diseases,183,Clostridium difficile,1,Number,2018,1521.699083,1946.979414,1521.699083
1,Deaths,,Latin America and Caribbean,3,Both,13,40-44 years,302,Diarrheal diseases,183,Clostridium difficile,1,Number,2019,1650.511419,2088.886687,1650.511419
1,Deaths,,Latin America and Caribbean,3,Both,13,40-44 years,302,Diarrheal diseases,183,Clostridium difficile,1,Number,2020,1656.503278,2139.51679,1656.503278
1,Deaths,,Latin America and Caribbean,3,Both,13,40-44 years,302,Diarrheal diseases,183,Clostridium difficile,1,Number,2021,1656.162196,2234.624642,1656.162196
1,Deaths,,Latin America and Caribbean,3,Both,14,45-49 years,302,Diarrheal diseases,183,Clostridium difficile,1,Number,1990,748.2278014,1325.864568,748.2278014
1,Deaths,,Latin America and Caribbean,3,Both,14,45-49 years,302,Diarrheal diseases,183,Clostridium difficile,1,Number,1991,764.0126178,1356.101303,764.0126178
1,Deaths,,Latin America and Caribbean,3,Both,14,45-49 years,302,Diarrheal diseases,183,Clostridium difficile,1,Number,1992,797.7700071,1359.563244,797.7700071
1,Deaths,,Latin America and Caribbean,3,Both,14,45-49 years,302,Diarrheal diseases,183,Clostridium difficile,1,Number,1993,839.5992941,1447.877813,839.5992941
1,Deaths,,Latin America and Caribbean,3,Both,14,45-49 years,302,Diarrheal diseases,183,Clostridium difficile,1,Number,1994,874.0485066,1476.265878,874.0485066
1,Deaths,,Latin America and Caribbean,3,Both,14,45-49 years,302,Diarrheal diseases,183,Clostridium difficile,1,Number,1995,900.8304461,1516.585641,900.8304461
1,Deaths,,Latin America and Caribbean,3,Both,14,45-49 years,302,Diarrheal diseases,183,Clostridium difficile,1,Number,1996,939.937163,1526.846177,939.937163
1,Deaths,,Latin America and Caribbean,3,Both,14,45-49 years,302,Diarrheal diseases,183,Clostridium difficile,1,Number,1997,972.0736323,1596.334351,972.0736323
1,Deaths,,Latin America and Caribbean,3,Both,14,45-49 years,302,Diarrheal diseases,183,Clostridium difficile,1,Number,1998,1077.636574,1675.453437,1077.636574
1,Deaths,,Latin America and Caribbean,3,Both,14,45-49 years,302,Diarrheal diseases,183,Clostridium difficile,1,Number,1999,1056.92595,1629.805248,1056.92595
1,Deaths,,Latin America and Caribbean,3,Both,14,45-49 years,302,Diarrheal diseases,183,Clostridium difficile,1,Number,2000,1084.428228,1694.087465,1084.428228
1,Deaths,,Latin America and Caribbean,3,Both,14,45-49 years,302,Diarrheal diseases,183,Clostridium difficile,1,Number,2001,1122.25601,1731.262191,1122.25601
1,Deaths,,Latin America and Caribbean,3,Both,14,45-49 years,302,Diarrheal diseases,183,Clostridium difficile,1,Number,2002,1205.871373,1780.040762,1205.871373
1,Deaths,,Latin America and Caribbean,3,Both,14,45-49 years,302,Diarrheal diseases,183,Clostridium difficile,1,Number,2003,1242.775188,1823.236687,1242.775188
1,Deaths,,Latin America and Caribbean,3,Both,14,45-49 years,302,Diarrheal diseases,183,Clostridium difficile,1,Number,2004,1294.358624,1870.094131,1294.358624
1,Deaths,,Latin America and Caribbean,3,Both,14,45-49 years,302,Diarrheal diseases,183,Clostridium difficile,1,Number,2005,1376.841465,1971.868309,1376.841465
1,Deaths,,Latin America and Caribbean,3,Both,14,45-49 years,302,Diarrheal diseases,183,Clostridium difficile,1,Number,2006,1489.463159,2021.076382,1489.463159
1,Deaths,,Latin America and Caribbean,3,Both,14,45-49 years,302,Diarrheal diseases,183,Clostridium difficile,1,Number,2007,1577.878207,2098.680269,1577.878207
1,Deaths,,Latin America and Caribbean,3,Both,14,45-49 years,302,Diarrheal diseases,183,Clostridium difficile,1,Number,2008,1633.59046,2216.399158,1633.59046
1,Deaths,,Latin America and Caribbean,3,Both,14,45-49 years,302,Diarrheal diseases,183,Clostridium difficile,1,Number,2009,1759.52325,2354.838222,1759.52325
1,Deaths,,Latin America and Caribbean,3,Both,14,45-49 years,302,Diarrheal diseases,183,Clostridium difficile,1,Number,2010,1889.50466,2491.845475,1889.50466
1,Deaths,,Latin America and Caribbean,3,Both,14,45-49 years,302,Diarrheal diseases,183,Clostridium difficile,1,Number,2011,1925.765112,2557.84232,1925.765112
1,Deaths,,Latin America and Caribbean,3,Both,14,45-49 years,302,Diarrheal diseases,183,Clostridium difficile,1,Number,2012,1992.729063,2591.534815,1992.729063
1,Deaths,,Latin America and Caribbean,3,Both,14,45-49 years,302,Diarrheal diseases,183,Clostridium difficile,1,Number,2013,1991.857555,2662.692545,1991.857555
1,Deaths,,Latin America and Caribbean,3,Both,14,45-49 years,302,Diarrheal diseases,183,Clostridium difficile,1,Number,2014,2058.335869,2627.600573,2058.335869
1,Deaths,,Latin America and Caribbean,3,Both,14,45-49 years,302,Diarrheal diseases,183,Clostridium difficile,1,Number,2015,2123.915998,2714.222981,2123.915998
1,Deaths,,Latin America and Caribbean,3,Both,14,45-49 years,302,Diarrheal diseases,183,Clostridium difficile,1,Number,2016,2176.188793,2750.028256,2176.188793
1,Deaths,,Latin America and Caribbean,3,Both,14,45-49 years,302,Diarrheal diseases,183,Clostridium difficile,1,Number,2017,2097.432225,2669.059795,2097.432225
1,Deaths,,Latin America and Caribbean,3,Both,14,45-49 years,302,Diarrheal diseases,183,Clostridium difficile,1,Number,2018,2103.760811,2708.832592,2103.760811
1,Deaths,,Latin America and Caribbean,3,Both,14,45-49 years,302,Diarrheal diseases,183,Clostridium difficile,1,Number,2019,2250.909586,2910.508455,2250.909586
1,Deaths,,Latin America and Caribbean,3,Both,14,45-49 years,302,Diarrheal diseases,183,Clostridium difficile,1,Number,2020,2305.429423,2996.690958,2305.429423
1,Deaths,,Latin America and Caribbean,3,Both,14,45-49 years,302,Diarrheal diseases,183,Clostridium difficile,1,Number,2021,2327.382206,3096.557943,2327.382206
1,Deaths,,Latin America and Caribbean,3,Both,6,5-9 years,302,Diarrheal diseases,183,Clostridium difficile,1,Number,1990,358.6394713,703.6801764,358.6394713
1,Deaths,,Latin America and Caribbean,3,Both,6,5-9 years,302,Diarrheal diseases,183,Clostridium difficile,1,Number,1991,361.7792521,672.0260904,361.7792521
1,Deaths,,Latin America and Caribbean,3,Both,6,5-9 years,302,Diarrheal diseases,183,Clostridium difficile,1,Number,1992,336.6928739,613.9191145,336.6928739
1,Deaths,,Latin America and Caribbean,3,Both,6,5-9 years,302,Diarrheal diseases,183,Clostridium difficile,1,Number,1993,328.4896695,594.9255708,328.4896695
1,Deaths,,Latin America and Caribbean,3,Both,6,5-9 years,302,Diarrheal diseases,183,Clostridium difficile,1,Number,1994,333.882153,564.3013555,333.882153
1,Deaths,,Latin America and Caribbean,3,Both,6,5-9 years,302,Diarrheal diseases,183,Clostridium difficile,1,Number,1995,311.1855351,556.5495849,311.1855351
1,Deaths,,Latin America and Caribbean,3,Both,6,5-9 years,302,Diarrheal diseases,183,Clostridium difficile,1,Number,1996,311.2639296,541.1157519,311.2639296
1,Deaths,,Latin America and Caribbean,3,Both,6,5-9 years,302,Diarrheal diseases,183,Clostridium difficile,1,Number,1997,314.4275145,520.4780292,314.4275145
1,Deaths,,Latin America and Caribbean,3,Both,6,5-9 years,302,Diarrheal diseases,183,Clostridium difficile,1,Number,1998,312.3841947,517.1616726,312.3841947
1,Deaths,,Latin America and Caribbean,3,Both,6,5-9 years,302,Diarrheal diseases,183,Clostridium difficile,1,Number,1999,288.2847695,502.2790486,288.2847695
1,Deaths,,Latin America and Caribbean,3,Both,6,5-9 years,302,Diarrheal diseases,183,Clostridium difficile,1,Number,2000,285.8723771,487.6349265,285.8723771
1,Deaths,,Latin America and Caribbean,3,Both,6,5-9 years,302,Diarrheal diseases,183,Clostridium difficile,1,Number,2001,291.8731497,465.8789568,291.8731497
1,Deaths,,Latin America and Caribbean,3,Both,6,5-9 years,302,Diarrheal diseases,183,Clostridium difficile,1,Number,2002,296.0444685,460.3195126,296.0444685
1,Deaths,,Latin America and Caribbean,3,Both,6,5-9 years,302,Diarrheal diseases,183,Clostridium difficile,1,Number,2003,283.5462604,455.8797629,283.5462604
1,Deaths,,Latin America and Caribbean,3,Both,6,5-9 years,302,Diarrheal diseases,183,Clostridium difficile,1,Number,2004,287.4305307,446.4876346,287.4305307
1,Deaths,,Latin America and Caribbean,3,Both,6,5-9 years,302,Diarrheal diseases,183,Clostridium difficile,1,Number,2005,302.8871132,445.1240399,302.8871132
1,Deaths,,Latin America and Caribbean,3,Both,6,5-9 years,302,Diarrheal diseases,183,Clostridium difficile,1,Number,2006,302.0458463,452.0221193,302.0458463
1,Deaths,,Latin America and Caribbean,3,Both,6,5-9 years,302,Diarrheal diseases,183,Clostridium difficile,1,Number,2007,306.3438716,456.7311519,306.3438716
1,Deaths,,Latin America and Caribbean,3,Both,6,5-9 years,302,Diarrheal diseases,183,Clostridium difficile,1,Number,2008,308.6219186,460.8011338,308.6219186
1,Deaths,,Latin America and Caribbean,3,Both,6,5-9 years,302,Diarrheal diseases,183,Clostridium difficile,1,Number,2009,310.683998,476.6856695,310.683998
1,Deaths,,Latin America and Caribbean,3,Both,6,5-9 years,302,Diarrheal diseases,183,Clostridium difficile,1,Number,2010,333.1731485,483.6801284,333.1731485
1,Deaths,,Latin America and Caribbean,3,Both,6,5-9 years,302,Diarrheal diseases,183,Clostridium difficile,1,Number,2011,318.4004963,463.0775394,318.4004963
1,Deaths,,Latin America and Caribbean,3,Both,6,5-9 years,302,Diarrheal diseases,183,Clostridium difficile,1,Number,2012,309.6944447,455.5917331,309.6944447
1,Deaths,,Latin America and Caribbean,3,Both,6,5-9 years,302,Diarrheal diseases,183,Clostridium difficile,1,Number,2013,300.1928636,437.8193522,300.1928636
1,Deaths,,Latin America and Caribbean,3,Both,6,5-9 years,302,Diarrheal diseases,183,Clostridium difficile,1,Number,2014,300.1854696,427.3853571,300.1854696
1,Deaths,,Latin America and Caribbean,3,Both,6,5-9 years,302,Diarrheal diseases,183,Clostridium difficile,1,Number,2015,292.5597475,428.5083133,292.5597475
1,Deaths,,Latin America and Caribbean,3,Both,6,5-9 years,302,Diarrheal diseases,183,Clostridium difficile,1,Number,2016,285.2644158,427.1776342,285.2644158
1,Deaths,,Latin America and Caribbean,3,Both,6,5-9 years,302,Diarrheal diseases,183,Clostridium difficile,1,Number,2017,276.7994581,402.5583112,276.7994581
1,Deaths,,Latin America and Caribbean,3,Both,6,5-9 years,302,Diarrheal diseases,183,Clostridium difficile,1,Number,2018,266.8912236,399.0820252,266.8912236
1,Deaths,,Latin America and Caribbean,3,Both,6,5-9 years,302,Diarrheal diseases,183,Clostridium difficile,1,Number,2019,269.5886601,418.6276621,269.5886601
1,Deaths,,Latin America and Caribbean,3,Both,6,5-9 years,302,Diarrheal diseases,183,Clostridium difficile,1,Number,2020,237.5710306,351.2561169,237.5710306
1,Deaths,,Latin America and Caribbean,3,Both,6,5-9 years,302,Diarrheal diseases,183,Clostridium difficile,1,Number,2021,213.6867216,326.9084596,213.6867216
1,Deaths,,Latin America and Caribbean,3,Both,15,50-54 years,302,Diarrheal diseases,183,Clostridium difficile,1,Number,1990,1120.055938,2044.672178,1120.055938
1,Deaths,,Latin America and Caribbean,3,Both,15,50-54 years,302,Diarrheal diseases,183,Clostridium difficile,1,Number,1991,1144.220837,2093.410304,1144.220837
1,Deaths,,Latin America and Caribbean,3,Both,15,50-54 years,302,Diarrheal diseases,183,Clostridium difficile,1,Number,1992,1177.78671,2087.990332,1177.78671
1,Deaths,,Latin America and Caribbean,3,Both,15,50-54 years,302,Diarrheal diseases,183,Clostridium difficile,1,Number,1993,1272.901403,2136.552053,1272.901403
1,Deaths,,Latin America and Caribbean,3,Both,15,50-54 years,302,Diarrheal diseases,183,Clostridium difficile,1,Number,1994,1276.542589,2169.298927,1276.542589
1,Deaths,,Latin America and Caribbean,3,Both,15,50-54 years,302,Diarrheal diseases,183,Clostridium difficile,1,Number,1995,1306.530985,2176.843655,1306.530985
1,Deaths,,Latin America and Caribbean,3,Both,15,50-54 years,302,Diarrheal diseases,183,Clostridium difficile,1,Number,1996,1341.262497,2146.694646,1341.262497
1,Deaths,,Latin America and Caribbean,3,Both,15,50-54 years,302,Diarrheal diseases,183,Clostridium difficile,1,Number,1997,1397.200171,2244.23551,1397.200171
1,Deaths,,Latin America and Caribbean,3,Both,15,50-54 years,302,Diarrheal diseases,183,Clostridium difficile,1,Number,1998,1517.088837,2407.216183,1517.088837
1,Deaths,,Latin America and Caribbean,3,Both,15,50-54 years,302,Diarrheal diseases,183,Clostridium difficile,1,Number,1999,1473.295953,2371.387624,1473.295953
1,Deaths,,Latin America and Caribbean,3,Both,15,50-54 years,302,Diarrheal diseases,183,Clostridium difficile,1,Number,2000,1552.187562,2414.887893,1552.187562
1,Deaths,,Latin America and Caribbean,3,Both,15,50-54 years,302,Diarrheal diseases,183,Clostridium difficile,1,Number,2001,1607.589801,2520.306995,1607.589801
1,Deaths,,Latin America and Caribbean,3,Both,15,50-54 years,302,Diarrheal diseases,183,Clostridium difficile,1,Number,2002,1740.469249,2581.147956,1740.469249
1,Deaths,,Latin America and Caribbean,3,Both,15,50-54 years,302,Diarrheal diseases,183,Clostridium difficile,1,Number,2003,1816.212308,2638.614842,1816.212308
1,Deaths,,Latin America and Caribbean,3,Both,15,50-54 years,302,Diarrheal diseases,183,Clostridium difficile,1,Number,2004,1902.402266,2725.508656,1902.402266
1,Deaths,,Latin America and Caribbean,3,Both,15,50-54 years,302,Diarrheal diseases,183,Clostridium difficile,1,Number,2005,2021.789751,2926.767661,2021.789751
1,Deaths,,Latin America and Caribbean,3,Both,15,50-54 years,302,Diarrheal diseases,183,Clostridium difficile,1,Number,2006,2156.289885,3064.459519,2156.289885
1,Deaths,,Latin America and Caribbean,3,Both,15,50-54 years,302,Diarrheal diseases,183,Clostridium difficile,1,Number,2007,2332.856297,3173.112315,2332.856297
1,Deaths,,Latin America and Caribbean,3,Both,15,50-54 years,302,Diarrheal diseases,183,Clostridium difficile,1,Number,2008,2435.632745,3357.213332,2435.632745
1,Deaths,,Latin America and Caribbean,3,Both,15,50-54 years,302,Diarrheal diseases,183,Clostridium difficile,1,Number,2009,2650.964826,3561.942471,2650.964826
1,Deaths,,Latin America and Caribbean,3,Both,15,50-54 years,302,Diarrheal diseases,183,Clostridium difficile,1,Number,2010,2858.100099,3828.141772,2858.100099
1,Deaths,,Latin America and Caribbean,3,Both,15,50-54 years,302,Diarrheal diseases,183,Clostridium difficile,1,Number,2011,2978.708192,3888.774002,2978.708192
1,Deaths,,Latin America and Caribbean,3,Both,15,50-54 years,302,Diarrheal diseases,183,Clostridium difficile,1,Number,2012,3096.661281,3963.495247,3096.661281
1,Deaths,,Latin America and Caribbean,3,Both,15,50-54 years,302,Diarrheal diseases,183,Clostridium difficile,1,Number,2013,3129.320048,4082.326787,3129.320048
1,Deaths,,Latin America and Caribbean,3,Both,15,50-54 years,302,Diarrheal diseases,183,Clostridium difficile,1,Number,2014,3266.947628,4120.996482,3266.947628
1,Deaths,,Latin America and Caribbean,3,Both,15,50-54 years,302,Diarrheal diseases,183,Clostridium difficile,1,Number,2015,3374.455034,4350.746854,3374.455034
1,Deaths,,Latin America and Caribbean,3,Both,15,50-54 years,302,Diarrheal diseases,183,Clostridium difficile,1,Number,2016,3416.352181,4478.427245,3416.352181
1,Deaths,,Latin America and Caribbean,3,Both,15,50-54 years,302,Diarrheal diseases,183,Clostridium difficile,1,Number,2017,3298.728449,4338.936561,3298.728449
1,Deaths,,Latin America and Caribbean,3,Both,15,50-54 years,302,Diarrheal diseases,183,Clostridium difficile,1,Number,2018,3366.770688,4347.029152,3366.770688
1,Deaths,,Latin America and Caribbean,3,Both,15,50-54 years,302,Diarrheal diseases,183,Clostridium difficile,1,Number,2019,3634.389781,4591.234512,3634.389781
1,Deaths,,Latin America and Caribbean,3,Both,15,50-54 years,302,Diarrheal diseases,183,Clostridium difficile,1,Number,2020,3689.620804,4781.324721,3689.620804
1,Deaths,,Latin America and Caribbean,3,Both,15,50-54 years,302,Diarrheal diseases,183,Clostridium difficile,1,Number,2021,3642.137954,4910.053693,3642.137954
1,Deaths,,Latin America and Caribbean,3,Both,16,55-59 years,302,Diarrheal diseases,183,Clostridium difficile,1,Number,1990,1415.833761,2613.750005,1415.833761
1,Deaths,,Latin America and Caribbean,3,Both,16,55-59 years,302,Diarrheal diseases,183,Clostridium difficile,1,Number,1991,1420.239939,2665.761693,1420.239939
1,Deaths,,Latin America and Caribbean,3,Both,16,55-59 years,302,Diarrheal diseases,183,Clostridium difficile,1,Number,1992,1454.570958,2698.02953,1454.570958
1,Deaths,,Latin America and Caribbean,3,Both,16,55-59 years,302,Diarrheal diseases,183,Clostridium difficile,1,Number,1993,1553.054039,2797.922406,1553.054039
1,Deaths,,Latin America and Caribbean,3,Both,16,55-59 years,302,Diarrheal diseases,183,Clostridium difficile,1,Number,1994,1629.11758,2761.769696,1629.11758
1,Deaths,,Latin America and Caribbean,3,Both,16,55-59 years,302,Diarrheal diseases,183,Clostridium difficile,1,Number,1995,1669.589149,2786.600391,1669.589149
1,Deaths,,Latin America and Caribbean,3,Both,16,55-59 years,302,Diarrheal diseases,183,Clostridium difficile,1,Number,1996,1642.149466,2815.51514,1642.149466
1,Deaths,,Latin America and Caribbean,3,Both,16,55-59 years,302,Diarrheal diseases,183,Clostridium difficile,1,Number,1997,1697.529997,2879.008178,1697.529997
1,Deaths,,Latin America and Caribbean,3,Both,16,55-59 years,302,Diarrheal diseases,183,Clostridium difficile,1,Number,1998,1848.970039,3007.412414,1848.970039
1,Deaths,,Latin America and Caribbean,3,Both,16,55-59 years,302,Diarrheal diseases,183,Clostridium difficile,1,Number,1999,1693.255462,3019.935444,1693.255462
1,Deaths,,Latin America and Caribbean,3,Both,16,55-59 years,302,Diarrheal diseases,183,Clostridium difficile,1,Number,2000,1811.302805,2990.90631,1811.302805
1,Deaths,,Latin America and Caribbean,3,Both,16,55-59 years,302,Diarrheal diseases,183,Clostridium difficile,1,Number,2001,1905.026003,3019.886241,1905.026003
1,Deaths,,Latin America and Caribbean,3,Both,16,55-59 years,302,Diarrheal diseases,183,Clostridium difficile,1,Number,2002,1997.59236,3179.53012,1997.59236
1,Deaths,,Latin America and Caribbean,3,Both,16,55-59 years,302,Diarrheal diseases,183,Clostridium difficile,1,Number,2003,2052.982346,3304.224192,2052.982346
1,Deaths,,Latin America and Caribbean,3,Both,16,55-59 years,302,Diarrheal diseases,183,Clostridium difficile,1,Number,2004,2161.07053,3435.188777,2161.07053
1,Deaths,,Latin America and Caribbean,3,Both,16,55-59 years,302,Diarrheal diseases,183,Clostridium difficile,1,Number,2005,2395.255154,3575.679374,2395.255154
1,Deaths,,Latin America and Caribbean,3,Both,16,55-59 years,302,Diarrheal diseases,183,Clostridium difficile,1,Number,2006,2602.471756,3781.04279,2602.471756
1,Deaths,,Latin America and Caribbean,3,Both,16,55-59 years,302,Diarrheal diseases,183,Clostridium difficile,1,Number,2007,2796.093079,3949.16219,2796.093079
1,Deaths,,Latin America and Caribbean,3,Both,16,55-59 years,302,Diarrheal diseases,183,Clostridium difficile,1,Number,2008,2964.811364,4115.321725,2964.811364
1,Deaths,,Latin America and Caribbean,3,Both,16,55-59 years,302,Diarrheal diseases,183,Clostridium difficile,1,Number,2009,3207.743564,4389.990815,3207.743564
1,Deaths,,Latin America and Caribbean,3,Both,16,55-59 years,302,Diarrheal diseases,183,Clostridium difficile,1,Number,2010,3518.993823,4800.846234,3518.993823
1,Deaths,,Latin America and Caribbean,3,Both,16,55-59 years,302,Diarrheal diseases,183,Clostridium difficile,1,Number,2011,3579.293702,5016.456852,3579.293702
1,Deaths,,Latin America and Caribbean,3,Both,16,55-59 years,302,Diarrheal diseases,183,Clostridium difficile,1,Number,2012,3782.762039,5174.178834,3782.762039
1,Deaths,,Latin America and Caribbean,3,Both,16,55-59 years,302,Diarrheal diseases,183,Clostridium difficile,1,Number,2013,3937.857291,5298.580719,3937.857291
1,Deaths,,Latin America and Caribbean,3,Both,16,55-59 years,302,Diarrheal diseases,183,Clostridium difficile,1,Number,2014,4052.60504,5458.049656,4052.60504
1,Deaths,,Latin America and Caribbean,3,Both,16,55-59 years,302,Diarrheal diseases,183,Clostridium difficile,1,Number,2015,4274.046084,5737.442554,4274.046084
1,Deaths,,Latin America and Caribbean,3,Both,16,55-59 years,302,Diarrheal diseases,183,Clostridium difficile,1,Number,2016,4429.691916,5885.195331,4429.691916
1,Deaths,,Latin America and Caribbean,3,Both,16,55-59 years,302,Diarrheal diseases,183,Clostridium difficile,1,Number,2017,4324.421017,5768.011404,4324.421017
1,Deaths,,Latin America and Caribbean,3,Both,16,55-59 years,302,Diarrheal diseases,183,Clostridium difficile,1,Number,2018,4425.233233,5839.283796,4425.233233
1,Deaths,,Latin America and Caribbean,3,Both,16,55-59 years,302,Diarrheal diseases,183,Clostridium difficile,1,Number,2019,4692.073098,6379.090642,4692.073098
1,Deaths,,Latin America and Caribbean,3,Both,16,55-59 years,302,Diarrheal diseases,183,Clostridium difficile,1,Number,2020,4891.783584,6682.423364,4891.783584
1,Deaths,,Latin America and Caribbean,3,Both,16,55-59 years,302,Diarrheal diseases,183,Clostridium difficile,1,Number,2021,4948.594889,6804.925424,4948.594889
1,Deaths,,Latin America and Caribbean,3,Both,17,60-64 years,302,Diarrheal diseases,183,Clostridium difficile,1,Number,1990,1835.700207,3374.231367,1835.700207
1,Deaths,,Latin America and Caribbean,3,Both,17,60-64 years,302,Diarrheal diseases,183,Clostridium difficile,1,Number,1991,1900.993818,3455.307266,1900.993818
1,Deaths,,Latin America and Caribbean,3,Both,17,60-64 years,302,Diarrheal diseases,183,Clostridium difficile,1,Number,1992,1974.316306,3489.759766,1974.316306
1,Deaths,,Latin America and Caribbean,3,Both,17,60-64 years,302,Diarrheal diseases,183,Clostridium difficile,1,Number,1993,2115.865683,3596.42647,2115.865683
1,Deaths,,Latin America and Caribbean,3,Both,17,60-64 years,302,Diarrheal diseases,183,Clostridium difficile,1,Number,1994,2136.039615,3574.170482,2136.039615
1,Deaths,,Latin America and Caribbean,3,Both,17,60-64 years,302,Diarrheal diseases,183,Clostridium difficile,1,Number,1995,2187.265773,3553.87115,2187.265773
1,Deaths,,Latin America and Caribbean,3,Both,17,60-64 years,302,Diarrheal diseases,183,Clostridium difficile,1,Number,1996,2122.151663,3570.821492,2122.151663
1,Deaths,,Latin America and Caribbean,3,Both,17,60-64 years,302,Diarrheal diseases,183,Clostridium difficile,1,Number,1997,2304.708627,3556.691768,2304.708627
1,Deaths,,Latin America and Caribbean,3,Both,17,60-64 years,302,Diarrheal diseases,183,Clostridium difficile,1,Number,1998,2443.484294,3777.581879,2443.484294
1,Deaths,,Latin America and Caribbean,3,Both,17,60-64 years,302,Diarrheal diseases,183,Clostridium difficile,1,Number,1999,2291.716176,3748.754937,2291.716176
1,Deaths,,Latin America and Caribbean,3,Both,17,60-64 years,302,Diarrheal diseases,183,Clostridium difficile,1,Number,2000,2431.852,3745.050996,2431.852
1,Deaths,,Latin America and Caribbean,3,Both,17,60-64 years,302,Diarrheal diseases,183,Clostridium difficile,1,Number,2001,2505.534111,3797.064612,2505.534111
1,Deaths,,Latin America and Caribbean,3,Both,17,60-64 years,302,Diarrheal diseases,183,Clostridium difficile,1,Number,2002,2617.814799,3913.442644,2617.814799
1,Deaths,,Latin America and Caribbean,3,Both,17,60-64 years,302,Diarrheal diseases,183,Clostridium difficile,1,Number,2003,2725.11807,3937.983672,2725.11807
1,Deaths,,Latin America and Caribbean,3,Both,17,60-64 years,302,Diarrheal diseases,183,Clostridium difficile,1,Number,2004,2768.21599,4087.422973,2768.21599
1,Deaths,,Latin America and Caribbean,3,Both,17,60-64 years,302,Diarrheal diseases,183,Clostridium difficile,1,Number,2005,2923.859917,4238.461844,2923.859917
1,Deaths,,Latin America and Caribbean,3,Both,17,60-64 years,302,Diarrheal diseases,183,Clostridium difficile,1,Number,2006,3174.482228,4357.57712,3174.482228
1,Deaths,,Latin America and Caribbean,3,Both,17,60-64 years,302,Diarrheal diseases,183,Clostridium difficile,1,Number,2007,3439.970605,4539.586804,3439.970605
1,Deaths,,Latin America and Caribbean,3,Both,17,60-64 years,302,Diarrheal diseases,183,Clostridium difficile,1,Number,2008,3555.894191,4852.450168,3555.894191
1,Deaths,,Latin America and Caribbean,3,Both,17,60-64 years,302,Diarrheal diseases,183,Clostridium difficile,1,Number,2009,3809.751381,5195.408466,3809.751381
1,Deaths,,Latin America and Caribbean,3,Both,17,60-64 years,302,Diarrheal diseases,183,Clostridium difficile,1,Number,2010,4196.49619,5636.0837,4196.49619
1,Deaths,,Latin America and Caribbean,3,Both,17,60-64 years,302,Diarrheal diseases,183,Clostridium difficile,1,Number,2011,4435.131845,5849.822284,4435.131845
1,Deaths,,Latin America and Caribbean,3,Both,17,60-64 years,302,Diarrheal diseases,183,Clostridium difficile,1,Number,2012,4597.945871,6095.076697,4597.945871
1,Deaths,,Latin America and Caribbean,3,Both,17,60-64 years,302,Diarrheal diseases,183,Clostridium difficile,1,Number,2013,4817.544727,6229.23922,4817.544727
1,Deaths,,Latin America and Caribbean,3,Both,17,60-64 years,302,Diarrheal diseases,183,Clostridium difficile,1,Number,2014,5007.750747,6472.242641,5007.750747
1,Deaths,,Latin America and Caribbean,3,Both,17,60-64 years,302,Diarrheal diseases,183,Clostridium difficile,1,Number,2015,5383.340127,6901.341532,5383.340127
1,Deaths,,Latin America and Caribbean,3,Both,17,60-64 years,302,Diarrheal diseases,183,Clostridium difficile,1,Number,2016,5499.78096,7173.040787,5499.78096
1,Deaths,,Latin America and Caribbean,3,Both,17,60-64 years,302,Diarrheal diseases,183,Clostridium difficile,1,Number,2017,5428.332777,7090.970672,5428.332777
1,Deaths,,Latin America and Caribbean,3,Both,17,60-64 years,302,Diarrheal diseases,183,Clostridium difficile,1,Number,2018,5569.014771,7250.597773,5569.014771
1,Deaths,,Latin America and Caribbean,3,Both,17,60-64 years,302,Diarrheal diseases,183,Clostridium difficile,1,Number,2019,6114.359864,7798.728701,6114.359864
1,Deaths,,Latin America and Caribbean,3,Both,17,60-64 years,302,Diarrheal diseases,183,Clostridium difficile,1,Number,2020,6294.345807,8251.875363,6294.345807
1,Deaths,,Latin America and Caribbean,3,Both,17,60-64 years,302,Diarrheal diseases,183,Clostridium difficile,1,Number,2021,6317.221732,8298.83674,6317.221732
1,Deaths,,Latin America and Caribbean,3,Both,18,65-69 years,302,Diarrheal diseases,183,Clostridium difficile,1,Number,1990,2226.639321,3791.951135,2226.639321
1,Deaths,,Latin America and Caribbean,3,Both,18,65-69 years,302,Diarrheal diseases,183,Clostridium difficile,1,Number,1991,2251.605327,3962.337168,2251.605327
1,Deaths,,Latin America and Caribbean,3,Both,18,65-69 years,302,Diarrheal diseases,183,Clostridium difficile,1,Number,1992,2350.451478,4036.776066,2350.451478
1,Deaths,,Latin America and Caribbean,3,Both,18,65-69 years,302,Diarrheal diseases,183,Clostridium difficile,1,Number,1993,2503.601688,4234.970433,2503.601688
1,Deaths,,Latin America and Caribbean,3,Both,18,65-69 years,302,Diarrheal diseases,183,Clostridium difficile,1,Number,1994,2592.029101,4239.114373,2592.029101
1,Deaths,,Latin America and Caribbean,3,Both,18,65-69 years,302,Diarrheal diseases,183,Clostridium difficile,1,Number,1995,2657.047651,4333.335774,2657.047651
1,Deaths,,Latin America and Caribbean,3,Both,18,65-69 years,302,Diarrheal diseases,183,Clostridium difficile,1,Number,1996,2691.080335,4366.242709,2691.080335
1,Deaths,,Latin America and Caribbean,3,Both,18,65-69 years,302,Diarrheal diseases,183,Clostridium difficile,1,Number,1997,2839.835209,4425.483909,2839.835209
1,Deaths,,Latin America and Caribbean,3,Both,18,65-69 years,302,Diarrheal diseases,183,Clostridium difficile,1,Number,1998,2971.609497,4672.196121,2971.609497
1,Deaths,,Latin America and Caribbean,3,Both,18,65-69 years,302,Diarrheal diseases,183,Clostridium difficile,1,Number,1999,2909.303615,4439.831461,2909.303615
1,Deaths,,Latin America and Caribbean,3,Both,18,65-69 years,302,Diarrheal diseases,183,Clostridium difficile,1,Number,2000,2952.904472,4472.475203,2952.904472
1,Deaths,,Latin America and Caribbean,3,Both,18,65-69 years,302,Diarrheal diseases,183,Clostridium difficile,1,Number,2001,3019.606827,4521.19731,3019.606827
1,Deaths,,Latin America and Caribbean,3,Both,18,65-69 years,302,Diarrheal diseases,183,Clostridium difficile,1,Number,2002,3202.084121,4656.841406,3202.084121
1,Deaths,,Latin America and Caribbean,3,Both,18,65-69 years,302,Diarrheal diseases,183,Clostridium difficile,1,Number,2003,3331.086928,4732.479868,3331.086928
1,Deaths,,Latin America and Caribbean,3,Both,18,65-69 years,302,Diarrheal diseases,183,Clostridium difficile,1,Number,2004,3474.638643,4900.702857,3474.638643
1,Deaths,,Latin America and Caribbean,3,Both,18,65-69 years,302,Diarrheal diseases,183,Clostridium difficile,1,Number,2005,3707.963963,5116.269901,3707.963963
1,Deaths,,Latin America and Caribbean,3,Both,18,65-69 years,302,Diarrheal diseases,183,Clostridium difficile,1,Number,2006,3920.49986,5313.888301,3920.49986
1,Deaths,,Latin America and Caribbean,3,Both,18,65-69 years,302,Diarrheal diseases,183,Clostridium difficile,1,Number,2007,4122.594217,5475.937774,4122.594217
1,Deaths,,Latin America and Caribbean,3,Both,18,65-69 years,302,Diarrheal diseases,183,Clostridium difficile,1,Number,2008,4256.966778,5672.621541,4256.966778
1,Deaths,,Latin America and Caribbean,3,Both,18,65-69 years,302,Diarrheal diseases,183,Clostridium difficile,1,Number,2009,4541.522493,5934.00622,4541.522493
1,Deaths,,Latin America and Caribbean,3,Both,18,65-69 years,302,Diarrheal diseases,183,Clostridium difficile,1,Number,2010,4889.509501,6432.903102,4889.509501
1,Deaths,,Latin America and Caribbean,3,Both,18,65-69 years,302,Diarrheal diseases,183,Clostridium difficile,1,Number,2011,5151.656992,6541.600492,5151.656992
1,Deaths,,Latin America and Caribbean,3,Both,18,65-69 years,302,Diarrheal diseases,183,Clostridium difficile,1,Number,2012,5355.093633,6848.611623,5355.093633
1,Deaths,,Latin America and Caribbean,3,Both,18,65-69 years,302,Diarrheal diseases,183,Clostridium difficile,1,Number,2013,5596.06099,7051.772571,5596.06099
1,Deaths,,Latin America and Caribbean,3,Both,18,65-69 years,302,Diarrheal diseases,183,Clostridium difficile,1,Number,2014,5893.069761,7320.177477,5893.069761
1,Deaths,,Latin America and Caribbean,3,Both,18,65-69 years,302,Diarrheal diseases,183,Clostridium difficile,1,Number,2015,6237.39607,7848.627841,6237.39607
1,Deaths,,Latin America and Caribbean,3,Both,18,65-69 years,302,Diarrheal diseases,183,Clostridium difficile,1,Number,2016,6475.703706,8144.713405,6475.703706
1,Deaths,,Latin America and Caribbean,3,Both,18,65-69 years,302,Diarrheal diseases,183,Clostridium difficile,1,Number,2017,6394.824019,8062.435471,6394.824019
1,Deaths,,Latin America and Caribbean,3,Both,18,65-69 years,302,Diarrheal diseases,183,Clostridium difficile,1,Number,2018,6579.436147,8286.797317,6579.436147
1,Deaths,,Latin America and Caribbean,3,Both,18,65-69 years,302,Diarrheal diseases,183,Clostridium difficile,1,Number,2019,7237.794617,9000.690538,7237.794617
1,Deaths,,Latin America and Caribbean,3,Both,18,65-69 years,302,Diarrheal diseases,183,Clostridium difficile,1,Number,2020,7487.585336,9563.405725,7487.585336
1,Deaths,,Latin America and Caribbean,3,Both,18,65-69 years,302,Diarrheal diseases,183,Clostridium difficile,1,Number,2021,7309.703183,9723.4889,7309.703183
1,Deaths,,Latin America and Caribbean,3,Both,19,70-74 years,302,Diarrheal diseases,183,Clostridium difficile,1,Number,1990,2136.269276,3834.598603,2136.269276
1,Deaths,,Latin America and Caribbean,3,Both,19,70-74 years,302,Diarrheal diseases,183,Clostridium difficile,1,Number,1991,2190.357221,3897.720752,2190.357221
1,Deaths,,Latin America and Caribbean,3,Both,19,70-74 years,302,Diarrheal diseases,183,Clostridium difficile,1,Number,1992,2303.543178,3972.257454,2303.543178
1,Deaths,,Latin America and Caribbean,3,Both,19,70-74 years,302,Diarrheal diseases,183,Clostridium difficile,1,Number,1993,2437.94312,4204.090331,2437.94312
1,Deaths,,Latin America and Caribbean,3,Both,19,70-74 years,302,Diarrheal diseases,183,Clostridium difficile,1,Number,1994,2548.14593,4178.915921,2548.14593
1,Deaths,,Latin America and Caribbean,3,Both,19,70-74 years,302,Diarrheal diseases,183,Clostridium difficile,1,Number,1995,2605.324679,4206.684013,2605.324679
1,Deaths,,Latin America and Caribbean,3,Both,19,70-74 years,302,Diarrheal diseases,183,Clostridium difficile,1,Number,1996,2610.756279,4269.446648,2610.756279
1,Deaths,,Latin America and Caribbean,3,Both,19,70-74 years,302,Diarrheal diseases,183,Clostridium difficile,1,Number,1997,2722.372571,4416.158295,2722.372571
1,Deaths,,Latin America and Caribbean,3,Both,19,70-74 years,302,Diarrheal diseases,183,Clostridium difficile,1,Number,1998,2965.355132,4654.460817,2965.355132
1,Deaths,,Latin America and Caribbean,3,Both,19,70-74 years,302,Diarrheal diseases,183,Clostridium difficile,1,Number,1999,2898.625718,4530.591211,2898.625718
1,Deaths,,Latin America and Caribbean,3,Both,19,70-74 years,302,Diarrheal diseases,183,Clostridium difficile,1,Number,2000,2988.902232,4653.792567,2988.902232
1,Deaths,,Latin America and Caribbean,3,Both,19,70-74 years,302,Diarrheal diseases,183,Clostridium difficile,1,Number,2001,3185.304661,4691.33156,3185.304661
1,Deaths,,Latin America and Caribbean,3,Both,19,70-74 years,302,Diarrheal diseases,183,Clostridium difficile,1,Number,2002,3271.411603,4925.449364,3271.411603
1,Deaths,,Latin America and Caribbean,3,Both,19,70-74 years,302,Diarrheal diseases,183,Clostridium difficile,1,Number,2003,3412.107617,5009.712704,3412.107617
1,Deaths,,Latin America and Caribbean,3,Both,19,70-74 years,302,Diarrheal diseases,183,Clostridium difficile,1,Number,2004,3599.84285,5106.412841,3599.84285
1,Deaths,,Latin America and Caribbean,3,Both,19,70-74 years,302,Diarrheal diseases,183,Clostridium difficile,1,Number,2005,3833.122931,5267.152794,3833.122931
1,Deaths,,Latin America and Caribbean,3,Both,19,70-74 years,302,Diarrheal diseases,183,Clostridium difficile,1,Number,2006,3996.651662,5483.482452,3996.651662
1,Deaths,,Latin America and Caribbean,3,Both,19,70-74 years,302,Diarrheal diseases,183,Clostridium difficile,1,Number,2007,4190.45698,5696.181192,4190.45698
1,Deaths,,Latin America and Caribbean,3,Both,19,70-74 years,302,Diarrheal diseases,183,Clostridium difficile,1,Number,2008,4424.858003,5817.124106,4424.858003
1,Deaths,,Latin America and Caribbean,3,Both,19,70-74 years,302,Diarrheal diseases,183,Clostridium difficile,1,Number,2009,4731.344397,6112.285891,4731.344397
1,Deaths,,Latin America and Caribbean,3,Both,19,70-74 years,302,Diarrheal diseases,183,Clostridium difficile,1,Number,2010,5176.132229,6639.129062,5176.132229
1,Deaths,,Latin America and Caribbean,3,Both,19,70-74 years,302,Diarrheal diseases,183,Clostridium difficile,1,Number,2011,5283.705259,6819.761832,5283.705259
1,Deaths,,Latin America and Caribbean,3,Both,19,70-74 years,302,Diarrheal diseases,183,Clostridium difficile,1,Number,2012,5468.098489,6949.490074,5468.098489
1,Deaths,,Latin America and Caribbean,3,Both,19,70-74 years,302,Diarrheal diseases,183,Clostridium difficile,1,Number,2013,5656.558929,7064.044267,5656.558929
1,Deaths,,Latin America and Caribbean,3,Both,19,70-74 years,302,Diarrheal diseases,183,Clostridium difficile,1,Number,2014,5816.089751,7276.458024,5816.089751
1,Deaths,,Latin America and Caribbean,3,Both,19,70-74 years,302,Diarrheal diseases,183,Clostridium difficile,1,Number,2015,6091.088881,7627.946357,6091.088881
1,Deaths,,Latin America and Caribbean,3,Both,19,70-74 years,302,Diarrheal diseases,183,Clostridium difficile,1,Number,2016,6243.924162,7754.814434,6243.924162
1,Deaths,,Latin America and Caribbean,3,Both,19,70-74 years,302,Diarrheal diseases,183,Clostridium difficile,1,Number,2017,6085.331306,7808.927695,6085.331306
1,Deaths,,Latin America and Caribbean,3,Both,19,70-74 years,302,Diarrheal diseases,183,Clostridium difficile,1,Number,2018,6352.974224,7953.997371,6352.974224
1,Deaths,,Latin America and Caribbean,3,Both,19,70-74 years,302,Diarrheal diseases,183,Clostridium difficile,1,Number,2019,6932.201657,8778.023259,6932.201657
1,Deaths,,Latin America and Caribbean,3,Both,19,70-74 years,302,Diarrheal diseases,183,Clostridium difficile,1,Number,2020,7067.356743,9186.719984,7067.356743
1,Deaths,,Latin America and Caribbean,3,Both,19,70-74 years,302,Diarrheal diseases,183,Clostridium difficile,1,Number,2021,7138.735292,9235.02131,7138.735292
1,Deaths,,Latin America and Caribbean,3,Both,20,75-79 years,302,Diarrheal diseases,183,Clostridium difficile,1,Number,1990,2333.942997,4107.448416,2333.942997
1,Deaths,,Latin America and Caribbean,3,Both,20,75-79 years,302,Diarrheal diseases,183,Clostridium difficile,1,Number,1991,2342.811911,4097.905666,2342.811911
1,Deaths,,Latin America and Caribbean,3,Both,20,75-79 years,302,Diarrheal diseases,183,Clostridium difficile,1,Number,1992,2404.378507,4132.750867,2404.378507
1,Deaths,,Latin America and Caribbean,3,Both,20,75-79 years,302,Diarrheal diseases,183,Clostridium difficile,1,Number,1993,2533.720262,4292.21118,2533.720262
1,Deaths,,Latin America and Caribbean,3,Both,20,75-79 years,302,Diarrheal diseases,183,Clostridium difficile,1,Number,1994,2534.341081,4266.790538,2534.341081
1,Deaths,,Latin America and Caribbean,3,Both,20,75-79 years,302,Diarrheal diseases,183,Clostridium difficile,1,Number,1995,2560.625263,4316.083681,2560.625263
1,Deaths,,Latin America and Caribbean,3,Both,20,75-79 years,302,Diarrheal diseases,183,Clostridium difficile,1,Number,1996,2644.750159,4303.946739,2644.750159
1,Deaths,,Latin America and Caribbean,3,Both,20,75-79 years,302,Diarrheal diseases,183,Clostridium difficile,1,Number,1997,2769.481476,4446.549771,2769.481476
1,Deaths,,Latin America and Caribbean,3,Both,20,75-79 years,302,Diarrheal diseases,183,Clostridium difficile,1,Number,1998,2981.19822,4727.373103,2981.19822
1,Deaths,,Latin America and Caribbean,3,Both,20,75-79 years,302,Diarrheal diseases,183,Clostridium difficile,1,Number,1999,2910.48641,4588.274037,2910.48641
1,Deaths,,Latin America and Caribbean,3,Both,20,75-79 years,302,Diarrheal diseases,183,Clostridium difficile,1,Number,2000,3080.374275,4619.179818,3080.374275
1,Deaths,,Latin America and Caribbean,3,Both,20,75-79 years,302,Diarrheal diseases,183,Clostridium difficile,1,Number,2001,3207.897098,4808.772991,3207.897098
1,Deaths,,Latin America and Caribbean,3,Both,20,75-79 years,302,Diarrheal diseases,183,Clostridium difficile,1,Number,2002,3432.309548,5044.072943,3432.309548
1,Deaths,,Latin America and Caribbean,3,Both,20,75-79 years,302,Diarrheal diseases,183,Clostridium difficile,1,Number,2003,3594.646915,5268.425505,3594.646915
1,Deaths,,Latin America and Caribbean,3,Both,20,75-79 years,302,Diarrheal diseases,183,Clostridium difficile,1,Number,2004,3874.790315,5473.256676,3874.790315
1,Deaths,,Latin America and Caribbean,3,Both,20,75-79 years,302,Diarrheal diseases,183,Clostridium difficile,1,Number,2005,4181.77524,5761.01216,4181.77524
1,Deaths,,Latin America and Caribbean,3,Both,20,75-79 years,302,Diarrheal diseases,183,Clostridium difficile,1,Number,2006,4452.828503,6052.386397,4452.828503
1,Deaths,,Latin America and Caribbean,3,Both,20,75-79 years,302,Diarrheal diseases,183,Clostridium difficile,1,Number,2007,4703.588054,6257.936745,4703.588054
1,Deaths,,Latin America and Caribbean,3,Both,20,75-79 years,302,Diarrheal diseases,183,Clostridium difficile,1,Number,2008,4850.463664,6443.757733,4850.463664
1,Deaths,,Latin America and Caribbean,3,Both,20,75-79 years,302,Diarrheal diseases,183,Clostridium difficile,1,Number,2009,5129.812922,6758.204134,5129.812922
1,Deaths,,Latin America and Caribbean,3,Both,20,75-79 years,302,Diarrheal diseases,183,Clostridium difficile,1,Number,2010,5658.081759,7301.986483,5658.081759
1,Deaths,,Latin America and Caribbean,3,Both,20,75-79 years,302,Diarrheal diseases,183,Clostridium difficile,1,Number,2011,5781.687291,7571.447553,5781.687291
1,Deaths,,Latin America and Caribbean,3,Both,20,75-79 years,302,Diarrheal diseases,183,Clostridium difficile,1,Number,2012,6055.88199,7763.490098,6055.88199
1,Deaths,,Latin America and Caribbean,3,Both,20,75-79 years,302,Diarrheal diseases,183,Clostridium difficile,1,Number,2013,6267.42636,8030.388391,6267.42636
1,Deaths,,Latin America and Caribbean,3,Both,20,75-79 years,302,Diarrheal diseases,183,Clostridium difficile,1,Number,2014,6611.920685,8263.838067,6611.920685
1,Deaths,,Latin America and Caribbean,3,Both,20,75-79 years,302,Diarrheal diseases,183,Clostridium difficile,1,Number,2015,6970.655872,8711.213065,6970.655872
1,Deaths,,Latin America and Caribbean,3,Both,20,75-79 years,302,Diarrheal diseases,183,Clostridium difficile,1,Number,2016,7079.284341,8751.860468,7079.284341
1,Deaths,,Latin America and Caribbean,3,Both,20,75-79 years,302,Diarrheal diseases,183,Clostridium difficile,1,Number,2017,6846.8427,8644.341867,6846.8427
1,Deaths,,Latin America and Caribbean,3,Both,20,75-79 years,302,Diarrheal diseases,183,Clostridium difficile,1,Number,2018,6945.022824,8837.01611,6945.022824
1,Deaths,,Latin America and Caribbean,3,Both,20,75-79 years,302,Diarrheal diseases,183,Clostridium difficile,1,Number,2019,7512.190756,9681.717775,7512.190756
1,Deaths,,Latin America and Caribbean,3,Both,20,75-79 years,302,Diarrheal diseases,183,Clostridium difficile,1,Number,2020,7576.601186,9757.551313,7576.601186
1,Deaths,,Latin America and Caribbean,3,Both,20,75-79 years,302,Diarrheal diseases,183,Clostridium difficile,1,Number,2021,7451.344858,9747.909005,7451.344858
1,Deaths,,Latin America and Caribbean,3,Both,30,80-84 years,302,Diarrheal diseases,183,Clostridium difficile,1,Number,1990,1984.478803,3761.175839,1984.478803
1,Deaths,,Latin America and Caribbean,3,Both,30,80-84 years,302,Diarrheal diseases,183,Clostridium difficile,1,Number,1991,2086.982149,3760.654895,2086.982149
1,Deaths,,Latin America and Caribbean,3,Both,30,80-84 years,302,Diarrheal diseases,183,Clostridium difficile,1,Number,1992,2170.49296,3855.368499,2170.49296
1,Deaths,,Latin America and Caribbean,3,Both,30,80-84 years,302,Diarrheal diseases,183,Clostridium difficile,1,Number,1993,2392.301398,4022.681507,2392.301398
1,Deaths,,Latin America and Caribbean,3,Both,30,80-84 years,302,Diarrheal diseases,183,Clostridium difficile,1,Number,1994,2421.633422,4060.574818,2421.633422
1,Deaths,,Latin America and Caribbean,3,Both,30,80-84 years,302,Diarrheal diseases,183,Clostridium difficile,1,Number,1995,2455.571315,4062.148226,2455.571315
1,Deaths,,Latin America and Caribbean,3,Both,30,80-84 years,302,Diarrheal diseases,183,Clostridium difficile,1,Number,1996,2456.764219,4002.68863,2456.764219
1,Deaths,,Latin America and Caribbean,3,Both,30,80-84 years,302,Diarrheal diseases,183,Clostridium difficile,1,Number,1997,2515.819698,4076.945636,2515.819698
1,Deaths,,Latin America and Caribbean,3,Both,30,80-84 years,302,Diarrheal diseases,183,Clostridium difficile,1,Number,1998,2664.246784,4302.911824,2664.246784
1,Deaths,,Latin America and Caribbean,3,Both,30,80-84 years,302,Diarrheal diseases,183,Clostridium difficile,1,Number,1999,2535.04521,4182.555311,2535.04521
1,Deaths,,Latin America and Caribbean,3,Both,30,80-84 years,302,Diarrheal diseases,183,Clostridium difficile,1,Number,2000,2686.650718,4190.698975,2686.650718
1,Deaths,,Latin America and Caribbean,3,Both,30,80-84 years,302,Diarrheal diseases,183,Clostridium difficile,1,Number,2001,2808.167221,4349.597884,2808.167221
1,Deaths,,Latin America and Caribbean,3,Both,30,80-84 years,302,Diarrheal diseases,183,Clostridium difficile,1,Number,2002,3015.658646,4579.289251,3015.658646
1,Deaths,,Latin America and Caribbean,3,Both,30,80-84 years,302,Diarrheal diseases,183,Clostridium difficile,1,Number,2003,3192.854477,4809.166139,3192.854477
1,Deaths,,Latin America and Caribbean,3,Both,30,80-84 years,302,Diarrheal diseases,183,Clostridium difficile,1,Number,2004,3450.723262,5022.61043,3450.723262
1,Deaths,,Latin America and Caribbean,3,Both,30,80-84 years,302,Diarrheal diseases,183,Clostridium difficile,1,Number,2005,3721.485304,5331.697197,3721.485304
1,Deaths,,Latin America and Caribbean,3,Both,30,80-84 years,302,Diarrheal diseases,183,Clostridium difficile,1,Number,2006,3970.096517,5721.175333,3970.096517
1,Deaths,,Latin America and Caribbean,3,Both,30,80-84 years,302,Diarrheal diseases,183,Clostridium difficile,1,Number,2007,4253.150652,6011.993233,4253.150652
1,Deaths,,Latin America and Caribbean,3,Both,30,80-84 years,302,Diarrheal diseases,183,Clostridium difficile,1,Number,2008,4521.860167,6270.849985,4521.860167
1,Deaths,,Latin America and Caribbean,3,Both,30,80-84 years,302,Diarrheal diseases,183,Clostridium difficile,1,Number,2009,4890.550294,6691.879883,4890.550294
1,Deaths,,Latin America and Caribbean,3,Both,30,80-84 years,302,Diarrheal diseases,183,Clostridium difficile,1,Number,2010,5471.135607,7428.944395,5471.135607
1,Deaths,,Latin America and Caribbean,3,Both,30,80-84 years,302,Diarrheal diseases,183,Clostridium difficile,1,Number,2011,5833.074114,7743.0438,5833.074114
1,Deaths,,Latin America and Caribbean,3,Both,30,80-84 years,302,Diarrheal diseases,183,Clostridium difficile,1,Number,2012,5970.806893,8137.316079,5970.806893
1,Deaths,,Latin America and Caribbean,3,Both,30,80-84 years,302,Diarrheal diseases,183,Clostridium difficile,1,Number,2013,6124.748977,8436.342696,6124.748977
1,Deaths,,Latin America and Caribbean,3,Both,30,80-84 years,302,Diarrheal diseases,183,Clostridium difficile,1,Number,2014,6431.517992,8655.905212,6431.517992
1,Deaths,,Latin America and Caribbean,3,Both,30,80-84 years,302,Diarrheal diseases,183,Clostridium difficile,1,Number,2015,6798.196477,9099.13239,6798.196477
1,Deaths,,Latin America and Caribbean,3,Both,30,80-84 years,302,Diarrheal diseases,183,Clostridium difficile,1,Number,2016,6863.429191,9189.118747,6863.429191
1,Deaths,,Latin America and Caribbean,3,Both,30,80-84 years,302,Diarrheal diseases,183,Clostridium difficile,1,Number,2017,6739.571213,9061.225191,6739.571213
1,Deaths,,Latin America and Caribbean,3,Both,30,80-84 years,302,Diarrheal diseases,183,Clostridium difficile,1,Number,2018,6927.27023,9182.804775,6927.27023
1,Deaths,,Latin America and Caribbean,3,Both,30,80-84 years,302,Diarrheal diseases,183,Clostridium difficile,1,Number,2019,7508.056823,10143.40022,7508.056823
1,Deaths,,Latin America and Caribbean,3,Both,30,80-84 years,302,Diarrheal diseases,183,Clostridium difficile,1,Number,2020,7544.873435,10193.79523,7544.873435
1,Deaths,,Latin America and Caribbean,3,Both,30,80-84 years,302,Diarrheal diseases,183,Clostridium difficile,1,Number,2021,7263.733204,10025.2962,7263.733204
1,Deaths,,Latin America and Caribbean,3,Both,31,85-89 years,302,Diarrheal diseases,183,Clostridium difficile,1,Number,1990,1659.374078,3017.33482,1659.374078
1,Deaths,,Latin America and Caribbean,3,Both,31,85-89 years,302,Diarrheal diseases,183,Clostridium difficile,1,Number,1991,1652.803671,3138.910169,1652.803671
1,Deaths,,Latin America and Caribbean,3,Both,31,85-89 years,302,Diarrheal diseases,183,Clostridium difficile,1,Number,1992,1782.892044,3148.137675,1782.892044
1,Deaths,,Latin America and Caribbean,3,Both,31,85-89 years,302,Diarrheal diseases,183,Clostridium difficile,1,Number,1993,1862.97252,3331.166652,1862.97252
1,Deaths,,Latin America and Caribbean,3,Both,31,85-89 years,302,Diarrheal diseases,183,Clostridium difficile,1,Number,1994,1889.944818,3298.328392,1889.944818
1,Deaths,,Latin America and Caribbean,3,Both,31,85-89 years,302,Diarrheal diseases,183,Clostridium difficile,1,Number,1995,1894.530896,3362.903535,1894.530896
1,Deaths,,Latin America and Caribbean,3,Both,31,85-89 years,302,Diarrheal diseases,183,Clostridium difficile,1,Number,1996,1938.331613,3367.710618,1938.331613
1,Deaths,,Latin America and Caribbean,3,Both,31,85-89 years,302,Diarrheal diseases,183,Clostridium difficile,1,Number,1997,2001.354745,3382.238271,2001.354745
1,Deaths,,Latin America and Caribbean,3,Both,31,85-89 years,302,Diarrheal diseases,183,Clostridium difficile,1,Number,1998,2081.826422,3496.939146,2081.826422
1,Deaths,,Latin America and Caribbean,3,Both,31,85-89 years,302,Diarrheal diseases,183,Clostridium difficile,1,Number,1999,2003.898147,3400.997735,2003.898147
1,Deaths,,Latin America and Caribbean,3,Both,31,85-89 years,302,Diarrheal diseases,183,Clostridium difficile,1,Number,2000,2145.987205,3385.893827,2145.987205
1,Deaths,,Latin America and Caribbean,3,Both,31,85-89 years,302,Diarrheal diseases,183,Clostridium difficile,1,Number,2001,2144.515364,3563.283328,2144.515364
1,Deaths,,Latin America and Caribbean,3,Both,31,85-89 years,302,Diarrheal diseases,183,Clostridium difficile,1,Number,2002,2294.56148,3723.869619,2294.56148
1,Deaths,,Latin America and Caribbean,3,Both,31,85-89 years,302,Diarrheal diseases,183,Clostridium difficile,1,Number,2003,2489.399625,3817.050599,2489.399625
1,Deaths,,Latin America and Caribbean,3,Both,31,85-89 years,302,Diarrheal diseases,183,Clostridium difficile,1,Number,2004,2607.351682,4039.063703,2607.351682
1,Deaths,,Latin America and Caribbean,3,Both,31,85-89 years,302,Diarrheal diseases,183,Clostridium difficile,1,Number,2005,2773.698927,4302.024389,2773.698927
1,Deaths,,Latin America and Caribbean,3,Both,31,85-89 years,302,Diarrheal diseases,183,Clostridium difficile,1,Number,2006,2997.762014,4523.122817,2997.762014
1,Deaths,,Latin America and Caribbean,3,Both,31,85-89 years,302,Diarrheal diseases,183,Clostridium difficile,1,Number,2007,3241.11423,4773.044816,3241.11423
1,Deaths,,Latin America and Caribbean,3,Both,31,85-89 years,302,Diarrheal diseases,183,Clostridium difficile,1,Number,2008,3462.478629,4980.799674,3462.478629
1,Deaths,,Latin America and Caribbean,3,Both,31,85-89 years,302,Diarrheal diseases,183,Clostridium difficile,1,Number,2009,3712.65766,5394.718359,3712.65766
1,Deaths,,Latin America and Caribbean,3,Both,31,85-89 years,302,Diarrheal diseases,183,Clostridium difficile,1,Number,2010,4276.328227,5965.110797,4276.328227
1,Deaths,,Latin America and Caribbean,3,Both,31,85-89 years,302,Diarrheal diseases,183,Clostridium difficile,1,Number,2011,4509.023639,6490.482392,4509.023639
1,Deaths,,Latin America and Caribbean,3,Both,31,85-89 years,302,Diarrheal diseases,183,Clostridium difficile,1,Number,2012,4786.163795,6836.315736,4786.163795
1,Deaths,,Latin America and Caribbean,3,Both,31,85-89 years,302,Diarrheal diseases,183,Clostridium difficile,1,Number,2013,5162.939578,7114.044247,5162.939578
1,Deaths,,Latin America and Caribbean,3,Both,31,85-89 years,302,Diarrheal diseases,183,Clostridium difficile,1,Number,2014,5440.955617,7620.910321,5440.955617
1,Deaths,,Latin America and Caribbean,3,Both,31,85-89 years,302,Diarrheal diseases,183,Clostridium difficile,1,Number,2015,5802.031171,8256.713545,5802.031171
1,Deaths,,Latin America and Caribbean,3,Both,31,85-89 years,302,Diarrheal diseases,183,Clostridium difficile,1,Number,2016,6058.643346,8324.559184,6058.643346
1,Deaths,,Latin America and Caribbean,3,Both,31,85-89 years,302,Diarrheal diseases,183,Clostridium difficile,1,Number,2017,5988.453085,8247.451927,5988.453085
1,Deaths,,Latin America and Caribbean,3,Both,31,85-89 years,302,Diarrheal diseases,183,Clostridium difficile,1,Number,2018,6060.774122,8416.705991,6060.774122
1,Deaths,,Latin America and Caribbean,3,Both,31,85-89 years,302,Diarrheal diseases,183,Clostridium difficile,1,Number,2019,6550.643523,9237.795101,6550.643523
1,Deaths,,Latin America and Caribbean,3,Both,31,85-89 years,302,Diarrheal diseases,183,Clostridium difficile,1,Number,2020,6427.796955,8963.488595,6427.796955
1,Deaths,,Latin America and Caribbean,3,Both,31,85-89 years,302,Diarrheal diseases,183,Clostridium difficile,1,Number,2021,6074.417417,8863.444378,6074.417417
1,Deaths,,Latin America and Caribbean,3,Both,32,90-94 years,302,Diarrheal diseases,183,Clostridium difficile,1,Number,1990,626.4933976,1163.315873,626.4933976
1,Deaths,,Latin America and Caribbean,3,Both,32,90-94 years,302,Diarrheal diseases,183,Clostridium difficile,1,Number,1991,634.248682,1215.143907,634.248682
1,Deaths,,Latin America and Caribbean,3,Both,32,90-94 years,302,Diarrheal diseases,183,Clostridium difficile,1,Number,1992,701.3745447,1244.369719,701.3745447
1,Deaths,,Latin America and Caribbean,3,Both,32,90-94 years,302,Diarrheal diseases,183,Clostridium difficile,1,Number,1993,773.2497078,1365.649376,773.2497078
1,Deaths,,Latin America and Caribbean,3,Both,32,90-94 years,302,Diarrheal diseases,183,Clostridium difficile,1,Number,1994,840.5235771,1442.599289,840.5235771
1,Deaths,,Latin America and Caribbean,3,Both,32,90-94 years,302,Diarrheal diseases,183,Clostridium difficile,1,Number,1995,903.940106,1592.953032,903.940106
1,Deaths,,Latin America and Caribbean,3,Both,32,90-94 years,302,Diarrheal diseases,183,Clostridium difficile,1,Number,1996,964.9677385,1684.929401,964.9677385
1,Deaths,,Latin America and Caribbean,3,Both,32,90-94 years,302,Diarrheal diseases,183,Clostridium difficile,1,Number,1997,1040.031942,1765.51588,1040.031942
1,Deaths,,Latin America and Caribbean,3,Both,32,90-94 years,302,Diarrheal diseases,183,Clostridium difficile,1,Number,1998,1092.960407,1896.292827,1092.960407
1,Deaths,,Latin America and Caribbean,3,Both,32,90-94 years,302,Diarrheal diseases,183,Clostridium difficile,1,Number,1999,1083.316582,1836.220844,1083.316582
1,Deaths,,Latin America and Caribbean,3,Both,32,90-94 years,302,Diarrheal diseases,183,Clostridium difficile,1,Number,2000,1099.613617,1879.656125,1099.613617
1,Deaths,,Latin America and Caribbean,3,Both,32,90-94 years,302,Diarrheal diseases,183,Clostridium difficile,1,Number,2001,1168.349878,1957.232787,1168.349878
1,Deaths,,Latin America and Caribbean,3,Both,32,90-94 years,302,Diarrheal diseases,183,Clostridium difficile,1,Number,2002,1260.753021,2097.117883,1260.753021
1,Deaths,,Latin America and Caribbean,3,Both,32,90-94 years,302,Diarrheal diseases,183,Clostridium difficile,1,Number,2003,1363.432841,2224.72983,1363.432841
1,Deaths,,Latin America and Caribbean,3,Both,32,90-94 years,302,Diarrheal diseases,183,Clostridium difficile,1,Number,2004,1495.493475,2318.298025,1495.493475
1,Deaths,,Latin America and Caribbean,3,Both,32,90-94 years,302,Diarrheal diseases,183,Clostridium difficile,1,Number,2005,1587.754568,2501.765339,1587.754568
1,Deaths,,Latin America and Caribbean,3,Both,32,90-94 years,302,Diarrheal diseases,183,Clostridium difficile,1,Number,2006,1735.959261,2600.943415,1735.959261
1,Deaths,,Latin America and Caribbean,3,Both,32,90-94 years,302,Diarrheal diseases,183,Clostridium difficile,1,Number,2007,1851.740357,2751.017917,1851.740357
1,Deaths,,Latin America and Caribbean,3,Both,32,90-94 years,302,Diarrheal diseases,183,Clostridium difficile,1,Number,2008,1922.485758,2896.062219,1922.485758
1,Deaths,,Latin America and Caribbean,3,Both,32,90-94 years,302,Diarrheal diseases,183,Clostridium difficile,1,Number,2009,2078.202929,3100.427824,2078.202929
1,Deaths,,Latin America and Caribbean,3,Both,32,90-94 years,302,Diarrheal diseases,183,Clostridium difficile,1,Number,2010,2359.737945,3502.230467,2359.737945
1,Deaths,,Latin America and Caribbean,3,Both,32,90-94 years,302,Diarrheal diseases,183,Clostridium difficile,1,Number,2011,2503.060373,3743.799425,2503.060373
1,Deaths,,Latin America and Caribbean,3,Both,32,90-94 years,302,Diarrheal diseases,183,Clostridium difficile,1,Number,2012,2651.706248,3993.948944,2651.706248
1,Deaths,,Latin America and Caribbean,3,Both,32,90-94 years,302,Diarrheal diseases,183,Clostridium difficile,1,Number,2013,2917.486328,4172.614652,2917.486328
1,Deaths,,Latin America and Caribbean,3,Both,32,90-94 years,302,Diarrheal diseases,183,Clostridium difficile,1,Number,2014,3092.610326,4536.57659,3092.610326
1,Deaths,,Latin America and Caribbean,3,Both,32,90-94 years,302,Diarrheal diseases,183,Clostridium difficile,1,Number,2015,3410.82326,4890.783131,3410.82326
1,Deaths,,Latin America and Caribbean,3,Both,32,90-94 years,302,Diarrheal diseases,183,Clostridium difficile,1,Number,2016,3497.51749,5109.408737,3497.51749
1,Deaths,,Latin America and Caribbean,3,Both,32,90-94 years,302,Diarrheal diseases,183,Clostridium difficile,1,Number,2017,3563.191581,5137.484639,3563.191581
1,Deaths,,Latin America and Caribbean,3,Both,32,90-94 years,302,Diarrheal diseases,183,Clostridium difficile,1,Number,2018,3657.299852,5361.236528,3657.299852
1,Deaths,,Latin America and Caribbean,3,Both,32,90-94 years,302,Diarrheal diseases,183,Clostridium difficile,1,Number,2019,4068.037368,5953.212248,4068.037368
1,Deaths,,Latin America and Caribbean,3,Both,32,90-94 years,302,Diarrheal diseases,183,Clostridium difficile,1,Number,2020,3872.856336,5784.403366,3872.856336
1,Deaths,,Latin America and Caribbean,3,Both,32,90-94 years,302,Diarrheal diseases,183,Clostridium difficile,1,Number,2021,3639.72605,5623.775538,3639.72605
1,Deaths,,Latin America and Caribbean,3,Both,235,95+ years,302,Diarrheal diseases,183,Clostridium difficile,1,Number,1990,159.4362695,321.1289707,159.4362695
1,Deaths,,Latin America and Caribbean,3,Both,235,95+ years,302,Diarrheal diseases,183,Clostridium difficile,1,Number,1991,170.8349637,328.3524097,170.8349637
1,Deaths,,Latin America and Caribbean,3,Both,235,95+ years,302,Diarrheal diseases,183,Clostridium difficile,1,Number,1992,185.1182613,346.6033987,185.1182613
1,Deaths,,Latin America and Caribbean,3,Both,235,95+ years,302,Diarrheal diseases,183,Clostridium difficile,1,Number,1993,195.5055903,385.3544703,195.5055903
1,Deaths,,Latin America and Caribbean,3,Both,235,95+ years,302,Diarrheal diseases,183,Clostridium difficile,1,Number,1994,214.1734245,398.2584982,214.1734245
1,Deaths,,Latin America and Caribbean,3,Both,235,95+ years,302,Diarrheal diseases,183,Clostridium difficile,1,Number,1995,230.0580951,437.8225889,230.0580951
1,Deaths,,Latin America and Caribbean,3,Both,235,95+ years,302,Diarrheal diseases,183,Clostridium difficile,1,Number,1996,261.5356632,472.9554614,261.5356632
1,Deaths,,Latin America and Caribbean,3,Both,235,95+ years,302,Diarrheal diseases,183,Clostridium difficile,1,Number,1997,288.0122135,534.5439268,288.0122135
1,Deaths,,Latin America and Caribbean,3,Both,235,95+ years,302,Diarrheal diseases,183,Clostridium difficile,1,Number,1998,339.4104962,595.6842791,339.4104962
1,Deaths,,Latin America and Caribbean,3,Both,235,95+ years,302,Diarrheal diseases,183,Clostridium difficile,1,Number,1999,339.251404,623.2013621,339.251404
1,Deaths,,Latin America and Caribbean,3,Both,235,95+ years,302,Diarrheal diseases,183,Clostridium difficile,1,Number,2000,376.0582566,665.6967953,376.0582566
1,Deaths,,Latin America and Caribbean,3,Both,235,95+ years,302,Diarrheal diseases,183,Clostridium difficile,1,Number,2001,429.5274863,747.3645671,429.5274863
1,Deaths,,Latin America and Caribbean,3,Both,235,95+ years,302,Diarrheal diseases,183,Clostridium difficile,1,Number,2002,476.4356954,839.8843248,476.4356954
1,Deaths,,Latin America and Caribbean,3,Both,235,95+ years,302,Diarrheal diseases,183,Clostridium difficile,1,Number,2003,527.9395462,910.3325278,527.9395462
1,Deaths,,Latin America and Caribbean,3,Both,235,95+ years,302,Diarrheal diseases,183,Clostridium difficile,1,Number,2004,569.8965198,988.3803696,569.8965198
1,Deaths,,Latin America and Caribbean,3,Both,235,95+ years,302,Diarrheal diseases,183,Clostridium difficile,1,Number,2005,623.5090585,1058.32903,623.5090585
1,Deaths,,Latin America and Caribbean,3,Both,235,95+ years,302,Diarrheal diseases,183,Clostridium difficile,1,Number,2006,659.5502571,1150.79467,659.5502571
1,Deaths,,Latin America and Caribbean,3,Both,235,95+ years,302,Diarrheal diseases,183,Clostridium difficile,1,Number,2007,748.5675831,1224.021519,748.5675831
1,Deaths,,Latin America and Caribbean,3,Both,235,95+ years,302,Diarrheal diseases,183,Clostridium difficile,1,Number,2008,816.2651369,1330.292432,816.2651369
1,Deaths,,Latin America and Caribbean,3,Both,235,95+ years,302,Diarrheal diseases,183,Clostridium difficile,1,Number,2009,891.1959362,1491.345828,891.1959362
1,Deaths,,Latin America and Caribbean,3,Both,235,95+ years,302,Diarrheal diseases,183,Clostridium difficile,1,Number,2010,1032.90425,1688.50376,1032.90425
1,Deaths,,Latin America and Caribbean,3,Both,235,95+ years,302,Diarrheal diseases,183,Clostridium difficile,1,Number,2011,1097.185956,1824.504687,1097.185956
1,Deaths,,Latin America and Caribbean,3,Both,235,95+ years,302,Diarrheal diseases,183,Clostridium difficile,1,Number,2012,1179.412082,1945.872725,1179.412082
1,Deaths,,Latin America and Caribbean,3,Both,235,95+ years,302,Diarrheal diseases,183,Clostridium difficile,1,Number,2013,1277.652616,2077.384828,1277.652616
1,Deaths,,Latin America and Caribbean,3,Both,235,95+ years,302,Diarrheal diseases,183,Clostridium difficile,1,Number,2014,1387.843523,2245.804361,1387.843523
1,Deaths,,Latin America and Caribbean,3,Both,235,95+ years,302,Diarrheal diseases,183,Clostridium difficile,1,Number,2015,1549.707064,2437.876616,1549.707064
1,Deaths,,Latin America and Caribbean,3,Both,235,95+ years,302,Diarrheal diseases,183,Clostridium difficile,1,Number,2016,1550.079723,2497.294883,1550.079723
1,Deaths,,Latin America and Caribbean,3,Both,235,95+ years,302,Diarrheal diseases,183,Clostridium difficile,1,Number,2017,1573.118631,2500.40506,1573.118631
1,Deaths,,Latin America and Caribbean,3,Both,235,95+ years,302,Diarrheal diseases,183,Clostridium difficile,1,Number,2018,1631.916439,2611.236861,1631.916439
1,Deaths,,Latin America and Caribbean,3,Both,235,95+ years,302,Diarrheal diseases,183,Clostridium difficile,1,Number,2019,1826.63458,2940.697875,1826.63458
1,Deaths,,Latin America and Caribbean,3,Both,235,95+ years,302,Diarrheal diseases,183,Clostridium difficile,1,Number,2020,1674.287543,2807.951774,1674.287543
1,Deaths,,Latin America and Caribbean,3,Both,235,95+ years,302,Diarrheal diseases,183,Clostridium difficile,1,Number,2021,1585.849706,2739.691083,1585.849706
1,Deaths,,Latin America and Caribbean,3,Both,1,<5 years,302,Diarrheal diseases,183,Clostridium difficile,1,Number,1990,9098.849794,16838.91078,9098.849794
1,Deaths,,Latin America and Caribbean,3,Both,1,<5 years,302,Diarrheal diseases,183,Clostridium difficile,1,Number,1991,8666.687241,16726.30308,8666.687241
1,Deaths,,Latin America and Caribbean,3,Both,1,<5 years,302,Diarrheal diseases,183,Clostridium difficile,1,Number,1992,8642.925037,15583.58471,8642.925037
1,Deaths,,Latin America and Caribbean,3,Both,1,<5 years,302,Diarrheal diseases,183,Clostridium difficile,1,Number,1993,8550.823001,15432.08451,8550.823001
1,Deaths,,Latin America and Caribbean,3,Both,1,<5 years,302,Diarrheal diseases,183,Clostridium difficile,1,Number,1994,8225.256425,14822.2095,8225.256425
1,Deaths,,Latin America and Caribbean,3,Both,1,<5 years,302,Diarrheal diseases,183,Clostridium difficile,1,Number,1995,8209.305728,14351.29533,8209.305728
1,Deaths,,Latin America and Caribbean,3,Both,1,<5 years,302,Diarrheal diseases,183,Clostridium difficile,1,Number,1996,7803.334527,14072.97005,7803.334527
1,Deaths,,Latin America and Caribbean,3,Both,1,<5 years,302,Diarrheal diseases,183,Clostridium difficile,1,Number,1997,7698.574858,13944.6393,7698.574858
1,Deaths,,Latin America and Caribbean,3,Both,1,<5 years,302,Diarrheal diseases,183,Clostridium difficile,1,Number,1998,8088.954961,13415.18028,8088.954961
1,Deaths,,Latin America and Caribbean,3,Both,1,<5 years,302,Diarrheal diseases,183,Clostridium difficile,1,Number,1999,7416.302769,12460.35038,7416.302769
1,Deaths,,Latin America and Caribbean,3,Both,1,<5 years,302,Diarrheal diseases,183,Clostridium difficile,1,Number,2000,7218.518953,12069.84872,7218.518953
1,Deaths,,Latin America and Caribbean,3,Both,1,<5 years,302,Diarrheal diseases,183,Clostridium difficile,1,Number,2001,7246.507523,11507.33595,7246.507523
1,Deaths,,Latin America and Caribbean,3,Both,1,<5 years,302,Diarrheal diseases,183,Clostridium difficile,1,Number,2002,7027.389345,11358.58849,7027.389345
1,Deaths,,Latin America and Caribbean,3,Both,1,<5 years,302,Diarrheal diseases,183,Clostridium difficile,1,Number,2003,6924.760352,10977.02393,6924.760352
1,Deaths,,Latin America and Caribbean,3,Both,1,<5 years,302,Diarrheal diseases,183,Clostridium difficile,1,Number,2004,6893.459146,10730.71439,6893.459146
1,Deaths,,Latin America and Caribbean,3,Both,1,<5 years,302,Diarrheal diseases,183,Clostridium difficile,1,Number,2005,7105.411473,10674.92192,7105.411473
1,Deaths,,Latin America and Caribbean,3,Both,1,<5 years,302,Diarrheal diseases,183,Clostridium difficile,1,Number,2006,7091.252293,10697.70269,7091.252293
1,Deaths,,Latin America and Caribbean,3,Both,1,<5 years,302,Diarrheal diseases,183,Clostridium difficile,1,Number,2007,7159.334396,10687.72826,7159.334396
1,Deaths,,Latin America and Caribbean,3,Both,1,<5 years,302,Diarrheal diseases,183,Clostridium difficile,1,Number,2008,6812.641202,10665.74402,6812.641202
1,Deaths,,Latin America and Caribbean,3,Both,1,<5 years,302,Diarrheal diseases,183,Clostridium difficile,1,Number,2009,6904.635821,10562.8769,6904.635821
1,Deaths,,Latin America and Caribbean,3,Both,1,<5 years,302,Diarrheal diseases,183,Clostridium difficile,1,Number,2010,7149.964816,10919.43774,7149.964816
1,Deaths,,Latin America and Caribbean,3,Both,1,<5 years,302,Diarrheal diseases,183,Clostridium difficile,1,Number,2011,7063.647167,10691.33472,7063.647167
1,Deaths,,Latin America and Caribbean,3,Both,1,<5 years,302,Diarrheal diseases,183,Clostridium difficile,1,Number,2012,7102.613873,10346.87893,7102.613873
1,Deaths,,Latin America and Caribbean,3,Both,1,<5 years,302,Diarrheal diseases,183,Clostridium difficile,1,Number,2013,6700.535012,10081.3497,6700.535012
1,Deaths,,Latin America and Caribbean,3,Both,1,<5 years,302,Diarrheal diseases,183,Clostridium difficile,1,Number,2014,6688.2015,9814.511625,6688.2015
1,Deaths,,Latin America and Caribbean,3,Both,1,<5 years,302,Diarrheal diseases,183,Clostridium difficile,1,Number,2015,6550.837617,9764.584642,6550.837617
1,Deaths,,Latin America and Caribbean,3,Both,1,<5 years,302,Diarrheal diseases,183,Clostridium difficile,1,Number,2016,6191.561857,9416.533267,6191.561857
1,Deaths,,Latin America and Caribbean,3,Both,1,<5 years,302,Diarrheal diseases,183,Clostridium difficile,1,Number,2017,5855.320075,8873.529391,5855.320075
1,Deaths,,Latin America and Caribbean,3,Both,1,<5 years,302,Diarrheal diseases,183,Clostridium difficile,1,Number,2018,5382.217963,8497.796754,5382.217963
1,Deaths,,Latin America and Caribbean,3,Both,1,<5 years,302,Diarrheal diseases,183,Clostridium difficile,1,Number,2019,5077.58721,8337.806429,5077.58721
1,Deaths,,Latin America and Caribbean,3,Both,1,<5 years,302,Diarrheal diseases,183,Clostridium difficile,1,Number,2020,4383.775679,7132.418769,4383.775679
1,Deaths,,Latin America and Caribbean,3,Both,1,<5 years,302,Diarrheal diseases,183,Clostridium difficile,1,Number,2021,3894.271285,6703.953566,3894.271285
1,Deaths,,North Africa and Middle East,3,Both,7,10-14 years,302,Diarrheal diseases,183,Clostridium difficile,1,Number,1990,315.85689785,602.6057705,315.85689785
1,Deaths,,North Africa and Middle East,3,Both,7,10-14 years,302,Diarrheal diseases,183,Clostridium difficile,1,Number,1991,297.1024654,590.833043,297.1024654
1,Deaths,,North Africa and Middle East,3,Both,7,10-14 years,302,Diarrheal diseases,183,Clostridium difficile,1,Number,1992,300.87895235,577.5603645,300.87895235
1,Deaths,,North Africa and Middle East,3,Both,7,10-14 years,302,Diarrheal diseases,183,Clostridium difficile,1,Number,1993,301.6463858,602.0881875,301.6463858
1,Deaths,,North Africa and Middle East,3,Both,7,10-14 years,302,Diarrheal diseases,183,Clostridium difficile,1,Number,1994,320.71999735,627.1711695,320.71999735
1,Deaths,,North Africa and Middle East,3,Both,7,10-14 years,302,Diarrheal diseases,183,Clostridium difficile,1,Number,1995,334.52914525,615.482035,334.52914525
1,Deaths,,North Africa and Middle East,3,Both,7,10-14 years,302,Diarrheal diseases,183,Clostridium difficile,1,Number,1996,322.31000745,629.9508805,322.31000745
1,Deaths,,North Africa and Middle East,3,Both,7,10-14 years,302,Diarrheal diseases,183,Clostridium difficile,1,Number,1997,338.62905935,623.135623,338.62905935
1,Deaths,,North Africa and Middle East,3,Both,7,10-14 years,302,Diarrheal diseases,183,Clostridium difficile,1,Number,1998,351.36295095,642.81371,351.36295095
1,Deaths,,North Africa and Middle East,3,Both,7,10-14 years,302,Diarrheal diseases,183,Clostridium difficile,1,Number,1999,352.68059165,619.107652,352.68059165
1,Deaths,,North Africa and Middle East,3,Both,7,10-14 years,302,Diarrheal diseases,183,Clostridium difficile,1,Number,2000,336.299597,626.207192,336.299597
1,Deaths,,North Africa and Middle East,3,Both,7,10-14 years,302,Diarrheal diseases,183,Clostridium difficile,1,Number,2001,346.0446102,629.614603,346.0446102
1,Deaths,,North Africa and Middle East,3,Both,7,10-14 years,302,Diarrheal diseases,183,Clostridium difficile,1,Number,2002,363.43414685,625.1972405,363.43414685
1,Deaths,,North Africa and Middle East,3,Both,7,10-14 years,302,Diarrheal diseases,183,Clostridium difficile,1,Number,2003,359.2862376,635.4489365,359.2862376
1,Deaths,,North Africa and Middle East,3,Both,7,10-14 years,302,Diarrheal diseases,183,Clostridium difficile,1,Number,2004,376.63647255,636.5874175,376.63647255
1,Deaths,,North Africa and Middle East,3,Both,7,10-14 years,302,Diarrheal diseases,183,Clostridium difficile,1,Number,2005,378.31047405,633.9756285,378.31047405
1,Deaths,,North Africa and Middle East,3,Both,7,10-14 years,302,Diarrheal diseases,183,Clostridium difficile,1,Number,2006,392.99178035,670.410704,392.99178035
1,Deaths,,North Africa and Middle East,3,Both,7,10-14 years,302,Diarrheal diseases,183,Clostridium difficile,1,Number,2007,396.9941058,668.279967,396.9941058
1,Deaths,,North Africa and Middle East,3,Both,7,10-14 years,302,Diarrheal diseases,183,Clostridium difficile,1,Number,2008,400.37683005,649.5122275,400.37683005
1,Deaths,,North Africa and Middle East,3,Both,7,10-14 years,302,Diarrheal diseases,183,Clostridium difficile,1,Number,2009,400.03593775,652.8265255,400.03593775
1,Deaths,,North Africa and Middle East,3,Both,7,10-14 years,302,Diarrheal diseases,183,Clostridium difficile,1,Number,2010,402.2979889,661.5812555,402.2979889
1,Deaths,,North Africa and Middle East,3,Both,7,10-14 years,302,Diarrheal diseases,183,Clostridium difficile,1,Number,2011,402.74143,667.3669125,402.74143
1,Deaths,,North Africa and Middle East,3,Both,7,10-14 years,302,Diarrheal diseases,183,Clostridium difficile,1,Number,2012,422.8055331,723.8549215,422.8055331
1,Deaths,,North Africa and Middle East,3,Both,7,10-14 years,302,Diarrheal diseases,183,Clostridium difficile,1,Number,2013,442.98316435,730.6922715,442.98316435
1,Deaths,,North Africa and Middle East,3,Both,7,10-14 years,302,Diarrheal diseases,183,Clostridium difficile,1,Number,2014,487.58972415,800.369603,487.58972415
1,Deaths,,North Africa and Middle East,3,Both,7,10-14 years,302,Diarrheal diseases,183,Clostridium difficile,1,Number,2015,485.3554093,816.682559,485.3554093
1,Deaths,,North Africa and Middle East,3,Both,7,10-14 years,302,Diarrheal diseases,183,Clostridium difficile,1,Number,2016,505.503083,820.335604,505.503083
1,Deaths,,North Africa and Middle East,3,Both,7,10-14 years,302,Diarrheal diseases,183,Clostridium difficile,1,Number,2017,475.00378725,804.4586115,475.00378725
1,Deaths,,North Africa and Middle East,3,Both,7,10-14 years,302,Diarrheal diseases,183,Clostridium difficile,1,Number,2018,481.54129005,814.418533,481.54129005
1,Deaths,,North Africa and Middle East,3,Both,7,10-14 years,302,Diarrheal diseases,183,Clostridium difficile,1,Number,2019,479.85115205,765.739007,479.85115205
1,Deaths,,North Africa and Middle East,3,Both,7,10-14 years,302,Diarrheal diseases,183,Clostridium difficile,1,Number,2020,436.0473807,672.1501715,436.0473807
1,Deaths,,North Africa and Middle East,3,Both,7,10-14 years,302,Diarrheal diseases,183,Clostridium difficile,1,Number,2021,424.4671416,698.713243,424.4671416
1,Deaths,,North Africa and Middle East,3,Both,8,15-19 years,302,Diarrheal diseases,183,Clostridium difficile,1,Number,1990,330.18513185,746.181022,330.18513185
1,Deaths,,North Africa and Middle East,3,Both,8,15-19 years,302,Diarrheal diseases,183,Clostridium difficile,1,Number,1991,332.2268667,691.439216,332.2268667
1,Deaths,,North Africa and Middle East,3,Both,8,15-19 years,302,Diarrheal diseases,183,Clostridium difficile,1,Number,1992,334.604293,722.7496835,334.604293
1,Deaths,,North Africa and Middle East,3,Both,8,15-19 years,302,Diarrheal diseases,183,Clostridium difficile,1,Number,1993,325.58166055,716.2432205,325.58166055
1,Deaths,,North Africa and Middle East,3,Both,8,15-19 years,302,Diarrheal diseases,183,Clostridium difficile,1,Number,1994,361.87407085,898.8503445,361.87407085
1,Deaths,,North Africa and Middle East,3,Both,8,15-19 years,302,Diarrheal diseases,183,Clostridium difficile,1,Number,1995,372.5697262,787.799795,372.5697262
1,Deaths,,North Africa and Middle East,3,Both,8,15-19 years,302,Diarrheal diseases,183,Clostridium difficile,1,Number,1996,382.77419095,787.5853095,382.77419095
1,Deaths,,North Africa and Middle East,3,Both,8,15-19 years,302,Diarrheal diseases,183,Clostridium difficile,1,Number,1997,393.3445496,900.349998,393.3445496
1,Deaths,,North Africa and Middle East,3,Both,8,15-19 years,302,Diarrheal diseases,183,Clostridium difficile,1,Number,1998,466.87420235,985.742737,466.87420235
1,Deaths,,North Africa and Middle East,3,Both,8,15-19 years,302,Diarrheal diseases,183,Clostridium difficile,1,Number,1999,411.58485635,761.6218205,411.58485635
1,Deaths,,North Africa and Middle East,3,Both,8,15-19 years,302,Diarrheal diseases,183,Clostridium difficile,1,Number,2000,446.88447775,821.205634,446.88447775
1,Deaths,,North Africa and Middle East,3,Both,8,15-19 years,302,Diarrheal diseases,183,Clostridium difficile,1,Number,2001,426.59763,887.7525345,426.59763
1,Deaths,,North Africa and Middle East,3,Both,8,15-19 years,302,Diarrheal diseases,183,Clostridium difficile,1,Number,2002,439.3938727,882.2320195,439.3938727
1,Deaths,,North Africa and Middle East,3,Both,8,15-19 years,302,Diarrheal diseases,183,Clostridium difficile,1,Number,2003,449.3966646,1096.7898445,449.3966646
1,Deaths,,North Africa and Middle East,3,Both,8,15-19 years,302,Diarrheal diseases,183,Clostridium difficile,1,Number,2004,526.529447,1252.512335,526.529447
1,Deaths,,North Africa and Middle East,3,Both,8,15-19 years,302,Diarrheal diseases,183,Clostridium difficile,1,Number,2005,504.8131915,1161.684868,504.8131915
1,Deaths,,North Africa and Middle East,3,Both,8,15-19 years,302,Diarrheal diseases,183,Clostridium difficile,1,Number,2006,530.969714,1609.438281,530.969714
1,Deaths,,North Africa and Middle East,3,Both,8,15-19 years,302,Diarrheal diseases,183,Clostridium difficile,1,Number,2007,545.453842,1528.1645845,545.453842
1,Deaths,,North Africa and Middle East,3,Both,8,15-19 years,302,Diarrheal diseases,183,Clostridium difficile,1,Number,2008,445.07107115,1333.839309,445.07107115
1,Deaths,,North Africa and Middle East,3,Both,8,15-19 years,302,Diarrheal diseases,183,Clostridium difficile,1,Number,2009,551.91801,1156.3953145,551.91801
1,Deaths,,North Africa and Middle East,3,Both,8,15-19 years,302,Diarrheal diseases,183,Clostridium difficile,1,Number,2010,521.23254,1049.5273975,521.23254
1,Deaths,,North Africa and Middle East,3,Both,8,15-19 years,302,Diarrheal diseases,183,Clostridium difficile,1,Number,2011,547.305639,1440.942005,547.305639
1,Deaths,,North Africa and Middle East,3,Both,8,15-19 years,302,Diarrheal diseases,183,Clostridium difficile,1,Number,2012,651.512145,2233.9331415,651.512145
1,Deaths,,North Africa and Middle East,3,Both,8,15-19 years,302,Diarrheal diseases,183,Clostridium difficile,1,Number,2013,641.4290305,2215.0708635,641.4290305
1,Deaths,,North Africa and Middle East,3,Both,8,15-19 years,302,Diarrheal diseases,183,Clostridium difficile,1,Number,2014,689.0848625,3282.7529805,689.0848625
1,Deaths,,North Africa and Middle East,3,Both,8,15-19 years,302,Diarrheal diseases,183,Clostridium difficile,1,Number,2015,671.9093865,3321.755956,671.9093865
1,Deaths,,North Africa and Middle East,3,Both,8,15-19 years,302,Diarrheal diseases,183,Clostridium difficile,1,Number,2016,702.4524005,3566.3916995,702.4524005
1,Deaths,,North Africa and Middle East,3,Both,8,15-19 years,302,Diarrheal diseases,183,Clostridium difficile,1,Number,2017,744.3199865,3324.044357,744.3199865
1,Deaths,,North Africa and Middle East,3,Both,8,15-19 years,302,Diarrheal diseases,183,Clostridium difficile,1,Number,2018,857.562308,3152.570555,857.562308
1,Deaths,,North Africa and Middle East,3,Both,8,15-19 years,302,Diarrheal diseases,183,Clostridium difficile,1,Number,2019,734.8794755,2678.7999385,734.8794755
1,Deaths,,North Africa and Middle East,3,Both,8,15-19 years,302,Diarrheal diseases,183,Clostridium difficile,1,Number,2020,639.9652855,1895.143273,639.9652855
1,Deaths,,North Africa and Middle East,3,Both,8,15-19 years,302,Diarrheal diseases,183,Clostridium difficile,1,Number,2021,728.019387,2192.988709,728.019387
1,Deaths,,North Africa and Middle East,3,Both,9,20-24 years,302,Diarrheal diseases,183,Clostridium difficile,1,Number,1990,254.4050625,574.1666555,254.4050625
1,Deaths,,North Africa and Middle East,3,Both,9,20-24 years,302,Diarrheal diseases,183,Clostridium difficile,1,Number,1991,265.89707405,544.6044645,265.89707405
1,Deaths,,North Africa and Middle East,3,Both,9,20-24 years,302,Diarrheal diseases,183,Clostridium difficile,1,Number,1992,257.0819928,552.0370725,257.0819928
1,Deaths,,North Africa and Middle East,3,Both,9,20-24 years,302,Diarrheal diseases,183,Clostridium difficile,1,Number,1993,269.5670391,560.2133935,269.5670391
1,Deaths,,North Africa and Middle East,3,Both,9,20-24 years,302,Diarrheal diseases,183,Clostridium difficile,1,Number,1994,307.91632945,616.070173,307.91632945
1,Deaths,,North Africa and Middle East,3,Both,9,20-24 years,302,Diarrheal diseases,183,Clostridium difficile,1,Number,1995,293.70642655,611.8331595,293.70642655
1,Deaths,,North Africa and Middle East,3,Both,9,20-24 years,302,Diarrheal diseases,183,Clostridium difficile,1,Number,1996,303.0073734,624.1158025,303.0073734
1,Deaths,,North Africa and Middle East,3,Both,9,20-24 years,302,Diarrheal diseases,183,Clostridium difficile,1,Number,1997,317.7036851,653.3312435,317.7036851
1,Deaths,,North Africa and Middle East,3,Both,9,20-24 years,302,Diarrheal diseases,183,Clostridium difficile,1,Number,1998,335.75267285,703.7487925,335.75267285
1,Deaths,,North Africa and Middle East,3,Both,9,20-24 years,302,Diarrheal diseases,183,Clostridium difficile,1,Number,1999,331.981562,629.7087615,331.981562
1,Deaths,,North Africa and Middle East,3,Both,9,20-24 years,302,Diarrheal diseases,183,Clostridium difficile,1,Number,2000,343.4519277,664.1781615,343.4519277
1,Deaths,,North Africa and Middle East,3,Both,9,20-24 years,302,Diarrheal diseases,183,Clostridium difficile,1,Number,2001,368.47075445,677.3219245,368.47075445
1,Deaths,,North Africa and Middle East,3,Both,9,20-24 years,302,Diarrheal diseases,183,Clostridium difficile,1,Number,2002,382.752291,707.3115375,382.752291
1,Deaths,,North Africa and Middle East,3,Both,9,20-24 years,302,Diarrheal diseases,183,Clostridium difficile,1,Number,2003,400.41968575,809.8672105,400.41968575
1,Deaths,,North Africa and Middle East,3,Both,9,20-24 years,302,Diarrheal diseases,183,Clostridium difficile,1,Number,2004,440.0649333,884.16752,440.0649333
1,Deaths,,North Africa and Middle East,3,Both,9,20-24 years,302,Diarrheal diseases,183,Clostridium difficile,1,Number,2005,438.13190685,883.1852465,438.13190685
1,Deaths,,North Africa and Middle East,3,Both,9,20-24 years,302,Diarrheal diseases,183,Clostridium difficile,1,Number,2006,433.8183673,1124.946623,433.8183673
1,Deaths,,North Africa and Middle East,3,Both,9,20-24 years,302,Diarrheal diseases,183,Clostridium difficile,1,Number,2007,440.6294069,1126.059351,440.6294069
1,Deaths,,North Africa and Middle East,3,Both,9,20-24 years,302,Diarrheal diseases,183,Clostridium difficile,1,Number,2008,505.42034,954.7982675,505.42034
1,Deaths,,North Africa and Middle East,3,Both,9,20-24 years,302,Diarrheal diseases,183,Clostridium difficile,1,Number,2009,501.798434,943.05027,501.798434
1,Deaths,,North Africa and Middle East,3,Both,9,20-24 years,302,Diarrheal diseases,183,Clostridium difficile,1,Number,2010,521.3648165,893.8450645,521.3648165
1,Deaths,,North Africa and Middle East,3,Both,9,20-24 years,302,Diarrheal diseases,183,Clostridium difficile,1,Number,2011,561.5668745,1044.1860985,561.5668745
1,Deaths,,North Africa and Middle East,3,Both,9,20-24 years,302,Diarrheal diseases,183,Clostridium difficile,1,Number,2012,504.4244855,1553.572876,504.4244855
1,Deaths,,North Africa and Middle East,3,Both,9,20-24 years,302,Diarrheal diseases,183,Clostridium difficile,1,Number,2013,503.0723885,1533.925235,503.0723885
1,Deaths,,North Africa and Middle East,3,Both,9,20-24 years,302,Diarrheal diseases,183,Clostridium difficile,1,Number,2014,578.190569,1982.162992,578.190569
1,Deaths,,North Africa and Middle East,3,Both,9,20-24 years,302,Diarrheal diseases,183,Clostridium difficile,1,Number,2015,372.18335485,2175.250427,372.18335485
1,Deaths,,North Africa and Middle East,3,Both,9,20-24 years,302,Diarrheal diseases,183,Clostridium difficile,1,Number,2016,469.07311535,2192.775258,469.07311535
1,Deaths,,North Africa and Middle East,3,Both,9,20-24 years,302,Diarrheal diseases,183,Clostridium difficile,1,Number,2017,548.6914525,2003.907479,548.6914525
1,Deaths,,North Africa and Middle East,3,Both,9,20-24 years,302,Diarrheal diseases,183,Clostridium difficile,1,Number,2018,545.8661265,1852.985861,545.8661265
1,Deaths,,North Africa and Middle East,3,Both,9,20-24 years,302,Diarrheal diseases,183,Clostridium difficile,1,Number,2019,535.3588905,1598.5470695,535.3588905
1,Deaths,,North Africa and Middle East,3,Both,9,20-24 years,302,Diarrheal diseases,183,Clostridium difficile,1,Number,2020,550.7282495,1183.8439795,550.7282495
1,Deaths,,North Africa and Middle East,3,Both,9,20-24 years,302,Diarrheal diseases,183,Clostridium difficile,1,Number,2021,575.7424075,1273.0638895,575.7424075
1,Deaths,,North Africa and Middle East,3,Both,10,25-29 years,302,Diarrheal diseases,183,Clostridium difficile,1,Number,1990,203.70500945,423.1855676,203.70500945
1,Deaths,,North Africa and Middle East,3,Both,10,25-29 years,302,Diarrheal diseases,183,Clostridium difficile,1,Number,1991,207.45529585,415.4619174,207.45529585
1,Deaths,,North Africa and Middle East,3,Both,10,25-29 years,302,Diarrheal diseases,183,Clostridium difficile,1,Number,1992,209.8382052,408.74936545,209.8382052
1,Deaths,,North Africa and Middle East,3,Both,10,25-29 years,302,Diarrheal diseases,183,Clostridium difficile,1,Number,1993,211.7768074,419.7068586,211.7768074
1,Deaths,,North Africa and Middle East,3,Both,10,25-29 years,302,Diarrheal diseases,183,Clostridium difficile,1,Number,1994,223.50388625,442.4213562,223.50388625
1,Deaths,,North Africa and Middle East,3,Both,10,25-29 years,302,Diarrheal diseases,183,Clostridium difficile,1,Number,1995,228.4462156,444.924825,228.4462156
1,Deaths,,North Africa and Middle East,3,Both,10,25-29 years,302,Diarrheal diseases,183,Clostridium difficile,1,Number,1996,235.4207206,456.3663805,235.4207206
1,Deaths,,North Africa and Middle East,3,Both,10,25-29 years,302,Diarrheal diseases,183,Clostridium difficile,1,Number,1997,248.0605777,465.17004965,248.0605777
1,Deaths,,North Africa and Middle East,3,Both,10,25-29 years,302,Diarrheal diseases,183,Clostridium difficile,1,Number,1998,270.5695823,483.8737468,270.5695823
1,Deaths,,North Africa and Middle East,3,Both,10,25-29 years,302,Diarrheal diseases,183,Clostridium difficile,1,Number,1999,274.99636465,494.40341715,274.99636465
1,Deaths,,North Africa and Middle East,3,Both,10,25-29 years,302,Diarrheal diseases,183,Clostridium difficile,1,Number,2000,279.7340587,505.980834,279.7340587
1,Deaths,,North Africa and Middle East,3,Both,10,25-29 years,302,Diarrheal diseases,183,Clostridium difficile,1,Number,2001,294.6061415,518.953819,294.6061415
1,Deaths,,North Africa and Middle East,3,Both,10,25-29 years,302,Diarrheal diseases,183,Clostridium difficile,1,Number,2002,313.24960465,544.257892,313.24960465
1,Deaths,,North Africa and Middle East,3,Both,10,25-29 years,302,Diarrheal diseases,183,Clostridium difficile,1,Number,2003,323.54338555,565.7438705,323.54338555
1,Deaths,,North Africa and Middle East,3,Both,10,25-29 years,302,Diarrheal diseases,183,Clostridium difficile,1,Number,2004,342.90025345,592.129037,342.90025345
1,Deaths,,North Africa and Middle East,3,Both,10,25-29 years,302,Diarrheal diseases,183,Clostridium difficile,1,Number,2005,356.41331325,618.7413715,356.41331325
1,Deaths,,North Africa and Middle East,3,Both,10,25-29 years,302,Diarrheal diseases,183,Clostridium difficile,1,Number,2006,389.67336245,663.6707655,389.67336245
1,Deaths,,North Africa and Middle East,3,Both,10,25-29 years,302,Diarrheal diseases,183,Clostridium difficile,1,Number,2007,399.55163435,689.9135035,399.55163435
1,Deaths,,North Africa and Middle East,3,Both,10,25-29 years,302,Diarrheal diseases,183,Clostridium difficile,1,Number,2008,415.9085084,695.5198665,415.9085084
1,Deaths,,North Africa and Middle East,3,Both,10,25-29 years,302,Diarrheal diseases,183,Clostridium difficile,1,Number,2009,437.9723883,713.2645795,437.9723883
1,Deaths,,North Africa and Middle East,3,Both,10,25-29 years,302,Diarrheal diseases,183,Clostridium difficile,1,Number,2010,465.6097611,739.4034865,465.6097611
1,Deaths,,North Africa and Middle East,3,Both,10,25-29 years,302,Diarrheal diseases,183,Clostridium difficile,1,Number,2011,477.65995105,772.041027,477.65995105
1,Deaths,,North Africa and Middle East,3,Both,10,25-29 years,302,Diarrheal diseases,183,Clostridium difficile,1,Number,2012,511.411307,875.118604,511.411307
1,Deaths,,North Africa and Middle East,3,Both,10,25-29 years,302,Diarrheal diseases,183,Clostridium difficile,1,Number,2013,544.2834505,876.3447475,544.2834505
1,Deaths,,North Africa and Middle East,3,Both,10,25-29 years,302,Diarrheal diseases,183,Clostridium difficile,1,Number,2014,547.3207875,1010.926317,547.3207875
1,Deaths,,North Africa and Middle East,3,Both,10,25-29 years,302,Diarrheal diseases,183,Clostridium difficile,1,Number,2015,578.3896805,979.6226055,578.3896805
1,Deaths,,North Africa and Middle East,3,Both,10,25-29 years,302,Diarrheal diseases,183,Clostridium difficile,1,Number,2016,567.101907,1012.374628,567.101907
1,Deaths,,North Africa and Middle East,3,Both,10,25-29 years,302,Diarrheal diseases,183,Clostridium difficile,1,Number,2017,590.1430505,929.737439,590.1430505
1,Deaths,,North Africa and Middle East,3,Both,10,25-29 years,302,Diarrheal diseases,183,Clostridium difficile,1,Number,2018,552.6323805,924.1016045,552.6323805
1,Deaths,,North Africa and Middle East,3,Both,10,25-29 years,302,Diarrheal diseases,183,Clostridium difficile,1,Number,2019,530.0690225,888.2391395,530.0690225
1,Deaths,,North Africa and Middle East,3,Both,10,25-29 years,302,Diarrheal diseases,183,Clostridium difficile,1,Number,2020,514.3557845,786.3271625,514.3557845
1,Deaths,,North Africa and Middle East,3,Both,10,25-29 years,302,Diarrheal diseases,183,Clostridium difficile,1,Number,2021,493.75773135,811.0904,493.75773135
1,Deaths,,North Africa and Middle East,3,Both,11,30-34 years,302,Diarrheal diseases,183,Clostridium difficile,1,Number,1990,187.1998007,382.0212711,187.1998007
1,Deaths,,North Africa and Middle East,3,Both,11,30-34 years,302,Diarrheal diseases,183,Clostridium difficile,1,Number,1991,189.3150582,380.74514235,189.3150582
1,Deaths,,North Africa and Middle East,3,Both,11,30-34 years,302,Diarrheal diseases,183,Clostridium difficile,1,Number,1992,190.72392275,378.05246585,190.72392275
1,Deaths,,North Africa and Middle East,3,Both,11,30-34 years,302,Diarrheal diseases,183,Clostridium difficile,1,Number,1993,199.91345175,386.0380443,199.91345175
1,Deaths,,North Africa and Middle East,3,Both,11,30-34 years,302,Diarrheal diseases,183,Clostridium difficile,1,Number,1994,211.10614,409.27375455,211.10614
1,Deaths,,North Africa and Middle East,3,Both,11,30-34 years,302,Diarrheal diseases,183,Clostridium difficile,1,Number,1995,220.3651606,415.6490417,220.3651606
1,Deaths,,North Africa and Middle East,3,Both,11,30-34 years,302,Diarrheal diseases,183,Clostridium difficile,1,Number,1996,228.58331335,428.7152293,228.58331335
1,Deaths,,North Africa and Middle East,3,Both,11,30-34 years,302,Diarrheal diseases,183,Clostridium difficile,1,Number,1997,236.0581197,439.5803327,236.0581197
1,Deaths,,North Africa and Middle East,3,Both,11,30-34 years,302,Diarrheal diseases,183,Clostridium difficile,1,Number,1998,249.0525162,458.77982135,249.0525162
1,Deaths,,North Africa and Middle East,3,Both,11,30-34 years,302,Diarrheal diseases,183,Clostridium difficile,1,Number,1999,257.6027514,463.2051412,257.6027514
1,Deaths,,North Africa and Middle East,3,Both,11,30-34 years,302,Diarrheal diseases,183,Clostridium difficile,1,Number,2000,262.18822175,477.942196,262.18822175
1,Deaths,,North Africa and Middle East,3,Both,11,30-34 years,302,Diarrheal diseases,183,Clostridium difficile,1,Number,2001,278.568603,498.10079195,278.568603
1,Deaths,,North Africa and Middle East,3,Both,11,30-34 years,302,Diarrheal diseases,183,Clostridium difficile,1,Number,2002,302.07776455,527.0032605,302.07776455
1,Deaths,,North Africa and Middle East,3,Both,11,30-34 years,302,Diarrheal diseases,183,Clostridium difficile,1,Number,2003,320.73818915,545.598984,320.73818915
1,Deaths,,North Africa and Middle East,3,Both,11,30-34 years,302,Diarrheal diseases,183,Clostridium difficile,1,Number,2004,343.5858204,571.0610405,343.5858204
1,Deaths,,North Africa and Middle East,3,Both,11,30-34 years,302,Diarrheal diseases,183,Clostridium difficile,1,Number,2005,355.68798945,602.1647285,355.68798945
1,Deaths,,North Africa and Middle East,3,Both,11,30-34 years,302,Diarrheal diseases,183,Clostridium difficile,1,Number,2006,378.73580985,641.9065605,378.73580985
1,Deaths,,North Africa and Middle East,3,Both,11,30-34 years,302,Diarrheal diseases,183,Clostridium difficile,1,Number,2007,393.9350043,665.629648,393.9350043
1,Deaths,,North Africa and Middle East,3,Both,11,30-34 years,302,Diarrheal diseases,183,Clostridium difficile,1,Number,2008,415.5680507,676.4234405,415.5680507
1,Deaths,,North Africa and Middle East,3,Both,11,30-34 years,302,Diarrheal diseases,183,Clostridium difficile,1,Number,2009,439.8029077,697.884474,439.8029077
1,Deaths,,North Africa and Middle East,3,Both,11,30-34 years,302,Diarrheal diseases,183,Clostridium difficile,1,Number,2010,464.74084155,739.764098,464.74084155
1,Deaths,,North Africa and Middle East,3,Both,11,30-34 years,302,Diarrheal diseases,183,Clostridium difficile,1,Number,2011,485.4928247,763.4814745,485.4928247
1,Deaths,,North Africa and Middle East,3,Both,11,30-34 years,302,Diarrheal diseases,183,Clostridium difficile,1,Number,2012,521.532029,857.864818,521.532029
1,Deaths,,North Africa and Middle East,3,Both,11,30-34 years,302,Diarrheal diseases,183,Clostridium difficile,1,Number,2013,555.191983,889.423298,555.191983
1,Deaths,,North Africa and Middle East,3,Both,11,30-34 years,302,Diarrheal diseases,183,Clostridium difficile,1,Number,2014,604.5200915,985.8576215,604.5200915
1,Deaths,,North Africa and Middle East,3,Both,11,30-34 years,302,Diarrheal diseases,183,Clostridium difficile,1,Number,2015,639.2518955,994.021745,639.2518955
1,Deaths,,North Africa and Middle East,3,Both,11,30-34 years,302,Diarrheal diseases,183,Clostridium difficile,1,Number,2016,661.151311,1030.030261,661.151311
1,Deaths,,North Africa and Middle East,3,Both,11,30-34 years,302,Diarrheal diseases,183,Clostridium difficile,1,Number,2017,655.840371,1029.10591,655.840371
1,Deaths,,North Africa and Middle East,3,Both,11,30-34 years,302,Diarrheal diseases,183,Clostridium difficile,1,Number,2018,674.599299,1022.5603695,674.599299
1,Deaths,,North Africa and Middle East,3,Both,11,30-34 years,302,Diarrheal diseases,183,Clostridium difficile,1,Number,2019,660.4748035,1009.9588345,660.4748035
1,Deaths,,North Africa and Middle East,3,Both,11,30-34 years,302,Diarrheal diseases,183,Clostridium difficile,1,Number,2020,619.1568065,937.1593805,619.1568065
1,Deaths,,North Africa and Middle East,3,Both,11,30-34 years,302,Diarrheal diseases,183,Clostridium difficile,1,Number,2021,599.299544,948.586725,599.299544
1,Deaths,,North Africa and Middle East,3,Both,12,35-39 years,302,Diarrheal diseases,183,Clostridium difficile,1,Number,1990,230.6201525,452.1240676,230.6201525
1,Deaths,,North Africa and Middle East,3,Both,12,35-39 years,302,Diarrheal diseases,183,Clostridium difficile,1,Number,1991,233.01913565,460.4366689,233.01913565
1,Deaths,,North Africa and Middle East,3,Both,12,35-39 years,302,Diarrheal diseases,183,Clostridium difficile,1,Number,1992,235.180371,458.4133488,235.180371
1,Deaths,,North Africa and Middle East,3,Both,12,35-39 years,302,Diarrheal diseases,183,Clostridium difficile,1,Number,1993,245.09384545,467.04909305,245.09384545
1,Deaths,,North Africa and Middle East,3,Both,12,35-39 years,302,Diarrheal diseases,183,Clostridium difficile,1,Number,1994,258.79503355,488.2844322,258.79503355
1,Deaths,,North Africa and Middle East,3,Both,12,35-39 years,302,Diarrheal diseases,183,Clostridium difficile,1,Number,1995,259.58103805,496.39791585,259.58103805
1,Deaths,,North Africa and Middle East,3,Both,12,35-39 years,302,Diarrheal diseases,183,Clostridium difficile,1,Number,1996,272.6147809,499.10424225,272.6147809
1,Deaths,,North Africa and Middle East,3,Both,12,35-39 years,302,Diarrheal diseases,183,Clostridium difficile,1,Number,1997,277.94111255,510.087681,277.94111255
1,Deaths,,North Africa and Middle East,3,Both,12,35-39 years,302,Diarrheal diseases,183,Clostridium difficile,1,Number,1998,300.97095945,527.338286,300.97095945
1,Deaths,,North Africa and Middle East,3,Both,12,35-39 years,302,Diarrheal diseases,183,Clostridium difficile,1,Number,1999,309.48037725,544.3393985,309.48037725
1,Deaths,,North Africa and Middle East,3,Both,12,35-39 years,302,Diarrheal diseases,183,Clostridium difficile,1,Number,2000,317.3591048,563.1775945,317.3591048
1,Deaths,,North Africa and Middle East,3,Both,12,35-39 years,302,Diarrheal diseases,183,Clostridium difficile,1,Number,2001,333.67273485,597.878121,333.67273485
1,Deaths,,North Africa and Middle East,3,Both,12,35-39 years,302,Diarrheal diseases,183,Clostridium difficile,1,Number,2002,371.9972088,613.808069,371.9972088
1,Deaths,,North Africa and Middle East,3,Both,12,35-39 years,302,Diarrheal diseases,183,Clostridium difficile,1,Number,2003,377.67642115,641.1705095,377.67642115
1,Deaths,,North Africa and Middle East,3,Both,12,35-39 years,302,Diarrheal diseases,183,Clostridium difficile,1,Number,2004,395.988223,665.1302155,395.988223
1,Deaths,,North Africa and Middle East,3,Both,12,35-39 years,302,Diarrheal diseases,183,Clostridium difficile,1,Number,2005,416.6073236,692.943676,416.6073236
1,Deaths,,North Africa and Middle East,3,Both,12,35-39 years,302,Diarrheal diseases,183,Clostridium difficile,1,Number,2006,457.01229685,719.758231,457.01229685
1,Deaths,,North Africa and Middle East,3,Both,12,35-39 years,302,Diarrheal diseases,183,Clostridium difficile,1,Number,2007,460.64103145,769.758742,460.64103145
1,Deaths,,North Africa and Middle East,3,Both,12,35-39 years,302,Diarrheal diseases,183,Clostridium difficile,1,Number,2008,492.8341214,802.027746,492.8341214
1,Deaths,,North Africa and Middle East,3,Both,12,35-39 years,302,Diarrheal diseases,183,Clostridium difficile,1,Number,2009,534.999738,827.7611605,534.999738
1,Deaths,,North Africa and Middle East,3,Both,12,35-39 years,302,Diarrheal diseases,183,Clostridium difficile,1,Number,2010,551.4841035,886.661614,551.4841035
1,Deaths,,North Africa and Middle East,3,Both,12,35-39 years,302,Diarrheal diseases,183,Clostridium difficile,1,Number,2011,588.5344575,884.203321,588.5344575
1,Deaths,,North Africa and Middle East,3,Both,12,35-39 years,302,Diarrheal diseases,183,Clostridium difficile,1,Number,2012,620.1211905,980.984203,620.1211905
1,Deaths,,North Africa and Middle East,3,Both,12,35-39 years,302,Diarrheal diseases,183,Clostridium difficile,1,Number,2013,675.070119,1006.4132815,675.070119
1,Deaths,,North Africa and Middle East,3,Both,12,35-39 years,302,Diarrheal diseases,183,Clostridium difficile,1,Number,2014,731.5364815,1096.9350915,731.5364815
1,Deaths,,North Africa and Middle East,3,Both,12,35-39 years,302,Diarrheal diseases,183,Clostridium difficile,1,Number,2015,763.229674,1142.876174,763.229674
1,Deaths,,North Africa and Middle East,3,Both,12,35-39 years,302,Diarrheal diseases,183,Clostridium difficile,1,Number,2016,792.1065985,1203.0117185,792.1065985
1,Deaths,,North Africa and Middle East,3,Both,12,35-39 years,302,Diarrheal diseases,183,Clostridium difficile,1,Number,2017,793.618921,1220.512553,793.618921
1,Deaths,,North Africa and Middle East,3,Both,12,35-39 years,302,Diarrheal diseases,183,Clostridium difficile,1,Number,2018,839.7859765,1229.9156935,839.7859765
1,Deaths,,North Africa and Middle East,3,Both,12,35-39 years,302,Diarrheal diseases,183,Clostridium difficile,1,Number,2019,867.840249,1227.933637,867.840249
1,Deaths,,North Africa and Middle East,3,Both,12,35-39 years,302,Diarrheal diseases,183,Clostridium difficile,1,Number,2020,800.674617,1211.6861645,800.674617
1,Deaths,,North Africa and Middle East,3,Both,12,35-39 years,302,Diarrheal diseases,183,Clostridium difficile,1,Number,2021,797.447848,1240.7122385,797.447848
1,Deaths,,North Africa and Middle East,3,Both,13,40-44 years,302,Diarrheal diseases,183,Clostridium difficile,1,Number,1990,267.43440815,509.8018505,267.43440815
1,Deaths,,North Africa and Middle East,3,Both,13,40-44 years,302,Diarrheal diseases,183,Clostridium difficile,1,Number,1991,262.01307575,537.105428,262.01307575
1,Deaths,,North Africa and Middle East,3,Both,13,40-44 years,302,Diarrheal diseases,183,Clostridium difficile,1,Number,1992,277.9143771,543.0990495,277.9143771
1,Deaths,,North Africa and Middle East,3,Both,13,40-44 years,302,Diarrheal diseases,183,Clostridium difficile,1,Number,1993,287.57789975,567.5087565,287.57789975
1,Deaths,,North Africa and Middle East,3,Both,13,40-44 years,302,Diarrheal diseases,183,Clostridium difficile,1,Number,1994,307.80070175,595.922867,307.80070175
1,Deaths,,North Africa and Middle East,3,Both,13,40-44 years,302,Diarrheal diseases,183,Clostridium difficile,1,Number,1995,322.6772587,612.5520575,322.6772587
1,Deaths,,North Africa and Middle East,3,Both,13,40-44 years,302,Diarrheal diseases,183,Clostridium difficile,1,Number,1996,331.99459785,637.36167,331.99459785
1,Deaths,,North Africa and Middle East,3,Both,13,40-44 years,302,Diarrheal diseases,183,Clostridium difficile,1,Number,1997,351.53758495,642.8282645,351.53758495
1,Deaths,,North Africa and Middle East,3,Both,13,40-44 years,302,Diarrheal diseases,183,Clostridium difficile,1,Number,1998,372.1099817,672.565967,372.1099817
1,Deaths,,North Africa and Middle East,3,Both,13,40-44 years,302,Diarrheal diseases,183,Clostridium difficile,1,Number,1999,380.6541472,691.4444555,380.6541472
1,Deaths,,North Africa and Middle East,3,Both,13,40-44 years,302,Diarrheal diseases,183,Clostridium difficile,1,Number,2000,404.10556265,693.6972445,404.10556265
1,Deaths,,North Africa and Middle East,3,Both,13,40-44 years,302,Diarrheal diseases,183,Clostridium difficile,1,Number,2001,424.1190588,735.5017045,424.1190588
1,Deaths,,North Africa and Middle East,3,Both,13,40-44 years,302,Diarrheal diseases,183,Clostridium difficile,1,Number,2002,454.21325025,769.0888115,454.21325025
1,Deaths,,North Africa and Middle East,3,Both,13,40-44 years,302,Diarrheal diseases,183,Clostridium difficile,1,Number,2003,475.26522645,802.7983225,475.26522645
1,Deaths,,North Africa and Middle East,3,Both,13,40-44 years,302,Diarrheal diseases,183,Clostridium difficile,1,Number,2004,506.502301,834.392263,506.502301
1,Deaths,,North Africa and Middle East,3,Both,13,40-44 years,302,Diarrheal diseases,183,Clostridium difficile,1,Number,2005,545.2570865,863.748662,545.2570865
1,Deaths,,North Africa and Middle East,3,Both,13,40-44 years,302,Diarrheal diseases,183,Clostridium difficile,1,Number,2006,564.6706265,930.6353735,564.6706265
1,Deaths,,North Africa and Middle East,3,Both,13,40-44 years,302,Diarrheal diseases,183,Clostridium difficile,1,Number,2007,586.549378,975.771851,586.549378
1,Deaths,,North Africa and Middle East,3,Both,13,40-44 years,302,Diarrheal diseases,183,Clostridium difficile,1,Number,2008,636.321896,999.620429,636.321896
1,Deaths,,North Africa and Middle East,3,Both,13,40-44 years,302,Diarrheal diseases,183,Clostridium difficile,1,Number,2009,656.228726,1048.342156,656.228726
1,Deaths,,North Africa and Middle East,3,Both,13,40-44 years,302,Diarrheal diseases,183,Clostridium difficile,1,Number,2010,687.2509635,1106.665766,687.2509635
1,Deaths,,North Africa and Middle East,3,Both,13,40-44 years,302,Diarrheal diseases,183,Clostridium difficile,1,Number,2011,721.721884,1119.2353085,721.721884
1,Deaths,,North Africa and Middle East,3,Both,13,40-44 years,302,Diarrheal diseases,183,Clostridium difficile,1,Number,2012,804.627723,1204.272305,804.627723
1,Deaths,,North Africa and Middle East,3,Both,13,40-44 years,302,Diarrheal diseases,183,Clostridium difficile,1,Number,2013,838.075458,1290.076308,838.075458
1,Deaths,,North Africa and Middle East,3,Both,13,40-44 years,302,Diarrheal diseases,183,Clostridium difficile,1,Number,2014,908.909216,1397.1496235,908.909216
1,Deaths,,North Africa and Middle East,3,Both,13,40-44 years,302,Diarrheal diseases,183,Clostridium difficile,1,Number,2015,968.262967,1438.876192,968.262967
1,Deaths,,North Africa and Middle East,3,Both,13,40-44 years,302,Diarrheal diseases,183,Clostridium difficile,1,Number,2016,992.6553875,1520.006092,992.6553875
1,Deaths,,North Africa and Middle East,3,Both,13,40-44 years,302,Diarrheal diseases,183,Clostridium difficile,1,Number,2017,1004.578385,1526.5362455,1004.578385
1,Deaths,,North Africa and Middle East,3,Both,13,40-44 years,302,Diarrheal diseases,183,Clostridium difficile,1,Number,2018,1055.0669035,1545.817492,1055.0669035
1,Deaths,,North Africa and Middle East,3,Both,13,40-44 years,302,Diarrheal diseases,183,Clostridium difficile,1,Number,2019,1089.818905,1555.061498,1089.818905
1,Deaths,,North Africa and Middle East,3,Both,13,40-44 years,302,Diarrheal diseases,183,Clostridium difficile,1,Number,2020,1043.25402,1540.8404545,1043.25402
1,Deaths,,North Africa and Middle East,3,Both,13,40-44 years,302,Diarrheal diseases,183,Clostridium difficile,1,Number,2021,1033.956318,1626.531272,1033.956318
1,Deaths,,North Africa and Middle East,3,Both,14,45-49 years,302,Diarrheal diseases,183,Clostridium difficile,1,Number,1990,360.28685885,703.839833,360.28685885
1,Deaths,,North Africa and Middle East,3,Both,14,45-49 years,302,Diarrheal diseases,183,Clostridium difficile,1,Number,1991,367.60252345,714.781682,367.60252345
1,Deaths,,North Africa and Middle East,3,Both,14,45-49 years,302,Diarrheal diseases,183,Clostridium difficile,1,Number,1992,377.634777,717.4149055,377.634777
1,Deaths,,North Africa and Middle East,3,Both,14,45-49 years,302,Diarrheal diseases,183,Clostridium difficile,1,Number,1993,388.63762945,755.745193,388.63762945
1,Deaths,,North Africa and Middle East,3,Both,14,45-49 years,302,Diarrheal diseases,183,Clostridium difficile,1,Number,1994,411.2055808,810.4456865,411.2055808
1,Deaths,,North Africa and Middle East,3,Both,14,45-49 years,302,Diarrheal diseases,183,Clostridium difficile,1,Number,1995,441.3129679,816.4111895,441.3129679
1,Deaths,,North Africa and Middle East,3,Both,14,45-49 years,302,Diarrheal diseases,183,Clostridium difficile,1,Number,1996,476.09009145,842.951452,476.09009145
1,Deaths,,North Africa and Middle East,3,Both,14,45-49 years,302,Diarrheal diseases,183,Clostridium difficile,1,Number,1997,481.2181107,893.7110695,481.2181107
1,Deaths,,North Africa and Middle East,3,Both,14,45-49 years,302,Diarrheal diseases,183,Clostridium difficile,1,Number,1998,530.3742835,923.4315345,530.3742835
1,Deaths,,North Africa and Middle East,3,Both,14,45-49 years,302,Diarrheal diseases,183,Clostridium difficile,1,Number,1999,548.9688705,947.5543,548.9688705
1,Deaths,,North Africa and Middle East,3,Both,14,45-49 years,302,Diarrheal diseases,183,Clostridium difficile,1,Number,2000,566.395028,990.045827,566.395028
1,Deaths,,North Africa and Middle East,3,Both,14,45-49 years,302,Diarrheal diseases,183,Clostridium difficile,1,Number,2001,609.506299,1055.0953685,609.506299
1,Deaths,,North Africa and Middle East,3,Both,14,45-49 years,302,Diarrheal diseases,183,Clostridium difficile,1,Number,2002,656.329352,1085.42133,656.329352
1,Deaths,,North Africa and Middle East,3,Both,14,45-49 years,302,Diarrheal diseases,183,Clostridium difficile,1,Number,2003,683.873353,1131.810623,683.873353
1,Deaths,,North Africa and Middle East,3,Both,14,45-49 years,302,Diarrheal diseases,183,Clostridium difficile,1,Number,2004,713.3283285,1182.00994,713.3283285
1,Deaths,,North Africa and Middle East,3,Both,14,45-49 years,302,Diarrheal diseases,183,Clostridium difficile,1,Number,2005,737.0893835,1234.623857,737.0893835
1,Deaths,,North Africa and Middle East,3,Both,14,45-49 years,302,Diarrheal diseases,183,Clostridium difficile,1,Number,2006,801.616422,1258.817243,801.616422
1,Deaths,,North Africa and Middle East,3,Both,14,45-49 years,302,Diarrheal diseases,183,Clostridium difficile,1,Number,2007,840.240177,1294.9719655,840.240177
1,Deaths,,North Africa and Middle East,3,Both,14,45-49 years,302,Diarrheal diseases,183,Clostridium difficile,1,Number,2008,859.623456,1388.411433,859.623456
1,Deaths,,North Africa and Middle East,3,Both,14,45-49 years,302,Diarrheal diseases,183,Clostridium difficile,1,Number,2009,919.5438625,1454.3381815,919.5438625
1,Deaths,,North Africa and Middle East,3,Both,14,45-49 years,302,Diarrheal diseases,183,Clostridium difficile,1,Number,2010,982.2075895,1548.6908205,982.2075895
1,Deaths,,North Africa and Middle East,3,Both,14,45-49 years,302,Diarrheal diseases,183,Clostridium difficile,1,Number,2011,1020.608658,1561.6718085,1020.608658
1,Deaths,,North Africa and Middle East,3,Both,14,45-49 years,302,Diarrheal diseases,183,Clostridium difficile,1,Number,2012,1098.7993715,1677.572442,1098.7993715
1,Deaths,,North Africa and Middle East,3,Both,14,45-49 years,302,Diarrheal diseases,183,Clostridium difficile,1,Number,2013,1154.078631,1748.6665275,1154.078631
1,Deaths,,North Africa and Middle East,3,Both,14,45-49 years,302,Diarrheal diseases,183,Clostridium difficile,1,Number,2014,1254.1760415,1864.9956775,1254.1760415
1,Deaths,,North Africa and Middle East,3,Both,14,45-49 years,302,Diarrheal diseases,183,Clostridium difficile,1,Number,2015,1309.8060565,1955.45985,1309.8060565
1,Deaths,,North Africa and Middle East,3,Both,14,45-49 years,302,Diarrheal diseases,183,Clostridium difficile,1,Number,2016,1398.843523,2009.8965245,1398.843523
1,Deaths,,North Africa and Middle East,3,Both,14,45-49 years,302,Diarrheal diseases,183,Clostridium difficile,1,Number,2017,1415.908584,2020.1454845,1415.908584
1,Deaths,,North Africa and Middle East,3,Both,14,45-49 years,302,Diarrheal diseases,183,Clostridium difficile,1,Number,2018,1427.447272,2143.535915,1427.447272
1,Deaths,,North Africa and Middle East,3,Both,14,45-49 years,302,Diarrheal diseases,183,Clostridium difficile,1,Number,2019,1489.180571,2166.186514,1489.180571
1,Deaths,,North Africa and Middle East,3,Both,14,45-49 years,302,Diarrheal diseases,183,Clostridium difficile,1,Number,2020,1413.0613335,2147.6850615,1413.0613335
1,Deaths,,North Africa and Middle East,3,Both,14,45-49 years,302,Diarrheal diseases,183,Clostridium difficile,1,Number,2021,1409.0100695,2248.7787045,1409.0100695
1,Deaths,,North Africa and Middle East,3,Both,6,5-9 years,302,Diarrheal diseases,183,Clostridium difficile,1,Number,1990,475.9450763,973.4874055,475.9450763
1,Deaths,,North Africa and Middle East,3,Both,6,5-9 years,302,Diarrheal diseases,183,Clostridium difficile,1,Number,1991,454.8575003,918.9162895,454.8575003
1,Deaths,,North Africa and Middle East,3,Both,6,5-9 years,302,Diarrheal diseases,183,Clostridium difficile,1,Number,1992,456.734759,887.266629,456.734759
1,Deaths,,North Africa and Middle East,3,Both,6,5-9 years,302,Diarrheal diseases,183,Clostridium difficile,1,Number,1993,465.26741835,888.7889675,465.26741835
1,Deaths,,North Africa and Middle East,3,Both,6,5-9 years,302,Diarrheal diseases,183,Clostridium difficile,1,Number,1994,480.6280409,919.570782,480.6280409
1,Deaths,,North Africa and Middle East,3,Both,6,5-9 years,302,Diarrheal diseases,183,Clostridium difficile,1,Number,1995,450.5189658,886.5006285,450.5189658
1,Deaths,,North Africa and Middle East,3,Both,6,5-9 years,302,Diarrheal diseases,183,Clostridium difficile,1,Number,1996,436.2587235,843.853403,436.2587235
1,Deaths,,North Africa and Middle East,3,Both,6,5-9 years,302,Diarrheal diseases,183,Clostridium difficile,1,Number,1997,439.03618955,820.0000265,439.03618955
1,Deaths,,North Africa and Middle East,3,Both,6,5-9 years,302,Diarrheal diseases,183,Clostridium difficile,1,Number,1998,447.7050313,847.1692575,447.7050313
1,Deaths,,North Africa and Middle East,3,Both,6,5-9 years,302,Diarrheal diseases,183,Clostridium difficile,1,Number,1999,426.7268949,803.9173995,426.7268949
1,Deaths,,North Africa and Middle East,3,Both,6,5-9 years,302,Diarrheal diseases,183,Clostridium difficile,1,Number,2000,421.0580877,811.127106,421.0580877
1,Deaths,,North Africa and Middle East,3,Both,6,5-9 years,302,Diarrheal diseases,183,Clostridium difficile,1,Number,2001,443.0825014,800.360686,443.0825014
1,Deaths,,North Africa and Middle East,3,Both,6,5-9 years,302,Diarrheal diseases,183,Clostridium difficile,1,Number,2002,454.3908175,806.797219,454.3908175
1,Deaths,,North Africa and Middle East,3,Both,6,5-9 years,302,Diarrheal diseases,183,Clostridium difficile,1,Number,2003,469.6103059,829.8636735,469.6103059
1,Deaths,,North Africa and Middle East,3,Both,6,5-9 years,302,Diarrheal diseases,183,Clostridium difficile,1,Number,2004,490.657014,878.6131155,490.657014
1,Deaths,,North Africa and Middle East,3,Both,6,5-9 years,302,Diarrheal diseases,183,Clostridium difficile,1,Number,2005,504.010949,867.839491,504.010949
1,Deaths,,North Africa and Middle East,3,Both,6,5-9 years,302,Diarrheal diseases,183,Clostridium difficile,1,Number,2006,531.5077155,945.191194,531.5077155
1,Deaths,,North Africa and Middle East,3,Both,6,5-9 years,302,Diarrheal diseases,183,Clostridium difficile,1,Number,2007,528.964385,949.161528,528.964385
1,Deaths,,North Africa and Middle East,3,Both,6,5-9 years,302,Diarrheal diseases,183,Clostridium difficile,1,Number,2008,521.757731,894.9326725,521.757731
1,Deaths,,North Africa and Middle East,3,Both,6,5-9 years,302,Diarrheal diseases,183,Clostridium difficile,1,Number,2009,520.0130465,892.750993,520.0130465
1,Deaths,,North Africa and Middle East,3,Both,6,5-9 years,302,Diarrheal diseases,183,Clostridium difficile,1,Number,2010,540.2558845,864.177405,540.2558845
1,Deaths,,North Africa and Middle East,3,Both,6,5-9 years,302,Diarrheal diseases,183,Clostridium difficile,1,Number,2011,549.5532715,911.799534,549.5532715
1,Deaths,,North Africa and Middle East,3,Both,6,5-9 years,302,Diarrheal diseases,183,Clostridium difficile,1,Number,2012,566.75055,1053.7156955,566.75055
1,Deaths,,North Africa and Middle East,3,Both,6,5-9 years,302,Diarrheal diseases,183,Clostridium difficile,1,Number,2013,584.527093,1079.5763385,584.527093
1,Deaths,,North Africa and Middle East,3,Both,6,5-9 years,302,Diarrheal diseases,183,Clostridium difficile,1,Number,2014,646.1500275,1228.3520755,646.1500275
1,Deaths,,North Africa and Middle East,3,Both,6,5-9 years,302,Diarrheal diseases,183,Clostridium difficile,1,Number,2015,625.0364185,1249.947492,625.0364185
1,Deaths,,North Africa and Middle East,3,Both,6,5-9 years,302,Diarrheal diseases,183,Clostridium difficile,1,Number,2016,656.130865,1276.013796,656.130865
1,Deaths,,North Africa and Middle East,3,Both,6,5-9 years,302,Diarrheal diseases,183,Clostridium difficile,1,Number,2017,618.736813,1231.8101025,618.736813
1,Deaths,,North Africa and Middle East,3,Both,6,5-9 years,302,Diarrheal diseases,183,Clostridium difficile,1,Number,2018,619.36693,1231.6414295,619.36693
1,Deaths,,North Africa and Middle East,3,Both,6,5-9 years,302,Diarrheal diseases,183,Clostridium difficile,1,Number,2019,581.439044,1130.5703915,581.439044
1,Deaths,,North Africa and Middle East,3,Both,6,5-9 years,302,Diarrheal diseases,183,Clostridium difficile,1,Number,2020,520.221481,888.581492,520.221481
1,Deaths,,North Africa and Middle East,3,Both,6,5-9 years,302,Diarrheal diseases,183,Clostridium difficile,1,Number,2021,512.8299365,923.585878,512.8299365
1,Deaths,,North Africa and Middle East,3,Both,15,50-54 years,302,Diarrheal diseases,183,Clostridium difficile,1,Number,1990,628.3685675,1268.262046,628.3685675
1,Deaths,,North Africa and Middle East,3,Both,15,50-54 years,302,Diarrheal diseases,183,Clostridium difficile,1,Number,1991,626.5579775,1273.8004125,626.5579775
1,Deaths,,North Africa and Middle East,3,Both,15,50-54 years,302,Diarrheal diseases,183,Clostridium difficile,1,Number,1992,635.4082565,1255.6146195,635.4082565
1,Deaths,,North Africa and Middle East,3,Both,15,50-54 years,302,Diarrheal diseases,183,Clostridium difficile,1,Number,1993,658.841321,1276.1360165,658.841321
1,Deaths,,North Africa and Middle East,3,Both,15,50-54 years,302,Diarrheal diseases,183,Clostridium difficile,1,Number,1994,680.594759,1335.875587,680.594759
1,Deaths,,North Africa and Middle East,3,Both,15,50-54 years,302,Diarrheal diseases,183,Clostridium difficile,1,Number,1995,713.6832305,1327.0957125,713.6832305
1,Deaths,,North Africa and Middle East,3,Both,15,50-54 years,302,Diarrheal diseases,183,Clostridium difficile,1,Number,1996,751.0737205,1353.1787605,751.0737205
1,Deaths,,North Africa and Middle East,3,Both,15,50-54 years,302,Diarrheal diseases,183,Clostridium difficile,1,Number,1997,754.067281,1400.1081915,754.067281
1,Deaths,,North Africa and Middle East,3,Both,15,50-54 years,302,Diarrheal diseases,183,Clostridium difficile,1,Number,1998,812.5653705,1479.7108635,812.5653705
1,Deaths,,North Africa and Middle East,3,Both,15,50-54 years,302,Diarrheal diseases,183,Clostridium difficile,1,Number,1999,834.7082045,1557.4289865,834.7082045
1,Deaths,,North Africa and Middle East,3,Both,15,50-54 years,302,Diarrheal diseases,183,Clostridium difficile,1,Number,2000,889.9731255,1582.0399875,889.9731255
1,Deaths,,North Africa and Middle East,3,Both,15,50-54 years,302,Diarrheal diseases,183,Clostridium difficile,1,Number,2001,978.0187735,1711.7684415,978.0187735
1,Deaths,,North Africa and Middle East,3,Both,15,50-54 years,302,Diarrheal diseases,183,Clostridium difficile,1,Number,2002,1085.3817535,1796.601996,1085.3817535
1,Deaths,,North Africa and Middle East,3,Both,15,50-54 years,302,Diarrheal diseases,183,Clostridium difficile,1,Number,2003,1161.8666505,1887.003712,1161.8666505
1,Deaths,,North Africa and Middle East,3,Both,15,50-54 years,302,Diarrheal diseases,183,Clostridium difficile,1,Number,2004,1195.2447325,1972.824151,1195.2447325
1,Deaths,,North Africa and Middle East,3,Both,15,50-54 years,302,Diarrheal diseases,183,Clostridium difficile,1,Number,2005,1235.4225985,2101.7044365,1235.4225985
1,Deaths,,North Africa and Middle East,3,Both,15,50-54 years,302,Diarrheal diseases,183,Clostridium difficile,1,Number,2006,1335.486032,2173.4970835,1335.486032
1,Deaths,,North Africa and Middle East,3,Both,15,50-54 years,302,Diarrheal diseases,183,Clostridium difficile,1,Number,2007,1392.774505,2223.651554,1392.774505
1,Deaths,,North Africa and Middle East,3,Both,15,50-54 years,302,Diarrheal diseases,183,Clostridium difficile,1,Number,2008,1442.445882,2329.953042,1442.445882
1,Deaths,,North Africa and Middle East,3,Both,15,50-54 years,302,Diarrheal diseases,183,Clostridium difficile,1,Number,2009,1528.1181245,2405.415457,1528.1181245
1,Deaths,,North Africa and Middle East,3,Both,15,50-54 years,302,Diarrheal diseases,183,Clostridium difficile,1,Number,2010,1599.1150595,2521.90101,1599.1150595
1,Deaths,,North Africa and Middle East,3,Both,15,50-54 years,302,Diarrheal diseases,183,Clostridium difficile,1,Number,2011,1619.2104255,2516.452749,1619.2104255
1,Deaths,,North Africa and Middle East,3,Both,15,50-54 years,302,Diarrheal diseases,183,Clostridium difficile,1,Number,2012,1765.5364485,2657.133619,1765.5364485
1,Deaths,,North Africa and Middle East,3,Both,15,50-54 years,302,Diarrheal diseases,183,Clostridium difficile,1,Number,2013,1813.4960395,2838.7646445,1813.4960395
1,Deaths,,North Africa and Middle East,3,Both,15,50-54 years,302,Diarrheal diseases,183,Clostridium difficile,1,Number,2014,2036.615898,3014.2622545,2036.615898
1,Deaths,,North Africa and Middle East,3,Both,15,50-54 years,302,Diarrheal diseases,183,Clostridium difficile,1,Number,2015,2136.570506,3189.3111935,2136.570506
1,Deaths,,North Africa and Middle East,3,Both,15,50-54 years,302,Diarrheal diseases,183,Clostridium difficile,1,Number,2016,2237.341008,3331.262721,2237.341008
1,Deaths,,North Africa and Middle East,3,Both,15,50-54 years,302,Diarrheal diseases,183,Clostridium difficile,1,Number,2017,2223.2980665,3321.9230005,2223.2980665
1,Deaths,,North Africa and Middle East,3,Both,15,50-54 years,302,Diarrheal diseases,183,Clostridium difficile,1,Number,2018,2327.6216865,3411.5479515,2327.6216865
1,Deaths,,North Africa and Middle East,3,Both,15,50-54 years,302,Diarrheal diseases,183,Clostridium difficile,1,Number,2019,2363.582146,3455.0869135,2363.582146
1,Deaths,,North Africa and Middle East,3,Both,15,50-54 years,302,Diarrheal diseases,183,Clostridium difficile,1,Number,2020,2287.8999495,3403.879921,2287.8999495
1,Deaths,,North Africa and Middle East,3,Both,15,50-54 years,302,Diarrheal diseases,183,Clostridium difficile,1,Number,2021,2254.2954635,3644.4211965,2254.2954635
1,Deaths,,North Africa and Middle East,3,Both,16,55-59 years,302,Diarrheal diseases,183,Clostridium difficile,1,Number,1990,878.9473785,1851.850682,878.9473785
1,Deaths,,North Africa and Middle East,3,Both,16,55-59 years,302,Diarrheal diseases,183,Clostridium difficile,1,Number,1991,863.897914,1901.160856,863.897914
1,Deaths,,North Africa and Middle East,3,Both,16,55-59 years,302,Diarrheal diseases,183,Clostridium difficile,1,Number,1992,896.3637705,1862.562612,896.3637705
1,Deaths,,North Africa and Middle East,3,Both,16,55-59 years,302,Diarrheal diseases,183,Clostridium difficile,1,Number,1993,906.4986205,1914.159537,906.4986205
1,Deaths,,North Africa and Middle East,3,Both,16,55-59 years,302,Diarrheal diseases,183,Clostridium difficile,1,Number,1994,969.772392,1930.087775,969.772392
1,Deaths,,North Africa and Middle East,3,Both,16,55-59 years,302,Diarrheal diseases,183,Clostridium difficile,1,Number,1995,1000.6914345,1935.320785,1000.6914345
1,Deaths,,North Africa and Middle East,3,Both,16,55-59 years,302,Diarrheal diseases,183,Clostridium difficile,1,Number,1996,990.338802,1999.939791,990.338802
1,Deaths,,North Africa and Middle East,3,Both,16,55-59 years,302,Diarrheal diseases,183,Clostridium difficile,1,Number,1997,997.2077005,2007.6564875,997.2077005
1,Deaths,,North Africa and Middle East,3,Both,16,55-59 years,302,Diarrheal diseases,183,Clostridium difficile,1,Number,1998,1033.3991705,2073.288704,1033.3991705
1,Deaths,,North Africa and Middle East,3,Both,16,55-59 years,302,Diarrheal diseases,183,Clostridium difficile,1,Number,1999,1028.4368325,2110.3163115,1028.4368325
1,Deaths,,North Africa and Middle East,3,Both,16,55-59 years,302,Diarrheal diseases,183,Clostridium difficile,1,Number,2000,1084.7891835,2105.3245145,1084.7891835
1,Deaths,,North Africa and Middle East,3,Both,16,55-59 years,302,Diarrheal diseases,183,Clostridium difficile,1,Number,2001,1204.3925085,2205.626784,1204.3925085
1,Deaths,,North Africa and Middle East,3,Both,16,55-59 years,302,Diarrheal diseases,183,Clostridium difficile,1,Number,2002,1242.8313135,2330.9329345,1242.8313135
1,Deaths,,North Africa and Middle East,3,Both,16,55-59 years,302,Diarrheal diseases,183,Clostridium difficile,1,Number,2003,1318.4060225,2482.9872505,1318.4060225
1,Deaths,,North Africa and Middle East,3,Both,16,55-59 years,302,Diarrheal diseases,183,Clostridium difficile,1,Number,2004,1371.0881985,2639.5029035,1371.0881985
1,Deaths,,North Africa and Middle East,3,Both,16,55-59 years,302,Diarrheal diseases,183,Clostridium difficile,1,Number,2005,1528.43052,2693.415272,1528.43052
1,Deaths,,North Africa and Middle East,3,Both,16,55-59 years,302,Diarrheal diseases,183,Clostridium difficile,1,Number,2006,1685.002521,2829.3487285,1685.002521
1,Deaths,,North Africa and Middle East,3,Both,16,55-59 years,302,Diarrheal diseases,183,Clostridium difficile,1,Number,2007,1745.11727,3010.6514205,1745.11727
1,Deaths,,North Africa and Middle East,3,Both,16,55-59 years,302,Diarrheal diseases,183,Clostridium difficile,1,Number,2008,1869.028408,3165.6378035,1869.028408
1,Deaths,,North Africa and Middle East,3,Both,16,55-59 years,302,Diarrheal diseases,183,Clostridium difficile,1,Number,2009,1951.8909285,3378.85123,1951.8909285
1,Deaths,,North Africa and Middle East,3,Both,16,55-59 years,302,Diarrheal diseases,183,Clostridium difficile,1,Number,2010,2146.735602,3566.1366575,2146.735602
1,Deaths,,North Africa and Middle East,3,Both,16,55-59 years,302,Diarrheal diseases,183,Clostridium difficile,1,Number,2011,2124.757238,3645.676985,2124.757238
1,Deaths,,North Africa and Middle East,3,Both,16,55-59 years,302,Diarrheal diseases,183,Clostridium difficile,1,Number,2012,2247.08976,3876.2841855,2247.08976
1,Deaths,,North Africa and Middle East,3,Both,16,55-59 years,302,Diarrheal diseases,183,Clostridium difficile,1,Number,2013,2477.6181215,3951.075587,2477.6181215
1,Deaths,,North Africa and Middle East,3,Both,16,55-59 years,302,Diarrheal diseases,183,Clostridium difficile,1,Number,2014,2663.032004,4324.584108,2663.032004
1,Deaths,,North Africa and Middle East,3,Both,16,55-59 years,302,Diarrheal diseases,183,Clostridium difficile,1,Number,2015,2851.1112495,4481.6399085,2851.1112495
1,Deaths,,North Africa and Middle East,3,Both,16,55-59 years,302,Diarrheal diseases,183,Clostridium difficile,1,Number,2016,2989.6633785,4646.4293475,2989.6633785
1,Deaths,,North Africa and Middle East,3,Both,16,55-59 years,302,Diarrheal diseases,183,Clostridium difficile,1,Number,2017,2935.546237,4611.914942,2935.546237
1,Deaths,,North Africa and Middle East,3,Both,16,55-59 years,302,Diarrheal diseases,183,Clostridium difficile,1,Number,2018,3135.231575,4728.2993645,3135.231575
1,Deaths,,North Africa and Middle East,3,Both,16,55-59 years,302,Diarrheal diseases,183,Clostridium difficile,1,Number,2019,3085.002354,4966.6735525,3085.002354
1,Deaths,,North Africa and Middle East,3,Both,16,55-59 years,302,Diarrheal diseases,183,Clostridium difficile,1,Number,2020,2999.5181785,4952.6630485,2999.5181785
1,Deaths,,North Africa and Middle East,3,Both,16,55-59 years,302,Diarrheal diseases,183,Clostridium difficile,1,Number,2021,3023.7117675,5155.41838,3023.7117675
1,Deaths,,North Africa and Middle East,3,Both,17,60-64 years,302,Diarrheal diseases,183,Clostridium difficile,1,Number,1990,1298.1563705,2632.5389725,1298.1563705
1,Deaths,,North Africa and Middle East,3,Both,17,60-64 years,302,Diarrheal diseases,183,Clostridium difficile,1,Number,1991,1341.4616935,2701.452313,1341.4616935
1,Deaths,,North Africa and Middle East,3,Both,17,60-64 years,302,Diarrheal diseases,183,Clostridium difficile,1,Number,1992,1386.244813,2694.5941775,1386.244813
1,Deaths,,North Africa and Middle East,3,Both,17,60-64 years,302,Diarrheal diseases,183,Clostridium difficile,1,Number,1993,1401.8285005,2770.7320225,1401.8285005
1,Deaths,,North Africa and Middle East,3,Both,17,60-64 years,302,Diarrheal diseases,183,Clostridium difficile,1,Number,1994,1483.775604,2833.033135,1483.775604
1,Deaths,,North Africa and Middle East,3,Both,17,60-64 years,302,Diarrheal diseases,183,Clostridium difficile,1,Number,1995,1498.7077795,2838.7774395,1498.7077795
1,Deaths,,North Africa and Middle East,3,Both,17,60-64 years,302,Diarrheal diseases,183,Clostridium difficile,1,Number,1996,1466.2108895,2927.34004,1466.2108895
1,Deaths,,North Africa and Middle East,3,Both,17,60-64 years,302,Diarrheal diseases,183,Clostridium difficile,1,Number,1997,1615.6390615,2788.674657,1615.6390615
1,Deaths,,North Africa and Middle East,3,Both,17,60-64 years,302,Diarrheal diseases,183,Clostridium difficile,1,Number,1998,1607.444276,2928.140766,1607.444276
1,Deaths,,North Africa and Middle East,3,Both,17,60-64 years,302,Diarrheal diseases,183,Clostridium difficile,1,Number,1999,1594.5008945,2965.617543,1594.5008945
1,Deaths,,North Africa and Middle East,3,Both,17,60-64 years,302,Diarrheal diseases,183,Clostridium difficile,1,Number,2000,1664.526464,2924.6253895,1664.526464
1,Deaths,,North Africa and Middle East,3,Both,17,60-64 years,302,Diarrheal diseases,183,Clostridium difficile,1,Number,2001,1803.6622705,3030.5864995,1803.6622705
1,Deaths,,North Africa and Middle East,3,Both,17,60-64 years,302,Diarrheal diseases,183,Clostridium difficile,1,Number,2002,1852.323391,3135.2797145,1852.323391
1,Deaths,,North Africa and Middle East,3,Both,17,60-64 years,302,Diarrheal diseases,183,Clostridium difficile,1,Number,2003,1903.761657,3243.6278775,1903.761657
1,Deaths,,North Africa and Middle East,3,Both,17,60-64 years,302,Diarrheal diseases,183,Clostridium difficile,1,Number,2004,1942.872852,3316.425224,1942.872852
1,Deaths,,North Africa and Middle East,3,Both,17,60-64 years,302,Diarrheal diseases,183,Clostridium difficile,1,Number,2005,2002.0443445,3421.45443,2002.0443445
1,Deaths,,North Africa and Middle East,3,Both,17,60-64 years,302,Diarrheal diseases,183,Clostridium difficile,1,Number,2006,2203.079605,3455.5879275,2203.079605
1,Deaths,,North Africa and Middle East,3,Both,17,60-64 years,302,Diarrheal diseases,183,Clostridium difficile,1,Number,2007,2284.050424,3557.4882815,2284.050424
1,Deaths,,North Africa and Middle East,3,Both,17,60-64 years,302,Diarrheal diseases,183,Clostridium difficile,1,Number,2008,2354.746885,3821.9410735,2354.746885
1,Deaths,,North Africa and Middle East,3,Both,17,60-64 years,302,Diarrheal diseases,183,Clostridium difficile,1,Number,2009,2512.2339725,4040.5958905,2512.2339725
1,Deaths,,North Africa and Middle East,3,Both,17,60-64 years,302,Diarrheal diseases,183,Clostridium difficile,1,Number,2010,2625.043514,4320.3674795,2625.043514
1,Deaths,,North Africa and Middle East,3,Both,17,60-64 years,302,Diarrheal diseases,183,Clostridium difficile,1,Number,2011,2726.9915895,4354.752118,2726.9915895
1,Deaths,,North Africa and Middle East,3,Both,17,60-64 years,302,Diarrheal diseases,183,Clostridium difficile,1,Number,2012,3002.474391,4682.8296095,3002.474391
1,Deaths,,North Africa and Middle East,3,Both,17,60-64 years,302,Diarrheal diseases,183,Clostridium difficile,1,Number,2013,3285.7911465,4959.1697615,3285.7911465
1,Deaths,,North Africa and Middle East,3,Both,17,60-64 years,302,Diarrheal diseases,183,Clostridium difficile,1,Number,2014,3647.192667,5398.253075,3647.192667
1,Deaths,,North Africa and Middle East,3,Both,17,60-64 years,302,Diarrheal diseases,183,Clostridium difficile,1,Number,2015,3940.710411,5713.51535,3940.710411
1,Deaths,,North Africa and Middle East,3,Both,17,60-64 years,302,Diarrheal diseases,183,Clostridium difficile,1,Number,2016,4071.5537595,6022.725675,4071.5537595
1,Deaths,,North Africa and Middle East,3,Both,17,60-64 years,302,Diarrheal diseases,183,Clostridium difficile,1,Number,2017,3944.2958145,6020.73099,3944.2958145
1,Deaths,,North Africa and Middle East,3,Both,17,60-64 years,302,Diarrheal diseases,183,Clostridium difficile,1,Number,2018,4177.270178,6199.69874,4177.270178
1,Deaths,,North Africa and Middle East,3,Both,17,60-64 years,302,Diarrheal diseases,183,Clostridium difficile,1,Number,2019,4319.597556,6265.73151,4319.597556
1,Deaths,,North Africa and Middle East,3,Both,17,60-64 years,302,Diarrheal diseases,183,Clostridium difficile,1,Number,2020,4068.2925565,6303.496175,4068.2925565
1,Deaths,,North Africa and Middle East,3,Both,17,60-64 years,302,Diarrheal diseases,183,Clostridium difficile,1,Number,2021,4029.224037,6545.96288,4029.224037
1,Deaths,,North Africa and Middle East,3,Both,18,65-69 years,302,Diarrheal diseases,183,Clostridium difficile,1,Number,1990,1641.4141675,2991.2774935,1641.4141675
1,Deaths,,North Africa and Middle East,3,Both,18,65-69 years,302,Diarrheal diseases,183,Clostridium difficile,1,Number,1991,1622.126653,3119.539803,1622.126653
1,Deaths,,North Africa and Middle East,3,Both,18,65-69 years,302,Diarrheal diseases,183,Clostridium difficile,1,Number,1992,1649.19067,3166.9799405,1649.19067
1,Deaths,,North Africa and Middle East,3,Both,18,65-69 years,302,Diarrheal diseases,183,Clostridium difficile,1,Number,1993,1724.949033,3269.2685135,1724.949033
1,Deaths,,North Africa and Middle East,3,Both,18,65-69 years,302,Diarrheal diseases,183,Clostridium difficile,1,Number,1994,1849.1762785,3422.5670575,1849.1762785
1,Deaths,,North Africa and Middle East,3,Both,18,65-69 years,302,Diarrheal diseases,183,Clostridium difficile,1,Number,1995,1898.303931,3554.3296945,1898.303931
1,Deaths,,North Africa and Middle East,3,Both,18,65-69 years,302,Diarrheal diseases,183,Clostridium difficile,1,Number,1996,2012.0530975,3609.225256,2012.0530975
1,Deaths,,North Africa and Middle East,3,Both,18,65-69 years,302,Diarrheal diseases,183,Clostridium difficile,1,Number,1997,2094.2446055,3622.252806,2094.2446055
1,Deaths,,North Africa and Middle East,3,Both,18,65-69 years,302,Diarrheal diseases,183,Clostridium difficile,1,Number,1998,2149.6734655,3801.6832025,2149.6734655
1,Deaths,,North Africa and Middle East,3,Both,18,65-69 years,302,Diarrheal diseases,183,Clostridium difficile,1,Number,1999,2229.690614,3758.6361135,2229.690614
1,Deaths,,North Africa and Middle East,3,Both,18,65-69 years,302,Diarrheal diseases,183,Clostridium difficile,1,Number,2000,2200.879308,3715.142459,2200.879308
1,Deaths,,North Africa and Middle East,3,Both,18,65-69 years,302,Diarrheal diseases,183,Clostridium difficile,1,Number,2001,2341.815776,3803.196502,2341.815776
1,Deaths,,North Africa and Middle East,3,Both,18,65-69 years,302,Diarrheal diseases,183,Clostridium difficile,1,Number,2002,2400.5222605,3894.502279,2400.5222605
1,Deaths,,North Africa and Middle East,3,Both,18,65-69 years,302,Diarrheal diseases,183,Clostridium difficile,1,Number,2003,2481.72948,3995.175288,2481.72948
1,Deaths,,North Africa and Middle East,3,Both,18,65-69 years,302,Diarrheal diseases,183,Clostridium difficile,1,Number,2004,2544.590738,4047.186035,2544.590738
1,Deaths,,North Africa and Middle East,3,Both,18,65-69 years,302,Diarrheal diseases,183,Clostridium difficile,1,Number,2005,2632.9605005,4150.5255355,2632.9605005
1,Deaths,,North Africa and Middle East,3,Both,18,65-69 years,302,Diarrheal diseases,183,Clostridium difficile,1,Number,2006,2677.2770155,4299.325378,2677.2770155
1,Deaths,,North Africa and Middle East,3,Both,18,65-69 years,302,Diarrheal diseases,183,Clostridium difficile,1,Number,2007,2745.8000145,4339.148639,2745.8000145
1,Deaths,,North Africa and Middle East,3,Both,18,65-69 years,302,Diarrheal diseases,183,Clostridium difficile,1,Number,2008,2868.45749,4448.947472,2868.45749
1,Deaths,,North Africa and Middle East,3,Both,18,65-69 years,302,Diarrheal diseases,183,Clostridium difficile,1,Number,2009,3016.950359,4538.8272235,3016.950359
1,Deaths,,North Africa and Middle East,3,Both,18,65-69 years,302,Diarrheal diseases,183,Clostridium difficile,1,Number,2010,3074.0910805,4778.962506,3074.0910805
1,Deaths,,North Africa and Middle East,3,Both,18,65-69 years,302,Diarrheal diseases,183,Clostridium difficile,1,Number,2011,3154.572923,4680.570884,3154.572923
1,Deaths,,North Africa and Middle East,3,Both,18,65-69 years,302,Diarrheal diseases,183,Clostridium difficile,1,Number,2012,3300.0828995,5014.82825,3300.0828995
1,Deaths,,North Africa and Middle East,3,Both,18,65-69 years,302,Diarrheal diseases,183,Clostridium difficile,1,Number,2013,3664.5233165,5258.68409,3664.5233165
1,Deaths,,North Africa and Middle East,3,Both,18,65-69 years,302,Diarrheal diseases,183,Clostridium difficile,1,Number,2014,4050.376101,5831.08819,4050.376101
1,Deaths,,North Africa and Middle East,3,Both,18,65-69 years,302,Diarrheal diseases,183,Clostridium difficile,1,Number,2015,4296.2613765,6172.799285,4296.2613765
1,Deaths,,North Africa and Middle East,3,Both,18,65-69 years,302,Diarrheal diseases,183,Clostridium difficile,1,Number,2016,4536.1064385,6539.910095,4536.1064385
1,Deaths,,North Africa and Middle East,3,Both,18,65-69 years,302,Diarrheal diseases,183,Clostridium difficile,1,Number,2017,4687.398225,6556.17705,4687.398225
1,Deaths,,North Africa and Middle East,3,Both,18,65-69 years,302,Diarrheal diseases,183,Clostridium difficile,1,Number,2018,4984.3622125,6953.59233,4984.3622125
1,Deaths,,North Africa and Middle East,3,Both,18,65-69 years,302,Diarrheal diseases,183,Clostridium difficile,1,Number,2019,5286.251825,7122.631355,5286.251825
1,Deaths,,North Africa and Middle East,3,Both,18,65-69 years,302,Diarrheal diseases,183,Clostridium difficile,1,Number,2020,5033.371285,7429.781135,5033.371285
1,Deaths,,North Africa and Middle East,3,Both,18,65-69 years,302,Diarrheal diseases,183,Clostridium difficile,1,Number,2021,4997.720537,7638.719265,4997.720537
1,Deaths,,North Africa and Middle East,3,Both,19,70-74 years,302,Diarrheal diseases,183,Clostridium difficile,1,Number,1990,1585.9848885,3111.652284,1585.9848885
1,Deaths,,North Africa and Middle East,3,Both,19,70-74 years,302,Diarrheal diseases,183,Clostridium difficile,1,Number,1991,1619.523227,3224.6949215,1619.523227
1,Deaths,,North Africa and Middle East,3,Both,19,70-74 years,302,Diarrheal diseases,183,Clostridium difficile,1,Number,1992,1721.5012455,3238.376731,1721.5012455
1,Deaths,,North Africa and Middle East,3,Both,19,70-74 years,302,Diarrheal diseases,183,Clostridium difficile,1,Number,1993,1690.729196,3434.694063,1690.729196
1,Deaths,,North Africa and Middle East,3,Both,19,70-74 years,302,Diarrheal diseases,183,Clostridium difficile,1,Number,1994,1857.658655,3518.3215095,1857.658655
1,Deaths,,North Africa and Middle East,3,Both,19,70-74 years,302,Diarrheal diseases,183,Clostridium difficile,1,Number,1995,1936.7375905,3573.7930725,1936.7375905
1,Deaths,,North Africa and Middle East,3,Both,19,70-74 years,302,Diarrheal diseases,183,Clostridium difficile,1,Number,1996,1961.804324,3685.147783,1961.804324
1,Deaths,,North Africa and Middle East,3,Both,19,70-74 years,302,Diarrheal diseases,183,Clostridium difficile,1,Number,1997,2016.2843875,3778.822493,2016.2843875
1,Deaths,,North Africa and Middle East,3,Both,19,70-74 years,302,Diarrheal diseases,183,Clostridium difficile,1,Number,1998,2151.601311,3956.197554,2151.601311
1,Deaths,,North Africa and Middle East,3,Both,19,70-74 years,302,Diarrheal diseases,183,Clostridium difficile,1,Number,1999,2259.821292,4021.460335,2259.821292
1,Deaths,,North Africa and Middle East,3,Both,19,70-74 years,302,Diarrheal diseases,183,Clostridium difficile,1,Number,2000,2340.8266655,4077.491151,2340.8266655
1,Deaths,,North Africa and Middle East,3,Both,19,70-74 years,302,Diarrheal diseases,183,Clostridium difficile,1,Number,2001,2567.651508,4229.057564,2567.651508
1,Deaths,,North Africa and Middle East,3,Both,19,70-74 years,302,Diarrheal diseases,183,Clostridium difficile,1,Number,2002,2556.1614495,4476.81248,2556.1614495
1,Deaths,,North Africa and Middle East,3,Both,19,70-74 years,302,Diarrheal diseases,183,Clostridium difficile,1,Number,2003,2708.897332,4561.3345265,2708.897332
1,Deaths,,North Africa and Middle East,3,Both,19,70-74 years,302,Diarrheal diseases,183,Clostridium difficile,1,Number,2004,2779.348324,4591.7494495,2779.348324
1,Deaths,,North Africa and Middle East,3,Both,19,70-74 years,302,Diarrheal diseases,183,Clostridium difficile,1,Number,2005,2876.622877,4622.784345,2876.622877
1,Deaths,,North Africa and Middle East,3,Both,19,70-74 years,302,Diarrheal diseases,183,Clostridium difficile,1,Number,2006,2894.9194645,4776.117957,2894.9194645
1,Deaths,,North Africa and Middle East,3,Both,19,70-74 years,302,Diarrheal diseases,183,Clostridium difficile,1,Number,2007,2977.2370425,4852.023787,2977.2370425
1,Deaths,,North Africa and Middle East,3,Both,19,70-74 years,302,Diarrheal diseases,183,Clostridium difficile,1,Number,2008,3187.798002,4897.283596,3187.798002
1,Deaths,,North Africa and Middle East,3,Both,19,70-74 years,302,Diarrheal diseases,183,Clostridium difficile,1,Number,2009,3245.568726,5027.736815,3245.568726
1,Deaths,,North Africa and Middle East,3,Both,19,70-74 years,302,Diarrheal diseases,183,Clostridium difficile,1,Number,2010,3364.7772995,5164.312655,3364.7772995
1,Deaths,,North Africa and Middle East,3,Both,19,70-74 years,302,Diarrheal diseases,183,Clostridium difficile,1,Number,2011,3295.8181455,5131.295355,3295.8181455
1,Deaths,,North Africa and Middle East,3,Both,19,70-74 years,302,Diarrheal diseases,183,Clostridium difficile,1,Number,2012,3500.84654,5179.24547,3500.84654
1,Deaths,,North Africa and Middle East,3,Both,19,70-74 years,302,Diarrheal diseases,183,Clostridium difficile,1,Number,2013,3740.6076005,5347.820365,3740.6076005
1,Deaths,,North Africa and Middle East,3,Both,19,70-74 years,302,Diarrheal diseases,183,Clostridium difficile,1,Number,2014,3886.654746,5697.7746,3886.654746
1,Deaths,,North Africa and Middle East,3,Both,19,70-74 years,302,Diarrheal diseases,183,Clostridium difficile,1,Number,2015,4112.660737,5940.896795,4112.660737
1,Deaths,,North Africa and Middle East,3,Both,19,70-74 years,302,Diarrheal diseases,183,Clostridium difficile,1,Number,2016,4313.0701095,6076.50516,4313.0701095
1,Deaths,,North Africa and Middle East,3,Both,19,70-74 years,302,Diarrheal diseases,183,Clostridium difficile,1,Number,2017,4161.4472405,6193.733495,4161.4472405
1,Deaths,,North Africa and Middle East,3,Both,19,70-74 years,302,Diarrheal diseases,183,Clostridium difficile,1,Number,2018,4582.88493,6405.579905,4582.88493
1,Deaths,,North Africa and Middle East,3,Both,19,70-74 years,302,Diarrheal diseases,183,Clostridium difficile,1,Number,2019,4739.77045,6788.162455,4739.77045
1,Deaths,,North Africa and Middle East,3,Both,19,70-74 years,302,Diarrheal diseases,183,Clostridium difficile,1,Number,2020,4535.2427705,6831.10889,4535.2427705
1,Deaths,,North Africa and Middle East,3,Both,19,70-74 years,302,Diarrheal diseases,183,Clostridium difficile,1,Number,2021,4720.01862,7031.76915,4720.01862
1,Deaths,,North Africa and Middle East,3,Both,20,75-79 years,302,Diarrheal diseases,183,Clostridium difficile,1,Number,1990,1543.4182355,2981.619307,1543.4182355
1,Deaths,,North Africa and Middle East,3,Both,20,75-79 years,302,Diarrheal diseases,183,Clostridium difficile,1,Number,1991,1562.566217,2970.3631505,1562.566217
1,Deaths,,North Africa and Middle East,3,Both,20,75-79 years,302,Diarrheal diseases,183,Clostridium difficile,1,Number,1992,1568.7922375,2992.6507255,1568.7922375
1,Deaths,,North Africa and Middle East,3,Both,20,75-79 years,302,Diarrheal diseases,183,Clostridium difficile,1,Number,1993,1556.8424555,3105.642596,1556.8424555
1,Deaths,,North Africa and Middle East,3,Both,20,75-79 years,302,Diarrheal diseases,183,Clostridium difficile,1,Number,1994,1654.3029585,3217.061601,1654.3029585
1,Deaths,,North Africa and Middle East,3,Both,20,75-79 years,302,Diarrheal diseases,183,Clostridium difficile,1,Number,1995,1704.120507,3337.278131,1704.120507
1,Deaths,,North Africa and Middle East,3,Both,20,75-79 years,302,Diarrheal diseases,183,Clostridium difficile,1,Number,1996,1784.0219235,3411.6326875,1784.0219235
1,Deaths,,North Africa and Middle East,3,Both,20,75-79 years,302,Diarrheal diseases,183,Clostridium difficile,1,Number,1997,1829.6332065,3505.976895,1829.6332065
1,Deaths,,North Africa and Middle East,3,Both,20,75-79 years,302,Diarrheal diseases,183,Clostridium difficile,1,Number,1998,1968.8337175,3660.927254,1968.8337175
1,Deaths,,North Africa and Middle East,3,Both,20,75-79 years,302,Diarrheal diseases,183,Clostridium difficile,1,Number,1999,2074.3283525,3737.739804,2074.3283525
1,Deaths,,North Africa and Middle East,3,Both,20,75-79 years,302,Diarrheal diseases,183,Clostridium difficile,1,Number,2000,2201.963616,3736.2307285,2201.963616
1,Deaths,,North Africa and Middle East,3,Both,20,75-79 years,302,Diarrheal diseases,183,Clostridium difficile,1,Number,2001,2335.7892195,3965.383788,2335.7892195
1,Deaths,,North Africa and Middle East,3,Both,20,75-79 years,302,Diarrheal diseases,183,Clostridium difficile,1,Number,2002,2494.3183795,4118.0851415,2494.3183795
1,Deaths,,North Africa and Middle East,3,Both,20,75-79 years,302,Diarrheal diseases,183,Clostridium difficile,1,Number,2003,2624.079588,4314.962499,2624.079588
1,Deaths,,North Africa and Middle East,3,Both,20,75-79 years,302,Diarrheal diseases,183,Clostridium difficile,1,Number,2004,2774.5175925,4489.3499475,2774.5175925
1,Deaths,,North Africa and Middle East,3,Both,20,75-79 years,302,Diarrheal diseases,183,Clostridium difficile,1,Number,2005,2970.8125765,4726.710292,2970.8125765
1,Deaths,,North Africa and Middle East,3,Both,20,75-79 years,302,Diarrheal diseases,183,Clostridium difficile,1,Number,2006,3125.365979,4921.9009195,3125.365979
1,Deaths,,North Africa and Middle East,3,Both,20,75-79 years,302,Diarrheal diseases,183,Clostridium difficile,1,Number,2007,3293.495068,5063.472255,3293.495068
1,Deaths,,North Africa and Middle East,3,Both,20,75-79 years,302,Diarrheal diseases,183,Clostridium difficile,1,Number,2008,3410.3384,5389.457965,3410.3384
1,Deaths,,North Africa and Middle East,3,Both,20,75-79 years,302,Diarrheal diseases,183,Clostridium difficile,1,Number,2009,3589.1388975,5507.660665,3589.1388975
1,Deaths,,North Africa and Middle East,3,Both,20,75-79 years,302,Diarrheal diseases,183,Clostridium difficile,1,Number,2010,3736.5040695,5608.315375,3736.5040695
1,Deaths,,North Africa and Middle East,3,Both,20,75-79 years,302,Diarrheal diseases,183,Clostridium difficile,1,Number,2011,3669.668293,5624.47109,3669.668293
1,Deaths,,North Africa and Middle East,3,Both,20,75-79 years,302,Diarrheal diseases,183,Clostridium difficile,1,Number,2012,3842.703949,5781.848575,3842.703949
1,Deaths,,North Africa and Middle East,3,Both,20,75-79 years,302,Diarrheal diseases,183,Clostridium difficile,1,Number,2013,4059.325835,6032.6529,4059.325835
1,Deaths,,North Africa and Middle East,3,Both,20,75-79 years,302,Diarrheal diseases,183,Clostridium difficile,1,Number,2014,4481.579436,6260.586585,4481.579436
1,Deaths,,North Africa and Middle East,3,Both,20,75-79 years,302,Diarrheal diseases,183,Clostridium difficile,1,Number,2015,4626.195395,6580.8338,4626.195395
1,Deaths,,North Africa and Middle East,3,Both,20,75-79 years,302,Diarrheal diseases,183,Clostridium difficile,1,Number,2016,4711.672334,6660.08524,4711.672334
1,Deaths,,North Africa and Middle East,3,Both,20,75-79 years,302,Diarrheal diseases,183,Clostridium difficile,1,Number,2017,4613.2180755,6510.35052,4613.2180755
1,Deaths,,North Africa and Middle East,3,Both,20,75-79 years,302,Diarrheal diseases,183,Clostridium difficile,1,Number,2018,4688.45625,6725.776355,4688.45625
1,Deaths,,North Africa and Middle East,3,Both,20,75-79 years,302,Diarrheal diseases,183,Clostridium difficile,1,Number,2019,4783.9010625,6961.282285,4783.9010625
1,Deaths,,North Africa and Middle East,3,Both,20,75-79 years,302,Diarrheal diseases,183,Clostridium difficile,1,Number,2020,4712.6186475,6776.10557,4712.6186475
1,Deaths,,North Africa and Middle East,3,Both,20,75-79 years,302,Diarrheal diseases,183,Clostridium difficile,1,Number,2021,4648.213636,6907.08264,4648.213636
1,Deaths,,North Africa and Middle East,3,Both,30,80-84 years,302,Diarrheal diseases,183,Clostridium difficile,1,Number,1990,1246.405123,2572.17492,1246.405123
1,Deaths,,North Africa and Middle East,3,Both,30,80-84 years,302,Diarrheal diseases,183,Clostridium difficile,1,Number,1991,1256.43103,2470.703741,1256.43103
1,Deaths,,North Africa and Middle East,3,Both,30,80-84 years,302,Diarrheal diseases,183,Clostridium difficile,1,Number,1992,1272.205239,2447.974719,1272.205239
1,Deaths,,North Africa and Middle East,3,Both,30,80-84 years,302,Diarrheal diseases,183,Clostridium difficile,1,Number,1993,1298.908735,2471.8662535,1298.908735
1,Deaths,,North Africa and Middle East,3,Both,30,80-84 years,302,Diarrheal diseases,183,Clostridium difficile,1,Number,1994,1357.5470095,2577.9767585,1357.5470095
1,Deaths,,North Africa and Middle East,3,Both,30,80-84 years,302,Diarrheal diseases,183,Clostridium difficile,1,Number,1995,1431.686123,2642.611019,1431.686123
1,Deaths,,North Africa and Middle East,3,Both,30,80-84 years,302,Diarrheal diseases,183,Clostridium difficile,1,Number,1996,1463.5292475,2726.2844665,1463.5292475
1,Deaths,,North Africa and Middle East,3,Both,30,80-84 years,302,Diarrheal diseases,183,Clostridium difficile,1,Number,1997,1511.5320755,2797.1340765,1511.5320755
1,Deaths,,North Africa and Middle East,3,Both,30,80-84 years,302,Diarrheal diseases,183,Clostridium difficile,1,Number,1998,1558.5812895,3004.8935405,1558.5812895
1,Deaths,,North Africa and Middle East,3,Both,30,80-84 years,302,Diarrheal diseases,183,Clostridium difficile,1,Number,1999,1614.7757025,3105.5249215,1614.7757025
1,Deaths,,North Africa and Middle East,3,Both,30,80-84 years,302,Diarrheal diseases,183,Clostridium difficile,1,Number,2000,1717.4630535,3093.899802,1717.4630535
1,Deaths,,North Africa and Middle East,3,Both,30,80-84 years,302,Diarrheal diseases,183,Clostridium difficile,1,Number,2001,1828.4662955,3274.575548,1828.4662955
1,Deaths,,North Africa and Middle East,3,Both,30,80-84 years,302,Diarrheal diseases,183,Clostridium difficile,1,Number,2002,1976.316179,3431.131915,1976.316179
1,Deaths,,North Africa and Middle East,3,Both,30,80-84 years,302,Diarrheal diseases,183,Clostridium difficile,1,Number,2003,2045.8306315,3620.987295,2045.8306315
1,Deaths,,North Africa and Middle East,3,Both,30,80-84 years,302,Diarrheal diseases,183,Clostridium difficile,1,Number,2004,2182.483085,3747.6304445,2182.483085
1,Deaths,,North Africa and Middle East,3,Both,30,80-84 years,302,Diarrheal diseases,183,Clostridium difficile,1,Number,2005,2335.969547,3894.538242,2335.969547
1,Deaths,,North Africa and Middle East,3,Both,30,80-84 years,302,Diarrheal diseases,183,Clostridium difficile,1,Number,2006,2452.163593,4090.376724,2452.163593
1,Deaths,,North Africa and Middle East,3,Both,30,80-84 years,302,Diarrheal diseases,183,Clostridium difficile,1,Number,2007,2566.78126,4381.200414,2566.78126
1,Deaths,,North Africa and Middle East,3,Both,30,80-84 years,302,Diarrheal diseases,183,Clostridium difficile,1,Number,2008,2807.5746075,4677.8602015,2807.5746075
1,Deaths,,North Africa and Middle East,3,Both,30,80-84 years,302,Diarrheal diseases,183,Clostridium difficile,1,Number,2009,3037.872978,4917.4961685,3037.872978
1,Deaths,,North Africa and Middle East,3,Both,30,80-84 years,302,Diarrheal diseases,183,Clostridium difficile,1,Number,2010,3217.6662265,5199.39344,3217.6662265
1,Deaths,,North Africa and Middle East,3,Both,30,80-84 years,302,Diarrheal diseases,183,Clostridium difficile,1,Number,2011,3341.934256,5201.317055,3341.934256
1,Deaths,,North Africa and Middle East,3,Both,30,80-84 years,302,Diarrheal diseases,183,Clostridium difficile,1,Number,2012,3454.918075,5486.04961,3454.918075
1,Deaths,,North Africa and Middle East,3,Both,30,80-84 years,302,Diarrheal diseases,183,Clostridium difficile,1,Number,2013,3674.2214,5915.189725,3674.2214
1,Deaths,,North Africa and Middle East,3,Both,30,80-84 years,302,Diarrheal diseases,183,Clostridium difficile,1,Number,2014,4064.213985,6212.60884,4064.213985
1,Deaths,,North Africa and Middle East,3,Both,30,80-84 years,302,Diarrheal diseases,183,Clostridium difficile,1,Number,2015,4269.5386635,6505.539355,4269.5386635
1,Deaths,,North Africa and Middle East,3,Both,30,80-84 years,302,Diarrheal diseases,183,Clostridium difficile,1,Number,2016,4324.643252,6727.35391,4324.643252
1,Deaths,,North Africa and Middle East,3,Both,30,80-84 years,302,Diarrheal diseases,183,Clostridium difficile,1,Number,2017,4335.7892885,6513.73068,4335.7892885
1,Deaths,,North Africa and Middle East,3,Both,30,80-84 years,302,Diarrheal diseases,183,Clostridium difficile,1,Number,2018,4511.8529185,6559.3247,4511.8529185
1,Deaths,,North Africa and Middle East,3,Both,30,80-84 years,302,Diarrheal diseases,183,Clostridium difficile,1,Number,2019,4560.468414,6762.97943,4560.468414
1,Deaths,,North Africa and Middle East,3,Both,30,80-84 years,302,Diarrheal diseases,183,Clostridium difficile,1,Number,2020,4436.18615,6540.116625,4436.18615
1,Deaths,,North Africa and Middle East,3,Both,30,80-84 years,302,Diarrheal diseases,183,Clostridium difficile,1,Number,2021,4310.8770465,6497.758265,4310.8770465
1,Deaths,,North Africa and Middle East,3,Both,31,85-89 years,302,Diarrheal diseases,183,Clostridium difficile,1,Number,1990,904.303071,1822.6406305,904.303071
1,Deaths,,North Africa and Middle East,3,Both,31,85-89 years,302,Diarrheal diseases,183,Clostridium difficile,1,Number,1991,829.4829,1786.8780405,829.4829
1,Deaths,,North Africa and Middle East,3,Both,31,85-89 years,302,Diarrheal diseases,183,Clostridium difficile,1,Number,1992,847.4057945,1646.6301665,847.4057945
1,Deaths,,North Africa and Middle East,3,Both,31,85-89 years,302,Diarrheal diseases,183,Clostridium difficile,1,Number,1993,796.838806,1658.348612,796.838806
1,Deaths,,North Africa and Middle East,3,Both,31,85-89 years,302,Diarrheal diseases,183,Clostridium difficile,1,Number,1994,828.9984555,1662.6034815,828.9984555
1,Deaths,,North Africa and Middle East,3,Both,31,85-89 years,302,Diarrheal diseases,183,Clostridium difficile,1,Number,1995,814.172852,1704.907735,814.172852
1,Deaths,,North Africa and Middle East,3,Both,31,85-89 years,302,Diarrheal diseases,183,Clostridium difficile,1,Number,1996,853.4489275,1701.159769,853.4489275
1,Deaths,,North Africa and Middle East,3,Both,31,85-89 years,302,Diarrheal diseases,183,Clostridium difficile,1,Number,1997,850.8824405,1734.0802615,850.8824405
1,Deaths,,North Africa and Middle East,3,Both,31,85-89 years,302,Diarrheal diseases,183,Clostridium difficile,1,Number,1998,887.4629505,1816.2384705,887.4629505
1,Deaths,,North Africa and Middle East,3,Both,31,85-89 years,302,Diarrheal diseases,183,Clostridium difficile,1,Number,1999,938.081762,1858.712003,938.081762
1,Deaths,,North Africa and Middle East,3,Both,31,85-89 years,302,Diarrheal diseases,183,Clostridium difficile,1,Number,2000,1038.154217,1917.0361745,1038.154217
1,Deaths,,North Africa and Middle East,3,Both,31,85-89 years,302,Diarrheal diseases,183,Clostridium difficile,1,Number,2001,1097.949842,2107.1095025,1097.949842
1,Deaths,,North Africa and Middle East,3,Both,31,85-89 years,302,Diarrheal diseases,183,Clostridium difficile,1,Number,2002,1145.5645305,2251.1177575,1145.5645305
1,Deaths,,North Africa and Middle East,3,Both,31,85-89 years,302,Diarrheal diseases,183,Clostridium difficile,1,Number,2003,1294.562097,2324.694544,1294.562097
1,Deaths,,North Africa and Middle East,3,Both,31,85-89 years,302,Diarrheal diseases,183,Clostridium difficile,1,Number,2004,1328.5812075,2472.838987,1328.5812075
1,Deaths,,North Africa and Middle East,3,Both,31,85-89 years,302,Diarrheal diseases,183,Clostridium difficile,1,Number,2005,1394.636237,2639.906049,1394.636237
1,Deaths,,North Africa and Middle East,3,Both,31,85-89 years,302,Diarrheal diseases,183,Clostridium difficile,1,Number,2006,1550.692817,2761.911605,1550.692817
1,Deaths,,North Africa and Middle East,3,Both,31,85-89 years,302,Diarrheal diseases,183,Clostridium difficile,1,Number,2007,1652.956664,2943.8713315,1652.956664
1,Deaths,,North Africa and Middle East,3,Both,31,85-89 years,302,Diarrheal diseases,183,Clostridium difficile,1,Number,2008,1822.1333675,3098.2795235,1822.1333675
1,Deaths,,North Africa and Middle East,3,Both,31,85-89 years,302,Diarrheal diseases,183,Clostridium difficile,1,Number,2009,1887.010042,3310.105984,1887.010042
1,Deaths,,North Africa and Middle East,3,Both,31,85-89 years,302,Diarrheal diseases,183,Clostridium difficile,1,Number,2010,2038.6358505,3430.186331,2038.6358505
1,Deaths,,North Africa and Middle East,3,Both,31,85-89 years,302,Diarrheal diseases,183,Clostridium difficile,1,Number,2011,2085.270156,3492.09612,2085.270156
1,Deaths,,North Africa and Middle East,3,Both,31,85-89 years,302,Diarrheal diseases,183,Clostridium difficile,1,Number,2012,2187.453725,3729.3652475,2187.453725
1,Deaths,,North Africa and Middle East,3,Both,31,85-89 years,302,Diarrheal diseases,183,Clostridium difficile,1,Number,2013,2482.7560275,3926.348643,2482.7560275
1,Deaths,,North Africa and Middle East,3,Both,31,85-89 years,302,Diarrheal diseases,183,Clostridium difficile,1,Number,2014,2684.6578935,4366.749232,2684.6578935
1,Deaths,,North Africa and Middle East,3,Both,31,85-89 years,302,Diarrheal diseases,183,Clostridium difficile,1,Number,2015,2997.5819855,4773.456462,2997.5819855
1,Deaths,,North Africa and Middle East,3,Both,31,85-89 years,302,Diarrheal diseases,183,Clostridium difficile,1,Number,2016,3214.5380475,4978.9372355,3214.5380475
1,Deaths,,North Africa and Middle East,3,Both,31,85-89 years,302,Diarrheal diseases,183,Clostridium difficile,1,Number,2017,3268.9577655,4972.7668545,3268.9577655
1,Deaths,,North Africa and Middle East,3,Both,31,85-89 years,302,Diarrheal diseases,183,Clostridium difficile,1,Number,2018,3356.1246615,5190.100875,3356.1246615
1,Deaths,,North Africa and Middle East,3,Both,31,85-89 years,302,Diarrheal diseases,183,Clostridium difficile,1,Number,2019,3555.8051405,5400.45497,3555.8051405
1,Deaths,,North Africa and Middle East,3,Both,31,85-89 years,302,Diarrheal diseases,183,Clostridium difficile,1,Number,2020,3537.249956,5165.361035,3537.249956
1,Deaths,,North Africa and Middle East,3,Both,31,85-89 years,302,Diarrheal diseases,183,Clostridium difficile,1,Number,2021,3227.8964515,5056.40921,3227.8964515
1,Deaths,,North Africa and Middle East,3,Both,32,90-94 years,302,Diarrheal diseases,183,Clostridium difficile,1,Number,1990,320.2187942,659.788663,320.2187942
1,Deaths,,North Africa and Middle East,3,Both,32,90-94 years,302,Diarrheal diseases,183,Clostridium difficile,1,Number,1991,300.43888435,663.702019,300.43888435
1,Deaths,,North Africa and Middle East,3,Both,32,90-94 years,302,Diarrheal diseases,183,Clostridium difficile,1,Number,1992,308.74635695,638.095179,308.74635695
1,Deaths,,North Africa and Middle East,3,Both,32,90-94 years,302,Diarrheal diseases,183,Clostridium difficile,1,Number,1993,313.3058921,665.0349545,313.3058921
1,Deaths,,North Africa and Middle East,3,Both,32,90-94 years,302,Diarrheal diseases,183,Clostridium difficile,1,Number,1994,342.0483761,682.555503,342.0483761
1,Deaths,,North Africa and Middle East,3,Both,32,90-94 years,302,Diarrheal diseases,183,Clostridium difficile,1,Number,1995,345.65750495,716.4103935,345.65750495
1,Deaths,,North Africa and Middle East,3,Both,32,90-94 years,302,Diarrheal diseases,183,Clostridium difficile,1,Number,1996,350.18366455,725.1997145,350.18366455
1,Deaths,,North Africa and Middle East,3,Both,32,90-94 years,302,Diarrheal diseases,183,Clostridium difficile,1,Number,1997,363.90631525,713.8969065,363.90631525
1,Deaths,,North Africa and Middle East,3,Both,32,90-94 years,302,Diarrheal diseases,183,Clostridium difficile,1,Number,1998,364.8737344,744.7900125,364.8737344
1,Deaths,,North Africa and Middle East,3,Both,32,90-94 years,302,Diarrheal diseases,183,Clostridium difficile,1,Number,1999,382.8201748,730.654692,382.8201748
1,Deaths,,North Africa and Middle East,3,Both,32,90-94 years,302,Diarrheal diseases,183,Clostridium difficile,1,Number,2000,378.6169699,746.54484,378.6169699
1,Deaths,,North Africa and Middle East,3,Both,32,90-94 years,302,Diarrheal diseases,183,Clostridium difficile,1,Number,2001,405.7702614,783.5675265,405.7702614
1,Deaths,,North Africa and Middle East,3,Both,32,90-94 years,302,Diarrheal diseases,183,Clostridium difficile,1,Number,2002,429.5115345,826.56613,429.5115345
1,Deaths,,North Africa and Middle East,3,Both,32,90-94 years,302,Diarrheal diseases,183,Clostridium difficile,1,Number,2003,458.55673,876.7391255,458.55673
1,Deaths,,North Africa and Middle East,3,Both,32,90-94 years,302,Diarrheal diseases,183,Clostridium difficile,1,Number,2004,500.476449,896.717004,500.476449
1,Deaths,,North Africa and Middle East,3,Both,32,90-94 years,302,Diarrheal diseases,183,Clostridium difficile,1,Number,2005,512.6882575,972.616598,512.6882575
1,Deaths,,North Africa and Middle East,3,Both,32,90-94 years,302,Diarrheal diseases,183,Clostridium difficile,1,Number,2006,572.40676,1009.907615,572.40676
1,Deaths,,North Africa and Middle East,3,Both,32,90-94 years,302,Diarrheal diseases,183,Clostridium difficile,1,Number,2007,622.870729,1067.1238665,622.870729
1,Deaths,,North Africa and Middle East,3,Both,32,90-94 years,302,Diarrheal diseases,183,Clostridium difficile,1,Number,2008,650.6345045,1164.904572,650.6345045
1,Deaths,,North Africa and Middle East,3,Both,32,90-94 years,302,Diarrheal diseases,183,Clostridium difficile,1,Number,2009,711.031741,1209.9254325,711.031741
1,Deaths,,North Africa and Middle East,3,Both,32,90-94 years,302,Diarrheal diseases,183,Clostridium difficile,1,Number,2010,725.4886015,1274.2803205,725.4886015
1,Deaths,,North Africa and Middle East,3,Both,32,90-94 years,302,Diarrheal diseases,183,Clostridium difficile,1,Number,2011,754.9717065,1295.456848,754.9717065
1,Deaths,,North Africa and Middle East,3,Both,32,90-94 years,302,Diarrheal diseases,183,Clostridium difficile,1,Number,2012,795.107299,1395.9442925,795.107299
1,Deaths,,North Africa and Middle East,3,Both,32,90-94 years,302,Diarrheal diseases,183,Clostridium difficile,1,Number,2013,916.3550155,1448.0282385,916.3550155
1,Deaths,,North Africa and Middle East,3,Both,32,90-94 years,302,Diarrheal diseases,183,Clostridium difficile,1,Number,2014,968.92065,1607.240132,968.92065
1,Deaths,,North Africa and Middle East,3,Both,32,90-94 years,302,Diarrheal diseases,183,Clostridium difficile,1,Number,2015,1087.6443365,1736.7604925,1087.6443365
1,Deaths,,North Africa and Middle East,3,Both,32,90-94 years,302,Diarrheal diseases,183,Clostridium difficile,1,Number,2016,1122.230943,1849.8201555,1122.230943
1,Deaths,,North Africa and Middle East,3,Both,32,90-94 years,302,Diarrheal diseases,183,Clostridium difficile,1,Number,2017,1190.0098635,1848.9442065,1190.0098635
1,Deaths,,North Africa and Middle East,3,Both,32,90-94 years,302,Diarrheal diseases,183,Clostridium difficile,1,Number,2018,1237.6685095,1969.248775,1237.6685095
1,Deaths,,North Africa and Middle East,3,Both,32,90-94 years,302,Diarrheal diseases,183,Clostridium difficile,1,Number,2019,1334.437118,2064.0616405,1334.437118
1,Deaths,,North Africa and Middle East,3,Both,32,90-94 years,302,Diarrheal diseases,183,Clostridium difficile,1,Number,2020,1287.0132585,2032.915392,1287.0132585
1,Deaths,,North Africa and Middle East,3,Both,32,90-94 years,302,Diarrheal diseases,183,Clostridium difficile,1,Number,2021,1210.754793,1979.509514,1210.754793
1,Deaths,,North Africa and Middle East,3,Both,235,95+ years,302,Diarrheal diseases,183,Clostridium difficile,1,Number,1990,71.8630926,176.41261785,71.8630926
1,Deaths,,North Africa and Middle East,3,Both,235,95+ years,302,Diarrheal diseases,183,Clostridium difficile,1,Number,1991,75.33977495,170.97981195,75.33977495
1,Deaths,,North Africa and Middle East,3,Both,235,95+ years,302,Diarrheal diseases,183,Clostridium difficile,1,Number,1992,78.26771555,170.75596825,78.26771555
1,Deaths,,North Africa and Middle East,3,Both,235,95+ years,302,Diarrheal diseases,183,Clostridium difficile,1,Number,1993,75.53439675,184.2324479,75.53439675
1,Deaths,,North Africa and Middle East,3,Both,235,95+ years,302,Diarrheal diseases,183,Clostridium difficile,1,Number,1994,81.88144415,188.5318161,81.88144415
1,Deaths,,North Africa and Middle East,3,Both,235,95+ years,302,Diarrheal diseases,183,Clostridium difficile,1,Number,1995,79.3886481,206.2161499,79.3886481
1,Deaths,,North Africa and Middle East,3,Both,235,95+ years,302,Diarrheal diseases,183,Clostridium difficile,1,Number,1996,91.23212185,206.59437625,91.23212185
1,Deaths,,North Africa and Middle East,3,Both,235,95+ years,302,Diarrheal diseases,183,Clostridium difficile,1,Number,1997,92.63579915,216.38948655,92.63579915
1,Deaths,,North Africa and Middle East,3,Both,235,95+ years,302,Diarrheal diseases,183,Clostridium difficile,1,Number,1998,101.6502621,222.6620143,101.6502621
1,Deaths,,North Africa and Middle East,3,Both,235,95+ years,302,Diarrheal diseases,183,Clostridium difficile,1,Number,1999,99.1122972,226.17889605,99.1122972
1,Deaths,,North Africa and Middle East,3,Both,235,95+ years,302,Diarrheal diseases,183,Clostridium difficile,1,Number,2000,96.68864415,221.17842265,96.68864415
1,Deaths,,North Africa and Middle East,3,Both,235,95+ years,302,Diarrheal diseases,183,Clostridium difficile,1,Number,2001,102.44824145,228.6555041,102.44824145
1,Deaths,,North Africa and Middle East,3,Both,235,95+ years,302,Diarrheal diseases,183,Clostridium difficile,1,Number,2002,109.6306455,246.2788677,109.6306455
1,Deaths,,North Africa and Middle East,3,Both,235,95+ years,302,Diarrheal diseases,183,Clostridium difficile,1,Number,2003,124.65084425,266.1885689,124.65084425
1,Deaths,,North Africa and Middle East,3,Both,235,95+ years,302,Diarrheal diseases,183,Clostridium difficile,1,Number,2004,127.1656303,286.45629805,127.1656303
1,Deaths,,North Africa and Middle East,3,Both,235,95+ years,302,Diarrheal diseases,183,Clostridium difficile,1,Number,2005,140.78487875,300.2501803,140.78487875
1,Deaths,,North Africa and Middle East,3,Both,235,95+ years,302,Diarrheal diseases,183,Clostridium difficile,1,Number,2006,148.0299908,330.95785315,148.0299908
1,Deaths,,North Africa and Middle East,3,Both,235,95+ years,302,Diarrheal diseases,183,Clostridium difficile,1,Number,2007,173.0152157,350.60926825,173.0152157
1,Deaths,,North Africa and Middle East,3,Both,235,95+ years,302,Diarrheal diseases,183,Clostridium difficile,1,Number,2008,195.3404104,378.7740514,195.3404104
1,Deaths,,North Africa and Middle East,3,Both,235,95+ years,302,Diarrheal diseases,183,Clostridium difficile,1,Number,2009,210.57333255,417.3160041,210.57333255
1,Deaths,,North Africa and Middle East,3,Both,235,95+ years,302,Diarrheal diseases,183,Clostridium difficile,1,Number,2010,212.1323031,430.343426,212.1323031
1,Deaths,,North Africa and Middle East,3,Both,235,95+ years,302,Diarrheal diseases,183,Clostridium difficile,1,Number,2011,216.6812896,440.4177425,216.6812896
1,Deaths,,North Africa and Middle East,3,Both,235,95+ years,302,Diarrheal diseases,183,Clostridium difficile,1,Number,2012,233.27245545,474.20187965,233.27245545
1,Deaths,,North Africa and Middle East,3,Both,235,95+ years,302,Diarrheal diseases,183,Clostridium difficile,1,Number,2013,269.10530385,517.0642005,269.10530385
1,Deaths,,North Africa and Middle East,3,Both,235,95+ years,302,Diarrheal diseases,183,Clostridium difficile,1,Number,2014,307.9288784,568.238393,307.9288784
1,Deaths,,North Africa and Middle East,3,Both,235,95+ years,302,Diarrheal diseases,183,Clostridium difficile,1,Number,2015,342.0351379,604.161034,342.0351379
1,Deaths,,North Africa and Middle East,3,Both,235,95+ years,302,Diarrheal diseases,183,Clostridium difficile,1,Number,2016,342.0422612,634.455182,342.0422612
1,Deaths,,North Africa and Middle East,3,Both,235,95+ years,302,Diarrheal diseases,183,Clostridium difficile,1,Number,2017,371.8356663,647.6154615,371.8356663
1,Deaths,,North Africa and Middle East,3,Both,235,95+ years,302,Diarrheal diseases,183,Clostridium difficile,1,Number,2018,402.2616183,712.103477,402.2616183
1,Deaths,,North Africa and Middle East,3,Both,235,95+ years,302,Diarrheal diseases,183,Clostridium difficile,1,Number,2019,401.83010235,713.2173225,401.83010235
1,Deaths,,North Africa and Middle East,3,Both,235,95+ years,302,Diarrheal diseases,183,Clostridium difficile,1,Number,2020,352.4060743,657.3318025,352.4060743
1,Deaths,,North Africa and Middle East,3,Both,235,95+ years,302,Diarrheal diseases,183,Clostridium difficile,1,Number,2021,338.49320705,628.8861725,338.49320705
1,Deaths,,North Africa and Middle East,3,Both,1,<5 years,302,Diarrheal diseases,183,Clostridium difficile,1,Number,1990,11204.01669,23672.36713,11204.01669
1,Deaths,,North Africa and Middle East,3,Both,1,<5 years,302,Diarrheal diseases,183,Clostridium difficile,1,Number,1991,10810.407885,22872.7724,10810.407885
1,Deaths,,North Africa and Middle East,3,Both,1,<5 years,302,Diarrheal diseases,183,Clostridium difficile,1,Number,1992,10281.939165,21138.244095,10281.939165
1,Deaths,,North Africa and Middle East,3,Both,1,<5 years,302,Diarrheal diseases,183,Clostridium difficile,1,Number,1993,9806.520075,20900.962325,9806.520075
1,Deaths,,North Africa and Middle East,3,Both,1,<5 years,302,Diarrheal diseases,183,Clostridium difficile,1,Number,1994,9686.49085,20675.040765,9686.49085
1,Deaths,,North Africa and Middle East,3,Both,1,<5 years,302,Diarrheal diseases,183,Clostridium difficile,1,Number,1995,9902.90192,19843.325745,9902.90192
1,Deaths,,North Africa and Middle East,3,Both,1,<5 years,302,Diarrheal diseases,183,Clostridium difficile,1,Number,1996,9406.69066,19469.133185,9406.69066
1,Deaths,,North Africa and Middle East,3,Both,1,<5 years,302,Diarrheal diseases,183,Clostridium difficile,1,Number,1997,9123.504085,18969.908385,9123.504085
1,Deaths,,North Africa and Middle East,3,Both,1,<5 years,302,Diarrheal diseases,183,Clostridium difficile,1,Number,1998,9577.65666,18709.66702,9577.65666
1,Deaths,,North Africa and Middle East,3,Both,1,<5 years,302,Diarrheal diseases,183,Clostridium difficile,1,Number,1999,9575.258085,18545.956135,9575.258085
1,Deaths,,North Africa and Middle East,3,Both,1,<5 years,302,Diarrheal diseases,183,Clostridium difficile,1,Number,2000,9158.2913,19075.852015,9158.2913
1,Deaths,,North Africa and Middle East,3,Both,1,<5 years,302,Diarrheal diseases,183,Clostridium difficile,1,Number,2001,9332.68433,18893.483065,9332.68433
1,Deaths,,North Africa and Middle East,3,Both,1,<5 years,302,Diarrheal diseases,183,Clostridium difficile,1,Number,2002,9576.588485,18613.93256,9576.588485
1,Deaths,,North Africa and Middle East,3,Both,1,<5 years,302,Diarrheal diseases,183,Clostridium difficile,1,Number,2003,9471.66071,18372.074955,9471.66071
1,Deaths,,North Africa and Middle East,3,Both,1,<5 years,302,Diarrheal diseases,183,Clostridium difficile,1,Number,2004,9639.826425,18446.29696,9639.826425
1,Deaths,,North Africa and Middle East,3,Both,1,<5 years,302,Diarrheal diseases,183,Clostridium difficile,1,Number,2005,10199.982145,18235.419145,10199.982145
1,Deaths,,North Africa and Middle East,3,Both,1,<5 years,302,Diarrheal diseases,183,Clostridium difficile,1,Number,2006,10140.98414,17969.10265,10140.98414
1,Deaths,,North Africa and Middle East,3,Both,1,<5 years,302,Diarrheal diseases,183,Clostridium difficile,1,Number,2007,10156.81989,17787.29113,10156.81989
1,Deaths,,North Africa and Middle East,3,Both,1,<5 years,302,Diarrheal diseases,183,Clostridium difficile,1,Number,2008,9908.54581,18224.03714,9908.54581
1,Deaths,,North Africa and Middle East,3,Both,1,<5 years,302,Diarrheal diseases,183,Clostridium difficile,1,Number,2009,9795.493325,18126.31882,9795.493325
1,Deaths,,North Africa and Middle East,3,Both,1,<5 years,302,Diarrheal diseases,183,Clostridium difficile,1,Number,2010,9920.73279,18073.952655,9920.73279
1,Deaths,,North Africa and Middle East,3,Both,1,<5 years,302,Diarrheal diseases,183,Clostridium difficile,1,Number,2011,9650.57154,17117.822775,9650.57154
1,Deaths,,North Africa and Middle East,3,Both,1,<5 years,302,Diarrheal diseases,183,Clostridium difficile,1,Number,2012,9730.66175,16388.51947,9730.66175
1,Deaths,,North Africa and Middle East,3,Both,1,<5 years,302,Diarrheal diseases,183,Clostridium difficile,1,Number,2013,9633.72955,16742.565235,9633.72955
1,Deaths,,North Africa and Middle East,3,Both,1,<5 years,302,Diarrheal diseases,183,Clostridium difficile,1,Number,2014,9821.76558,16437.390265,9821.76558
1,Deaths,,North Africa and Middle East,3,Both,1,<5 years,302,Diarrheal diseases,183,Clostridium difficile,1,Number,2015,9914.367775,16362.463165,9914.367775
1,Deaths,,North Africa and Middle East,3,Both,1,<5 years,302,Diarrheal diseases,183,Clostridium difficile,1,Number,2016,9395.17739,15950.001955,9395.17739
1,Deaths,,North Africa and Middle East,3,Both,1,<5 years,302,Diarrheal diseases,183,Clostridium difficile,1,Number,2017,8849.334305,14906.32299,8849.334305
1,Deaths,,North Africa and Middle East,3,Both,1,<5 years,302,Diarrheal diseases,183,Clostridium difficile,1,Number,2018,8428.064255,14473.763745,8428.064255
1,Deaths,,North Africa and Middle East,3,Both,1,<5 years,302,Diarrheal diseases,183,Clostridium difficile,1,Number,2019,7964.59673,14073.424705,7964.59673
1,Deaths,,North Africa and Middle East,3,Both,1,<5 years,302,Diarrheal diseases,183,Clostridium difficile,1,Number,2020,6963.740165,11660.990285,6963.740165
1,Deaths,,North Africa and Middle East,3,Both,1,<5 years,302,Diarrheal diseases,183,Clostridium difficile,1,Number,2021,6135.579215,10646.72205,6135.579215
1,Deaths,,South Asia,3,Both,7,10-14 years,302,Diarrheal diseases,183,Clostridium difficile,1,Number,1990,1096.488586,2407.308306,1096.488586
1,Deaths,,South Asia,3,Both,7,10-14 years,302,Diarrheal diseases,183,Clostridium difficile,1,Number,1991,1116.61673,2475.7306975,1116.61673
1,Deaths,,South Asia,3,Both,7,10-14 years,302,Diarrheal diseases,183,Clostridium difficile,1,Number,1992,1071.042137,2539.6028045,1071.042137
1,Deaths,,South Asia,3,Both,7,10-14 years,302,Diarrheal diseases,183,Clostridium difficile,1,Number,1993,1089.377319,2552.389376,1089.377319
1,Deaths,,South Asia,3,Both,7,10-14 years,302,Diarrheal diseases,183,Clostridium difficile,1,Number,1994,1149.092814,2540.923708,1149.092814
1,Deaths,,South Asia,3,Both,7,10-14 years,302,Diarrheal diseases,183,Clostridium difficile,1,Number,1995,1259.413687,2678.4223935,1259.413687
1,Deaths,,South Asia,3,Both,7,10-14 years,302,Diarrheal diseases,183,Clostridium difficile,1,Number,1996,1219.3997145,2715.393417,1219.3997145
1,Deaths,,South Asia,3,Both,7,10-14 years,302,Diarrheal diseases,183,Clostridium difficile,1,Number,1997,1193.9402695,2602.1317785,1193.9402695
1,Deaths,,South Asia,3,Both,7,10-14 years,302,Diarrheal diseases,183,Clostridium difficile,1,Number,1998,1239.078064,2598.4227425,1239.078064
1,Deaths,,South Asia,3,Both,7,10-14 years,302,Diarrheal diseases,183,Clostridium difficile,1,Number,1999,1364.1207635,2701.1566445,1364.1207635
1,Deaths,,South Asia,3,Both,7,10-14 years,302,Diarrheal diseases,183,Clostridium difficile,1,Number,2000,1458.045753,2784.984619,1458.045753
1,Deaths,,South Asia,3,Both,7,10-14 years,302,Diarrheal diseases,183,Clostridium difficile,1,Number,2001,1482.976539,2691.8367835,1482.976539
1,Deaths,,South Asia,3,Both,7,10-14 years,302,Diarrheal diseases,183,Clostridium difficile,1,Number,2002,1380.6281215,2344.3113035,1380.6281215
1,Deaths,,South Asia,3,Both,7,10-14 years,302,Diarrheal diseases,183,Clostridium difficile,1,Number,2003,1268.8357495,2096.600672,1268.8357495
1,Deaths,,South Asia,3,Both,7,10-14 years,302,Diarrheal diseases,183,Clostridium difficile,1,Number,2004,1336.728392,2166.711865,1336.728392
1,Deaths,,South Asia,3,Both,7,10-14 years,302,Diarrheal diseases,183,Clostridium difficile,1,Number,2005,1659.1128725,2526.86946,1659.1128725
1,Deaths,,South Asia,3,Both,7,10-14 years,302,Diarrheal diseases,183,Clostridium difficile,1,Number,2006,1766.0454185,2692.3837535,1766.0454185
1,Deaths,,South Asia,3,Both,7,10-14 years,302,Diarrheal diseases,183,Clostridium difficile,1,Number,2007,1768.991937,2726.9629715,1768.991937
1,Deaths,,South Asia,3,Both,7,10-14 years,302,Diarrheal diseases,183,Clostridium difficile,1,Number,2008,1744.128605,2691.917215,1744.128605
1,Deaths,,South Asia,3,Both,7,10-14 years,302,Diarrheal diseases,183,Clostridium difficile,1,Number,2009,1831.3838415,2868.7383275,1831.3838415
1,Deaths,,South Asia,3,Both,7,10-14 years,302,Diarrheal diseases,183,Clostridium difficile,1,Number,2010,1992.855694,3185.653943,1992.855694
1,Deaths,,South Asia,3,Both,7,10-14 years,302,Diarrheal diseases,183,Clostridium difficile,1,Number,2011,2128.9444065,3342.36446,2128.9444065
1,Deaths,,South Asia,3,Both,7,10-14 years,302,Diarrheal diseases,183,Clostridium difficile,1,Number,2012,2196.756699,3463.408373,2196.756699
1,Deaths,,South Asia,3,Both,7,10-14 years,302,Diarrheal diseases,183,Clostridium difficile,1,Number,2013,2143.7310945,3371.5722175,2143.7310945
1,Deaths,,South Asia,3,Both,7,10-14 years,302,Diarrheal diseases,183,Clostridium difficile,1,Number,2014,2276.9431915,3475.617518,2276.9431915
1,Deaths,,South Asia,3,Both,7,10-14 years,302,Diarrheal diseases,183,Clostridium difficile,1,Number,2015,2296.125901,3455.597351,2296.125901
1,Deaths,,South Asia,3,Both,7,10-14 years,302,Diarrheal diseases,183,Clostridium difficile,1,Number,2016,2179.7545855,3179.099876,2179.7545855
1,Deaths,,South Asia,3,Both,7,10-14 years,302,Diarrheal diseases,183,Clostridium difficile,1,Number,2017,2198.576062,3366.519343,2198.576062
1,Deaths,,South Asia,3,Both,7,10-14 years,302,Diarrheal diseases,183,Clostridium difficile,1,Number,2018,2026.6234435,3131.5350605,2026.6234435
1,Deaths,,South Asia,3,Both,7,10-14 years,302,Diarrheal diseases,183,Clostridium difficile,1,Number,2019,1948.1382845,2899.0322675,1948.1382845
1,Deaths,,South Asia,3,Both,7,10-14 years,302,Diarrheal diseases,183,Clostridium difficile,1,Number,2020,1770.9506045,2728.311839,1770.9506045
1,Deaths,,South Asia,3,Both,7,10-14 years,302,Diarrheal diseases,183,Clostridium difficile,1,Number,2021,1646.475357,2445.8689215,1646.475357
1,Deaths,,South Asia,3,Both,8,15-19 years,302,Diarrheal diseases,183,Clostridium difficile,1,Number,1990,1673.084155,3563.9808825,1673.084155
1,Deaths,,South Asia,3,Both,8,15-19 years,302,Diarrheal diseases,183,Clostridium difficile,1,Number,1991,1747.3833175,3481.214517,1747.3833175
1,Deaths,,South Asia,3,Both,8,15-19 years,302,Diarrheal diseases,183,Clostridium difficile,1,Number,1992,1743.253642,3516.938113,1743.253642
1,Deaths,,South Asia,3,Both,8,15-19 years,302,Diarrheal diseases,183,Clostridium difficile,1,Number,1993,1705.411454,3436.118692,1705.411454
1,Deaths,,South Asia,3,Both,8,15-19 years,302,Diarrheal diseases,183,Clostridium difficile,1,Number,1994,1782.032115,3446.757823,1782.032115
1,Deaths,,South Asia,3,Both,8,15-19 years,302,Diarrheal diseases,183,Clostridium difficile,1,Number,1995,1828.1525845,3460.1000385,1828.1525845
1,Deaths,,South Asia,3,Both,8,15-19 years,302,Diarrheal diseases,183,Clostridium difficile,1,Number,1996,1888.897025,3578.247169,1888.897025
1,Deaths,,South Asia,3,Both,8,15-19 years,302,Diarrheal diseases,183,Clostridium difficile,1,Number,1997,1970.86134,3645.7603815,1970.86134
1,Deaths,,South Asia,3,Both,8,15-19 years,302,Diarrheal diseases,183,Clostridium difficile,1,Number,1998,2255.8131065,3937.589727,2255.8131065
1,Deaths,,South Asia,3,Both,8,15-19 years,302,Diarrheal diseases,183,Clostridium difficile,1,Number,1999,2333.0187245,4147.1036755,2333.0187245
1,Deaths,,South Asia,3,Both,8,15-19 years,302,Diarrheal diseases,183,Clostridium difficile,1,Number,2000,2458.7215845,4147.5319605,2458.7215845
1,Deaths,,South Asia,3,Both,8,15-19 years,302,Diarrheal diseases,183,Clostridium difficile,1,Number,2001,2395.4622015,3945.0565745,2395.4622015
1,Deaths,,South Asia,3,Both,8,15-19 years,302,Diarrheal diseases,183,Clostridium difficile,1,Number,2002,2327.420534,3721.6351325,2327.420534
1,Deaths,,South Asia,3,Both,8,15-19 years,302,Diarrheal diseases,183,Clostridium difficile,1,Number,2003,2340.8896515,3563.89504,2340.8896515
1,Deaths,,South Asia,3,Both,8,15-19 years,302,Diarrheal diseases,183,Clostridium difficile,1,Number,2004,2442.556649,3784.1529375,2442.556649
1,Deaths,,South Asia,3,Both,8,15-19 years,302,Diarrheal diseases,183,Clostridium difficile,1,Number,2005,2847.6453005,4169.3078525,2847.6453005
1,Deaths,,South Asia,3,Both,8,15-19 years,302,Diarrheal diseases,183,Clostridium difficile,1,Number,2006,2935.2339925,4302.0501445,2935.2339925
1,Deaths,,South Asia,3,Both,8,15-19 years,302,Diarrheal diseases,183,Clostridium difficile,1,Number,2007,2890.3448285,4196.4720495,2890.3448285
1,Deaths,,South Asia,3,Both,8,15-19 years,302,Diarrheal diseases,183,Clostridium difficile,1,Number,2008,2959.7682695,4251.147132,2959.7682695
1,Deaths,,South Asia,3,Both,8,15-19 years,302,Diarrheal diseases,183,Clostridium difficile,1,Number,2009,3126.146468,4526.7642975,3126.146468
1,Deaths,,South Asia,3,Both,8,15-19 years,302,Diarrheal diseases,183,Clostridium difficile,1,Number,2010,3417.5425115,4851.271992,3417.5425115
1,Deaths,,South Asia,3,Both,8,15-19 years,302,Diarrheal diseases,183,Clostridium difficile,1,Number,2011,3748.9013475,5152.97963,3748.9013475
1,Deaths,,South Asia,3,Both,8,15-19 years,302,Diarrheal diseases,183,Clostridium difficile,1,Number,2012,3813.933397,5231.271875,3813.933397
1,Deaths,,South Asia,3,Both,8,15-19 years,302,Diarrheal diseases,183,Clostridium difficile,1,Number,2013,3702.9097275,5139.36092,3702.9097275
1,Deaths,,South Asia,3,Both,8,15-19 years,302,Diarrheal diseases,183,Clostridium difficile,1,Number,2014,3688.8501005,4976.6750565,3688.8501005
1,Deaths,,South Asia,3,Both,8,15-19 years,302,Diarrheal diseases,183,Clostridium difficile,1,Number,2015,3345.777281,4478.927732,3345.777281
1,Deaths,,South Asia,3,Both,8,15-19 years,302,Diarrheal diseases,183,Clostridium difficile,1,Number,2016,3119.2033465,4205.8061165,3119.2033465
1,Deaths,,South Asia,3,Both,8,15-19 years,302,Diarrheal diseases,183,Clostridium difficile,1,Number,2017,3291.205469,4425.263072,3291.205469
1,Deaths,,South Asia,3,Both,8,15-19 years,302,Diarrheal diseases,183,Clostridium difficile,1,Number,2018,2995.497259,4051.7263755,2995.497259
1,Deaths,,South Asia,3,Both,8,15-19 years,302,Diarrheal diseases,183,Clostridium difficile,1,Number,2019,2781.675711,3711.209129,2781.675711
1,Deaths,,South Asia,3,Both,8,15-19 years,302,Diarrheal diseases,183,Clostridium difficile,1,Number,2020,2813.7598525,3860.2024945,2813.7598525
1,Deaths,,South Asia,3,Both,8,15-19 years,302,Diarrheal diseases,183,Clostridium difficile,1,Number,2021,2741.748169,3721.4400165,2741.748169
1,Deaths,,South Asia,3,Both,9,20-24 years,302,Diarrheal diseases,183,Clostridium difficile,1,Number,1990,1606.98072,3418.599603,1606.98072
1,Deaths,,South Asia,3,Both,9,20-24 years,302,Diarrheal diseases,183,Clostridium difficile,1,Number,1991,1654.9367545,3353.377168,1654.9367545
1,Deaths,,South Asia,3,Both,9,20-24 years,302,Diarrheal diseases,183,Clostridium difficile,1,Number,1992,1657.6990125,3469.7957315,1657.6990125
1,Deaths,,South Asia,3,Both,9,20-24 years,302,Diarrheal diseases,183,Clostridium difficile,1,Number,1993,1678.3300415,3457.685132,1678.3300415
1,Deaths,,South Asia,3,Both,9,20-24 years,302,Diarrheal diseases,183,Clostridium difficile,1,Number,1994,1784.959382,3429.9743215,1784.959382
1,Deaths,,South Asia,3,Both,9,20-24 years,302,Diarrheal diseases,183,Clostridium difficile,1,Number,1995,1873.7879795,3521.30286,1873.7879795
1,Deaths,,South Asia,3,Both,9,20-24 years,302,Diarrheal diseases,183,Clostridium difficile,1,Number,1996,1867.526632,3657.1075125,1867.526632
1,Deaths,,South Asia,3,Both,9,20-24 years,302,Diarrheal diseases,183,Clostridium difficile,1,Number,1997,1987.4117875,3635.215726,1987.4117875
1,Deaths,,South Asia,3,Both,9,20-24 years,302,Diarrheal diseases,183,Clostridium difficile,1,Number,1998,2121.6112425,3886.1844405,2121.6112425
1,Deaths,,South Asia,3,Both,9,20-24 years,302,Diarrheal diseases,183,Clostridium difficile,1,Number,1999,2215.757491,3944.7730625,2215.757491
1,Deaths,,South Asia,3,Both,9,20-24 years,302,Diarrheal diseases,183,Clostridium difficile,1,Number,2000,2233.952566,3872.315717,2233.952566
1,Deaths,,South Asia,3,Both,9,20-24 years,302,Diarrheal diseases,183,Clostridium difficile,1,Number,2001,2263.3748235,3767.731764,2263.3748235
1,Deaths,,South Asia,3,Both,9,20-24 years,302,Diarrheal diseases,183,Clostridium difficile,1,Number,2002,2205.884665,3707.0480215,2205.884665
1,Deaths,,South Asia,3,Both,9,20-24 years,302,Diarrheal diseases,183,Clostridium difficile,1,Number,2003,2144.481829,3375.03527,2144.481829
1,Deaths,,South Asia,3,Both,9,20-24 years,302,Diarrheal diseases,183,Clostridium difficile,1,Number,2004,2251.7139385,3485.0485115,2251.7139385
1,Deaths,,South Asia,3,Both,9,20-24 years,302,Diarrheal diseases,183,Clostridium difficile,1,Number,2005,2654.1750435,3925.6641375,2654.1750435
1,Deaths,,South Asia,3,Both,9,20-24 years,302,Diarrheal diseases,183,Clostridium difficile,1,Number,2006,2882.8428385,4340.6039085,2882.8428385
1,Deaths,,South Asia,3,Both,9,20-24 years,302,Diarrheal diseases,183,Clostridium difficile,1,Number,2007,3056.9117635,4448.305089,3056.9117635
1,Deaths,,South Asia,3,Both,9,20-24 years,302,Diarrheal diseases,183,Clostridium difficile,1,Number,2008,3186.4339785,4467.9761645,3186.4339785
1,Deaths,,South Asia,3,Both,9,20-24 years,302,Diarrheal diseases,183,Clostridium difficile,1,Number,2009,3250.0377685,4762.193385,3250.0377685
1,Deaths,,South Asia,3,Both,9,20-24 years,302,Diarrheal diseases,183,Clostridium difficile,1,Number,2010,3561.1768485,5031.119615,3561.1768485
1,Deaths,,South Asia,3,Both,9,20-24 years,302,Diarrheal diseases,183,Clostridium difficile,1,Number,2011,3861.430959,5329.024635,3861.430959
1,Deaths,,South Asia,3,Both,9,20-24 years,302,Diarrheal diseases,183,Clostridium difficile,1,Number,2012,4168.6358405,5727.48018,4168.6358405
1,Deaths,,South Asia,3,Both,9,20-24 years,302,Diarrheal diseases,183,Clostridium difficile,1,Number,2013,4058.510194,5449.21932,4058.510194
1,Deaths,,South Asia,3,Both,9,20-24 years,302,Diarrheal diseases,183,Clostridium difficile,1,Number,2014,3630.821415,4865.87159,3630.821415
1,Deaths,,South Asia,3,Both,9,20-24 years,302,Diarrheal diseases,183,Clostridium difficile,1,Number,2015,3293.6019905,4606.486116,3293.6019905
1,Deaths,,South Asia,3,Both,9,20-24 years,302,Diarrheal diseases,183,Clostridium difficile,1,Number,2016,3300.956003,4622.1458635,3300.956003
1,Deaths,,South Asia,3,Both,9,20-24 years,302,Diarrheal diseases,183,Clostridium difficile,1,Number,2017,3467.292553,4779.381705,3467.292553
1,Deaths,,South Asia,3,Both,9,20-24 years,302,Diarrheal diseases,183,Clostridium difficile,1,Number,2018,3239.70869,4428.939007,3239.70869
1,Deaths,,South Asia,3,Both,9,20-24 years,302,Diarrheal diseases,183,Clostridium difficile,1,Number,2019,3117.838242,4246.187709,3117.838242
1,Deaths,,South Asia,3,Both,9,20-24 years,302,Diarrheal diseases,183,Clostridium difficile,1,Number,2020,3103.302793,4321.1648575,3103.302793
1,Deaths,,South Asia,3,Both,9,20-24 years,302,Diarrheal diseases,183,Clostridium difficile,1,Number,2021,2948.8158845,4230.472127,2948.8158845
1,Deaths,,South Asia,3,Both,10,25-29 years,302,Diarrheal diseases,183,Clostridium difficile,1,Number,1990,1275.505877,2850.3083995,1275.505877
1,Deaths,,South Asia,3,Both,10,25-29 years,302,Diarrheal diseases,183,Clostridium difficile,1,Number,1991,1379.3172105,2862.772913,1379.3172105
1,Deaths,,South Asia,3,Both,10,25-29 years,302,Diarrheal diseases,183,Clostridium difficile,1,Number,1992,1439.0973915,2871.953002,1439.0973915
1,Deaths,,South Asia,3,Both,10,25-29 years,302,Diarrheal diseases,183,Clostridium difficile,1,Number,1993,1454.930053,2929.5210345,1454.930053
1,Deaths,,South Asia,3,Both,10,25-29 years,302,Diarrheal diseases,183,Clostridium difficile,1,Number,1994,1503.723318,2961.4708365,1503.723318
1,Deaths,,South Asia,3,Both,10,25-29 years,302,Diarrheal diseases,183,Clostridium difficile,1,Number,1995,1604.129788,3012.7560625,1604.129788
1,Deaths,,South Asia,3,Both,10,25-29 years,302,Diarrheal diseases,183,Clostridium difficile,1,Number,1996,1612.0456165,3118.5955785,1612.0456165
1,Deaths,,South Asia,3,Both,10,25-29 years,302,Diarrheal diseases,183,Clostridium difficile,1,Number,1997,1704.5949905,3166.295884,1704.5949905
1,Deaths,,South Asia,3,Both,10,25-29 years,302,Diarrheal diseases,183,Clostridium difficile,1,Number,1998,1855.8140995,3353.3561965,1855.8140995
1,Deaths,,South Asia,3,Both,10,25-29 years,302,Diarrheal diseases,183,Clostridium difficile,1,Number,1999,2015.7063125,3459.230469,2015.7063125
1,Deaths,,South Asia,3,Both,10,25-29 years,302,Diarrheal diseases,183,Clostridium difficile,1,Number,2000,2081.69015,3518.4411745,2081.69015
1,Deaths,,South Asia,3,Both,10,25-29 years,302,Diarrheal diseases,183,Clostridium difficile,1,Number,2001,2083.831129,3482.361142,2083.831129
1,Deaths,,South Asia,3,Both,10,25-29 years,302,Diarrheal diseases,183,Clostridium difficile,1,Number,2002,2000.212394,3376.343953,2000.212394
1,Deaths,,South Asia,3,Both,10,25-29 years,302,Diarrheal diseases,183,Clostridium difficile,1,Number,2003,1965.830805,3048.3664545,1965.830805
1,Deaths,,South Asia,3,Both,10,25-29 years,302,Diarrheal diseases,183,Clostridium difficile,1,Number,2004,1972.7113085,3064.0439885,1972.7113085
1,Deaths,,South Asia,3,Both,10,25-29 years,302,Diarrheal diseases,183,Clostridium difficile,1,Number,2005,2242.574967,3435.4656085,2242.574967
1,Deaths,,South Asia,3,Both,10,25-29 years,302,Diarrheal diseases,183,Clostridium difficile,1,Number,2006,2455.7132,3649.8079015,2455.7132
1,Deaths,,South Asia,3,Both,10,25-29 years,302,Diarrheal diseases,183,Clostridium difficile,1,Number,2007,2533.2103285,3714.688354,2533.2103285
1,Deaths,,South Asia,3,Both,10,25-29 years,302,Diarrheal diseases,183,Clostridium difficile,1,Number,2008,2653.089772,3826.8671145,2653.089772
1,Deaths,,South Asia,3,Both,10,25-29 years,302,Diarrheal diseases,183,Clostridium difficile,1,Number,2009,2910.1633885,4272.924836,2910.1633885
1,Deaths,,South Asia,3,Both,10,25-29 years,302,Diarrheal diseases,183,Clostridium difficile,1,Number,2010,3220.3138355,4642.176842,3220.3138355
1,Deaths,,South Asia,3,Both,10,25-29 years,302,Diarrheal diseases,183,Clostridium difficile,1,Number,2011,3412.412216,4880.698718,3412.412216
1,Deaths,,South Asia,3,Both,10,25-29 years,302,Diarrheal diseases,183,Clostridium difficile,1,Number,2012,3813.190244,5175.954535,3813.190244
1,Deaths,,South Asia,3,Both,10,25-29 years,302,Diarrheal diseases,183,Clostridium difficile,1,Number,2013,3863.4382015,5253.31881,3863.4382015
1,Deaths,,South Asia,3,Both,10,25-29 years,302,Diarrheal diseases,183,Clostridium difficile,1,Number,2014,3551.0250325,4794.7186025,3551.0250325
1,Deaths,,South Asia,3,Both,10,25-29 years,302,Diarrheal diseases,183,Clostridium difficile,1,Number,2015,3335.7563625,4465.235076,3335.7563625
1,Deaths,,South Asia,3,Both,10,25-29 years,302,Diarrheal diseases,183,Clostridium difficile,1,Number,2016,3415.9850025,4589.3721335,3415.9850025
1,Deaths,,South Asia,3,Both,10,25-29 years,302,Diarrheal diseases,183,Clostridium difficile,1,Number,2017,3730.5844995,5046.64007,3730.5844995
1,Deaths,,South Asia,3,Both,10,25-29 years,302,Diarrheal diseases,183,Clostridium difficile,1,Number,2018,3513.7841205,4598.2955255,3513.7841205
1,Deaths,,South Asia,3,Both,10,25-29 years,302,Diarrheal diseases,183,Clostridium difficile,1,Number,2019,3280.941999,4485.2378775,3280.941999
1,Deaths,,South Asia,3,Both,10,25-29 years,302,Diarrheal diseases,183,Clostridium difficile,1,Number,2020,3184.8726205,4510.550763,3184.8726205
1,Deaths,,South Asia,3,Both,10,25-29 years,302,Diarrheal diseases,183,Clostridium difficile,1,Number,2021,3110.927259,4342.2465575,3110.927259
1,Deaths,,South Asia,3,Both,11,30-34 years,302,Diarrheal diseases,183,Clostridium difficile,1,Number,1990,1082.697882,2373.691321,1082.697882
1,Deaths,,South Asia,3,Both,11,30-34 years,302,Diarrheal diseases,183,Clostridium difficile,1,Number,1991,1149.998675,2436.911198,1149.998675
1,Deaths,,South Asia,3,Both,11,30-34 years,302,Diarrheal diseases,183,Clostridium difficile,1,Number,1992,1196.0523425,2467.6625435,1196.0523425
1,Deaths,,South Asia,3,Both,11,30-34 years,302,Diarrheal diseases,183,Clostridium difficile,1,Number,1993,1230.920159,2531.2239245,1230.920159
1,Deaths,,South Asia,3,Both,11,30-34 years,302,Diarrheal diseases,183,Clostridium difficile,1,Number,1994,1294.032105,2569.6791455,1294.032105
1,Deaths,,South Asia,3,Both,11,30-34 years,302,Diarrheal diseases,183,Clostridium difficile,1,Number,1995,1347.7430445,2630.9905465,1347.7430445
1,Deaths,,South Asia,3,Both,11,30-34 years,302,Diarrheal diseases,183,Clostridium difficile,1,Number,1996,1412.661411,2680.027072,1412.661411
1,Deaths,,South Asia,3,Both,11,30-34 years,302,Diarrheal diseases,183,Clostridium difficile,1,Number,1997,1494.9960205,2757.192441,1494.9960205
1,Deaths,,South Asia,3,Both,11,30-34 years,302,Diarrheal diseases,183,Clostridium difficile,1,Number,1998,1586.6285825,2944.4774065,1586.6285825
1,Deaths,,South Asia,3,Both,11,30-34 years,302,Diarrheal diseases,183,Clostridium difficile,1,Number,1999,1650.639096,3044.455938,1650.639096
1,Deaths,,South Asia,3,Both,11,30-34 years,302,Diarrheal diseases,183,Clostridium difficile,1,Number,2000,1759.814255,3006.428566,1759.814255
1,Deaths,,South Asia,3,Both,11,30-34 years,302,Diarrheal diseases,183,Clostridium difficile,1,Number,2001,1737.9903655,2934.3648585,1737.9903655
1,Deaths,,South Asia,3,Both,11,30-34 years,302,Diarrheal diseases,183,Clostridium difficile,1,Number,2002,1768.1691015,2827.2429335,1768.1691015
1,Deaths,,South Asia,3,Both,11,30-34 years,302,Diarrheal diseases,183,Clostridium difficile,1,Number,2003,1768.14478,2784.08241,1768.14478
1,Deaths,,South Asia,3,Both,11,30-34 years,302,Diarrheal diseases,183,Clostridium difficile,1,Number,2004,1863.730863,2892.8113845,1863.730863
1,Deaths,,South Asia,3,Both,11,30-34 years,302,Diarrheal diseases,183,Clostridium difficile,1,Number,2005,2116.5672195,3170.535366,2116.5672195
1,Deaths,,South Asia,3,Both,11,30-34 years,302,Diarrheal diseases,183,Clostridium difficile,1,Number,2006,2314.494708,3428.5612605,2314.494708
1,Deaths,,South Asia,3,Both,11,30-34 years,302,Diarrheal diseases,183,Clostridium difficile,1,Number,2007,2483.450942,3531.9148735,2483.450942
1,Deaths,,South Asia,3,Both,11,30-34 years,302,Diarrheal diseases,183,Clostridium difficile,1,Number,2008,2622.4690415,3649.21596,2622.4690415
1,Deaths,,South Asia,3,Both,11,30-34 years,302,Diarrheal diseases,183,Clostridium difficile,1,Number,2009,2762.764551,4030.5447945,2762.764551
1,Deaths,,South Asia,3,Both,11,30-34 years,302,Diarrheal diseases,183,Clostridium difficile,1,Number,2010,3061.634132,4171.4803265,3061.634132
1,Deaths,,South Asia,3,Both,11,30-34 years,302,Diarrheal diseases,183,Clostridium difficile,1,Number,2011,3403.4220535,4483.388163,3403.4220535
1,Deaths,,South Asia,3,Both,11,30-34 years,302,Diarrheal diseases,183,Clostridium difficile,1,Number,2012,3545.3045525,4939.103058,3545.3045525
1,Deaths,,South Asia,3,Both,11,30-34 years,302,Diarrheal diseases,183,Clostridium difficile,1,Number,2013,3693.8546835,4950.629901,3693.8546835
1,Deaths,,South Asia,3,Both,11,30-34 years,302,Diarrheal diseases,183,Clostridium difficile,1,Number,2014,3600.413994,4727.7026035,3600.413994
1,Deaths,,South Asia,3,Both,11,30-34 years,302,Diarrheal diseases,183,Clostridium difficile,1,Number,2015,3452.0684585,4749.1170375,3452.0684585
1,Deaths,,South Asia,3,Both,11,30-34 years,302,Diarrheal diseases,183,Clostridium difficile,1,Number,2016,3614.3665125,4864.48637,3614.3665125
1,Deaths,,South Asia,3,Both,11,30-34 years,302,Diarrheal diseases,183,Clostridium difficile,1,Number,2017,3941.675944,5158.346775,3941.675944
1,Deaths,,South Asia,3,Both,11,30-34 years,302,Diarrheal diseases,183,Clostridium difficile,1,Number,2018,3729.7142395,4906.9828145,3729.7142395
1,Deaths,,South Asia,3,Both,11,30-34 years,302,Diarrheal diseases,183,Clostridium difficile,1,Number,2019,3561.849787,4804.7322385,3561.849787
1,Deaths,,South Asia,3,Both,11,30-34 years,302,Diarrheal diseases,183,Clostridium difficile,1,Number,2020,3657.998584,4920.261627,3657.998584
1,Deaths,,South Asia,3,Both,11,30-34 years,302,Diarrheal diseases,183,Clostridium difficile,1,Number,2021,3538.0279835,4892.7871405,3538.0279835
1,Deaths,,South Asia,3,Both,12,35-39 years,302,Diarrheal diseases,183,Clostridium difficile,1,Number,1990,1373.8260905,2971.7391545,1373.8260905
1,Deaths,,South Asia,3,Both,12,35-39 years,302,Diarrheal diseases,183,Clostridium difficile,1,Number,1991,1453.483664,2989.032786,1453.483664
1,Deaths,,South Asia,3,Both,12,35-39 years,302,Diarrheal diseases,183,Clostridium difficile,1,Number,1992,1462.615791,2967.4487065,1462.615791
1,Deaths,,South Asia,3,Both,12,35-39 years,302,Diarrheal diseases,183,Clostridium difficile,1,Number,1993,1487.2369815,2925.576669,1487.2369815
1,Deaths,,South Asia,3,Both,12,35-39 years,302,Diarrheal diseases,183,Clostridium difficile,1,Number,1994,1501.1947195,2981.854824,1501.1947195
1,Deaths,,South Asia,3,Both,12,35-39 years,302,Diarrheal diseases,183,Clostridium difficile,1,Number,1995,1576.211308,3045.3645195,1576.211308
1,Deaths,,South Asia,3,Both,12,35-39 years,302,Diarrheal diseases,183,Clostridium difficile,1,Number,1996,1644.8715285,3055.190256,1644.8715285
1,Deaths,,South Asia,3,Both,12,35-39 years,302,Diarrheal diseases,183,Clostridium difficile,1,Number,1997,1652.804748,3131.880778,1652.804748
1,Deaths,,South Asia,3,Both,12,35-39 years,302,Diarrheal diseases,183,Clostridium difficile,1,Number,1998,1886.0187415,3309.14826,1886.0187415
1,Deaths,,South Asia,3,Both,12,35-39 years,302,Diarrheal diseases,183,Clostridium difficile,1,Number,1999,2015.970025,3471.3639565,2015.970025
1,Deaths,,South Asia,3,Both,12,35-39 years,302,Diarrheal diseases,183,Clostridium difficile,1,Number,2000,2070.260287,3523.1398545,2070.260287
1,Deaths,,South Asia,3,Both,12,35-39 years,302,Diarrheal diseases,183,Clostridium difficile,1,Number,2001,2110.479227,3650.7610775,2110.479227
1,Deaths,,South Asia,3,Both,12,35-39 years,302,Diarrheal diseases,183,Clostridium difficile,1,Number,2002,2296.085788,3576.385865,2296.085788
1,Deaths,,South Asia,3,Both,12,35-39 years,302,Diarrheal diseases,183,Clostridium difficile,1,Number,2003,2170.8181185,3353.5267455,2170.8181185
1,Deaths,,South Asia,3,Both,12,35-39 years,302,Diarrheal diseases,183,Clostridium difficile,1,Number,2004,2161.374261,3306.4313705,2161.374261
1,Deaths,,South Asia,3,Both,12,35-39 years,302,Diarrheal diseases,183,Clostridium difficile,1,Number,2005,2466.2626485,3858.6609375,2466.2626485
1,Deaths,,South Asia,3,Both,12,35-39 years,302,Diarrheal diseases,183,Clostridium difficile,1,Number,2006,2923.312609,4173.2468785,2923.312609
1,Deaths,,South Asia,3,Both,12,35-39 years,302,Diarrheal diseases,183,Clostridium difficile,1,Number,2007,3044.8704085,4512.457134,3044.8704085
1,Deaths,,South Asia,3,Both,12,35-39 years,302,Diarrheal diseases,183,Clostridium difficile,1,Number,2008,3273.7604485,4745.277022,3273.7604485
1,Deaths,,South Asia,3,Both,12,35-39 years,302,Diarrheal diseases,183,Clostridium difficile,1,Number,2009,3677.6662245,5146.936535,3677.6662245
1,Deaths,,South Asia,3,Both,12,35-39 years,302,Diarrheal diseases,183,Clostridium difficile,1,Number,2010,3791.9219125,5404.302375,3791.9219125
1,Deaths,,South Asia,3,Both,12,35-39 years,302,Diarrheal diseases,183,Clostridium difficile,1,Number,2011,4070.0453375,5536.624155,4070.0453375
1,Deaths,,South Asia,3,Both,12,35-39 years,302,Diarrheal diseases,183,Clostridium difficile,1,Number,2012,4614.461979,6167.348925,4614.461979
1,Deaths,,South Asia,3,Both,12,35-39 years,302,Diarrheal diseases,183,Clostridium difficile,1,Number,2013,4904.7543635,6441.97929,4904.7543635
1,Deaths,,South Asia,3,Both,12,35-39 years,302,Diarrheal diseases,183,Clostridium difficile,1,Number,2014,4663.3871485,6216.267995,4663.3871485
1,Deaths,,South Asia,3,Both,12,35-39 years,302,Diarrheal diseases,183,Clostridium difficile,1,Number,2015,4672.697394,6026.42096,4672.697394
1,Deaths,,South Asia,3,Both,12,35-39 years,302,Diarrheal diseases,183,Clostridium difficile,1,Number,2016,4824.7242545,6343.72554,4824.7242545
1,Deaths,,South Asia,3,Both,12,35-39 years,302,Diarrheal diseases,183,Clostridium difficile,1,Number,2017,5237.325175,6961.455045,5237.325175
1,Deaths,,South Asia,3,Both,12,35-39 years,302,Diarrheal diseases,183,Clostridium difficile,1,Number,2018,4915.9417045,6397.23266,4915.9417045
1,Deaths,,South Asia,3,Both,12,35-39 years,302,Diarrheal diseases,183,Clostridium difficile,1,Number,2019,4668.843855,6216.99881,4668.843855
1,Deaths,,South Asia,3,Both,12,35-39 years,302,Diarrheal diseases,183,Clostridium difficile,1,Number,2020,4583.0136405,6275.61095,4583.0136405
1,Deaths,,South Asia,3,Both,12,35-39 years,302,Diarrheal diseases,183,Clostridium difficile,1,Number,2021,4388.116982,6193.332715,4388.116982
1,Deaths,,South Asia,3,Both,13,40-44 years,302,Diarrheal diseases,183,Clostridium difficile,1,Number,1990,1746.6086545,3668.7229545,1746.6086545
1,Deaths,,South Asia,3,Both,13,40-44 years,302,Diarrheal diseases,183,Clostridium difficile,1,Number,1991,1819.38556,3831.003273,1819.38556
1,Deaths,,South Asia,3,Both,13,40-44 years,302,Diarrheal diseases,183,Clostridium difficile,1,Number,1992,1855.434814,3941.2761675,1855.434814
1,Deaths,,South Asia,3,Both,13,40-44 years,302,Diarrheal diseases,183,Clostridium difficile,1,Number,1993,1929.692438,3969.393559,1929.692438
1,Deaths,,South Asia,3,Both,13,40-44 years,302,Diarrheal diseases,183,Clostridium difficile,1,Number,1994,2004.738992,4007.401198,2004.738992
1,Deaths,,South Asia,3,Both,13,40-44 years,302,Diarrheal diseases,183,Clostridium difficile,1,Number,1995,2108.1799615,4262.344912,2108.1799615
1,Deaths,,South Asia,3,Both,13,40-44 years,302,Diarrheal diseases,183,Clostridium difficile,1,Number,1996,2121.8786755,4227.566427,2121.8786755
1,Deaths,,South Asia,3,Both,13,40-44 years,302,Diarrheal diseases,183,Clostridium difficile,1,Number,1997,2171.864167,4112.222009,2171.864167
1,Deaths,,South Asia,3,Both,13,40-44 years,302,Diarrheal diseases,183,Clostridium difficile,1,Number,1998,2313.943014,4160.567994,2313.943014
1,Deaths,,South Asia,3,Both,13,40-44 years,302,Diarrheal diseases,183,Clostridium difficile,1,Number,1999,2353.296548,4221.527266,2353.296548
1,Deaths,,South Asia,3,Both,13,40-44 years,302,Diarrheal diseases,183,Clostridium difficile,1,Number,2000,2326.354248,4036.0882535,2326.354248
1,Deaths,,South Asia,3,Both,13,40-44 years,302,Diarrheal diseases,183,Clostridium difficile,1,Number,2001,2362.3595825,3942.944231,2362.3595825
1,Deaths,,South Asia,3,Both,13,40-44 years,302,Diarrheal diseases,183,Clostridium difficile,1,Number,2002,2440.0008455,3979.9305975,2440.0008455
1,Deaths,,South Asia,3,Both,13,40-44 years,302,Diarrheal diseases,183,Clostridium difficile,1,Number,2003,2515.3651625,3979.9304385,2515.3651625
1,Deaths,,South Asia,3,Both,13,40-44 years,302,Diarrheal diseases,183,Clostridium difficile,1,Number,2004,2594.19408,4081.3132395,2594.19408
1,Deaths,,South Asia,3,Both,13,40-44 years,302,Diarrheal diseases,183,Clostridium difficile,1,Number,2005,2965.5852335,4519.1452675,2965.5852335
1,Deaths,,South Asia,3,Both,13,40-44 years,302,Diarrheal diseases,183,Clostridium difficile,1,Number,2006,3307.321142,5058.6678,3307.321142
1,Deaths,,South Asia,3,Both,13,40-44 years,302,Diarrheal diseases,183,Clostridium difficile,1,Number,2007,3660.308967,5367.4771,3660.308967
1,Deaths,,South Asia,3,Both,13,40-44 years,302,Diarrheal diseases,183,Clostridium difficile,1,Number,2008,3824.1221555,5547.49263,3824.1221555
1,Deaths,,South Asia,3,Both,13,40-44 years,302,Diarrheal diseases,183,Clostridium difficile,1,Number,2009,4118.3882485,6020.17126,4118.3882485
1,Deaths,,South Asia,3,Both,13,40-44 years,302,Diarrheal diseases,183,Clostridium difficile,1,Number,2010,4510.715342,6635.68987,4510.715342
1,Deaths,,South Asia,3,Both,13,40-44 years,302,Diarrheal diseases,183,Clostridium difficile,1,Number,2011,5317.69685,7349.420275,5317.69685
1,Deaths,,South Asia,3,Both,13,40-44 years,302,Diarrheal diseases,183,Clostridium difficile,1,Number,2012,5925.93137,8083.74655,5925.93137
1,Deaths,,South Asia,3,Both,13,40-44 years,302,Diarrheal diseases,183,Clostridium difficile,1,Number,2013,6139.364525,8526.35185,6139.364525
1,Deaths,,South Asia,3,Both,13,40-44 years,302,Diarrheal diseases,183,Clostridium difficile,1,Number,2014,6179.803715,8205.6193,6179.803715
1,Deaths,,South Asia,3,Both,13,40-44 years,302,Diarrheal diseases,183,Clostridium difficile,1,Number,2015,5980.21369,8072.39292,5980.21369
1,Deaths,,South Asia,3,Both,13,40-44 years,302,Diarrheal diseases,183,Clostridium difficile,1,Number,2016,6257.19334,8502.90359,6257.19334
1,Deaths,,South Asia,3,Both,13,40-44 years,302,Diarrheal diseases,183,Clostridium difficile,1,Number,2017,6856.01638,9569.896,6856.01638
1,Deaths,,South Asia,3,Both,13,40-44 years,302,Diarrheal diseases,183,Clostridium difficile,1,Number,2018,6797.71752,9104.92412,6797.71752
1,Deaths,,South Asia,3,Both,13,40-44 years,302,Diarrheal diseases,183,Clostridium difficile,1,Number,2019,6458.62881,8833.57366,6458.62881
1,Deaths,,South Asia,3,Both,13,40-44 years,302,Diarrheal diseases,183,Clostridium difficile,1,Number,2020,6517.776255,8998.418545,6517.776255
1,Deaths,,South Asia,3,Both,13,40-44 years,302,Diarrheal diseases,183,Clostridium difficile,1,Number,2021,6227.103855,9004.48205,6227.103855
1,Deaths,,South Asia,3,Both,14,45-49 years,302,Diarrheal diseases,183,Clostridium difficile,1,Number,1990,2286.068182,4905.0425015,2286.068182
1,Deaths,,South Asia,3,Both,14,45-49 years,302,Diarrheal diseases,183,Clostridium difficile,1,Number,1991,2394.4934225,4965.088911,2394.4934225
1,Deaths,,South Asia,3,Both,14,45-49 years,302,Diarrheal diseases,183,Clostridium difficile,1,Number,1992,2461.133218,4985.482766,2461.133218
1,Deaths,,South Asia,3,Both,14,45-49 years,302,Diarrheal diseases,183,Clostridium difficile,1,Number,1993,2478.919309,5077.59531,2478.919309
1,Deaths,,South Asia,3,Both,14,45-49 years,302,Diarrheal diseases,183,Clostridium difficile,1,Number,1994,2491.8195685,5084.05289,2491.8195685
1,Deaths,,South Asia,3,Both,14,45-49 years,302,Diarrheal diseases,183,Clostridium difficile,1,Number,1995,2612.672494,5124.90296,2612.672494
1,Deaths,,South Asia,3,Both,14,45-49 years,302,Diarrheal diseases,183,Clostridium difficile,1,Number,1996,2764.677465,5197.27481,2764.677465
1,Deaths,,South Asia,3,Both,14,45-49 years,302,Diarrheal diseases,183,Clostridium difficile,1,Number,1997,2770.698453,5261.04851,2770.698453
1,Deaths,,South Asia,3,Both,14,45-49 years,302,Diarrheal diseases,183,Clostridium difficile,1,Number,1998,2965.254233,5240.88476,2965.254233
1,Deaths,,South Asia,3,Both,14,45-49 years,302,Diarrheal diseases,183,Clostridium difficile,1,Number,1999,3103.422968,5357.475,3103.422968
1,Deaths,,South Asia,3,Both,14,45-49 years,302,Diarrheal diseases,183,Clostridium difficile,1,Number,2000,3132.5643875,5471.31131,3132.5643875
1,Deaths,,South Asia,3,Both,14,45-49 years,302,Diarrheal diseases,183,Clostridium difficile,1,Number,2001,3171.3921375,5282.934285,3171.3921375
1,Deaths,,South Asia,3,Both,14,45-49 years,302,Diarrheal diseases,183,Clostridium difficile,1,Number,2002,3243.9960745,5256.94024,3243.9960745
1,Deaths,,South Asia,3,Both,14,45-49 years,302,Diarrheal diseases,183,Clostridium difficile,1,Number,2003,3253.3413885,5123.368205,3253.3413885
1,Deaths,,South Asia,3,Both,14,45-49 years,302,Diarrheal diseases,183,Clostridium difficile,1,Number,2004,3376.6330945,5307.1901,3376.6330945
1,Deaths,,South Asia,3,Both,14,45-49 years,302,Diarrheal diseases,183,Clostridium difficile,1,Number,2005,3967.7505955,5955.937725,3967.7505955
1,Deaths,,South Asia,3,Both,14,45-49 years,302,Diarrheal diseases,183,Clostridium difficile,1,Number,2006,4455.6466435,6436.057375,4455.6466435
1,Deaths,,South Asia,3,Both,14,45-49 years,302,Diarrheal diseases,183,Clostridium difficile,1,Number,2007,4773.648644,6759.2811,4773.648644
1,Deaths,,South Asia,3,Both,14,45-49 years,302,Diarrheal diseases,183,Clostridium difficile,1,Number,2008,4972.167038,7211.25066,4972.167038
1,Deaths,,South Asia,3,Both,14,45-49 years,302,Diarrheal diseases,183,Clostridium difficile,1,Number,2009,5531.53254,8032.50201,5531.53254
1,Deaths,,South Asia,3,Both,14,45-49 years,302,Diarrheal diseases,183,Clostridium difficile,1,Number,2010,6307.41882,8925.69057,6307.41882
1,Deaths,,South Asia,3,Both,14,45-49 years,302,Diarrheal diseases,183,Clostridium difficile,1,Number,2011,7047.49564,9877.491415,7047.49564
1,Deaths,,South Asia,3,Both,14,45-49 years,302,Diarrheal diseases,183,Clostridium difficile,1,Number,2012,8051.271895,10777.938465,8051.271895
1,Deaths,,South Asia,3,Both,14,45-49 years,302,Diarrheal diseases,183,Clostridium difficile,1,Number,2013,8241.83134,11301.544425,8241.83134
1,Deaths,,South Asia,3,Both,14,45-49 years,302,Diarrheal diseases,183,Clostridium difficile,1,Number,2014,8193.296635,10721.212885,8193.296635
1,Deaths,,South Asia,3,Both,14,45-49 years,302,Diarrheal diseases,183,Clostridium difficile,1,Number,2015,8183.071,10768.769805,8183.071
1,Deaths,,South Asia,3,Both,14,45-49 years,302,Diarrheal diseases,183,Clostridium difficile,1,Number,2016,8588.642705,11293.41383,8588.642705
1,Deaths,,South Asia,3,Both,14,45-49 years,302,Diarrheal diseases,183,Clostridium difficile,1,Number,2017,9389.606745,12157.775245,9389.606745
1,Deaths,,South Asia,3,Both,14,45-49 years,302,Diarrheal diseases,183,Clostridium difficile,1,Number,2018,9066.16338,12140.575945,9066.16338
1,Deaths,,South Asia,3,Both,14,45-49 years,302,Diarrheal diseases,183,Clostridium difficile,1,Number,2019,8820.724405,12156.911195,8820.724405
1,Deaths,,South Asia,3,Both,14,45-49 years,302,Diarrheal diseases,183,Clostridium difficile,1,Number,2020,8840.996445,11848.21263,8840.996445
1,Deaths,,South Asia,3,Both,14,45-49 years,302,Diarrheal diseases,183,Clostridium difficile,1,Number,2021,8264.24048,11571.9647,8264.24048
1,Deaths,,South Asia,3,Both,6,5-9 years,302,Diarrheal diseases,183,Clostridium difficile,1,Number,1990,2279.457208,5649.258895,2279.457208
1,Deaths,,South Asia,3,Both,6,5-9 years,302,Diarrheal diseases,183,Clostridium difficile,1,Number,1991,2379.0008285,5690.517995,2379.0008285
1,Deaths,,South Asia,3,Both,6,5-9 years,302,Diarrheal diseases,183,Clostridium difficile,1,Number,1992,2468.7699515,5916.00974,2468.7699515
1,Deaths,,South Asia,3,Both,6,5-9 years,302,Diarrheal diseases,183,Clostridium difficile,1,Number,1993,2511.704899,5878.94305,2511.704899
1,Deaths,,South Asia,3,Both,6,5-9 years,302,Diarrheal diseases,183,Clostridium difficile,1,Number,1994,2396.874798,5744.1693,2396.874798
1,Deaths,,South Asia,3,Both,6,5-9 years,302,Diarrheal diseases,183,Clostridium difficile,1,Number,1995,2401.0306975,5988.196375,2401.0306975
1,Deaths,,South Asia,3,Both,6,5-9 years,302,Diarrheal diseases,183,Clostridium difficile,1,Number,1996,2400.118005,5839.405105,2400.118005
1,Deaths,,South Asia,3,Both,6,5-9 years,302,Diarrheal diseases,183,Clostridium difficile,1,Number,1997,2360.9776465,5637.30468,2360.9776465
1,Deaths,,South Asia,3,Both,6,5-9 years,302,Diarrheal diseases,183,Clostridium difficile,1,Number,1998,2436.9395785,5591.106965,2436.9395785
1,Deaths,,South Asia,3,Both,6,5-9 years,302,Diarrheal diseases,183,Clostridium difficile,1,Number,1999,2229.887997,4961.8676565,2229.887997
1,Deaths,,South Asia,3,Both,6,5-9 years,302,Diarrheal diseases,183,Clostridium difficile,1,Number,2000,2229.8473125,4703.238501,2229.8473125
1,Deaths,,South Asia,3,Both,6,5-9 years,302,Diarrheal diseases,183,Clostridium difficile,1,Number,2001,2361.1054205,4546.708659,2361.1054205
1,Deaths,,South Asia,3,Both,6,5-9 years,302,Diarrheal diseases,183,Clostridium difficile,1,Number,2002,2116.651062,3925.705443,2116.651062
1,Deaths,,South Asia,3,Both,6,5-9 years,302,Diarrheal diseases,183,Clostridium difficile,1,Number,2003,1931.649155,3491.9978455,1931.649155
1,Deaths,,South Asia,3,Both,6,5-9 years,302,Diarrheal diseases,183,Clostridium difficile,1,Number,2004,2074.947914,3634.902161,2074.947914
1,Deaths,,South Asia,3,Both,6,5-9 years,302,Diarrheal diseases,183,Clostridium difficile,1,Number,2005,2508.474304,4154.133295,2508.474304
1,Deaths,,South Asia,3,Both,6,5-9 years,302,Diarrheal diseases,183,Clostridium difficile,1,Number,2006,2625.058532,4431.6812825,2625.058532
1,Deaths,,South Asia,3,Both,6,5-9 years,302,Diarrheal diseases,183,Clostridium difficile,1,Number,2007,2604.3919845,4377.3037,2604.3919845
1,Deaths,,South Asia,3,Both,6,5-9 years,302,Diarrheal diseases,183,Clostridium difficile,1,Number,2008,2604.1441155,4349.4495285,2604.1441155
1,Deaths,,South Asia,3,Both,6,5-9 years,302,Diarrheal diseases,183,Clostridium difficile,1,Number,2009,2504.2708335,4370.3873095,2504.2708335
1,Deaths,,South Asia,3,Both,6,5-9 years,302,Diarrheal diseases,183,Clostridium difficile,1,Number,2010,2471.4334195,4481.97467,2471.4334195
1,Deaths,,South Asia,3,Both,6,5-9 years,302,Diarrheal diseases,183,Clostridium difficile,1,Number,2011,2850.7746395,5181.575955,2850.7746395
1,Deaths,,South Asia,3,Both,6,5-9 years,302,Diarrheal diseases,183,Clostridium difficile,1,Number,2012,3250.129942,5943.60741,3250.129942
1,Deaths,,South Asia,3,Both,6,5-9 years,302,Diarrheal diseases,183,Clostridium difficile,1,Number,2013,2962.0214505,5500.13543,2962.0214505
1,Deaths,,South Asia,3,Both,6,5-9 years,302,Diarrheal diseases,183,Clostridium difficile,1,Number,2014,2595.4310405,4692.362862,2595.4310405
1,Deaths,,South Asia,3,Both,6,5-9 years,302,Diarrheal diseases,183,Clostridium difficile,1,Number,2015,2619.6414875,4526.589065,2619.6414875
1,Deaths,,South Asia,3,Both,6,5-9 years,302,Diarrheal diseases,183,Clostridium difficile,1,Number,2016,2638.5665025,4411.6501285,2638.5665025
1,Deaths,,South Asia,3,Both,6,5-9 years,302,Diarrheal diseases,183,Clostridium difficile,1,Number,2017,2535.0409945,4344.8915965,2535.0409945
1,Deaths,,South Asia,3,Both,6,5-9 years,302,Diarrheal diseases,183,Clostridium difficile,1,Number,2018,2166.388742,3731.2228925,2166.388742
1,Deaths,,South Asia,3,Both,6,5-9 years,302,Diarrheal diseases,183,Clostridium difficile,1,Number,2019,1906.032411,3254.3699065,1906.032411
1,Deaths,,South Asia,3,Both,6,5-9 years,302,Diarrheal diseases,183,Clostridium difficile,1,Number,2020,1591.667882,2703.8376985,1591.667882
1,Deaths,,South Asia,3,Both,6,5-9 years,302,Diarrheal diseases,183,Clostridium difficile,1,Number,2021,1394.8754625,2427.207093,1394.8754625
1,Deaths,,South Asia,3,Both,15,50-54 years,302,Diarrheal diseases,183,Clostridium difficile,1,Number,1990,3983.7825655,8182.148995,3983.7825655
1,Deaths,,South Asia,3,Both,15,50-54 years,302,Diarrheal diseases,183,Clostridium difficile,1,Number,1991,3964.814037,8272.58738,3964.814037
1,Deaths,,South Asia,3,Both,15,50-54 years,302,Diarrheal diseases,183,Clostridium difficile,1,Number,1992,4066.5814435,8396.124885,4066.5814435
1,Deaths,,South Asia,3,Both,15,50-54 years,302,Diarrheal diseases,183,Clostridium difficile,1,Number,1993,4251.86242,8450.466295,4251.86242
1,Deaths,,South Asia,3,Both,15,50-54 years,302,Diarrheal diseases,183,Clostridium difficile,1,Number,1994,4311.159274,8399.309235,4311.159274
1,Deaths,,South Asia,3,Both,15,50-54 years,302,Diarrheal diseases,183,Clostridium difficile,1,Number,1995,4499.039733,8577.873135,4499.039733
1,Deaths,,South Asia,3,Both,15,50-54 years,302,Diarrheal diseases,183,Clostridium difficile,1,Number,1996,4706.493644,8570.92453,4706.493644
1,Deaths,,South Asia,3,Both,15,50-54 years,302,Diarrheal diseases,183,Clostridium difficile,1,Number,1997,4725.4062765,8766.13615,4725.4062765
1,Deaths,,South Asia,3,Both,15,50-54 years,302,Diarrheal diseases,183,Clostridium difficile,1,Number,1998,4800.7882075,8598.805575,4800.7882075
1,Deaths,,South Asia,3,Both,15,50-54 years,302,Diarrheal diseases,183,Clostridium difficile,1,Number,1999,4623.1494245,8179.116385,4623.1494245
1,Deaths,,South Asia,3,Both,15,50-54 years,302,Diarrheal diseases,183,Clostridium difficile,1,Number,2000,4561.1036325,7956.434705,4561.1036325
1,Deaths,,South Asia,3,Both,15,50-54 years,302,Diarrheal diseases,183,Clostridium difficile,1,Number,2001,4743.0296645,8073.21708,4743.0296645
1,Deaths,,South Asia,3,Both,15,50-54 years,302,Diarrheal diseases,183,Clostridium difficile,1,Number,2002,5011.919155,7965.918895,5011.919155
1,Deaths,,South Asia,3,Both,15,50-54 years,302,Diarrheal diseases,183,Clostridium difficile,1,Number,2003,5047.37431,7924.068835,5047.37431
1,Deaths,,South Asia,3,Both,15,50-54 years,302,Diarrheal diseases,183,Clostridium difficile,1,Number,2004,5141.512235,7971.990455,5141.512235
1,Deaths,,South Asia,3,Both,15,50-54 years,302,Diarrheal diseases,183,Clostridium difficile,1,Number,2005,5845.449595,9148.11426,5845.449595
1,Deaths,,South Asia,3,Both,15,50-54 years,302,Diarrheal diseases,183,Clostridium difficile,1,Number,2006,6643.821335,9878.98946,6643.821335
1,Deaths,,South Asia,3,Both,15,50-54 years,302,Diarrheal diseases,183,Clostridium difficile,1,Number,2007,7174.78225,10456.785375,7174.78225
1,Deaths,,South Asia,3,Both,15,50-54 years,302,Diarrheal diseases,183,Clostridium difficile,1,Number,2008,7683.82138,11176.49902,7683.82138
1,Deaths,,South Asia,3,Both,15,50-54 years,302,Diarrheal diseases,183,Clostridium difficile,1,Number,2009,8525.73822,12503.164745,8525.73822
1,Deaths,,South Asia,3,Both,15,50-54 years,302,Diarrheal diseases,183,Clostridium difficile,1,Number,2010,9514.426965,13641.11821,9514.426965
1,Deaths,,South Asia,3,Both,15,50-54 years,302,Diarrheal diseases,183,Clostridium difficile,1,Number,2011,11128.01186,14994.10692,11128.01186
1,Deaths,,South Asia,3,Both,15,50-54 years,302,Diarrheal diseases,183,Clostridium difficile,1,Number,2012,12264.4865,16576.477555,12264.4865
1,Deaths,,South Asia,3,Both,15,50-54 years,302,Diarrheal diseases,183,Clostridium difficile,1,Number,2013,13400.400465,18276.409015,13400.400465
1,Deaths,,South Asia,3,Both,15,50-54 years,302,Diarrheal diseases,183,Clostridium difficile,1,Number,2014,14861.91047,19302.19508,14861.91047
1,Deaths,,South Asia,3,Both,15,50-54 years,302,Diarrheal diseases,183,Clostridium difficile,1,Number,2015,15146.25891,20456.350445,15146.25891
1,Deaths,,South Asia,3,Both,15,50-54 years,302,Diarrheal diseases,183,Clostridium difficile,1,Number,2016,14971.46861,20486.4204,14971.46861
1,Deaths,,South Asia,3,Both,15,50-54 years,302,Diarrheal diseases,183,Clostridium difficile,1,Number,2017,15531.40453,20546.896515,15531.40453
1,Deaths,,South Asia,3,Both,15,50-54 years,302,Diarrheal diseases,183,Clostridium difficile,1,Number,2018,14907.381605,20149.24897,14907.381605
1,Deaths,,South Asia,3,Both,15,50-54 years,302,Diarrheal diseases,183,Clostridium difficile,1,Number,2019,14596.767825,19467.33768,14596.767825
1,Deaths,,South Asia,3,Both,15,50-54 years,302,Diarrheal diseases,183,Clostridium difficile,1,Number,2020,14235.6902,19492.29814,14235.6902
1,Deaths,,South Asia,3,Both,15,50-54 years,302,Diarrheal diseases,183,Clostridium difficile,1,Number,2021,13581.221065,19303.92035,13581.221065
1,Deaths,,South Asia,3,Both,16,55-59 years,302,Diarrheal diseases,183,Clostridium difficile,1,Number,1990,5361.70771,11528.95144,5361.70771
1,Deaths,,South Asia,3,Both,16,55-59 years,302,Diarrheal diseases,183,Clostridium difficile,1,Number,1991,5389.375235,11713.969865,5389.375235
1,Deaths,,South Asia,3,Both,16,55-59 years,302,Diarrheal diseases,183,Clostridium difficile,1,Number,1992,5430.292415,11801.21559,5430.292415
1,Deaths,,South Asia,3,Both,16,55-59 years,302,Diarrheal diseases,183,Clostridium difficile,1,Number,1993,5473.667525,11875.559555,5473.667525
1,Deaths,,South Asia,3,Both,16,55-59 years,302,Diarrheal diseases,183,Clostridium difficile,1,Number,1994,5902.655225,11563.21344,5902.655225
1,Deaths,,South Asia,3,Both,16,55-59 years,302,Diarrheal diseases,183,Clostridium difficile,1,Number,1995,5986.88463,11778.58221,5986.88463
1,Deaths,,South Asia,3,Both,16,55-59 years,302,Diarrheal diseases,183,Clostridium difficile,1,Number,1996,6058.65258,11865.40046,6058.65258
1,Deaths,,South Asia,3,Both,16,55-59 years,302,Diarrheal diseases,183,Clostridium difficile,1,Number,1997,6042.0476,12030.210765,6042.0476
1,Deaths,,South Asia,3,Both,16,55-59 years,302,Diarrheal diseases,183,Clostridium difficile,1,Number,1998,6469.14078,12136.36136,6469.14078
1,Deaths,,South Asia,3,Both,16,55-59 years,302,Diarrheal diseases,183,Clostridium difficile,1,Number,1999,6190.122535,12429.45333,6190.122535
1,Deaths,,South Asia,3,Both,16,55-59 years,302,Diarrheal diseases,183,Clostridium difficile,1,Number,2000,6535.676875,12099.599285,6535.676875
1,Deaths,,South Asia,3,Both,16,55-59 years,302,Diarrheal diseases,183,Clostridium difficile,1,Number,2001,6858.269265,11796.37509,6858.269265
1,Deaths,,South Asia,3,Both,16,55-59 years,302,Diarrheal diseases,183,Clostridium difficile,1,Number,2002,6819.733605,11692.10582,6819.733605
1,Deaths,,South Asia,3,Both,16,55-59 years,302,Diarrheal diseases,183,Clostridium difficile,1,Number,2003,6535.6128,11503.68848,6535.6128
1,Deaths,,South Asia,3,Both,16,55-59 years,302,Diarrheal diseases,183,Clostridium difficile,1,Number,2004,6566.806115,11412.04327,6566.806115
1,Deaths,,South Asia,3,Both,16,55-59 years,302,Diarrheal diseases,183,Clostridium difficile,1,Number,2005,7718.10287,12453.65683,7718.10287
1,Deaths,,South Asia,3,Both,16,55-59 years,302,Diarrheal diseases,183,Clostridium difficile,1,Number,2006,8682.008365,13765.860575,8682.008365
1,Deaths,,South Asia,3,Both,16,55-59 years,302,Diarrheal diseases,183,Clostridium difficile,1,Number,2007,9290.98461,14482.95521,9290.98461
1,Deaths,,South Asia,3,Both,16,55-59 years,302,Diarrheal diseases,183,Clostridium difficile,1,Number,2008,9935.54689,15172.549595,9935.54689
1,Deaths,,South Asia,3,Both,16,55-59 years,302,Diarrheal diseases,183,Clostridium difficile,1,Number,2009,11182.959285,16927.63091,11182.959285
1,Deaths,,South Asia,3,Both,16,55-59 years,302,Diarrheal diseases,183,Clostridium difficile,1,Number,2010,12815.434125,19304.30957,12815.434125
1,Deaths,,South Asia,3,Both,16,55-59 years,302,Diarrheal diseases,183,Clostridium difficile,1,Number,2011,14890.01404,21650.744595,14890.01404
1,Deaths,,South Asia,3,Both,16,55-59 years,302,Diarrheal diseases,183,Clostridium difficile,1,Number,2012,16544.82247,24019.97313,16544.82247
1,Deaths,,South Asia,3,Both,16,55-59 years,302,Diarrheal diseases,183,Clostridium difficile,1,Number,2013,17275.41767,24379.334155,17275.41767
1,Deaths,,South Asia,3,Both,16,55-59 years,302,Diarrheal diseases,183,Clostridium difficile,1,Number,2014,17947.828925,25004.19057,17947.828925
1,Deaths,,South Asia,3,Both,16,55-59 years,302,Diarrheal diseases,183,Clostridium difficile,1,Number,2015,18845.798995,26991.91748,18845.798995
1,Deaths,,South Asia,3,Both,16,55-59 years,302,Diarrheal diseases,183,Clostridium difficile,1,Number,2016,19560.86821,28521.6062,19560.86821
1,Deaths,,South Asia,3,Both,16,55-59 years,302,Diarrheal diseases,183,Clostridium difficile,1,Number,2017,21984.375645,30389.19465,21984.375645
1,Deaths,,South Asia,3,Both,16,55-59 years,302,Diarrheal diseases,183,Clostridium difficile,1,Number,2018,22764.36153,31522.06546,22764.36153
1,Deaths,,South Asia,3,Both,16,55-59 years,302,Diarrheal diseases,183,Clostridium difficile,1,Number,2019,22333.054845,32766.04625,22333.054845
1,Deaths,,South Asia,3,Both,16,55-59 years,302,Diarrheal diseases,183,Clostridium difficile,1,Number,2020,21878.08484,31702.90848,21878.08484
1,Deaths,,South Asia,3,Both,16,55-59 years,302,Diarrheal diseases,183,Clostridium difficile,1,Number,2021,20341.42192,30465.247655,20341.42192
1,Deaths,,South Asia,3,Both,17,60-64 years,302,Diarrheal diseases,183,Clostridium difficile,1,Number,1990,7655.487035,16226.95299,7655.487035
1,Deaths,,South Asia,3,Both,17,60-64 years,302,Diarrheal diseases,183,Clostridium difficile,1,Number,1991,7937.62647,16460.28474,7937.62647
1,Deaths,,South Asia,3,Both,17,60-64 years,302,Diarrheal diseases,183,Clostridium difficile,1,Number,1992,8217.105855,17237.458185,8217.105855
1,Deaths,,South Asia,3,Both,17,60-64 years,302,Diarrheal diseases,183,Clostridium difficile,1,Number,1993,8519.68751,17629.538625,8519.68751
1,Deaths,,South Asia,3,Both,17,60-64 years,302,Diarrheal diseases,183,Clostridium difficile,1,Number,1994,9072.769005,17980.13785,9072.769005
1,Deaths,,South Asia,3,Both,17,60-64 years,302,Diarrheal diseases,183,Clostridium difficile,1,Number,1995,9591.005565,18890.594895,9591.005565
1,Deaths,,South Asia,3,Both,17,60-64 years,302,Diarrheal diseases,183,Clostridium difficile,1,Number,1996,9470.77214,19484.406575,9470.77214
1,Deaths,,South Asia,3,Both,17,60-64 years,302,Diarrheal diseases,183,Clostridium difficile,1,Number,1997,10201.974025,19232.18673,10201.974025
1,Deaths,,South Asia,3,Both,17,60-64 years,302,Diarrheal diseases,183,Clostridium difficile,1,Number,1998,10648.50054,19500.503865,10648.50054
1,Deaths,,South Asia,3,Both,17,60-64 years,302,Diarrheal diseases,183,Clostridium difficile,1,Number,1999,9830.120505,18434.14081,9830.120505
1,Deaths,,South Asia,3,Both,17,60-64 years,302,Diarrheal diseases,183,Clostridium difficile,1,Number,2000,9792.07109,17506.973055,9792.07109
1,Deaths,,South Asia,3,Both,17,60-64 years,302,Diarrheal diseases,183,Clostridium difficile,1,Number,2001,10153.90536,17163.51425,10153.90536
1,Deaths,,South Asia,3,Both,17,60-64 years,302,Diarrheal diseases,183,Clostridium difficile,1,Number,2002,10452.88972,17248.99958,10452.88972
1,Deaths,,South Asia,3,Both,17,60-64 years,302,Diarrheal diseases,183,Clostridium difficile,1,Number,2003,10747.68971,17566.4266,10747.68971
1,Deaths,,South Asia,3,Both,17,60-64 years,302,Diarrheal diseases,183,Clostridium difficile,1,Number,2004,10814.73853,17959.93176,10814.73853
1,Deaths,,South Asia,3,Both,17,60-64 years,302,Diarrheal diseases,183,Clostridium difficile,1,Number,2005,12602.90486,19661.3334,12602.90486
1,Deaths,,South Asia,3,Both,17,60-64 years,302,Diarrheal diseases,183,Clostridium difficile,1,Number,2006,14462.818985,21520.33663,14462.818985
1,Deaths,,South Asia,3,Both,17,60-64 years,302,Diarrheal diseases,183,Clostridium difficile,1,Number,2007,15923.60571,23097.99319,15923.60571
1,Deaths,,South Asia,3,Both,17,60-64 years,302,Diarrheal diseases,183,Clostridium difficile,1,Number,2008,16494.898035,24298.250315,16494.898035
1,Deaths,,South Asia,3,Both,17,60-64 years,302,Diarrheal diseases,183,Clostridium difficile,1,Number,2009,17445.51076,26073.84125,17445.51076
1,Deaths,,South Asia,3,Both,17,60-64 years,302,Diarrheal diseases,183,Clostridium difficile,1,Number,2010,19070.98256,28211.10272,19070.98256
1,Deaths,,South Asia,3,Both,17,60-64 years,302,Diarrheal diseases,183,Clostridium difficile,1,Number,2011,22923.78898,32451.368975,22923.78898
1,Deaths,,South Asia,3,Both,17,60-64 years,302,Diarrheal diseases,183,Clostridium difficile,1,Number,2012,25715.817705,36315.46894,25715.817705
1,Deaths,,South Asia,3,Both,17,60-64 years,302,Diarrheal diseases,183,Clostridium difficile,1,Number,2013,25998.53767,35828.524005,25998.53767
1,Deaths,,South Asia,3,Both,17,60-64 years,302,Diarrheal diseases,183,Clostridium difficile,1,Number,2014,26430.84604,35581.240395,26430.84604
1,Deaths,,South Asia,3,Both,17,60-64 years,302,Diarrheal diseases,183,Clostridium difficile,1,Number,2015,28115.608945,37718.163265,28115.608945
1,Deaths,,South Asia,3,Both,17,60-64 years,302,Diarrheal diseases,183,Clostridium difficile,1,Number,2016,28363.22071,37703.494825,28363.22071
1,Deaths,,South Asia,3,Both,17,60-64 years,302,Diarrheal diseases,183,Clostridium difficile,1,Number,2017,29231.46231,40582.956565,29231.46231
1,Deaths,,South Asia,3,Both,17,60-64 years,302,Diarrheal diseases,183,Clostridium difficile,1,Number,2018,30737.529655,41227.30956,30737.529655
1,Deaths,,South Asia,3,Both,17,60-64 years,302,Diarrheal diseases,183,Clostridium difficile,1,Number,2019,30602.443555,41210.26942,30602.443555
1,Deaths,,South Asia,3,Both,17,60-64 years,302,Diarrheal diseases,183,Clostridium difficile,1,Number,2020,29039.836205,39755.175945,29039.836205
1,Deaths,,South Asia,3,Both,17,60-64 years,302,Diarrheal diseases,183,Clostridium difficile,1,Number,2021,26799.07921,38657.679335,26799.07921
1,Deaths,,South Asia,3,Both,18,65-69 years,302,Diarrheal diseases,183,Clostridium difficile,1,Number,1990,8315.92323,17814.79796,8315.92323
1,Deaths,,South Asia,3,Both,18,65-69 years,302,Diarrheal diseases,183,Clostridium difficile,1,Number,1991,8601.39918,18466.534355,8601.39918
1,Deaths,,South Asia,3,Both,18,65-69 years,302,Diarrheal diseases,183,Clostridium difficile,1,Number,1992,9059.98014,18611.899855,9059.98014
1,Deaths,,South Asia,3,Both,18,65-69 years,302,Diarrheal diseases,183,Clostridium difficile,1,Number,1993,9186.971775,19457.873435,9186.971775
1,Deaths,,South Asia,3,Both,18,65-69 years,302,Diarrheal diseases,183,Clostridium difficile,1,Number,1994,9966.55814,19911.88963,9966.55814
1,Deaths,,South Asia,3,Both,18,65-69 years,302,Diarrheal diseases,183,Clostridium difficile,1,Number,1995,10491.93725,20376.14618,10491.93725
1,Deaths,,South Asia,3,Both,18,65-69 years,302,Diarrheal diseases,183,Clostridium difficile,1,Number,1996,10910.465765,21338.390455,10910.465765
1,Deaths,,South Asia,3,Both,18,65-69 years,302,Diarrheal diseases,183,Clostridium difficile,1,Number,1997,12049.56568,22271.296125,12049.56568
1,Deaths,,South Asia,3,Both,18,65-69 years,302,Diarrheal diseases,183,Clostridium difficile,1,Number,1998,13072.647465,23400.99265,13072.647465
1,Deaths,,South Asia,3,Both,18,65-69 years,302,Diarrheal diseases,183,Clostridium difficile,1,Number,1999,13181.91578,22795.50955,13181.91578
1,Deaths,,South Asia,3,Both,18,65-69 years,302,Diarrheal diseases,183,Clostridium difficile,1,Number,2000,13476.588965,23033.00197,13476.588965
1,Deaths,,South Asia,3,Both,18,65-69 years,302,Diarrheal diseases,183,Clostridium difficile,1,Number,2001,14248.833875,23671.05191,14248.833875
1,Deaths,,South Asia,3,Both,18,65-69 years,302,Diarrheal diseases,183,Clostridium difficile,1,Number,2002,14510.75754,23746.185915,14510.75754
1,Deaths,,South Asia,3,Both,18,65-69 years,302,Diarrheal diseases,183,Clostridium difficile,1,Number,2003,14291.066165,22703.683805,14291.066165
1,Deaths,,South Asia,3,Both,18,65-69 years,302,Diarrheal diseases,183,Clostridium difficile,1,Number,2004,14184.26204,22020.413865,14184.26204
1,Deaths,,South Asia,3,Both,18,65-69 years,302,Diarrheal diseases,183,Clostridium difficile,1,Number,2005,16479.21015,25062.57119,16479.21015
1,Deaths,,South Asia,3,Both,18,65-69 years,302,Diarrheal diseases,183,Clostridium difficile,1,Number,2006,18707.95073,27977.91309,18707.95073
1,Deaths,,South Asia,3,Both,18,65-69 years,302,Diarrheal diseases,183,Clostridium difficile,1,Number,2007,20081.535345,29241.44328,20081.535345
1,Deaths,,South Asia,3,Both,18,65-69 years,302,Diarrheal diseases,183,Clostridium difficile,1,Number,2008,21117.30626,30935.467145,21117.30626
1,Deaths,,South Asia,3,Both,18,65-69 years,302,Diarrheal diseases,183,Clostridium difficile,1,Number,2009,23747.539375,33877.76611,23747.539375
1,Deaths,,South Asia,3,Both,18,65-69 years,302,Diarrheal diseases,183,Clostridium difficile,1,Number,2010,26678.20784,38575.659645,26678.20784
1,Deaths,,South Asia,3,Both,18,65-69 years,302,Diarrheal diseases,183,Clostridium difficile,1,Number,2011,31605.69112,42560.18924,31605.69112
1,Deaths,,South Asia,3,Both,18,65-69 years,302,Diarrheal diseases,183,Clostridium difficile,1,Number,2012,33850.322745,46677.039125,33850.322745
1,Deaths,,South Asia,3,Both,18,65-69 years,302,Diarrheal diseases,183,Clostridium difficile,1,Number,2013,33708.44901,44770.28334,33708.44901
1,Deaths,,South Asia,3,Both,18,65-69 years,302,Diarrheal diseases,183,Clostridium difficile,1,Number,2014,32311.99807,43007.077265,32311.99807
1,Deaths,,South Asia,3,Both,18,65-69 years,302,Diarrheal diseases,183,Clostridium difficile,1,Number,2015,32974.887025,43944.633675,32974.887025
1,Deaths,,South Asia,3,Both,18,65-69 years,302,Diarrheal diseases,183,Clostridium difficile,1,Number,2016,34865.98055,47516.61823,34865.98055
1,Deaths,,South Asia,3,Both,18,65-69 years,302,Diarrheal diseases,183,Clostridium difficile,1,Number,2017,40285.167035,52479.04005,40285.167035
1,Deaths,,South Asia,3,Both,18,65-69 years,302,Diarrheal diseases,183,Clostridium difficile,1,Number,2018,42850.328635,55414.27395,42850.328635
1,Deaths,,South Asia,3,Both,18,65-69 years,302,Diarrheal diseases,183,Clostridium difficile,1,Number,2019,42627.789195,56393.86045,42627.789195
1,Deaths,,South Asia,3,Both,18,65-69 years,302,Diarrheal diseases,183,Clostridium difficile,1,Number,2020,40676.239355,54497.8748,40676.239355
1,Deaths,,South Asia,3,Both,18,65-69 years,302,Diarrheal diseases,183,Clostridium difficile,1,Number,2021,36416.823255,51393.92085,36416.823255
1,Deaths,,South Asia,3,Both,19,70-74 years,302,Diarrheal diseases,183,Clostridium difficile,1,Number,1990,7198.77917,17012.92286,7198.77917
1,Deaths,,South Asia,3,Both,19,70-74 years,302,Diarrheal diseases,183,Clostridium difficile,1,Number,1991,7692.294755,17577.86423,7692.294755
1,Deaths,,South Asia,3,Both,19,70-74 years,302,Diarrheal diseases,183,Clostridium difficile,1,Number,1992,8043.12545,18347.614875,8043.12545
1,Deaths,,South Asia,3,Both,19,70-74 years,302,Diarrheal diseases,183,Clostridium difficile,1,Number,1993,8307.420235,18726.04933,8307.420235
1,Deaths,,South Asia,3,Both,19,70-74 years,302,Diarrheal diseases,183,Clostridium difficile,1,Number,1994,9135.12376,19038.081395,9135.12376
1,Deaths,,South Asia,3,Both,19,70-74 years,302,Diarrheal diseases,183,Clostridium difficile,1,Number,1995,9794.28969,20373.557725,9794.28969
1,Deaths,,South Asia,3,Both,19,70-74 years,302,Diarrheal diseases,183,Clostridium difficile,1,Number,1996,10133.951325,20844.076415,10133.951325
1,Deaths,,South Asia,3,Both,19,70-74 years,302,Diarrheal diseases,183,Clostridium difficile,1,Number,1997,10365.064545,21446.361575,10365.064545
1,Deaths,,South Asia,3,Both,19,70-74 years,302,Diarrheal diseases,183,Clostridium difficile,1,Number,1998,11673.475145,22389.689985,11673.475145
1,Deaths,,South Asia,3,Both,19,70-74 years,302,Diarrheal diseases,183,Clostridium difficile,1,Number,1999,11485.975685,21906.780825,11485.975685
1,Deaths,,South Asia,3,Both,19,70-74 years,302,Diarrheal diseases,183,Clostridium difficile,1,Number,2000,11056.52772,20801.774955,11056.52772
1,Deaths,,South Asia,3,Both,19,70-74 years,302,Diarrheal diseases,183,Clostridium difficile,1,Number,2001,12069.83053,20539.427775,12069.83053
1,Deaths,,South Asia,3,Both,19,70-74 years,302,Diarrheal diseases,183,Clostridium difficile,1,Number,2002,12579.374915,21413.299985,12579.374915
1,Deaths,,South Asia,3,Both,19,70-74 years,302,Diarrheal diseases,183,Clostridium difficile,1,Number,2003,13200.98711,22245.357055,13200.98711
1,Deaths,,South Asia,3,Both,19,70-74 years,302,Diarrheal diseases,183,Clostridium difficile,1,Number,2004,14309.89971,23026.42537,14309.89971
1,Deaths,,South Asia,3,Both,19,70-74 years,302,Diarrheal diseases,183,Clostridium difficile,1,Number,2005,16492.70854,25994.960185,16492.70854
1,Deaths,,South Asia,3,Both,19,70-74 years,302,Diarrheal diseases,183,Clostridium difficile,1,Number,2006,18241.258605,28227.587925,18241.258605
1,Deaths,,South Asia,3,Both,19,70-74 years,302,Diarrheal diseases,183,Clostridium difficile,1,Number,2007,21361.58489,32083.850505,21361.58489
1,Deaths,,South Asia,3,Both,19,70-74 years,302,Diarrheal diseases,183,Clostridium difficile,1,Number,2008,22855.67302,33780.432695,22855.67302
1,Deaths,,South Asia,3,Both,19,70-74 years,302,Diarrheal diseases,183,Clostridium difficile,1,Number,2009,24509.671175,36104.483195,24509.671175
1,Deaths,,South Asia,3,Both,19,70-74 years,302,Diarrheal diseases,183,Clostridium difficile,1,Number,2010,27274.035785,39804.30222,27274.035785
1,Deaths,,South Asia,3,Both,19,70-74 years,302,Diarrheal diseases,183,Clostridium difficile,1,Number,2011,32052.40022,45504.60047,32052.40022
1,Deaths,,South Asia,3,Both,19,70-74 years,302,Diarrheal diseases,183,Clostridium difficile,1,Number,2012,35827.57221,50186.3077,35827.57221
1,Deaths,,South Asia,3,Both,19,70-74 years,302,Diarrheal diseases,183,Clostridium difficile,1,Number,2013,36298.27954,49678.717055,36298.27954
1,Deaths,,South Asia,3,Both,19,70-74 years,302,Diarrheal diseases,183,Clostridium difficile,1,Number,2014,34345.68445,46112.286985,34345.68445
1,Deaths,,South Asia,3,Both,19,70-74 years,302,Diarrheal diseases,183,Clostridium difficile,1,Number,2015,33900.901675,45470.619815,33900.901675
1,Deaths,,South Asia,3,Both,19,70-74 years,302,Diarrheal diseases,183,Clostridium difficile,1,Number,2016,36763.23691,47889.96731,36763.23691
1,Deaths,,South Asia,3,Both,19,70-74 years,302,Diarrheal diseases,183,Clostridium difficile,1,Number,2017,40262.056835,56611.7771,40262.056835
1,Deaths,,South Asia,3,Both,19,70-74 years,302,Diarrheal diseases,183,Clostridium difficile,1,Number,2018,42352.79992,56607.153,42352.79992
1,Deaths,,South Asia,3,Both,19,70-74 years,302,Diarrheal diseases,183,Clostridium difficile,1,Number,2019,41506.28829,56130.08815,41506.28829
1,Deaths,,South Asia,3,Both,19,70-74 years,302,Diarrheal diseases,183,Clostridium difficile,1,Number,2020,40548.333425,56888.68935,40548.333425
1,Deaths,,South Asia,3,Both,19,70-74 years,302,Diarrheal diseases,183,Clostridium difficile,1,Number,2021,39686.013295,54954.3921,39686.013295
1,Deaths,,South Asia,3,Both,20,75-79 years,302,Diarrheal diseases,183,Clostridium difficile,1,Number,1990,6369.126195,15554.241735,6369.126195
1,Deaths,,South Asia,3,Both,20,75-79 years,302,Diarrheal diseases,183,Clostridium difficile,1,Number,1991,6674.17215,15670.95493,6674.17215
1,Deaths,,South Asia,3,Both,20,75-79 years,302,Diarrheal diseases,183,Clostridium difficile,1,Number,1992,6975.846295,16107.92481,6975.846295
1,Deaths,,South Asia,3,Both,20,75-79 years,302,Diarrheal diseases,183,Clostridium difficile,1,Number,1993,7190.733755,16376.926485,7190.733755
1,Deaths,,South Asia,3,Both,20,75-79 years,302,Diarrheal diseases,183,Clostridium difficile,1,Number,1994,7572.00792,16928.18378,7572.00792
1,Deaths,,South Asia,3,Both,20,75-79 years,302,Diarrheal diseases,183,Clostridium difficile,1,Number,1995,8407.78191,18342.510745,8407.78191
1,Deaths,,South Asia,3,Both,20,75-79 years,302,Diarrheal diseases,183,Clostridium difficile,1,Number,1996,8870.32102,18590.828005,8870.32102
1,Deaths,,South Asia,3,Both,20,75-79 years,302,Diarrheal diseases,183,Clostridium difficile,1,Number,1997,8886.328315,18499.08983,8886.328315
1,Deaths,,South Asia,3,Both,20,75-79 years,302,Diarrheal diseases,183,Clostridium difficile,1,Number,1998,9290.9775,18763.380355,9290.9775
1,Deaths,,South Asia,3,Both,20,75-79 years,302,Diarrheal diseases,183,Clostridium difficile,1,Number,1999,9511.96626,18575.16547,9511.96626
1,Deaths,,South Asia,3,Both,20,75-79 years,302,Diarrheal diseases,183,Clostridium difficile,1,Number,2000,10194.385975,18587.35511,10194.385975
1,Deaths,,South Asia,3,Both,20,75-79 years,302,Diarrheal diseases,183,Clostridium difficile,1,Number,2001,10621.238305,18826.61426,10621.238305
1,Deaths,,South Asia,3,Both,20,75-79 years,302,Diarrheal diseases,183,Clostridium difficile,1,Number,2002,11160.32106,18563.22402,11160.32106
1,Deaths,,South Asia,3,Both,20,75-79 years,302,Diarrheal diseases,183,Clostridium difficile,1,Number,2003,11439.089365,19044.63379,11439.089365
1,Deaths,,South Asia,3,Both,20,75-79 years,302,Diarrheal diseases,183,Clostridium difficile,1,Number,2004,12031.41663,19826.531645,12031.41663
1,Deaths,,South Asia,3,Both,20,75-79 years,302,Diarrheal diseases,183,Clostridium difficile,1,Number,2005,14469.539745,22764.44724,14469.539745
1,Deaths,,South Asia,3,Both,20,75-79 years,302,Diarrheal diseases,183,Clostridium difficile,1,Number,2006,16754.74445,25595.02496,16754.74445
1,Deaths,,South Asia,3,Both,20,75-79 years,302,Diarrheal diseases,183,Clostridium difficile,1,Number,2007,18766.630285,28165.073685,18766.630285
1,Deaths,,South Asia,3,Both,20,75-79 years,302,Diarrheal diseases,183,Clostridium difficile,1,Number,2008,20734.04354,30578.151705,20734.04354
1,Deaths,,South Asia,3,Both,20,75-79 years,302,Diarrheal diseases,183,Clostridium difficile,1,Number,2009,22792.194935,33744.193905,22792.194935
1,Deaths,,South Asia,3,Both,20,75-79 years,302,Diarrheal diseases,183,Clostridium difficile,1,Number,2010,25792.195335,38000.534425,25792.195335
1,Deaths,,South Asia,3,Both,20,75-79 years,302,Diarrheal diseases,183,Clostridium difficile,1,Number,2011,29696.948945,43667.7543,29696.948945
1,Deaths,,South Asia,3,Both,20,75-79 years,302,Diarrheal diseases,183,Clostridium difficile,1,Number,2012,32915.941145,47299.948545,32915.941145
1,Deaths,,South Asia,3,Both,20,75-79 years,302,Diarrheal diseases,183,Clostridium difficile,1,Number,2013,34540.023225,49800.74447,34540.023225
1,Deaths,,South Asia,3,Both,20,75-79 years,302,Diarrheal diseases,183,Clostridium difficile,1,Number,2014,35446.74101,49312.888465,35446.74101
1,Deaths,,South Asia,3,Both,20,75-79 years,302,Diarrheal diseases,183,Clostridium difficile,1,Number,2015,34828.696515,47245.219935,34828.696515
1,Deaths,,South Asia,3,Both,20,75-79 years,302,Diarrheal diseases,183,Clostridium difficile,1,Number,2016,35373.25952,48041.18059,35373.25952
1,Deaths,,South Asia,3,Both,20,75-79 years,302,Diarrheal diseases,183,Clostridium difficile,1,Number,2017,39679.66957,52938.5758,39679.66957
1,Deaths,,South Asia,3,Both,20,75-79 years,302,Diarrheal diseases,183,Clostridium difficile,1,Number,2018,39675.126195,54452.89255,39675.126195
1,Deaths,,South Asia,3,Both,20,75-79 years,302,Diarrheal diseases,183,Clostridium difficile,1,Number,2019,40998.74863,55448.1376,40998.74863
1,Deaths,,South Asia,3,Both,20,75-79 years,302,Diarrheal diseases,183,Clostridium difficile,1,Number,2020,39417.704595,53547.2598,39417.704595
1,Deaths,,South Asia,3,Both,20,75-79 years,302,Diarrheal diseases,183,Clostridium difficile,1,Number,2021,35859.16095,50303.57165,35859.16095
1,Deaths,,South Asia,3,Both,30,80-84 years,302,Diarrheal diseases,183,Clostridium difficile,1,Number,1990,4145.832099,12658.657435,4145.832099
1,Deaths,,South Asia,3,Both,30,80-84 years,302,Diarrheal diseases,183,Clostridium difficile,1,Number,1991,4747.476514,12743.808285,4747.476514
1,Deaths,,South Asia,3,Both,30,80-84 years,302,Diarrheal diseases,183,Clostridium difficile,1,Number,1992,5116.52344,13197.987565,5116.52344
1,Deaths,,South Asia,3,Both,30,80-84 years,302,Diarrheal diseases,183,Clostridium difficile,1,Number,1993,5225.845185,13204.842335,5225.845185
1,Deaths,,South Asia,3,Both,30,80-84 years,302,Diarrheal diseases,183,Clostridium difficile,1,Number,1994,5433.968275,13515.111785,5433.968275
1,Deaths,,South Asia,3,Both,30,80-84 years,302,Diarrheal diseases,183,Clostridium difficile,1,Number,1995,6027.71822,14505.073795,6027.71822
1,Deaths,,South Asia,3,Both,30,80-84 years,302,Diarrheal diseases,183,Clostridium difficile,1,Number,1996,6253.06126,14165.17717,6253.06126
1,Deaths,,South Asia,3,Both,30,80-84 years,302,Diarrheal diseases,183,Clostridium difficile,1,Number,1997,6139.62673,13771.38946,6139.62673
1,Deaths,,South Asia,3,Both,30,80-84 years,302,Diarrheal diseases,183,Clostridium difficile,1,Number,1998,6323.00862,14052.34659,6323.00862
1,Deaths,,South Asia,3,Both,30,80-84 years,302,Diarrheal diseases,183,Clostridium difficile,1,Number,1999,6109.562245,13667.314525,6109.562245
1,Deaths,,South Asia,3,Both,30,80-84 years,302,Diarrheal diseases,183,Clostridium difficile,1,Number,2000,6397.42307,13182.163735,6397.42307
1,Deaths,,South Asia,3,Both,30,80-84 years,302,Diarrheal diseases,183,Clostridium difficile,1,Number,2001,6711.429525,13247.352755,6711.429525
1,Deaths,,South Asia,3,Both,30,80-84 years,302,Diarrheal diseases,183,Clostridium difficile,1,Number,2002,7137.97217,13530.8904,7137.97217
1,Deaths,,South Asia,3,Both,30,80-84 years,302,Diarrheal diseases,183,Clostridium difficile,1,Number,2003,7747.06694,14217.34116,7747.06694
1,Deaths,,South Asia,3,Both,30,80-84 years,302,Diarrheal diseases,183,Clostridium difficile,1,Number,2004,8586.91137,14913.309195,8586.91137
1,Deaths,,South Asia,3,Both,30,80-84 years,302,Diarrheal diseases,183,Clostridium difficile,1,Number,2005,9902.85195,16870.826665,9902.85195
1,Deaths,,South Asia,3,Both,30,80-84 years,302,Diarrheal diseases,183,Clostridium difficile,1,Number,2006,11321.636585,19099.264945,11321.636585
1,Deaths,,South Asia,3,Both,30,80-84 years,302,Diarrheal diseases,183,Clostridium difficile,1,Number,2007,13194.41483,21700.136365,13194.41483
1,Deaths,,South Asia,3,Both,30,80-84 years,302,Diarrheal diseases,183,Clostridium difficile,1,Number,2008,14540.52795,24127.738265,14540.52795
1,Deaths,,South Asia,3,Both,30,80-84 years,302,Diarrheal diseases,183,Clostridium difficile,1,Number,2009,16578.401445,26504.869435,16578.401445
1,Deaths,,South Asia,3,Both,30,80-84 years,302,Diarrheal diseases,183,Clostridium difficile,1,Number,2010,18490.400555,30603.600385,18490.400555
1,Deaths,,South Asia,3,Both,30,80-84 years,302,Diarrheal diseases,183,Clostridium difficile,1,Number,2011,22524.284405,35087.145185,22524.284405
1,Deaths,,South Asia,3,Both,30,80-84 years,302,Diarrheal diseases,183,Clostridium difficile,1,Number,2012,25100.133235,40731.40031,25100.133235
1,Deaths,,South Asia,3,Both,30,80-84 years,302,Diarrheal diseases,183,Clostridium difficile,1,Number,2013,28945.158805,46741.562125,28945.158805
1,Deaths,,South Asia,3,Both,30,80-84 years,302,Diarrheal diseases,183,Clostridium difficile,1,Number,2014,32681.610435,49955.26989,32681.610435
1,Deaths,,South Asia,3,Both,30,80-84 years,302,Diarrheal diseases,183,Clostridium difficile,1,Number,2015,31459.0888,47776.32385,31459.0888
1,Deaths,,South Asia,3,Both,30,80-84 years,302,Diarrheal diseases,183,Clostridium difficile,1,Number,2016,31432.925365,46864.317215,31432.925365
1,Deaths,,South Asia,3,Both,30,80-84 years,302,Diarrheal diseases,183,Clostridium difficile,1,Number,2017,34068.4424,51492.66285,34068.4424
1,Deaths,,South Asia,3,Both,30,80-84 years,302,Diarrheal diseases,183,Clostridium difficile,1,Number,2018,33947.080135,49693.045765,33947.080135
1,Deaths,,South Asia,3,Both,30,80-84 years,302,Diarrheal diseases,183,Clostridium difficile,1,Number,2019,33580.99734,48856.038475,33580.99734
1,Deaths,,South Asia,3,Both,30,80-84 years,302,Diarrheal diseases,183,Clostridium difficile,1,Number,2020,32711.923485,48540.012735,32711.923485
1,Deaths,,South Asia,3,Both,30,80-84 years,302,Diarrheal diseases,183,Clostridium difficile,1,Number,2021,30836.3372,45600.0479,30836.3372
1,Deaths,,South Asia,3,Both,31,85-89 years,302,Diarrheal diseases,183,Clostridium difficile,1,Number,1990,2177.226466,6608.412955,2177.226466
1,Deaths,,South Asia,3,Both,31,85-89 years,302,Diarrheal diseases,183,Clostridium difficile,1,Number,1991,2394.397416,7175.59851,2394.397416
1,Deaths,,South Asia,3,Both,31,85-89 years,302,Diarrheal diseases,183,Clostridium difficile,1,Number,1992,2712.1800715,7739.664775,2712.1800715
1,Deaths,,South Asia,3,Both,31,85-89 years,302,Diarrheal diseases,183,Clostridium difficile,1,Number,1993,2903.567906,8114.72117,2903.567906
1,Deaths,,South Asia,3,Both,31,85-89 years,302,Diarrheal diseases,183,Clostridium difficile,1,Number,1994,3083.5681005,8730.73326,3083.5681005
1,Deaths,,South Asia,3,Both,31,85-89 years,302,Diarrheal diseases,183,Clostridium difficile,1,Number,1995,3549.862621,9550.973075,3549.862621
1,Deaths,,South Asia,3,Both,31,85-89 years,302,Diarrheal diseases,183,Clostridium difficile,1,Number,1996,3668.827042,9445.08537,3668.827042
1,Deaths,,South Asia,3,Both,31,85-89 years,302,Diarrheal diseases,183,Clostridium difficile,1,Number,1997,3683.8235545,9191.99292,3683.8235545
1,Deaths,,South Asia,3,Both,31,85-89 years,302,Diarrheal diseases,183,Clostridium difficile,1,Number,1998,3825.227859,9070.60907,3825.227859
1,Deaths,,South Asia,3,Both,31,85-89 years,302,Diarrheal diseases,183,Clostridium difficile,1,Number,1999,3507.6030835,8349.98853,3507.6030835
1,Deaths,,South Asia,3,Both,31,85-89 years,302,Diarrheal diseases,183,Clostridium difficile,1,Number,2000,3626.312162,7876.9932,3626.312162
1,Deaths,,South Asia,3,Both,31,85-89 years,302,Diarrheal diseases,183,Clostridium difficile,1,Number,2001,3648.697507,8138.01546,3648.697507
1,Deaths,,South Asia,3,Both,31,85-89 years,302,Diarrheal diseases,183,Clostridium difficile,1,Number,2002,3998.5534825,8139.856805,3998.5534825
1,Deaths,,South Asia,3,Both,31,85-89 years,302,Diarrheal diseases,183,Clostridium difficile,1,Number,2003,4503.469284,8478.99668,4503.469284
1,Deaths,,South Asia,3,Both,31,85-89 years,302,Diarrheal diseases,183,Clostridium difficile,1,Number,2004,5023.363635,9166.12849,5023.363635
1,Deaths,,South Asia,3,Both,31,85-89 years,302,Diarrheal diseases,183,Clostridium difficile,1,Number,2005,5570.39984,10536.346615,5570.39984
1,Deaths,,South Asia,3,Both,31,85-89 years,302,Diarrheal diseases,183,Clostridium difficile,1,Number,2006,6669.978755,12255.59626,6669.978755
1,Deaths,,South Asia,3,Both,31,85-89 years,302,Diarrheal diseases,183,Clostridium difficile,1,Number,2007,7927.32735,13791.68126,7927.32735
1,Deaths,,South Asia,3,Both,31,85-89 years,302,Diarrheal diseases,183,Clostridium difficile,1,Number,2008,8314.723625,14558.29162,8314.723625
1,Deaths,,South Asia,3,Both,31,85-89 years,302,Diarrheal diseases,183,Clostridium difficile,1,Number,2009,8882.712545,15210.108495,8882.712545
1,Deaths,,South Asia,3,Both,31,85-89 years,302,Diarrheal diseases,183,Clostridium difficile,1,Number,2010,9906.128145,17404.84051,9906.128145
1,Deaths,,South Asia,3,Both,31,85-89 years,302,Diarrheal diseases,183,Clostridium difficile,1,Number,2011,11276.7366,20299.937405,11276.7366
1,Deaths,,South Asia,3,Both,31,85-89 years,302,Diarrheal diseases,183,Clostridium difficile,1,Number,2012,13811.209705,24218.26154,13811.209705
1,Deaths,,South Asia,3,Both,31,85-89 years,302,Diarrheal diseases,183,Clostridium difficile,1,Number,2013,18316.76416,30148.23579,18316.76416
1,Deaths,,South Asia,3,Both,31,85-89 years,302,Diarrheal diseases,183,Clostridium difficile,1,Number,2014,20879.714395,34123.206955,20879.714395
1,Deaths,,South Asia,3,Both,31,85-89 years,302,Diarrheal diseases,183,Clostridium difficile,1,Number,2015,19171.05071,31786.772765,19171.05071
1,Deaths,,South Asia,3,Both,31,85-89 years,302,Diarrheal diseases,183,Clostridium difficile,1,Number,2016,18800.158085,29970.659225,18800.158085
1,Deaths,,South Asia,3,Both,31,85-89 years,302,Diarrheal diseases,183,Clostridium difficile,1,Number,2017,20446.64909,31465.2076,20446.64909
1,Deaths,,South Asia,3,Both,31,85-89 years,302,Diarrheal diseases,183,Clostridium difficile,1,Number,2018,19075.217665,29917.429295,19075.217665
1,Deaths,,South Asia,3,Both,31,85-89 years,302,Diarrheal diseases,183,Clostridium difficile,1,Number,2019,18585.996885,31054.067875,18585.996885
1,Deaths,,South Asia,3,Both,31,85-89 years,302,Diarrheal diseases,183,Clostridium difficile,1,Number,2020,19363.855745,30787.906805,19363.855745
1,Deaths,,South Asia,3,Both,31,85-89 years,302,Diarrheal diseases,183,Clostridium difficile,1,Number,2021,18040.435515,29287.133275,18040.435515
1,Deaths,,South Asia,3,Both,32,90-94 years,302,Diarrheal diseases,183,Clostridium difficile,1,Number,1990,880.778825,2315.2557995,880.778825
1,Deaths,,South Asia,3,Both,32,90-94 years,302,Diarrheal diseases,183,Clostridium difficile,1,Number,1991,833.3629215,2510.614991,833.3629215
1,Deaths,,South Asia,3,Both,32,90-94 years,302,Diarrheal diseases,183,Clostridium difficile,1,Number,1992,945.9825565,2754.1409615,945.9825565
1,Deaths,,South Asia,3,Both,32,90-94 years,302,Diarrheal diseases,183,Clostridium difficile,1,Number,1993,1020.813901,2985.6795695,1020.813901
1,Deaths,,South Asia,3,Both,32,90-94 years,302,Diarrheal diseases,183,Clostridium difficile,1,Number,1994,1197.845995,3263.847185,1197.845995
1,Deaths,,South Asia,3,Both,32,90-94 years,302,Diarrheal diseases,183,Clostridium difficile,1,Number,1995,1374.3699595,3748.8754605,1374.3699595
1,Deaths,,South Asia,3,Both,32,90-94 years,302,Diarrheal diseases,183,Clostridium difficile,1,Number,1996,1417.3914455,3948.8537955,1417.3914455
1,Deaths,,South Asia,3,Both,32,90-94 years,302,Diarrheal diseases,183,Clostridium difficile,1,Number,1997,1561.657339,4022.71843,1561.657339
1,Deaths,,South Asia,3,Both,32,90-94 years,302,Diarrheal diseases,183,Clostridium difficile,1,Number,1998,1616.394735,4216.0863335,1616.394735
1,Deaths,,South Asia,3,Both,32,90-94 years,302,Diarrheal diseases,183,Clostridium difficile,1,Number,1999,1621.7913855,3918.584471,1621.7913855
1,Deaths,,South Asia,3,Both,32,90-94 years,302,Diarrheal diseases,183,Clostridium difficile,1,Number,2000,1656.3264485,3921.8105795,1656.3264485
1,Deaths,,South Asia,3,Both,32,90-94 years,302,Diarrheal diseases,183,Clostridium difficile,1,Number,2001,1828.3561335,3971.1102575,1828.3561335
1,Deaths,,South Asia,3,Both,32,90-94 years,302,Diarrheal diseases,183,Clostridium difficile,1,Number,2002,1869.630426,4056.351574,1869.630426
1,Deaths,,South Asia,3,Both,32,90-94 years,302,Diarrheal diseases,183,Clostridium difficile,1,Number,2003,2075.7364385,4149.7530205,2075.7364385
1,Deaths,,South Asia,3,Both,32,90-94 years,302,Diarrheal diseases,183,Clostridium difficile,1,Number,2004,2293.7920365,4398.63558,2293.7920365
1,Deaths,,South Asia,3,Both,32,90-94 years,302,Diarrheal diseases,183,Clostridium difficile,1,Number,2005,2626.7725655,4840.518188,2626.7725655
1,Deaths,,South Asia,3,Both,32,90-94 years,302,Diarrheal diseases,183,Clostridium difficile,1,Number,2006,3283.8403205,5538.59179,3283.8403205
1,Deaths,,South Asia,3,Both,32,90-94 years,302,Diarrheal diseases,183,Clostridium difficile,1,Number,2007,3811.0762675,6443.643435,3811.0762675
1,Deaths,,South Asia,3,Both,32,90-94 years,302,Diarrheal diseases,183,Clostridium difficile,1,Number,2008,3907.3648295,6876.156825,3907.3648295
1,Deaths,,South Asia,3,Both,32,90-94 years,302,Diarrheal diseases,183,Clostridium difficile,1,Number,2009,4109.8451155,7371.47249,4109.8451155
1,Deaths,,South Asia,3,Both,32,90-94 years,302,Diarrheal diseases,183,Clostridium difficile,1,Number,2010,4661.022229,8688.20479,4661.022229
1,Deaths,,South Asia,3,Both,32,90-94 years,302,Diarrheal diseases,183,Clostridium difficile,1,Number,2011,5348.5044,9983.225665,5348.5044
1,Deaths,,South Asia,3,Both,32,90-94 years,302,Diarrheal diseases,183,Clostridium difficile,1,Number,2012,6333.471395,11975.47721,6333.471395
1,Deaths,,South Asia,3,Both,32,90-94 years,302,Diarrheal diseases,183,Clostridium difficile,1,Number,2013,8702.15961,14815.21645,8702.15961
1,Deaths,,South Asia,3,Both,32,90-94 years,302,Diarrheal diseases,183,Clostridium difficile,1,Number,2014,9695.139055,16244.449825,9695.139055
1,Deaths,,South Asia,3,Both,32,90-94 years,302,Diarrheal diseases,183,Clostridium difficile,1,Number,2015,8623.30621,14093.176285,8623.30621
1,Deaths,,South Asia,3,Both,32,90-94 years,302,Diarrheal diseases,183,Clostridium difficile,1,Number,2016,7939.617675,13304.0556,7939.617675
1,Deaths,,South Asia,3,Both,32,90-94 years,302,Diarrheal diseases,183,Clostridium difficile,1,Number,2017,8470.77557,13870.19124,8470.77557
1,Deaths,,South Asia,3,Both,32,90-94 years,302,Diarrheal diseases,183,Clostridium difficile,1,Number,2018,7999.583925,12970.735895,7999.583925
1,Deaths,,South Asia,3,Both,32,90-94 years,302,Diarrheal diseases,183,Clostridium difficile,1,Number,2019,8516.59539,13325.89905,8516.59539
1,Deaths,,South Asia,3,Both,32,90-94 years,302,Diarrheal diseases,183,Clostridium difficile,1,Number,2020,8521.986585,13731.6792,8521.986585
1,Deaths,,South Asia,3,Both,32,90-94 years,302,Diarrheal diseases,183,Clostridium difficile,1,Number,2021,7767.738435,12930.13941,7767.738435
1,Deaths,,South Asia,3,Both,235,95+ years,302,Diarrheal diseases,183,Clostridium difficile,1,Number,1990,226.53262715,663.525281,226.53262715
1,Deaths,,South Asia,3,Both,235,95+ years,302,Diarrheal diseases,183,Clostridium difficile,1,Number,1991,207.0106703,703.740312,207.0106703
1,Deaths,,South Asia,3,Both,235,95+ years,302,Diarrheal diseases,183,Clostridium difficile,1,Number,1992,231.57879035,763.9034935,231.57879035
1,Deaths,,South Asia,3,Both,235,95+ years,302,Diarrheal diseases,183,Clostridium difficile,1,Number,1993,244.98483685,816.377915,244.98483685
1,Deaths,,South Asia,3,Both,235,95+ years,302,Diarrheal diseases,183,Clostridium difficile,1,Number,1994,278.53915185,873.8636465,278.53915185
1,Deaths,,South Asia,3,Both,235,95+ years,302,Diarrheal diseases,183,Clostridium difficile,1,Number,1995,318.52520145,1008.0295505,318.52520145
1,Deaths,,South Asia,3,Both,235,95+ years,302,Diarrheal diseases,183,Clostridium difficile,1,Number,1996,360.5831309,1044.123542,360.5831309
1,Deaths,,South Asia,3,Both,235,95+ years,302,Diarrheal diseases,183,Clostridium difficile,1,Number,1997,374.572199,1094.831447,374.572199
1,Deaths,,South Asia,3,Both,235,95+ years,302,Diarrheal diseases,183,Clostridium difficile,1,Number,1998,414.9736075,1129.830167,414.9736075
1,Deaths,,South Asia,3,Both,235,95+ years,302,Diarrheal diseases,183,Clostridium difficile,1,Number,1999,407.4005666,1107.977718,407.4005666
1,Deaths,,South Asia,3,Both,235,95+ years,302,Diarrheal diseases,183,Clostridium difficile,1,Number,2000,452.9625846,1157.19633,452.9625846
1,Deaths,,South Asia,3,Both,235,95+ years,302,Diarrheal diseases,183,Clostridium difficile,1,Number,2001,541.327518,1223.2756835,541.327518
1,Deaths,,South Asia,3,Both,235,95+ years,302,Diarrheal diseases,183,Clostridium difficile,1,Number,2002,554.713937,1297.8509415,554.713937
1,Deaths,,South Asia,3,Both,235,95+ years,302,Diarrheal diseases,183,Clostridium difficile,1,Number,2003,640.482683,1361.6779765,640.482683
1,Deaths,,South Asia,3,Both,235,95+ years,302,Diarrheal diseases,183,Clostridium difficile,1,Number,2004,715.6564255,1528.790758,715.6564255
1,Deaths,,South Asia,3,Both,235,95+ years,302,Diarrheal diseases,183,Clostridium difficile,1,Number,2005,877.5092975,1716.1995645,877.5092975
1,Deaths,,South Asia,3,Both,235,95+ years,302,Diarrheal diseases,183,Clostridium difficile,1,Number,2006,1044.7373815,2134.9487655,1044.7373815
1,Deaths,,South Asia,3,Both,235,95+ years,302,Diarrheal diseases,183,Clostridium difficile,1,Number,2007,1275.829626,2453.328799,1275.829626
1,Deaths,,South Asia,3,Both,235,95+ years,302,Diarrheal diseases,183,Clostridium difficile,1,Number,2008,1304.2971495,2484.8998525,1304.2971495
1,Deaths,,South Asia,3,Both,235,95+ years,302,Diarrheal diseases,183,Clostridium difficile,1,Number,2009,1321.903074,2698.4371725,1321.903074
1,Deaths,,South Asia,3,Both,235,95+ years,302,Diarrheal diseases,183,Clostridium difficile,1,Number,2010,1526.3472195,3199.1195665,1526.3472195
1,Deaths,,South Asia,3,Both,235,95+ years,302,Diarrheal diseases,183,Clostridium difficile,1,Number,2011,1752.961783,3629.165796,1752.961783
1,Deaths,,South Asia,3,Both,235,95+ years,302,Diarrheal diseases,183,Clostridium difficile,1,Number,2012,2172.9351395,4478.6254795,2172.9351395
1,Deaths,,South Asia,3,Both,235,95+ years,302,Diarrheal diseases,183,Clostridium difficile,1,Number,2013,2978.7342835,5691.44636,2978.7342835
1,Deaths,,South Asia,3,Both,235,95+ years,302,Diarrheal diseases,183,Clostridium difficile,1,Number,2014,3225.0210585,6016.500735,3225.0210585
1,Deaths,,South Asia,3,Both,235,95+ years,302,Diarrheal diseases,183,Clostridium difficile,1,Number,2015,2801.6637835,5053.91449,2801.6637835
1,Deaths,,South Asia,3,Both,235,95+ years,302,Diarrheal diseases,183,Clostridium difficile,1,Number,2016,2513.0311575,4710.513354,2513.0311575
1,Deaths,,South Asia,3,Both,235,95+ years,302,Diarrheal diseases,183,Clostridium difficile,1,Number,2017,2652.9128635,4787.2195885,2652.9128635
1,Deaths,,South Asia,3,Both,235,95+ years,302,Diarrheal diseases,183,Clostridium difficile,1,Number,2018,2403.4303685,4290.9745125,2403.4303685
1,Deaths,,South Asia,3,Both,235,95+ years,302,Diarrheal diseases,183,Clostridium difficile,1,Number,2019,2472.9808895,4459.795903,2472.9808895
1,Deaths,,South Asia,3,Both,235,95+ years,302,Diarrheal diseases,183,Clostridium difficile,1,Number,2020,2436.35727,4421.8153705,2436.35727
1,Deaths,,South Asia,3,Both,235,95+ years,302,Diarrheal diseases,183,Clostridium difficile,1,Number,2021,2108.129619,3930.274613,2108.129619
1,Deaths,,South Asia,3,Both,1,<5 years,302,Diarrheal diseases,183,Clostridium difficile,1,Number,1990,68156.81025,157913.8254,68156.81025
1,Deaths,,South Asia,3,Both,1,<5 years,302,Diarrheal diseases,183,Clostridium difficile,1,Number,1991,66931.63465,158858.2697,66931.63465
1,Deaths,,South Asia,3,Both,1,<5 years,302,Diarrheal diseases,183,Clostridium difficile,1,Number,1992,67552.78195,154756.91935,67552.78195
1,Deaths,,South Asia,3,Both,1,<5 years,302,Diarrheal diseases,183,Clostridium difficile,1,Number,1993,68160.7291,153412.58035,68160.7291
1,Deaths,,South Asia,3,Both,1,<5 years,302,Diarrheal diseases,183,Clostridium difficile,1,Number,1994,68317.62305,151350.18675,68317.62305
1,Deaths,,South Asia,3,Both,1,<5 years,302,Diarrheal diseases,183,Clostridium difficile,1,Number,1995,70225.39355,149300.98585,70225.39355
1,Deaths,,South Asia,3,Both,1,<5 years,302,Diarrheal diseases,183,Clostridium difficile,1,Number,1996,66005.5016,151390.4743,66005.5016
1,Deaths,,South Asia,3,Both,1,<5 years,302,Diarrheal diseases,183,Clostridium difficile,1,Number,1997,65826.77255,146459.4964,65826.77255
1,Deaths,,South Asia,3,Both,1,<5 years,302,Diarrheal diseases,183,Clostridium difficile,1,Number,1998,69065.14885,141041.8293,69065.14885
1,Deaths,,South Asia,3,Both,1,<5 years,302,Diarrheal diseases,183,Clostridium difficile,1,Number,1999,67428.34145,136194.4009,67428.34145
1,Deaths,,South Asia,3,Both,1,<5 years,302,Diarrheal diseases,183,Clostridium difficile,1,Number,2000,66372.7711,129814.1932,66372.7711
1,Deaths,,South Asia,3,Both,1,<5 years,302,Diarrheal diseases,183,Clostridium difficile,1,Number,2001,67074.5614,122202.1729,67074.5614
1,Deaths,,South Asia,3,Both,1,<5 years,302,Diarrheal diseases,183,Clostridium difficile,1,Number,2002,64733.1294,119243.58895,64733.1294
1,Deaths,,South Asia,3,Both,1,<5 years,302,Diarrheal diseases,183,Clostridium difficile,1,Number,2003,63350.85705,112790.451,63350.85705
1,Deaths,,South Asia,3,Both,1,<5 years,302,Diarrheal diseases,183,Clostridium difficile,1,Number,2004,63729.0413,112748.17745,63729.0413
1,Deaths,,South Asia,3,Both,1,<5 years,302,Diarrheal diseases,183,Clostridium difficile,1,Number,2005,71064.49095,116573.22365,71064.49095
1,Deaths,,South Asia,3,Both,1,<5 years,302,Diarrheal diseases,183,Clostridium difficile,1,Number,2006,75129.9132,127099.56445,75129.9132
1,Deaths,,South Asia,3,Both,1,<5 years,302,Diarrheal diseases,183,Clostridium difficile,1,Number,2007,76676.72105,129102.8278,76676.72105
1,Deaths,,South Asia,3,Both,1,<5 years,302,Diarrheal diseases,183,Clostridium difficile,1,Number,2008,75937.00735,131893.29,75937.00735
1,Deaths,,South Asia,3,Both,1,<5 years,302,Diarrheal diseases,183,Clostridium difficile,1,Number,2009,80370.2046,138981.85045,80370.2046
1,Deaths,,South Asia,3,Both,1,<5 years,302,Diarrheal diseases,183,Clostridium difficile,1,Number,2010,86125.6287,145173.0736,86125.6287
1,Deaths,,South Asia,3,Both,1,<5 years,302,Diarrheal diseases,183,Clostridium difficile,1,Number,2011,92708.6183,158230.57595,92708.6183
1,Deaths,,South Asia,3,Both,1,<5 years,302,Diarrheal diseases,183,Clostridium difficile,1,Number,2012,100068.34395,167000.4284,100068.34395
1,Deaths,,South Asia,3,Both,1,<5 years,302,Diarrheal diseases,183,Clostridium difficile,1,Number,2013,98937.7829,166169.66755,98937.7829
1,Deaths,,South Asia,3,Both,1,<5 years,302,Diarrheal diseases,183,Clostridium difficile,1,Number,2014,97039.3913,156668.67895,97039.3913
1,Deaths,,South Asia,3,Both,1,<5 years,302,Diarrheal diseases,183,Clostridium difficile,1,Number,2015,95310.00375,149377.8106,95310.00375
1,Deaths,,South Asia,3,Both,1,<5 years,302,Diarrheal diseases,183,Clostridium difficile,1,Number,2016,91659.0827,144323.07565,91659.0827
1,Deaths,,South Asia,3,Both,1,<5 years,302,Diarrheal diseases,183,Clostridium difficile,1,Number,2017,90473.54465,142003.1054,90473.54465
1,Deaths,,South Asia,3,Both,1,<5 years,302,Diarrheal diseases,183,Clostridium difficile,1,Number,2018,82528.935,134022.8273,82528.935
1,Deaths,,South Asia,3,Both,1,<5 years,302,Diarrheal diseases,183,Clostridium difficile,1,Number,2019,75476.7673,125932.57845,75476.7673
1,Deaths,,South Asia,3,Both,1,<5 years,302,Diarrheal diseases,183,Clostridium difficile,1,Number,2020,64874.56505,109987.60705,64874.56505
1,Deaths,,South Asia,3,Both,1,<5 years,302,Diarrheal diseases,183,Clostridium difficile,1,Number,2021,56844.52065,101232.72855,56844.52065
1,Deaths,,"Southeast Asia, East Asia, and Oceania",3,Both,7,10-14 years,302,Diarrheal diseases,183,Clostridium difficile,1,Number,1990,621.0541735,1408.816432,621.0541735
1,Deaths,,"Southeast Asia, East Asia, and Oceania",3,Both,7,10-14 years,302,Diarrheal diseases,183,Clostridium difficile,1,Number,1991,620.2581392,1399.444616,620.2581392
1,Deaths,,"Southeast Asia, East Asia, and Oceania",3,Both,7,10-14 years,302,Diarrheal diseases,183,Clostridium difficile,1,Number,1992,640.6529992,1366.486879,640.6529992
1,Deaths,,"Southeast Asia, East Asia, and Oceania",3,Both,7,10-14 years,302,Diarrheal diseases,183,Clostridium difficile,1,Number,1993,608.8584016,1362.62992,608.8584016
1,Deaths,,"Southeast Asia, East Asia, and Oceania",3,Both,7,10-14 years,302,Diarrheal diseases,183,Clostridium difficile,1,Number,1994,636.9201201,1331.481842,636.9201201
1,Deaths,,"Southeast Asia, East Asia, and Oceania",3,Both,7,10-14 years,302,Diarrheal diseases,183,Clostridium difficile,1,Number,1995,680.1498816,1312.769747,680.1498816
1,Deaths,,"Southeast Asia, East Asia, and Oceania",3,Both,7,10-14 years,302,Diarrheal diseases,183,Clostridium difficile,1,Number,1996,633.0031235,1302.378641,633.0031235
1,Deaths,,"Southeast Asia, East Asia, and Oceania",3,Both,7,10-14 years,302,Diarrheal diseases,183,Clostridium difficile,1,Number,1997,644.9062721,1277.317471,644.9062721
1,Deaths,,"Southeast Asia, East Asia, and Oceania",3,Both,7,10-14 years,302,Diarrheal diseases,183,Clostridium difficile,1,Number,1998,648.8862981,1266.348896,648.8862981
1,Deaths,,"Southeast Asia, East Asia, and Oceania",3,Both,7,10-14 years,302,Diarrheal diseases,183,Clostridium difficile,1,Number,1999,641.8517683,1220.009854,641.8517683
1,Deaths,,"Southeast Asia, East Asia, and Oceania",3,Both,7,10-14 years,302,Diarrheal diseases,183,Clostridium difficile,1,Number,2000,599.408329,1190.323715,599.408329
1,Deaths,,"Southeast Asia, East Asia, and Oceania",3,Both,7,10-14 years,302,Diarrheal diseases,183,Clostridium difficile,1,Number,2001,584.836844,1139.047028,584.836844
1,Deaths,,"Southeast Asia, East Asia, and Oceania",3,Both,7,10-14 years,302,Diarrheal diseases,183,Clostridium difficile,1,Number,2002,602.9547219,1080.340894,602.9547219
1,Deaths,,"Southeast Asia, East Asia, and Oceania",3,Both,7,10-14 years,302,Diarrheal diseases,183,Clostridium difficile,1,Number,2003,578.1860864,1045.019689,578.1860864
1,Deaths,,"Southeast Asia, East Asia, and Oceania",3,Both,7,10-14 years,302,Diarrheal diseases,183,Clostridium difficile,1,Number,2004,584.9843786,1024.261337,584.9843786
1,Deaths,,"Southeast Asia, East Asia, and Oceania",3,Both,7,10-14 years,302,Diarrheal diseases,183,Clostridium difficile,1,Number,2005,566.1539297,970.9797888,566.1539297
1,Deaths,,"Southeast Asia, East Asia, and Oceania",3,Both,7,10-14 years,302,Diarrheal diseases,183,Clostridium difficile,1,Number,2006,579.8449066,949.3480342,579.8449066
1,Deaths,,"Southeast Asia, East Asia, and Oceania",3,Both,7,10-14 years,302,Diarrheal diseases,183,Clostridium difficile,1,Number,2007,561.8098977,926.7490508,561.8098977
1,Deaths,,"Southeast Asia, East Asia, and Oceania",3,Both,7,10-14 years,302,Diarrheal diseases,183,Clostridium difficile,1,Number,2008,583.22617,952.873653,583.22617
1,Deaths,,"Southeast Asia, East Asia, and Oceania",3,Both,7,10-14 years,302,Diarrheal diseases,183,Clostridium difficile,1,Number,2009,627.2591687,976.4691984,627.2591687
1,Deaths,,"Southeast Asia, East Asia, and Oceania",3,Both,7,10-14 years,302,Diarrheal diseases,183,Clostridium difficile,1,Number,2010,622.970511,977.8864203,622.970511
1,Deaths,,"Southeast Asia, East Asia, and Oceania",3,Both,7,10-14 years,302,Diarrheal diseases,183,Clostridium difficile,1,Number,2011,572.0511843,937.040592,572.0511843
1,Deaths,,"Southeast Asia, East Asia, and Oceania",3,Both,7,10-14 years,302,Diarrheal diseases,183,Clostridium difficile,1,Number,2012,568.604036,867.9528441,568.604036
1,Deaths,,"Southeast Asia, East Asia, and Oceania",3,Both,7,10-14 years,302,Diarrheal diseases,183,Clostridium difficile,1,Number,2013,569.0170885,871.1787054,569.0170885
1,Deaths,,"Southeast Asia, East Asia, and Oceania",3,Both,7,10-14 years,302,Diarrheal diseases,183,Clostridium difficile,1,Number,2014,570.1147043,847.6223192,570.1147043
1,Deaths,,"Southeast Asia, East Asia, and Oceania",3,Both,7,10-14 years,302,Diarrheal diseases,183,Clostridium difficile,1,Number,2015,577.0228801,857.7991957,577.0228801
1,Deaths,,"Southeast Asia, East Asia, and Oceania",3,Both,7,10-14 years,302,Diarrheal diseases,183,Clostridium difficile,1,Number,2016,578.3781072,854.3738096,578.3781072
1,Deaths,,"Southeast Asia, East Asia, and Oceania",3,Both,7,10-14 years,302,Diarrheal diseases,183,Clostridium difficile,1,Number,2017,573.4466094,858.7724029,573.4466094
1,Deaths,,"Southeast Asia, East Asia, and Oceania",3,Both,7,10-14 years,302,Diarrheal diseases,183,Clostridium difficile,1,Number,2018,538.3419838,864.1348018,538.3419838
1,Deaths,,"Southeast Asia, East Asia, and Oceania",3,Both,7,10-14 years,302,Diarrheal diseases,183,Clostridium difficile,1,Number,2019,552.2098943,832.8230539,552.2098943
1,Deaths,,"Southeast Asia, East Asia, and Oceania",3,Both,7,10-14 years,302,Diarrheal diseases,183,Clostridium difficile,1,Number,2020,507.942617,769.3079744,507.942617
1,Deaths,,"Southeast Asia, East Asia, and Oceania",3,Both,7,10-14 years,302,Diarrheal diseases,183,Clostridium difficile,1,Number,2021,484.5063635,726.4993779,484.5063635
1,Deaths,,"Southeast Asia, East Asia, and Oceania",3,Both,8,15-19 years,302,Diarrheal diseases,183,Clostridium difficile,1,Number,1990,858.2131161,1999.251227,858.2131161
1,Deaths,,"Southeast Asia, East Asia, and Oceania",3,Both,8,15-19 years,302,Diarrheal diseases,183,Clostridium difficile,1,Number,1991,922.1088669,1921.652223,922.1088669
1,Deaths,,"Southeast Asia, East Asia, and Oceania",3,Both,8,15-19 years,302,Diarrheal diseases,183,Clostridium difficile,1,Number,1992,869.9392652,1862.187384,869.9392652
1,Deaths,,"Southeast Asia, East Asia, and Oceania",3,Both,8,15-19 years,302,Diarrheal diseases,183,Clostridium difficile,1,Number,1993,823.8981559,1714.980529,823.8981559
1,Deaths,,"Southeast Asia, East Asia, and Oceania",3,Both,8,15-19 years,302,Diarrheal diseases,183,Clostridium difficile,1,Number,1994,811.6243436,1680.327483,811.6243436
1,Deaths,,"Southeast Asia, East Asia, and Oceania",3,Both,8,15-19 years,302,Diarrheal diseases,183,Clostridium difficile,1,Number,1995,851.725678,1695.116014,851.725678
1,Deaths,,"Southeast Asia, East Asia, and Oceania",3,Both,8,15-19 years,302,Diarrheal diseases,183,Clostridium difficile,1,Number,1996,796.7831391,1627.391561,796.7831391
1,Deaths,,"Southeast Asia, East Asia, and Oceania",3,Both,8,15-19 years,302,Diarrheal diseases,183,Clostridium difficile,1,Number,1997,785.3004487,1574.595544,785.3004487
1,Deaths,,"Southeast Asia, East Asia, and Oceania",3,Both,8,15-19 years,302,Diarrheal diseases,183,Clostridium difficile,1,Number,1998,820.0294777,1515.176619,820.0294777
1,Deaths,,"Southeast Asia, East Asia, and Oceania",3,Both,8,15-19 years,302,Diarrheal diseases,183,Clostridium difficile,1,Number,1999,777.5641013,1501.450462,777.5641013
1,Deaths,,"Southeast Asia, East Asia, and Oceania",3,Both,8,15-19 years,302,Diarrheal diseases,183,Clostridium difficile,1,Number,2000,804.8745435,1451.516026,804.8745435
1,Deaths,,"Southeast Asia, East Asia, and Oceania",3,Both,8,15-19 years,302,Diarrheal diseases,183,Clostridium difficile,1,Number,2001,765.8678178,1461.655325,765.8678178
1,Deaths,,"Southeast Asia, East Asia, and Oceania",3,Both,8,15-19 years,302,Diarrheal diseases,183,Clostridium difficile,1,Number,2002,799.2421151,1458.365443,799.2421151
1,Deaths,,"Southeast Asia, East Asia, and Oceania",3,Both,8,15-19 years,302,Diarrheal diseases,183,Clostridium difficile,1,Number,2003,814.0476026,1476.70885,814.0476026
1,Deaths,,"Southeast Asia, East Asia, and Oceania",3,Both,8,15-19 years,302,Diarrheal diseases,183,Clostridium difficile,1,Number,2004,859.4101973,1506.341502,859.4101973
1,Deaths,,"Southeast Asia, East Asia, and Oceania",3,Both,8,15-19 years,302,Diarrheal diseases,183,Clostridium difficile,1,Number,2005,844.5096588,1484.24738,844.5096588
1,Deaths,,"Southeast Asia, East Asia, and Oceania",3,Both,8,15-19 years,302,Diarrheal diseases,183,Clostridium difficile,1,Number,2006,896.0458298,1503.88522,896.0458298
1,Deaths,,"Southeast Asia, East Asia, and Oceania",3,Both,8,15-19 years,302,Diarrheal diseases,183,Clostridium difficile,1,Number,2007,884.4351275,1476.786512,884.4351275
1,Deaths,,"Southeast Asia, East Asia, and Oceania",3,Both,8,15-19 years,302,Diarrheal diseases,183,Clostridium difficile,1,Number,2008,911.3188376,1520.390309,911.3188376
1,Deaths,,"Southeast Asia, East Asia, and Oceania",3,Both,8,15-19 years,302,Diarrheal diseases,183,Clostridium difficile,1,Number,2009,949.8884451,1497.945943,949.8884451
1,Deaths,,"Southeast Asia, East Asia, and Oceania",3,Both,8,15-19 years,302,Diarrheal diseases,183,Clostridium difficile,1,Number,2010,905.0652829,1434.1022,905.0652829
1,Deaths,,"Southeast Asia, East Asia, and Oceania",3,Both,8,15-19 years,302,Diarrheal diseases,183,Clostridium difficile,1,Number,2011,828.7792959,1290.057178,828.7792959
1,Deaths,,"Southeast Asia, East Asia, and Oceania",3,Both,8,15-19 years,302,Diarrheal diseases,183,Clostridium difficile,1,Number,2012,821.4151618,1199.530008,821.4151618
1,Deaths,,"Southeast Asia, East Asia, and Oceania",3,Both,8,15-19 years,302,Diarrheal diseases,183,Clostridium difficile,1,Number,2013,772.9708147,1238.951381,772.9708147
1,Deaths,,"Southeast Asia, East Asia, and Oceania",3,Both,8,15-19 years,302,Diarrheal diseases,183,Clostridium difficile,1,Number,2014,780.4149711,1186.386437,780.4149711
1,Deaths,,"Southeast Asia, East Asia, and Oceania",3,Both,8,15-19 years,302,Diarrheal diseases,183,Clostridium difficile,1,Number,2015,802.6086435,1210.785913,802.6086435
1,Deaths,,"Southeast Asia, East Asia, and Oceania",3,Both,8,15-19 years,302,Diarrheal diseases,183,Clostridium difficile,1,Number,2016,805.5182519,1193.349764,805.5182519
1,Deaths,,"Southeast Asia, East Asia, and Oceania",3,Both,8,15-19 years,302,Diarrheal diseases,183,Clostridium difficile,1,Number,2017,806.8438374,1218.929405,806.8438374
1,Deaths,,"Southeast Asia, East Asia, and Oceania",3,Both,8,15-19 years,302,Diarrheal diseases,183,Clostridium difficile,1,Number,2018,766.0084688,1170.120806,766.0084688
1,Deaths,,"Southeast Asia, East Asia, and Oceania",3,Both,8,15-19 years,302,Diarrheal diseases,183,Clostridium difficile,1,Number,2019,790.6955614,1137.359028,790.6955614
1,Deaths,,"Southeast Asia, East Asia, and Oceania",3,Both,8,15-19 years,302,Diarrheal diseases,183,Clostridium difficile,1,Number,2020,715.0447836,1078.341599,715.0447836
1,Deaths,,"Southeast Asia, East Asia, and Oceania",3,Both,8,15-19 years,302,Diarrheal diseases,183,Clostridium difficile,1,Number,2021,743.3128085,1095.91146,743.3128085
1,Deaths,,"Southeast Asia, East Asia, and Oceania",3,Both,9,20-24 years,302,Diarrheal diseases,183,Clostridium difficile,1,Number,1990,819.2065229,1983.354312,819.2065229
1,Deaths,,"Southeast Asia, East Asia, and Oceania",3,Both,9,20-24 years,302,Diarrheal diseases,183,Clostridium difficile,1,Number,1991,889.9601614,1940.201551,889.9601614
1,Deaths,,"Southeast Asia, East Asia, and Oceania",3,Both,9,20-24 years,302,Diarrheal diseases,183,Clostridium difficile,1,Number,1992,857.3535775,1949.206023,857.3535775
1,Deaths,,"Southeast Asia, East Asia, and Oceania",3,Both,9,20-24 years,302,Diarrheal diseases,183,Clostridium difficile,1,Number,1993,872.4645112,1861.1365,872.4645112
1,Deaths,,"Southeast Asia, East Asia, and Oceania",3,Both,9,20-24 years,302,Diarrheal diseases,183,Clostridium difficile,1,Number,1994,907.1702502,1812.16162,907.1702502
1,Deaths,,"Southeast Asia, East Asia, and Oceania",3,Both,9,20-24 years,302,Diarrheal diseases,183,Clostridium difficile,1,Number,1995,882.5024904,1855.037715,882.5024904
1,Deaths,,"Southeast Asia, East Asia, and Oceania",3,Both,9,20-24 years,302,Diarrheal diseases,183,Clostridium difficile,1,Number,1996,865.2126878,1738.479885,865.2126878
1,Deaths,,"Southeast Asia, East Asia, and Oceania",3,Both,9,20-24 years,302,Diarrheal diseases,183,Clostridium difficile,1,Number,1997,856.780602,1655.677097,856.780602
1,Deaths,,"Southeast Asia, East Asia, and Oceania",3,Both,9,20-24 years,302,Diarrheal diseases,183,Clostridium difficile,1,Number,1998,827.8055394,1633.741015,827.8055394
1,Deaths,,"Southeast Asia, East Asia, and Oceania",3,Both,9,20-24 years,302,Diarrheal diseases,183,Clostridium difficile,1,Number,1999,788.0678409,1599.296052,788.0678409
1,Deaths,,"Southeast Asia, East Asia, and Oceania",3,Both,9,20-24 years,302,Diarrheal diseases,183,Clostridium difficile,1,Number,2000,794.0355172,1572.559492,794.0355172
1,Deaths,,"Southeast Asia, East Asia, and Oceania",3,Both,9,20-24 years,302,Diarrheal diseases,183,Clostridium difficile,1,Number,2001,803.0112892,1535.038622,803.0112892
1,Deaths,,"Southeast Asia, East Asia, and Oceania",3,Both,9,20-24 years,302,Diarrheal diseases,183,Clostridium difficile,1,Number,2002,835.1015785,1532.093667,835.1015785
1,Deaths,,"Southeast Asia, East Asia, and Oceania",3,Both,9,20-24 years,302,Diarrheal diseases,183,Clostridium difficile,1,Number,2003,848.4381831,1560.810108,848.4381831
1,Deaths,,"Southeast Asia, East Asia, and Oceania",3,Both,9,20-24 years,302,Diarrheal diseases,183,Clostridium difficile,1,Number,2004,877.9109887,1588.932786,877.9109887
1,Deaths,,"Southeast Asia, East Asia, and Oceania",3,Both,9,20-24 years,302,Diarrheal diseases,183,Clostridium difficile,1,Number,2005,895.4580896,1574.097251,895.4580896
1,Deaths,,"Southeast Asia, East Asia, and Oceania",3,Both,9,20-24 years,302,Diarrheal diseases,183,Clostridium difficile,1,Number,2006,954.1701386,1673.899877,954.1701386
1,Deaths,,"Southeast Asia, East Asia, and Oceania",3,Both,9,20-24 years,302,Diarrheal diseases,183,Clostridium difficile,1,Number,2007,1011.861267,1716.032952,1011.861267
1,Deaths,,"Southeast Asia, East Asia, and Oceania",3,Both,9,20-24 years,302,Diarrheal diseases,183,Clostridium difficile,1,Number,2008,1155.204063,1741.86973,1155.204063
1,Deaths,,"Southeast Asia, East Asia, and Oceania",3,Both,9,20-24 years,302,Diarrheal diseases,183,Clostridium difficile,1,Number,2009,1157.763982,1868.907943,1157.763982
1,Deaths,,"Southeast Asia, East Asia, and Oceania",3,Both,9,20-24 years,302,Diarrheal diseases,183,Clostridium difficile,1,Number,2010,1192.322591,1875.909352,1192.322591
1,Deaths,,"Southeast Asia, East Asia, and Oceania",3,Both,9,20-24 years,302,Diarrheal diseases,183,Clostridium difficile,1,Number,2011,1111.50766,1765.582213,1111.50766
1,Deaths,,"Southeast Asia, East Asia, and Oceania",3,Both,9,20-24 years,302,Diarrheal diseases,183,Clostridium difficile,1,Number,2012,1090.507528,1630.371755,1090.507528
1,Deaths,,"Southeast Asia, East Asia, and Oceania",3,Both,9,20-24 years,302,Diarrheal diseases,183,Clostridium difficile,1,Number,2013,1065.284689,1656.046699,1065.284689
1,Deaths,,"Southeast Asia, East Asia, and Oceania",3,Both,9,20-24 years,302,Diarrheal diseases,183,Clostridium difficile,1,Number,2014,1069.853665,1633.605051,1069.853665
1,Deaths,,"Southeast Asia, East Asia, and Oceania",3,Both,9,20-24 years,302,Diarrheal diseases,183,Clostridium difficile,1,Number,2015,1077.177963,1648.217877,1077.177963
1,Deaths,,"Southeast Asia, East Asia, and Oceania",3,Both,9,20-24 years,302,Diarrheal diseases,183,Clostridium difficile,1,Number,2016,1059.964459,1640.421355,1059.964459
1,Deaths,,"Southeast Asia, East Asia, and Oceania",3,Both,9,20-24 years,302,Diarrheal diseases,183,Clostridium difficile,1,Number,2017,1088.353524,1609.885337,1088.353524
1,Deaths,,"Southeast Asia, East Asia, and Oceania",3,Both,9,20-24 years,302,Diarrheal diseases,183,Clostridium difficile,1,Number,2018,1034.88312,1581.247232,1034.88312
1,Deaths,,"Southeast Asia, East Asia, and Oceania",3,Both,9,20-24 years,302,Diarrheal diseases,183,Clostridium difficile,1,Number,2019,1011.726849,1539.457435,1011.726849
1,Deaths,,"Southeast Asia, East Asia, and Oceania",3,Both,9,20-24 years,302,Diarrheal diseases,183,Clostridium difficile,1,Number,2020,927.6594483,1430.085473,927.6594483
1,Deaths,,"Southeast Asia, East Asia, and Oceania",3,Both,9,20-24 years,302,Diarrheal diseases,183,Clostridium difficile,1,Number,2021,945.180907,1433.904073,945.180907
1,Deaths,,"Southeast Asia, East Asia, and Oceania",3,Both,10,25-29 years,302,Diarrheal diseases,183,Clostridium difficile,1,Number,1990,680.3762406,1612.66757,680.3762406
1,Deaths,,"Southeast Asia, East Asia, and Oceania",3,Both,10,25-29 years,302,Diarrheal diseases,183,Clostridium difficile,1,Number,1991,754.2245423,1656.786245,754.2245423
1,Deaths,,"Southeast Asia, East Asia, and Oceania",3,Both,10,25-29 years,302,Diarrheal diseases,183,Clostridium difficile,1,Number,1992,800.0180065,1698.44308,800.0180065
1,Deaths,,"Southeast Asia, East Asia, and Oceania",3,Both,10,25-29 years,302,Diarrheal diseases,183,Clostridium difficile,1,Number,1993,814.3517254,1733.871125,814.3517254
1,Deaths,,"Southeast Asia, East Asia, and Oceania",3,Both,10,25-29 years,302,Diarrheal diseases,183,Clostridium difficile,1,Number,1994,853.8455961,1739.945509,853.8455961
1,Deaths,,"Southeast Asia, East Asia, and Oceania",3,Both,10,25-29 years,302,Diarrheal diseases,183,Clostridium difficile,1,Number,1995,883.4857779,1762.019572,883.4857779
1,Deaths,,"Southeast Asia, East Asia, and Oceania",3,Both,10,25-29 years,302,Diarrheal diseases,183,Clostridium difficile,1,Number,1996,833.350748,1743.970319,833.350748
1,Deaths,,"Southeast Asia, East Asia, and Oceania",3,Both,10,25-29 years,302,Diarrheal diseases,183,Clostridium difficile,1,Number,1997,850.3803466,1674.256298,850.3803466
1,Deaths,,"Southeast Asia, East Asia, and Oceania",3,Both,10,25-29 years,302,Diarrheal diseases,183,Clostridium difficile,1,Number,1998,881.2672265,1637.835807,881.2672265
1,Deaths,,"Southeast Asia, East Asia, and Oceania",3,Both,10,25-29 years,302,Diarrheal diseases,183,Clostridium difficile,1,Number,1999,876.6017217,1648.264282,876.6017217
1,Deaths,,"Southeast Asia, East Asia, and Oceania",3,Both,10,25-29 years,302,Diarrheal diseases,183,Clostridium difficile,1,Number,2000,870.8344507,1661.777901,870.8344507
1,Deaths,,"Southeast Asia, East Asia, and Oceania",3,Both,10,25-29 years,302,Diarrheal diseases,183,Clostridium difficile,1,Number,2001,893.3896899,1618.726223,893.3896899
1,Deaths,,"Southeast Asia, East Asia, and Oceania",3,Both,10,25-29 years,302,Diarrheal diseases,183,Clostridium difficile,1,Number,2002,891.2345504,1633.806776,891.2345504
1,Deaths,,"Southeast Asia, East Asia, and Oceania",3,Both,10,25-29 years,302,Diarrheal diseases,183,Clostridium difficile,1,Number,2003,917.6143234,1623.146808,917.6143234
1,Deaths,,"Southeast Asia, East Asia, and Oceania",3,Both,10,25-29 years,302,Diarrheal diseases,183,Clostridium difficile,1,Number,2004,927.7967143,1625.440952,927.7967143
1,Deaths,,"Southeast Asia, East Asia, and Oceania",3,Both,10,25-29 years,302,Diarrheal diseases,183,Clostridium difficile,1,Number,2005,906.458523,1594.809403,906.458523
1,Deaths,,"Southeast Asia, East Asia, and Oceania",3,Both,10,25-29 years,302,Diarrheal diseases,183,Clostridium difficile,1,Number,2006,968.8168084,1575.604612,968.8168084
1,Deaths,,"Southeast Asia, East Asia, and Oceania",3,Both,10,25-29 years,302,Diarrheal diseases,183,Clostridium difficile,1,Number,2007,969.1388889,1602.95512,969.1388889
1,Deaths,,"Southeast Asia, East Asia, and Oceania",3,Both,10,25-29 years,302,Diarrheal diseases,183,Clostridium difficile,1,Number,2008,1052.356234,1666.240549,1052.356234
1,Deaths,,"Southeast Asia, East Asia, and Oceania",3,Both,10,25-29 years,302,Diarrheal diseases,183,Clostridium difficile,1,Number,2009,1149.972928,1775.835814,1149.972928
1,Deaths,,"Southeast Asia, East Asia, and Oceania",3,Both,10,25-29 years,302,Diarrheal diseases,183,Clostridium difficile,1,Number,2010,1213.160098,1842.589853,1213.160098
1,Deaths,,"Southeast Asia, East Asia, and Oceania",3,Both,10,25-29 years,302,Diarrheal diseases,183,Clostridium difficile,1,Number,2011,1196.201841,1850.600267,1196.201841
1,Deaths,,"Southeast Asia, East Asia, and Oceania",3,Both,10,25-29 years,302,Diarrheal diseases,183,Clostridium difficile,1,Number,2012,1243.380722,1838.427938,1243.380722
1,Deaths,,"Southeast Asia, East Asia, and Oceania",3,Both,10,25-29 years,302,Diarrheal diseases,183,Clostridium difficile,1,Number,2013,1322.251555,1904.083812,1322.251555
1,Deaths,,"Southeast Asia, East Asia, and Oceania",3,Both,10,25-29 years,302,Diarrheal diseases,183,Clostridium difficile,1,Number,2014,1368.925424,1951.251969,1368.925424
1,Deaths,,"Southeast Asia, East Asia, and Oceania",3,Both,10,25-29 years,302,Diarrheal diseases,183,Clostridium difficile,1,Number,2015,1395.250007,2035.679064,1395.250007
1,Deaths,,"Southeast Asia, East Asia, and Oceania",3,Both,10,25-29 years,302,Diarrheal diseases,183,Clostridium difficile,1,Number,2016,1426.425362,2036.942229,1426.425362
1,Deaths,,"Southeast Asia, East Asia, and Oceania",3,Both,10,25-29 years,302,Diarrheal diseases,183,Clostridium difficile,1,Number,2017,1391.702897,2048.357871,1391.702897
1,Deaths,,"Southeast Asia, East Asia, and Oceania",3,Both,10,25-29 years,302,Diarrheal diseases,183,Clostridium difficile,1,Number,2018,1356.834014,1964.809766,1356.834014
1,Deaths,,"Southeast Asia, East Asia, and Oceania",3,Both,10,25-29 years,302,Diarrheal diseases,183,Clostridium difficile,1,Number,2019,1267.187871,1912.842653,1267.187871
1,Deaths,,"Southeast Asia, East Asia, and Oceania",3,Both,10,25-29 years,302,Diarrheal diseases,183,Clostridium difficile,1,Number,2020,1187.643881,1732.231753,1187.643881
1,Deaths,,"Southeast Asia, East Asia, and Oceania",3,Both,10,25-29 years,302,Diarrheal diseases,183,Clostridium difficile,1,Number,2021,1169.503676,1713.709162,1169.503676
1,Deaths,,"Southeast Asia, East Asia, and Oceania",3,Both,11,30-34 years,302,Diarrheal diseases,183,Clostridium difficile,1,Number,1990,747.2899983,1657.297635,747.2899983
1,Deaths,,"Southeast Asia, East Asia, and Oceania",3,Both,11,30-34 years,302,Diarrheal diseases,183,Clostridium difficile,1,Number,1991,755.3380962,1670.025741,755.3380962
1,Deaths,,"Southeast Asia, East Asia, and Oceania",3,Both,11,30-34 years,302,Diarrheal diseases,183,Clostridium difficile,1,Number,1992,789.3717245,1684.892888,789.3717245
1,Deaths,,"Southeast Asia, East Asia, and Oceania",3,Both,11,30-34 years,302,Diarrheal diseases,183,Clostridium difficile,1,Number,1993,843.0513006,1738.067257,843.0513006
1,Deaths,,"Southeast Asia, East Asia, and Oceania",3,Both,11,30-34 years,302,Diarrheal diseases,183,Clostridium difficile,1,Number,1994,917.2889046,1818.267818,917.2889046
1,Deaths,,"Southeast Asia, East Asia, and Oceania",3,Both,11,30-34 years,302,Diarrheal diseases,183,Clostridium difficile,1,Number,1995,973.7457776,1946.28889,973.7457776
1,Deaths,,"Southeast Asia, East Asia, and Oceania",3,Both,11,30-34 years,302,Diarrheal diseases,183,Clostridium difficile,1,Number,1996,1002.886713,1973.807363,1002.886713
1,Deaths,,"Southeast Asia, East Asia, and Oceania",3,Both,11,30-34 years,302,Diarrheal diseases,183,Clostridium difficile,1,Number,1997,1011.021733,2024.791726,1011.021733
1,Deaths,,"Southeast Asia, East Asia, and Oceania",3,Both,11,30-34 years,302,Diarrheal diseases,183,Clostridium difficile,1,Number,1998,1069.095143,2049.894627,1069.095143
1,Deaths,,"Southeast Asia, East Asia, and Oceania",3,Both,11,30-34 years,302,Diarrheal diseases,183,Clostridium difficile,1,Number,1999,1097.842757,2090.228584,1097.842757
1,Deaths,,"Southeast Asia, East Asia, and Oceania",3,Both,11,30-34 years,302,Diarrheal diseases,183,Clostridium difficile,1,Number,2000,1117.424608,2137.567633,1117.424608
1,Deaths,,"Southeast Asia, East Asia, and Oceania",3,Both,11,30-34 years,302,Diarrheal diseases,183,Clostridium difficile,1,Number,2001,1157.752113,2120.197276,1157.752113
1,Deaths,,"Southeast Asia, East Asia, and Oceania",3,Both,11,30-34 years,302,Diarrheal diseases,183,Clostridium difficile,1,Number,2002,1216.38401,2147.668593,1216.38401
1,Deaths,,"Southeast Asia, East Asia, and Oceania",3,Both,11,30-34 years,302,Diarrheal diseases,183,Clostridium difficile,1,Number,2003,1251.369853,2209.630018,1251.369853
1,Deaths,,"Southeast Asia, East Asia, and Oceania",3,Both,11,30-34 years,302,Diarrheal diseases,183,Clostridium difficile,1,Number,2004,1324.011948,2228.259863,1324.011948
1,Deaths,,"Southeast Asia, East Asia, and Oceania",3,Both,11,30-34 years,302,Diarrheal diseases,183,Clostridium difficile,1,Number,2005,1271.165673,2191.317058,1271.165673
1,Deaths,,"Southeast Asia, East Asia, and Oceania",3,Both,11,30-34 years,302,Diarrheal diseases,183,Clostridium difficile,1,Number,2006,1346.856032,2199.178481,1346.856032
1,Deaths,,"Southeast Asia, East Asia, and Oceania",3,Both,11,30-34 years,302,Diarrheal diseases,183,Clostridium difficile,1,Number,2007,1366.784889,2158.587079,1366.784889
1,Deaths,,"Southeast Asia, East Asia, and Oceania",3,Both,11,30-34 years,302,Diarrheal diseases,183,Clostridium difficile,1,Number,2008,1446.426286,2212.440342,1446.426286
1,Deaths,,"Southeast Asia, East Asia, and Oceania",3,Both,11,30-34 years,302,Diarrheal diseases,183,Clostridium difficile,1,Number,2009,1560.417811,2310.54485,1560.417811
1,Deaths,,"Southeast Asia, East Asia, and Oceania",3,Both,11,30-34 years,302,Diarrheal diseases,183,Clostridium difficile,1,Number,2010,1633.024343,2351.002378,1633.024343
1,Deaths,,"Southeast Asia, East Asia, and Oceania",3,Both,11,30-34 years,302,Diarrheal diseases,183,Clostridium difficile,1,Number,2011,1541.949907,2290.864748,1541.949907
1,Deaths,,"Southeast Asia, East Asia, and Oceania",3,Both,11,30-34 years,302,Diarrheal diseases,183,Clostridium difficile,1,Number,2012,1484.350921,2238.169525,1484.350921
1,Deaths,,"Southeast Asia, East Asia, and Oceania",3,Both,11,30-34 years,302,Diarrheal diseases,183,Clostridium difficile,1,Number,2013,1570.830411,2259.89246,1570.830411
1,Deaths,,"Southeast Asia, East Asia, and Oceania",3,Both,11,30-34 years,302,Diarrheal diseases,183,Clostridium difficile,1,Number,2014,1645.355442,2345.880378,1645.355442
1,Deaths,,"Southeast Asia, East Asia, and Oceania",3,Both,11,30-34 years,302,Diarrheal diseases,183,Clostridium difficile,1,Number,2015,1707.630923,2478.425044,1707.630923
1,Deaths,,"Southeast Asia, East Asia, and Oceania",3,Both,11,30-34 years,302,Diarrheal diseases,183,Clostridium difficile,1,Number,2016,1814.434695,2579.252832,1814.434695
1,Deaths,,"Southeast Asia, East Asia, and Oceania",3,Both,11,30-34 years,302,Diarrheal diseases,183,Clostridium difficile,1,Number,2017,1885.422892,2737.709688,1885.422892
1,Deaths,,"Southeast Asia, East Asia, and Oceania",3,Both,11,30-34 years,302,Diarrheal diseases,183,Clostridium difficile,1,Number,2018,1902.981427,2847.700397,1902.981427
1,Deaths,,"Southeast Asia, East Asia, and Oceania",3,Both,11,30-34 years,302,Diarrheal diseases,183,Clostridium difficile,1,Number,2019,1950.880846,2801.950531,1950.880846
1,Deaths,,"Southeast Asia, East Asia, and Oceania",3,Both,11,30-34 years,302,Diarrheal diseases,183,Clostridium difficile,1,Number,2020,1807.900385,2657.066671,1807.900385
1,Deaths,,"Southeast Asia, East Asia, and Oceania",3,Both,11,30-34 years,302,Diarrheal diseases,183,Clostridium difficile,1,Number,2021,1803.480565,2675.267336,1803.480565
1,Deaths,,"Southeast Asia, East Asia, and Oceania",3,Both,12,35-39 years,302,Diarrheal diseases,183,Clostridium difficile,1,Number,1990,1066.079,2408.110445,1066.079
1,Deaths,,"Southeast Asia, East Asia, and Oceania",3,Both,12,35-39 years,302,Diarrheal diseases,183,Clostridium difficile,1,Number,1991,1146.651211,2476.063894,1146.651211
1,Deaths,,"Southeast Asia, East Asia, and Oceania",3,Both,12,35-39 years,302,Diarrheal diseases,183,Clostridium difficile,1,Number,1992,1139.606528,2595.847754,1139.606528
1,Deaths,,"Southeast Asia, East Asia, and Oceania",3,Both,12,35-39 years,302,Diarrheal diseases,183,Clostridium difficile,1,Number,1993,1211.715183,2543.795899,1211.715183
1,Deaths,,"Southeast Asia, East Asia, and Oceania",3,Both,12,35-39 years,302,Diarrheal diseases,183,Clostridium difficile,1,Number,1994,1249.956231,2529.712959,1249.956231
1,Deaths,,"Southeast Asia, East Asia, and Oceania",3,Both,12,35-39 years,302,Diarrheal diseases,183,Clostridium difficile,1,Number,1995,1225.639358,2561.14221,1225.639358
1,Deaths,,"Southeast Asia, East Asia, and Oceania",3,Both,12,35-39 years,302,Diarrheal diseases,183,Clostridium difficile,1,Number,1996,1268.050302,2419.81604,1268.050302
1,Deaths,,"Southeast Asia, East Asia, and Oceania",3,Both,12,35-39 years,302,Diarrheal diseases,183,Clostridium difficile,1,Number,1997,1243.307303,2479.35522,1243.307303
1,Deaths,,"Southeast Asia, East Asia, and Oceania",3,Both,12,35-39 years,302,Diarrheal diseases,183,Clostridium difficile,1,Number,1998,1358.782256,2549.877873,1358.782256
1,Deaths,,"Southeast Asia, East Asia, and Oceania",3,Both,12,35-39 years,302,Diarrheal diseases,183,Clostridium difficile,1,Number,1999,1437.868834,2681.930491,1437.868834
1,Deaths,,"Southeast Asia, East Asia, and Oceania",3,Both,12,35-39 years,302,Diarrheal diseases,183,Clostridium difficile,1,Number,2000,1516.224581,2842.641171,1516.224581
1,Deaths,,"Southeast Asia, East Asia, and Oceania",3,Both,12,35-39 years,302,Diarrheal diseases,183,Clostridium difficile,1,Number,2001,1581.893315,3003.866243,1581.893315
1,Deaths,,"Southeast Asia, East Asia, and Oceania",3,Both,12,35-39 years,302,Diarrheal diseases,183,Clostridium difficile,1,Number,2002,1776.822611,3103.540747,1776.822611
1,Deaths,,"Southeast Asia, East Asia, and Oceania",3,Both,12,35-39 years,302,Diarrheal diseases,183,Clostridium difficile,1,Number,2003,1859.482227,3237.071789,1859.482227
1,Deaths,,"Southeast Asia, East Asia, and Oceania",3,Both,12,35-39 years,302,Diarrheal diseases,183,Clostridium difficile,1,Number,2004,2008.987349,3413.185358,2008.987349
1,Deaths,,"Southeast Asia, East Asia, and Oceania",3,Both,12,35-39 years,302,Diarrheal diseases,183,Clostridium difficile,1,Number,2005,2051.603816,3493.415929,2051.603816
1,Deaths,,"Southeast Asia, East Asia, and Oceania",3,Both,12,35-39 years,302,Diarrheal diseases,183,Clostridium difficile,1,Number,2006,2385.443014,3601.612293,2385.443014
1,Deaths,,"Southeast Asia, East Asia, and Oceania",3,Both,12,35-39 years,302,Diarrheal diseases,183,Clostridium difficile,1,Number,2007,2345.63372,3774.379079,2345.63372
1,Deaths,,"Southeast Asia, East Asia, and Oceania",3,Both,12,35-39 years,302,Diarrheal diseases,183,Clostridium difficile,1,Number,2008,2482.201557,3779.918804,2482.201557
1,Deaths,,"Southeast Asia, East Asia, and Oceania",3,Both,12,35-39 years,302,Diarrheal diseases,183,Clostridium difficile,1,Number,2009,2534.304447,3733.494377,2534.304447
1,Deaths,,"Southeast Asia, East Asia, and Oceania",3,Both,12,35-39 years,302,Diarrheal diseases,183,Clostridium difficile,1,Number,2010,2473.435226,3782.667917,2473.435226
1,Deaths,,"Southeast Asia, East Asia, and Oceania",3,Both,12,35-39 years,302,Diarrheal diseases,183,Clostridium difficile,1,Number,2011,2429.321502,3471.997743,2429.321502
1,Deaths,,"Southeast Asia, East Asia, and Oceania",3,Both,12,35-39 years,302,Diarrheal diseases,183,Clostridium difficile,1,Number,2012,2287.561059,3316.171752,2287.561059
1,Deaths,,"Southeast Asia, East Asia, and Oceania",3,Both,12,35-39 years,302,Diarrheal diseases,183,Clostridium difficile,1,Number,2013,2321.488374,3290.60881,2321.488374
1,Deaths,,"Southeast Asia, East Asia, and Oceania",3,Both,12,35-39 years,302,Diarrheal diseases,183,Clostridium difficile,1,Number,2014,2409.736792,3352.348028,2409.736792
1,Deaths,,"Southeast Asia, East Asia, and Oceania",3,Both,12,35-39 years,302,Diarrheal diseases,183,Clostridium difficile,1,Number,2015,2506.338539,3437.653955,2506.338539
1,Deaths,,"Southeast Asia, East Asia, and Oceania",3,Both,12,35-39 years,302,Diarrheal diseases,183,Clostridium difficile,1,Number,2016,2523.162128,3536.337241,2523.162128
1,Deaths,,"Southeast Asia, East Asia, and Oceania",3,Both,12,35-39 years,302,Diarrheal diseases,183,Clostridium difficile,1,Number,2017,2531.283122,3698.782404,2531.283122
1,Deaths,,"Southeast Asia, East Asia, and Oceania",3,Both,12,35-39 years,302,Diarrheal diseases,183,Clostridium difficile,1,Number,2018,2599.498646,3692.443875,2599.498646
1,Deaths,,"Southeast Asia, East Asia, and Oceania",3,Both,12,35-39 years,302,Diarrheal diseases,183,Clostridium difficile,1,Number,2019,2588.125307,3675.588456,2588.125307
1,Deaths,,"Southeast Asia, East Asia, and Oceania",3,Both,12,35-39 years,302,Diarrheal diseases,183,Clostridium difficile,1,Number,2020,2427.623933,3560.890092,2427.623933
1,Deaths,,"Southeast Asia, East Asia, and Oceania",3,Both,12,35-39 years,302,Diarrheal diseases,183,Clostridium difficile,1,Number,2021,2489.102093,3662.748052,2489.102093
1,Deaths,,"Southeast Asia, East Asia, and Oceania",3,Both,13,40-44 years,302,Diarrheal diseases,183,Clostridium difficile,1,Number,1990,1318.272156,2980.863851,1318.272156
1,Deaths,,"Southeast Asia, East Asia, and Oceania",3,Both,13,40-44 years,302,Diarrheal diseases,183,Clostridium difficile,1,Number,1991,1385.439912,3149.645834,1385.439912
1,Deaths,,"Southeast Asia, East Asia, and Oceania",3,Both,13,40-44 years,302,Diarrheal diseases,183,Clostridium difficile,1,Number,1992,1442.830221,3339.442267,1442.830221
1,Deaths,,"Southeast Asia, East Asia, and Oceania",3,Both,13,40-44 years,302,Diarrheal diseases,183,Clostridium difficile,1,Number,1993,1588.900159,3449.281536,1588.900159
1,Deaths,,"Southeast Asia, East Asia, and Oceania",3,Both,13,40-44 years,302,Diarrheal diseases,183,Clostridium difficile,1,Number,1994,1701.27761,3580.210627,1701.27761
1,Deaths,,"Southeast Asia, East Asia, and Oceania",3,Both,13,40-44 years,302,Diarrheal diseases,183,Clostridium difficile,1,Number,1995,1817.94324,3799.356209,1817.94324
1,Deaths,,"Southeast Asia, East Asia, and Oceania",3,Both,13,40-44 years,302,Diarrheal diseases,183,Clostridium difficile,1,Number,1996,1818.183117,3764.371518,1818.183117
1,Deaths,,"Southeast Asia, East Asia, and Oceania",3,Both,13,40-44 years,302,Diarrheal diseases,183,Clostridium difficile,1,Number,1997,1849.867488,3765.980886,1849.867488
1,Deaths,,"Southeast Asia, East Asia, and Oceania",3,Both,13,40-44 years,302,Diarrheal diseases,183,Clostridium difficile,1,Number,1998,1965.74941,3696.85514,1965.74941
1,Deaths,,"Southeast Asia, East Asia, and Oceania",3,Both,13,40-44 years,302,Diarrheal diseases,183,Clostridium difficile,1,Number,1999,1854.319796,3732.836818,1854.319796
1,Deaths,,"Southeast Asia, East Asia, and Oceania",3,Both,13,40-44 years,302,Diarrheal diseases,183,Clostridium difficile,1,Number,2000,1895.56818,3587.221659,1895.56818
1,Deaths,,"Southeast Asia, East Asia, and Oceania",3,Both,13,40-44 years,302,Diarrheal diseases,183,Clostridium difficile,1,Number,2001,1938.236577,3565.823575,1938.236577
1,Deaths,,"Southeast Asia, East Asia, and Oceania",3,Both,13,40-44 years,302,Diarrheal diseases,183,Clostridium difficile,1,Number,2002,2054.269779,3733.938931,2054.269779
1,Deaths,,"Southeast Asia, East Asia, and Oceania",3,Both,13,40-44 years,302,Diarrheal diseases,183,Clostridium difficile,1,Number,2003,2163.975528,3966.320852,2163.975528
1,Deaths,,"Southeast Asia, East Asia, and Oceania",3,Both,13,40-44 years,302,Diarrheal diseases,183,Clostridium difficile,1,Number,2004,2497.073613,4327.320744,2497.073613
1,Deaths,,"Southeast Asia, East Asia, and Oceania",3,Both,13,40-44 years,302,Diarrheal diseases,183,Clostridium difficile,1,Number,2005,2802.991941,4680.825068,2802.991941
1,Deaths,,"Southeast Asia, East Asia, and Oceania",3,Both,13,40-44 years,302,Diarrheal diseases,183,Clostridium difficile,1,Number,2006,3352.745123,5455.437345,3352.745123
1,Deaths,,"Southeast Asia, East Asia, and Oceania",3,Both,13,40-44 years,302,Diarrheal diseases,183,Clostridium difficile,1,Number,2007,3686.953771,5939.922795,3686.953771
1,Deaths,,"Southeast Asia, East Asia, and Oceania",3,Both,13,40-44 years,302,Diarrheal diseases,183,Clostridium difficile,1,Number,2008,3889.363848,6109.248243,3889.363848
1,Deaths,,"Southeast Asia, East Asia, and Oceania",3,Both,13,40-44 years,302,Diarrheal diseases,183,Clostridium difficile,1,Number,2009,3924.093257,5964.304121,3924.093257
1,Deaths,,"Southeast Asia, East Asia, and Oceania",3,Both,13,40-44 years,302,Diarrheal diseases,183,Clostridium difficile,1,Number,2010,4017.722677,5999.269631,4017.722677
1,Deaths,,"Southeast Asia, East Asia, and Oceania",3,Both,13,40-44 years,302,Diarrheal diseases,183,Clostridium difficile,1,Number,2011,3888.336912,5801.617564,3888.336912
1,Deaths,,"Southeast Asia, East Asia, and Oceania",3,Both,13,40-44 years,302,Diarrheal diseases,183,Clostridium difficile,1,Number,2012,3803.803174,5537.511401,3803.803174
1,Deaths,,"Southeast Asia, East Asia, and Oceania",3,Both,13,40-44 years,302,Diarrheal diseases,183,Clostridium difficile,1,Number,2013,3841.690275,5627.09727,3841.690275
1,Deaths,,"Southeast Asia, East Asia, and Oceania",3,Both,13,40-44 years,302,Diarrheal diseases,183,Clostridium difficile,1,Number,2014,3955.282887,5792.708692,3955.282887
1,Deaths,,"Southeast Asia, East Asia, and Oceania",3,Both,13,40-44 years,302,Diarrheal diseases,183,Clostridium difficile,1,Number,2015,4163.245148,5794.491392,4163.245148
1,Deaths,,"Southeast Asia, East Asia, and Oceania",3,Both,13,40-44 years,302,Diarrheal diseases,183,Clostridium difficile,1,Number,2016,4013.095233,6010.879902,4013.095233
1,Deaths,,"Southeast Asia, East Asia, and Oceania",3,Both,13,40-44 years,302,Diarrheal diseases,183,Clostridium difficile,1,Number,2017,4040.003925,5963.926665,4040.003925
1,Deaths,,"Southeast Asia, East Asia, and Oceania",3,Both,13,40-44 years,302,Diarrheal diseases,183,Clostridium difficile,1,Number,2018,3891.909144,5853.10419,3891.909144
1,Deaths,,"Southeast Asia, East Asia, and Oceania",3,Both,13,40-44 years,302,Diarrheal diseases,183,Clostridium difficile,1,Number,2019,3836.781537,5552.2576,3836.781537
1,Deaths,,"Southeast Asia, East Asia, and Oceania",3,Both,13,40-44 years,302,Diarrheal diseases,183,Clostridium difficile,1,Number,2020,3547.878239,5197.501099,3547.878239
1,Deaths,,"Southeast Asia, East Asia, and Oceania",3,Both,13,40-44 years,302,Diarrheal diseases,183,Clostridium difficile,1,Number,2021,3473.943747,5195.222524,3473.943747
1,Deaths,,"Southeast Asia, East Asia, and Oceania",3,Both,14,45-49 years,302,Diarrheal diseases,183,Clostridium difficile,1,Number,1990,1591.433651,3756.382164,1591.433651
1,Deaths,,"Southeast Asia, East Asia, and Oceania",3,Both,14,45-49 years,302,Diarrheal diseases,183,Clostridium difficile,1,Number,1991,1728.031654,3767.585758,1728.031654
1,Deaths,,"Southeast Asia, East Asia, and Oceania",3,Both,14,45-49 years,302,Diarrheal diseases,183,Clostridium difficile,1,Number,1992,1793.796694,3892.698383,1793.796694
1,Deaths,,"Southeast Asia, East Asia, and Oceania",3,Both,14,45-49 years,302,Diarrheal diseases,183,Clostridium difficile,1,Number,1993,1825.511081,3974.330789,1825.511081
1,Deaths,,"Southeast Asia, East Asia, and Oceania",3,Both,14,45-49 years,302,Diarrheal diseases,183,Clostridium difficile,1,Number,1994,1975.590734,4216.901152,1975.590734
1,Deaths,,"Southeast Asia, East Asia, and Oceania",3,Both,14,45-49 years,302,Diarrheal diseases,183,Clostridium difficile,1,Number,1995,2121.763085,4322.3174,2121.763085
1,Deaths,,"Southeast Asia, East Asia, and Oceania",3,Both,14,45-49 years,302,Diarrheal diseases,183,Clostridium difficile,1,Number,1996,2228.870187,4276.687498,2228.870187
1,Deaths,,"Southeast Asia, East Asia, and Oceania",3,Both,14,45-49 years,302,Diarrheal diseases,183,Clostridium difficile,1,Number,1997,2209.004472,4489.966524,2209.004472
1,Deaths,,"Southeast Asia, East Asia, and Oceania",3,Both,14,45-49 years,302,Diarrheal diseases,183,Clostridium difficile,1,Number,1998,2421.881265,4653.06225,2421.881265
1,Deaths,,"Southeast Asia, East Asia, and Oceania",3,Both,14,45-49 years,302,Diarrheal diseases,183,Clostridium difficile,1,Number,1999,2548.822671,4680.852327,2548.822671
1,Deaths,,"Southeast Asia, East Asia, and Oceania",3,Both,14,45-49 years,302,Diarrheal diseases,183,Clostridium difficile,1,Number,2000,2585.642038,5031.910477,2585.642038
1,Deaths,,"Southeast Asia, East Asia, and Oceania",3,Both,14,45-49 years,302,Diarrheal diseases,183,Clostridium difficile,1,Number,2001,2726.469689,5085.986309,2726.469689
1,Deaths,,"Southeast Asia, East Asia, and Oceania",3,Both,14,45-49 years,302,Diarrheal diseases,183,Clostridium difficile,1,Number,2002,2929.395191,5252.830495,2929.395191
1,Deaths,,"Southeast Asia, East Asia, and Oceania",3,Both,14,45-49 years,302,Diarrheal diseases,183,Clostridium difficile,1,Number,2003,3114.201741,5377.205918,3114.201741
1,Deaths,,"Southeast Asia, East Asia, and Oceania",3,Both,14,45-49 years,302,Diarrheal diseases,183,Clostridium difficile,1,Number,2004,3327.180697,5603.564932,3327.180697
1,Deaths,,"Southeast Asia, East Asia, and Oceania",3,Both,14,45-49 years,302,Diarrheal diseases,183,Clostridium difficile,1,Number,2005,3320.644854,5655.716504,3320.644854
1,Deaths,,"Southeast Asia, East Asia, and Oceania",3,Both,14,45-49 years,302,Diarrheal diseases,183,Clostridium difficile,1,Number,2006,3653.275216,5785.567254,3653.275216
1,Deaths,,"Southeast Asia, East Asia, and Oceania",3,Both,14,45-49 years,302,Diarrheal diseases,183,Clostridium difficile,1,Number,2007,3863.996547,5942.501374,3863.996547
1,Deaths,,"Southeast Asia, East Asia, and Oceania",3,Both,14,45-49 years,302,Diarrheal diseases,183,Clostridium difficile,1,Number,2008,4216.97769,6763.544966,4216.97769
1,Deaths,,"Southeast Asia, East Asia, and Oceania",3,Both,14,45-49 years,302,Diarrheal diseases,183,Clostridium difficile,1,Number,2009,4969.605801,7449.927047,4969.605801
1,Deaths,,"Southeast Asia, East Asia, and Oceania",3,Both,14,45-49 years,302,Diarrheal diseases,183,Clostridium difficile,1,Number,2010,5439.343677,8225.316221,5439.343677
1,Deaths,,"Southeast Asia, East Asia, and Oceania",3,Both,14,45-49 years,302,Diarrheal diseases,183,Clostridium difficile,1,Number,2011,5568.245635,8542.063537,5568.245635
1,Deaths,,"Southeast Asia, East Asia, and Oceania",3,Both,14,45-49 years,302,Diarrheal diseases,183,Clostridium difficile,1,Number,2012,5810.310673,8577.955269,5810.310673
1,Deaths,,"Southeast Asia, East Asia, and Oceania",3,Both,14,45-49 years,302,Diarrheal diseases,183,Clostridium difficile,1,Number,2013,5954.866162,8869.41651,5954.866162
1,Deaths,,"Southeast Asia, East Asia, and Oceania",3,Both,14,45-49 years,302,Diarrheal diseases,183,Clostridium difficile,1,Number,2014,6041.208424,8894.432577,6041.208424
1,Deaths,,"Southeast Asia, East Asia, and Oceania",3,Both,14,45-49 years,302,Diarrheal diseases,183,Clostridium difficile,1,Number,2015,6277.962766,8954.68228,6277.962766
1,Deaths,,"Southeast Asia, East Asia, and Oceania",3,Both,14,45-49 years,302,Diarrheal diseases,183,Clostridium difficile,1,Number,2016,6399.884951,9091.305693,6399.884951
1,Deaths,,"Southeast Asia, East Asia, and Oceania",3,Both,14,45-49 years,302,Diarrheal diseases,183,Clostridium difficile,1,Number,2017,6413.742829,8959.937575,6413.742829
1,Deaths,,"Southeast Asia, East Asia, and Oceania",3,Both,14,45-49 years,302,Diarrheal diseases,183,Clostridium difficile,1,Number,2018,6056.481273,8925.192515,6056.481273
1,Deaths,,"Southeast Asia, East Asia, and Oceania",3,Both,14,45-49 years,302,Diarrheal diseases,183,Clostridium difficile,1,Number,2019,5849.473845,8659.529146,5849.473845
1,Deaths,,"Southeast Asia, East Asia, and Oceania",3,Both,14,45-49 years,302,Diarrheal diseases,183,Clostridium difficile,1,Number,2020,5420.971731,7996.426965,5420.971731
1,Deaths,,"Southeast Asia, East Asia, and Oceania",3,Both,14,45-49 years,302,Diarrheal diseases,183,Clostridium difficile,1,Number,2021,5231.164911,7870.879383,5231.164911
1,Deaths,,"Southeast Asia, East Asia, and Oceania",3,Both,6,5-9 years,302,Diarrheal diseases,183,Clostridium difficile,1,Number,1990,1028.291525,2321.465302,1028.291525
1,Deaths,,"Southeast Asia, East Asia, and Oceania",3,Both,6,5-9 years,302,Diarrheal diseases,183,Clostridium difficile,1,Number,1991,1069.6833,2280.773227,1069.6833
1,Deaths,,"Southeast Asia, East Asia, and Oceania",3,Both,6,5-9 years,302,Diarrheal diseases,183,Clostridium difficile,1,Number,1992,1070.842937,2290.941175,1070.842937
1,Deaths,,"Southeast Asia, East Asia, and Oceania",3,Both,6,5-9 years,302,Diarrheal diseases,183,Clostridium difficile,1,Number,1993,1049.192752,2223.661102,1049.192752
1,Deaths,,"Southeast Asia, East Asia, and Oceania",3,Both,6,5-9 years,302,Diarrheal diseases,183,Clostridium difficile,1,Number,1994,1074.498601,2120.555177,1074.498601
1,Deaths,,"Southeast Asia, East Asia, and Oceania",3,Both,6,5-9 years,302,Diarrheal diseases,183,Clostridium difficile,1,Number,1995,1044.613422,2117.778827,1044.613422
1,Deaths,,"Southeast Asia, East Asia, and Oceania",3,Both,6,5-9 years,302,Diarrheal diseases,183,Clostridium difficile,1,Number,1996,975.5246626,1973.398493,975.5246626
1,Deaths,,"Southeast Asia, East Asia, and Oceania",3,Both,6,5-9 years,302,Diarrheal diseases,183,Clostridium difficile,1,Number,1997,947.8619476,1824.971929,947.8619476
1,Deaths,,"Southeast Asia, East Asia, and Oceania",3,Both,6,5-9 years,302,Diarrheal diseases,183,Clostridium difficile,1,Number,1998,899.326099,1726.450924,899.326099
1,Deaths,,"Southeast Asia, East Asia, and Oceania",3,Both,6,5-9 years,302,Diarrheal diseases,183,Clostridium difficile,1,Number,1999,820.2591388,1620.345956,820.2591388
1,Deaths,,"Southeast Asia, East Asia, and Oceania",3,Both,6,5-9 years,302,Diarrheal diseases,183,Clostridium difficile,1,Number,2000,759.2544781,1494.219389,759.2544781
1,Deaths,,"Southeast Asia, East Asia, and Oceania",3,Both,6,5-9 years,302,Diarrheal diseases,183,Clostridium difficile,1,Number,2001,740.0000422,1386.482971,740.0000422
1,Deaths,,"Southeast Asia, East Asia, and Oceania",3,Both,6,5-9 years,302,Diarrheal diseases,183,Clostridium difficile,1,Number,2002,718.7582361,1304.679524,718.7582361
1,Deaths,,"Southeast Asia, East Asia, and Oceania",3,Both,6,5-9 years,302,Diarrheal diseases,183,Clostridium difficile,1,Number,2003,679.7086133,1229.429141,679.7086133
1,Deaths,,"Southeast Asia, East Asia, and Oceania",3,Both,6,5-9 years,302,Diarrheal diseases,183,Clostridium difficile,1,Number,2004,666.1843618,1202.793364,666.1843618
1,Deaths,,"Southeast Asia, East Asia, and Oceania",3,Both,6,5-9 years,302,Diarrheal diseases,183,Clostridium difficile,1,Number,2005,672.9488387,1143.139449,672.9488387
1,Deaths,,"Southeast Asia, East Asia, and Oceania",3,Both,6,5-9 years,302,Diarrheal diseases,183,Clostridium difficile,1,Number,2006,679.6337113,1124.69099,679.6337113
1,Deaths,,"Southeast Asia, East Asia, and Oceania",3,Both,6,5-9 years,302,Diarrheal diseases,183,Clostridium difficile,1,Number,2007,662.793307,1094.046256,662.793307
1,Deaths,,"Southeast Asia, East Asia, and Oceania",3,Both,6,5-9 years,302,Diarrheal diseases,183,Clostridium difficile,1,Number,2008,715.2141342,1134.428706,715.2141342
1,Deaths,,"Southeast Asia, East Asia, and Oceania",3,Both,6,5-9 years,302,Diarrheal diseases,183,Clostridium difficile,1,Number,2009,739.7545031,1180.811368,739.7545031
1,Deaths,,"Southeast Asia, East Asia, and Oceania",3,Both,6,5-9 years,302,Diarrheal diseases,183,Clostridium difficile,1,Number,2010,740.9431741,1126.406199,740.9431741
1,Deaths,,"Southeast Asia, East Asia, and Oceania",3,Both,6,5-9 years,302,Diarrheal diseases,183,Clostridium difficile,1,Number,2011,699.2551414,1071.668563,699.2551414
1,Deaths,,"Southeast Asia, East Asia, and Oceania",3,Both,6,5-9 years,302,Diarrheal diseases,183,Clostridium difficile,1,Number,2012,679.0356803,1053.963463,679.0356803
1,Deaths,,"Southeast Asia, East Asia, and Oceania",3,Both,6,5-9 years,302,Diarrheal diseases,183,Clostridium difficile,1,Number,2013,690.3365548,1071.223712,690.3365548
1,Deaths,,"Southeast Asia, East Asia, and Oceania",3,Both,6,5-9 years,302,Diarrheal diseases,183,Clostridium difficile,1,Number,2014,701.7944517,1037.642908,701.7944517
1,Deaths,,"Southeast Asia, East Asia, and Oceania",3,Both,6,5-9 years,302,Diarrheal diseases,183,Clostridium difficile,1,Number,2015,707.0564713,1053.326636,707.0564713
1,Deaths,,"Southeast Asia, East Asia, and Oceania",3,Both,6,5-9 years,302,Diarrheal diseases,183,Clostridium difficile,1,Number,2016,692.1304747,1055.540606,692.1304747
1,Deaths,,"Southeast Asia, East Asia, and Oceania",3,Both,6,5-9 years,302,Diarrheal diseases,183,Clostridium difficile,1,Number,2017,691.5542399,1048.156548,691.5542399
1,Deaths,,"Southeast Asia, East Asia, and Oceania",3,Both,6,5-9 years,302,Diarrheal diseases,183,Clostridium difficile,1,Number,2018,642.1398437,1006.755208,642.1398437
1,Deaths,,"Southeast Asia, East Asia, and Oceania",3,Both,6,5-9 years,302,Diarrheal diseases,183,Clostridium difficile,1,Number,2019,620.6527191,988.6251336,620.6527191
1,Deaths,,"Southeast Asia, East Asia, and Oceania",3,Both,6,5-9 years,302,Diarrheal diseases,183,Clostridium difficile,1,Number,2020,560.7845774,877.6936853,560.7845774
1,Deaths,,"Southeast Asia, East Asia, and Oceania",3,Both,6,5-9 years,302,Diarrheal diseases,183,Clostridium difficile,1,Number,2021,555.3706588,871.8330202,555.3706588
1,Deaths,,"Southeast Asia, East Asia, and Oceania",3,Both,15,50-54 years,302,Diarrheal diseases,183,Clostridium difficile,1,Number,1990,3165.779334,7492.859853,3165.779334
1,Deaths,,"Southeast Asia, East Asia, and Oceania",3,Both,15,50-54 years,302,Diarrheal diseases,183,Clostridium difficile,1,Number,1991,3249.371311,7371.488944,3249.371311
1,Deaths,,"Southeast Asia, East Asia, and Oceania",3,Both,15,50-54 years,302,Diarrheal diseases,183,Clostridium difficile,1,Number,1992,3161.248881,7483.566556,3161.248881
1,Deaths,,"Southeast Asia, East Asia, and Oceania",3,Both,15,50-54 years,302,Diarrheal diseases,183,Clostridium difficile,1,Number,1993,3341.470365,7223.457042,3341.470365
1,Deaths,,"Southeast Asia, East Asia, and Oceania",3,Both,15,50-54 years,302,Diarrheal diseases,183,Clostridium difficile,1,Number,1994,3533.510954,7182.972433,3533.510954
1,Deaths,,"Southeast Asia, East Asia, and Oceania",3,Both,15,50-54 years,302,Diarrheal diseases,183,Clostridium difficile,1,Number,1995,3604.075551,7239.438499,3604.075551
1,Deaths,,"Southeast Asia, East Asia, and Oceania",3,Both,15,50-54 years,302,Diarrheal diseases,183,Clostridium difficile,1,Number,1996,3629.16844,7028.076561,3629.16844
1,Deaths,,"Southeast Asia, East Asia, and Oceania",3,Both,15,50-54 years,302,Diarrheal diseases,183,Clostridium difficile,1,Number,1997,3523.524766,7247.107942,3523.524766
1,Deaths,,"Southeast Asia, East Asia, and Oceania",3,Both,15,50-54 years,302,Diarrheal diseases,183,Clostridium difficile,1,Number,1998,3739.324008,7305.630025,3739.324008
1,Deaths,,"Southeast Asia, East Asia, and Oceania",3,Both,15,50-54 years,302,Diarrheal diseases,183,Clostridium difficile,1,Number,1999,3906.191215,7641.821615,3906.191215
1,Deaths,,"Southeast Asia, East Asia, and Oceania",3,Both,15,50-54 years,302,Diarrheal diseases,183,Clostridium difficile,1,Number,2000,4093.085361,7788.564943,4093.085361
1,Deaths,,"Southeast Asia, East Asia, and Oceania",3,Both,15,50-54 years,302,Diarrheal diseases,183,Clostridium difficile,1,Number,2001,4231.631821,8147.291248,4231.631821
1,Deaths,,"Southeast Asia, East Asia, and Oceania",3,Both,15,50-54 years,302,Diarrheal diseases,183,Clostridium difficile,1,Number,2002,4767.208636,8515.252375,4767.208636
1,Deaths,,"Southeast Asia, East Asia, and Oceania",3,Both,15,50-54 years,302,Diarrheal diseases,183,Clostridium difficile,1,Number,2003,5202.605897,9111.267535,5202.605897
1,Deaths,,"Southeast Asia, East Asia, and Oceania",3,Both,15,50-54 years,302,Diarrheal diseases,183,Clostridium difficile,1,Number,2004,5707.387579,10015.86965,5707.387579
1,Deaths,,"Southeast Asia, East Asia, and Oceania",3,Both,15,50-54 years,302,Diarrheal diseases,183,Clostridium difficile,1,Number,2005,6179.135765,10878.96865,6179.135765
1,Deaths,,"Southeast Asia, East Asia, and Oceania",3,Both,15,50-54 years,302,Diarrheal diseases,183,Clostridium difficile,1,Number,2006,7344.77326,11770.44261,7344.77326
1,Deaths,,"Southeast Asia, East Asia, and Oceania",3,Both,15,50-54 years,302,Diarrheal diseases,183,Clostridium difficile,1,Number,2007,7668.557923,12088.71589,7668.557923
1,Deaths,,"Southeast Asia, East Asia, and Oceania",3,Both,15,50-54 years,302,Diarrheal diseases,183,Clostridium difficile,1,Number,2008,7772.624143,12267.34597,7772.624143
1,Deaths,,"Southeast Asia, East Asia, and Oceania",3,Both,15,50-54 years,302,Diarrheal diseases,183,Clostridium difficile,1,Number,2009,7800.595659,11626.51151,7800.595659
1,Deaths,,"Southeast Asia, East Asia, and Oceania",3,Both,15,50-54 years,302,Diarrheal diseases,183,Clostridium difficile,1,Number,2010,7641.382363,11618.22154,7641.382363
1,Deaths,,"Southeast Asia, East Asia, and Oceania",3,Both,15,50-54 years,302,Diarrheal diseases,183,Clostridium difficile,1,Number,2011,7605.539173,11267.33781,7605.539173
1,Deaths,,"Southeast Asia, East Asia, and Oceania",3,Both,15,50-54 years,302,Diarrheal diseases,183,Clostridium difficile,1,Number,2012,7953.843917,11184.25702,7953.843917
1,Deaths,,"Southeast Asia, East Asia, and Oceania",3,Both,15,50-54 years,302,Diarrheal diseases,183,Clostridium difficile,1,Number,2013,8035.634381,12206.98283,8035.634381
1,Deaths,,"Southeast Asia, East Asia, and Oceania",3,Both,15,50-54 years,302,Diarrheal diseases,183,Clostridium difficile,1,Number,2014,9008.150303,12847.85702,9008.150303
1,Deaths,,"Southeast Asia, East Asia, and Oceania",3,Both,15,50-54 years,302,Diarrheal diseases,183,Clostridium difficile,1,Number,2015,9773.891577,14251.18583,9773.891577
1,Deaths,,"Southeast Asia, East Asia, and Oceania",3,Both,15,50-54 years,302,Diarrheal diseases,183,Clostridium difficile,1,Number,2016,10526.77257,15280.55933,10526.77257
1,Deaths,,"Southeast Asia, East Asia, and Oceania",3,Both,15,50-54 years,302,Diarrheal diseases,183,Clostridium difficile,1,Number,2017,10922.54143,16084.10721,10922.54143
1,Deaths,,"Southeast Asia, East Asia, and Oceania",3,Both,15,50-54 years,302,Diarrheal diseases,183,Clostridium difficile,1,Number,2018,10906.52219,16293.73564,10906.52219
1,Deaths,,"Southeast Asia, East Asia, and Oceania",3,Both,15,50-54 years,302,Diarrheal diseases,183,Clostridium difficile,1,Number,2019,10874.29909,15781.73453,10874.29909
1,Deaths,,"Southeast Asia, East Asia, and Oceania",3,Both,15,50-54 years,302,Diarrheal diseases,183,Clostridium difficile,1,Number,2020,10046.01503,14875.72893,10046.01503
1,Deaths,,"Southeast Asia, East Asia, and Oceania",3,Both,15,50-54 years,302,Diarrheal diseases,183,Clostridium difficile,1,Number,2021,9793.714005,14937.99066,9793.714005
1,Deaths,,"Southeast Asia, East Asia, and Oceania",3,Both,16,55-59 years,302,Diarrheal diseases,183,Clostridium difficile,1,Number,1990,4347.339216,11142.537,4347.339216
1,Deaths,,"Southeast Asia, East Asia, and Oceania",3,Both,16,55-59 years,302,Diarrheal diseases,183,Clostridium difficile,1,Number,1991,4648.971696,11073.35531,4648.971696
1,Deaths,,"Southeast Asia, East Asia, and Oceania",3,Both,16,55-59 years,302,Diarrheal diseases,183,Clostridium difficile,1,Number,1992,4332.99614,11586.32259,4332.99614
1,Deaths,,"Southeast Asia, East Asia, and Oceania",3,Both,16,55-59 years,302,Diarrheal diseases,183,Clostridium difficile,1,Number,1993,4709.936845,11067.26179,4709.936845
1,Deaths,,"Southeast Asia, East Asia, and Oceania",3,Both,16,55-59 years,302,Diarrheal diseases,183,Clostridium difficile,1,Number,1994,5115.405202,10738.27238,5115.405202
1,Deaths,,"Southeast Asia, East Asia, and Oceania",3,Both,16,55-59 years,302,Diarrheal diseases,183,Clostridium difficile,1,Number,1995,4935.613004,10915.71307,4935.613004
1,Deaths,,"Southeast Asia, East Asia, and Oceania",3,Both,16,55-59 years,302,Diarrheal diseases,183,Clostridium difficile,1,Number,1996,4868.635636,10251.63988,4868.635636
1,Deaths,,"Southeast Asia, East Asia, and Oceania",3,Both,16,55-59 years,302,Diarrheal diseases,183,Clostridium difficile,1,Number,1997,4552.262211,10204.00816,4552.262211
1,Deaths,,"Southeast Asia, East Asia, and Oceania",3,Both,16,55-59 years,302,Diarrheal diseases,183,Clostridium difficile,1,Number,1998,4753.078741,9962.413519,4753.078741
1,Deaths,,"Southeast Asia, East Asia, and Oceania",3,Both,16,55-59 years,302,Diarrheal diseases,183,Clostridium difficile,1,Number,1999,4368.616268,10244.56159,4368.616268
1,Deaths,,"Southeast Asia, East Asia, and Oceania",3,Both,16,55-59 years,302,Diarrheal diseases,183,Clostridium difficile,1,Number,2000,4688.132842,9944.530548,4688.132842
1,Deaths,,"Southeast Asia, East Asia, and Oceania",3,Both,16,55-59 years,302,Diarrheal diseases,183,Clostridium difficile,1,Number,2001,5063.179914,9847.149435,5063.179914
1,Deaths,,"Southeast Asia, East Asia, and Oceania",3,Both,16,55-59 years,302,Diarrheal diseases,183,Clostridium difficile,1,Number,2002,5144.216308,10555.02456,5144.216308
1,Deaths,,"Southeast Asia, East Asia, and Oceania",3,Both,16,55-59 years,302,Diarrheal diseases,183,Clostridium difficile,1,Number,2003,5327.265624,11106.53763,5327.265624
1,Deaths,,"Southeast Asia, East Asia, and Oceania",3,Both,16,55-59 years,302,Diarrheal diseases,183,Clostridium difficile,1,Number,2004,6233.475082,12331.00231,6233.475082
1,Deaths,,"Southeast Asia, East Asia, and Oceania",3,Both,16,55-59 years,302,Diarrheal diseases,183,Clostridium difficile,1,Number,2005,6880.778131,12878.58414,6880.778131
1,Deaths,,"Southeast Asia, East Asia, and Oceania",3,Both,16,55-59 years,302,Diarrheal diseases,183,Clostridium difficile,1,Number,2006,8205.890292,14248.62917,8205.890292
1,Deaths,,"Southeast Asia, East Asia, and Oceania",3,Both,16,55-59 years,302,Diarrheal diseases,183,Clostridium difficile,1,Number,2007,8814.266438,15031.33844,8814.266438
1,Deaths,,"Southeast Asia, East Asia, and Oceania",3,Both,16,55-59 years,302,Diarrheal diseases,183,Clostridium difficile,1,Number,2008,9465.304047,16241.5076,9465.304047
1,Deaths,,"Southeast Asia, East Asia, and Oceania",3,Both,16,55-59 years,302,Diarrheal diseases,183,Clostridium difficile,1,Number,2009,10060.29728,16025.03141,10060.29728
1,Deaths,,"Southeast Asia, East Asia, and Oceania",3,Both,16,55-59 years,302,Diarrheal diseases,183,Clostridium difficile,1,Number,2010,10796.46934,16835.57621,10796.46934
1,Deaths,,"Southeast Asia, East Asia, and Oceania",3,Both,16,55-59 years,302,Diarrheal diseases,183,Clostridium difficile,1,Number,2011,10571.55306,17279.0795,10571.55306
1,Deaths,,"Southeast Asia, East Asia, and Oceania",3,Both,16,55-59 years,302,Diarrheal diseases,183,Clostridium difficile,1,Number,2012,10763.18579,17424.69675,10763.18579
1,Deaths,,"Southeast Asia, East Asia, and Oceania",3,Both,16,55-59 years,302,Diarrheal diseases,183,Clostridium difficile,1,Number,2013,11038.69715,17472.53982,11038.69715
1,Deaths,,"Southeast Asia, East Asia, and Oceania",3,Both,16,55-59 years,302,Diarrheal diseases,183,Clostridium difficile,1,Number,2014,10828.86087,17714.95058,10828.86087
1,Deaths,,"Southeast Asia, East Asia, and Oceania",3,Both,16,55-59 years,302,Diarrheal diseases,183,Clostridium difficile,1,Number,2015,11123.54477,18092.83099,11123.54477
1,Deaths,,"Southeast Asia, East Asia, and Oceania",3,Both,16,55-59 years,302,Diarrheal diseases,183,Clostridium difficile,1,Number,2016,11323.5215,18491.45771,11323.5215
1,Deaths,,"Southeast Asia, East Asia, and Oceania",3,Both,16,55-59 years,302,Diarrheal diseases,183,Clostridium difficile,1,Number,2017,11604.06353,18971.38794,11604.06353
1,Deaths,,"Southeast Asia, East Asia, and Oceania",3,Both,16,55-59 years,302,Diarrheal diseases,183,Clostridium difficile,1,Number,2018,12307.44085,19207.54027,12307.44085
1,Deaths,,"Southeast Asia, East Asia, and Oceania",3,Both,16,55-59 years,302,Diarrheal diseases,183,Clostridium difficile,1,Number,2019,12552.1122,19893.30909,12552.1122
1,Deaths,,"Southeast Asia, East Asia, and Oceania",3,Both,16,55-59 years,302,Diarrheal diseases,183,Clostridium difficile,1,Number,2020,12339.45234,19690.37218,12339.45234
1,Deaths,,"Southeast Asia, East Asia, and Oceania",3,Both,16,55-59 years,302,Diarrheal diseases,183,Clostridium difficile,1,Number,2021,13008.34456,20329.27631,13008.34456
1,Deaths,,"Southeast Asia, East Asia, and Oceania",3,Both,17,60-64 years,302,Diarrheal diseases,183,Clostridium difficile,1,Number,1990,6012.446489,14717.54367,6012.446489
1,Deaths,,"Southeast Asia, East Asia, and Oceania",3,Both,17,60-64 years,302,Diarrheal diseases,183,Clostridium difficile,1,Number,1991,6303.898863,14829.78531,6303.898863
1,Deaths,,"Southeast Asia, East Asia, and Oceania",3,Both,17,60-64 years,302,Diarrheal diseases,183,Clostridium difficile,1,Number,1992,6428.257947,15184.24265,6428.257947
1,Deaths,,"Southeast Asia, East Asia, and Oceania",3,Both,17,60-64 years,302,Diarrheal diseases,183,Clostridium difficile,1,Number,1993,6934.464479,14746.50082,6934.464479
1,Deaths,,"Southeast Asia, East Asia, and Oceania",3,Both,17,60-64 years,302,Diarrheal diseases,183,Clostridium difficile,1,Number,1994,7140.453552,15020.32363,7140.453552
1,Deaths,,"Southeast Asia, East Asia, and Oceania",3,Both,17,60-64 years,302,Diarrheal diseases,183,Clostridium difficile,1,Number,1995,7089.677907,15302.02146,7089.677907
1,Deaths,,"Southeast Asia, East Asia, and Oceania",3,Both,17,60-64 years,302,Diarrheal diseases,183,Clostridium difficile,1,Number,1996,6785.472515,15003.63196,6785.472515
1,Deaths,,"Southeast Asia, East Asia, and Oceania",3,Both,17,60-64 years,302,Diarrheal diseases,183,Clostridium difficile,1,Number,1997,7189.321862,14351.17277,7189.321862
1,Deaths,,"Southeast Asia, East Asia, and Oceania",3,Both,17,60-64 years,302,Diarrheal diseases,183,Clostridium difficile,1,Number,1998,7369.724822,14130.83896,7369.724822
1,Deaths,,"Southeast Asia, East Asia, and Oceania",3,Both,17,60-64 years,302,Diarrheal diseases,183,Clostridium difficile,1,Number,1999,6753.461692,14453.77035,6753.461692
1,Deaths,,"Southeast Asia, East Asia, and Oceania",3,Both,17,60-64 years,302,Diarrheal diseases,183,Clostridium difficile,1,Number,2000,7144.926467,13856.61023,7144.926467
1,Deaths,,"Southeast Asia, East Asia, and Oceania",3,Both,17,60-64 years,302,Diarrheal diseases,183,Clostridium difficile,1,Number,2001,7134.271609,13653.9728,7134.271609
1,Deaths,,"Southeast Asia, East Asia, and Oceania",3,Both,17,60-64 years,302,Diarrheal diseases,183,Clostridium difficile,1,Number,2002,7350.158852,13840.4407,7350.158852
1,Deaths,,"Southeast Asia, East Asia, and Oceania",3,Both,17,60-64 years,302,Diarrheal diseases,183,Clostridium difficile,1,Number,2003,7553.845073,14147.8932,7553.845073
1,Deaths,,"Southeast Asia, East Asia, and Oceania",3,Both,17,60-64 years,302,Diarrheal diseases,183,Clostridium difficile,1,Number,2004,8084.871626,15068.0502,8084.871626
1,Deaths,,"Southeast Asia, East Asia, and Oceania",3,Both,17,60-64 years,302,Diarrheal diseases,183,Clostridium difficile,1,Number,2005,8541.81327,15188.6457,8541.81327
1,Deaths,,"Southeast Asia, East Asia, and Oceania",3,Both,17,60-64 years,302,Diarrheal diseases,183,Clostridium difficile,1,Number,2006,9936.712146,16014.8669,9936.712146
1,Deaths,,"Southeast Asia, East Asia, and Oceania",3,Both,17,60-64 years,302,Diarrheal diseases,183,Clostridium difficile,1,Number,2007,10829.71587,16556.63953,10829.71587
1,Deaths,,"Southeast Asia, East Asia, and Oceania",3,Both,17,60-64 years,302,Diarrheal diseases,183,Clostridium difficile,1,Number,2008,11390.0739,18329.27472,11390.0739
1,Deaths,,"Southeast Asia, East Asia, and Oceania",3,Both,17,60-64 years,302,Diarrheal diseases,183,Clostridium difficile,1,Number,2009,12841.12931,19623.05287,12841.12931
1,Deaths,,"Southeast Asia, East Asia, and Oceania",3,Both,17,60-64 years,302,Diarrheal diseases,183,Clostridium difficile,1,Number,2010,13321.63894,20884.89852,13321.63894
1,Deaths,,"Southeast Asia, East Asia, and Oceania",3,Both,17,60-64 years,302,Diarrheal diseases,183,Clostridium difficile,1,Number,2011,13776.54039,21014.9581,13776.54039
1,Deaths,,"Southeast Asia, East Asia, and Oceania",3,Both,17,60-64 years,302,Diarrheal diseases,183,Clostridium difficile,1,Number,2012,13731.15579,21702.62542,13731.15579
1,Deaths,,"Southeast Asia, East Asia, and Oceania",3,Both,17,60-64 years,302,Diarrheal diseases,183,Clostridium difficile,1,Number,2013,15273.96401,22402.16338,15273.96401
1,Deaths,,"Southeast Asia, East Asia, and Oceania",3,Both,17,60-64 years,302,Diarrheal diseases,183,Clostridium difficile,1,Number,2014,15760.48616,23245.78899,15760.48616
1,Deaths,,"Southeast Asia, East Asia, and Oceania",3,Both,17,60-64 years,302,Diarrheal diseases,183,Clostridium difficile,1,Number,2015,17189.08045,25066.37667,17189.08045
1,Deaths,,"Southeast Asia, East Asia, and Oceania",3,Both,17,60-64 years,302,Diarrheal diseases,183,Clostridium difficile,1,Number,2016,17914.40975,26447.88017,17914.40975
1,Deaths,,"Southeast Asia, East Asia, and Oceania",3,Both,17,60-64 years,302,Diarrheal diseases,183,Clostridium difficile,1,Number,2017,18039.53128,27099.99645,18039.53128
1,Deaths,,"Southeast Asia, East Asia, and Oceania",3,Both,17,60-64 years,302,Diarrheal diseases,183,Clostridium difficile,1,Number,2018,17266.35763,27096.48843,17266.35763
1,Deaths,,"Southeast Asia, East Asia, and Oceania",3,Both,17,60-64 years,302,Diarrheal diseases,183,Clostridium difficile,1,Number,2019,17069.51531,25667.93636,17069.51531
1,Deaths,,"Southeast Asia, East Asia, and Oceania",3,Both,17,60-64 years,302,Diarrheal diseases,183,Clostridium difficile,1,Number,2020,15832.60321,23745.76292,15832.60321
1,Deaths,,"Southeast Asia, East Asia, and Oceania",3,Both,17,60-64 years,302,Diarrheal diseases,183,Clostridium difficile,1,Number,2021,16122.25652,23291.92527,16122.25652
1,Deaths,,"Southeast Asia, East Asia, and Oceania",3,Both,18,65-69 years,302,Diarrheal diseases,183,Clostridium difficile,1,Number,1990,8050.767038,18158.21116,8050.767038
1,Deaths,,"Southeast Asia, East Asia, and Oceania",3,Both,18,65-69 years,302,Diarrheal diseases,183,Clostridium difficile,1,Number,1991,8329.398005,18409.58073,8329.398005
1,Deaths,,"Southeast Asia, East Asia, and Oceania",3,Both,18,65-69 years,302,Diarrheal diseases,183,Clostridium difficile,1,Number,1992,8716.743495,18697.27935,8716.743495
1,Deaths,,"Southeast Asia, East Asia, and Oceania",3,Both,18,65-69 years,302,Diarrheal diseases,183,Clostridium difficile,1,Number,1993,8748.395631,18947.58999,8748.395631
1,Deaths,,"Southeast Asia, East Asia, and Oceania",3,Both,18,65-69 years,302,Diarrheal diseases,183,Clostridium difficile,1,Number,1994,9515.319477,19088.72853,9515.319477
1,Deaths,,"Southeast Asia, East Asia, and Oceania",3,Both,18,65-69 years,302,Diarrheal diseases,183,Clostridium difficile,1,Number,1995,9715.210213,19559.29158,9715.210213
1,Deaths,,"Southeast Asia, East Asia, and Oceania",3,Both,18,65-69 years,302,Diarrheal diseases,183,Clostridium difficile,1,Number,1996,9561.342055,19077.75569,9561.342055
1,Deaths,,"Southeast Asia, East Asia, and Oceania",3,Both,18,65-69 years,302,Diarrheal diseases,183,Clostridium difficile,1,Number,1997,9699.426379,18881.29455,9699.426379
1,Deaths,,"Southeast Asia, East Asia, and Oceania",3,Both,18,65-69 years,302,Diarrheal diseases,183,Clostridium difficile,1,Number,1998,9766.025545,19088.96556,9766.025545
1,Deaths,,"Southeast Asia, East Asia, and Oceania",3,Both,18,65-69 years,302,Diarrheal diseases,183,Clostridium difficile,1,Number,1999,10335.26003,18589.51907,10335.26003
1,Deaths,,"Southeast Asia, East Asia, and Oceania",3,Both,18,65-69 years,302,Diarrheal diseases,183,Clostridium difficile,1,Number,2000,10009.5019,19139.46676,10009.5019
1,Deaths,,"Southeast Asia, East Asia, and Oceania",3,Both,18,65-69 years,302,Diarrheal diseases,183,Clostridium difficile,1,Number,2001,10456.70639,18997.16993,10456.70639
1,Deaths,,"Southeast Asia, East Asia, and Oceania",3,Both,18,65-69 years,302,Diarrheal diseases,183,Clostridium difficile,1,Number,2002,10957.8289,19430.88685,10957.8289
1,Deaths,,"Southeast Asia, East Asia, and Oceania",3,Both,18,65-69 years,302,Diarrheal diseases,183,Clostridium difficile,1,Number,2003,11527.20208,20026.37201,11527.20208
1,Deaths,,"Southeast Asia, East Asia, and Oceania",3,Both,18,65-69 years,302,Diarrheal diseases,183,Clostridium difficile,1,Number,2004,12189.49434,21322.79856,12189.49434
1,Deaths,,"Southeast Asia, East Asia, and Oceania",3,Both,18,65-69 years,302,Diarrheal diseases,183,Clostridium difficile,1,Number,2005,12580.5454,21077.54704,12580.5454
1,Deaths,,"Southeast Asia, East Asia, and Oceania",3,Both,18,65-69 years,302,Diarrheal diseases,183,Clostridium difficile,1,Number,2006,13285.04278,21762.49651,13285.04278
1,Deaths,,"Southeast Asia, East Asia, and Oceania",3,Both,18,65-69 years,302,Diarrheal diseases,183,Clostridium difficile,1,Number,2007,13488.67244,21676.83618,13488.67244
1,Deaths,,"Southeast Asia, East Asia, and Oceania",3,Both,18,65-69 years,302,Diarrheal diseases,183,Clostridium difficile,1,Number,2008,14590.51637,22466.21676,14590.51637
1,Deaths,,"Southeast Asia, East Asia, and Oceania",3,Both,18,65-69 years,302,Diarrheal diseases,183,Clostridium difficile,1,Number,2009,15479.67764,23082.36876,15479.67764
1,Deaths,,"Southeast Asia, East Asia, and Oceania",3,Both,18,65-69 years,302,Diarrheal diseases,183,Clostridium difficile,1,Number,2010,16067.06062,23945.45514,16067.06062
1,Deaths,,"Southeast Asia, East Asia, and Oceania",3,Both,18,65-69 years,302,Diarrheal diseases,183,Clostridium difficile,1,Number,2011,16260.97613,23914.27923,16260.97613
1,Deaths,,"Southeast Asia, East Asia, and Oceania",3,Both,18,65-69 years,302,Diarrheal diseases,183,Clostridium difficile,1,Number,2012,16384.58168,24330.38233,16384.58168
1,Deaths,,"Southeast Asia, East Asia, and Oceania",3,Both,18,65-69 years,302,Diarrheal diseases,183,Clostridium difficile,1,Number,2013,17201.35016,25011.81244,17201.35016
1,Deaths,,"Southeast Asia, East Asia, and Oceania",3,Both,18,65-69 years,302,Diarrheal diseases,183,Clostridium difficile,1,Number,2014,18794.60506,26104.1814,18794.60506
1,Deaths,,"Southeast Asia, East Asia, and Oceania",3,Both,18,65-69 years,302,Diarrheal diseases,183,Clostridium difficile,1,Number,2015,19511.30504,28283.5447,19511.30504
1,Deaths,,"Southeast Asia, East Asia, and Oceania",3,Both,18,65-69 years,302,Diarrheal diseases,183,Clostridium difficile,1,Number,2016,20687.45999,30497.81759,20687.45999
1,Deaths,,"Southeast Asia, East Asia, and Oceania",3,Both,18,65-69 years,302,Diarrheal diseases,183,Clostridium difficile,1,Number,2017,22068.24744,31386.81984,22068.24744
1,Deaths,,"Southeast Asia, East Asia, and Oceania",3,Both,18,65-69 years,302,Diarrheal diseases,183,Clostridium difficile,1,Number,2018,22484.49557,32990.98216,22484.49557
1,Deaths,,"Southeast Asia, East Asia, and Oceania",3,Both,18,65-69 years,302,Diarrheal diseases,183,Clostridium difficile,1,Number,2019,22661.62814,32901.61945,22661.62814
1,Deaths,,"Southeast Asia, East Asia, and Oceania",3,Both,18,65-69 years,302,Diarrheal diseases,183,Clostridium difficile,1,Number,2020,22174.40849,32470.28761,22174.40849
1,Deaths,,"Southeast Asia, East Asia, and Oceania",3,Both,18,65-69 years,302,Diarrheal diseases,183,Clostridium difficile,1,Number,2021,22927.31398,33098.42598,22927.31398
1,Deaths,,"Southeast Asia, East Asia, and Oceania",3,Both,19,70-74 years,302,Diarrheal diseases,183,Clostridium difficile,1,Number,1990,8734.293085,20479.20154,8734.293085
1,Deaths,,"Southeast Asia, East Asia, and Oceania",3,Both,19,70-74 years,302,Diarrheal diseases,183,Clostridium difficile,1,Number,1991,9483.995202,20353.98881,9483.995202
1,Deaths,,"Southeast Asia, East Asia, and Oceania",3,Both,19,70-74 years,302,Diarrheal diseases,183,Clostridium difficile,1,Number,1992,9436.867978,21237.89108,9436.867978
1,Deaths,,"Southeast Asia, East Asia, and Oceania",3,Both,19,70-74 years,302,Diarrheal diseases,183,Clostridium difficile,1,Number,1993,9723.486297,21272.30328,9723.486297
1,Deaths,,"Southeast Asia, East Asia, and Oceania",3,Both,19,70-74 years,302,Diarrheal diseases,183,Clostridium difficile,1,Number,1994,10983.88196,21105.26104,10983.88196
1,Deaths,,"Southeast Asia, East Asia, and Oceania",3,Both,19,70-74 years,302,Diarrheal diseases,183,Clostridium difficile,1,Number,1995,10722.19552,22235.60781,10722.19552
1,Deaths,,"Southeast Asia, East Asia, and Oceania",3,Both,19,70-74 years,302,Diarrheal diseases,183,Clostridium difficile,1,Number,1996,10742.09639,21575.73196,10742.09639
1,Deaths,,"Southeast Asia, East Asia, and Oceania",3,Both,19,70-74 years,302,Diarrheal diseases,183,Clostridium difficile,1,Number,1997,10711.75477,21663.36322,10711.75477
1,Deaths,,"Southeast Asia, East Asia, and Oceania",3,Both,19,70-74 years,302,Diarrheal diseases,183,Clostridium difficile,1,Number,1998,10873.95819,22075.92843,10873.95819
1,Deaths,,"Southeast Asia, East Asia, and Oceania",3,Both,19,70-74 years,302,Diarrheal diseases,183,Clostridium difficile,1,Number,1999,11348.65364,22250.30641,11348.65364
1,Deaths,,"Southeast Asia, East Asia, and Oceania",3,Both,19,70-74 years,302,Diarrheal diseases,183,Clostridium difficile,1,Number,2000,11799.5558,22566.22442,11799.5558
1,Deaths,,"Southeast Asia, East Asia, and Oceania",3,Both,19,70-74 years,302,Diarrheal diseases,183,Clostridium difficile,1,Number,2001,12498.0673,22410.63951,12498.0673
1,Deaths,,"Southeast Asia, East Asia, and Oceania",3,Both,19,70-74 years,302,Diarrheal diseases,183,Clostridium difficile,1,Number,2002,12807.31202,23454.68714,12807.31202
1,Deaths,,"Southeast Asia, East Asia, and Oceania",3,Both,19,70-74 years,302,Diarrheal diseases,183,Clostridium difficile,1,Number,2003,13497.39748,24248.86272,13497.39748
1,Deaths,,"Southeast Asia, East Asia, and Oceania",3,Both,19,70-74 years,302,Diarrheal diseases,183,Clostridium difficile,1,Number,2004,14850.17513,25924.55473,14850.17513
1,Deaths,,"Southeast Asia, East Asia, and Oceania",3,Both,19,70-74 years,302,Diarrheal diseases,183,Clostridium difficile,1,Number,2005,15594.80051,26152.41592,15594.80051
1,Deaths,,"Southeast Asia, East Asia, and Oceania",3,Both,19,70-74 years,302,Diarrheal diseases,183,Clostridium difficile,1,Number,2006,17096.90892,27668.06436,17096.90892
1,Deaths,,"Southeast Asia, East Asia, and Oceania",3,Both,19,70-74 years,302,Diarrheal diseases,183,Clostridium difficile,1,Number,2007,17555.78234,27914.79613,17555.78234
1,Deaths,,"Southeast Asia, East Asia, and Oceania",3,Both,19,70-74 years,302,Diarrheal diseases,183,Clostridium difficile,1,Number,2008,18677.11218,28828.03724,18677.11218
1,Deaths,,"Southeast Asia, East Asia, and Oceania",3,Both,19,70-74 years,302,Diarrheal diseases,183,Clostridium difficile,1,Number,2009,19393.84409,28504.81688,19393.84409
1,Deaths,,"Southeast Asia, East Asia, and Oceania",3,Both,19,70-74 years,302,Diarrheal diseases,183,Clostridium difficile,1,Number,2010,19562.55558,28926.30881,19562.55558
1,Deaths,,"Southeast Asia, East Asia, and Oceania",3,Both,19,70-74 years,302,Diarrheal diseases,183,Clostridium difficile,1,Number,2011,18592.6333,28311.13433,18592.6333
1,Deaths,,"Southeast Asia, East Asia, and Oceania",3,Both,19,70-74 years,302,Diarrheal diseases,183,Clostridium difficile,1,Number,2012,18578.01711,26934.29702,18578.01711
1,Deaths,,"Southeast Asia, East Asia, and Oceania",3,Both,19,70-74 years,302,Diarrheal diseases,183,Clostridium difficile,1,Number,2013,18991.90427,27007.18451,18991.90427
1,Deaths,,"Southeast Asia, East Asia, and Oceania",3,Both,19,70-74 years,302,Diarrheal diseases,183,Clostridium difficile,1,Number,2014,19346.54727,27648.25693,19346.54727
1,Deaths,,"Southeast Asia, East Asia, and Oceania",3,Both,19,70-74 years,302,Diarrheal diseases,183,Clostridium difficile,1,Number,2015,20441.81039,28689.16878,20441.81039
1,Deaths,,"Southeast Asia, East Asia, and Oceania",3,Both,19,70-74 years,302,Diarrheal diseases,183,Clostridium difficile,1,Number,2016,21672.80063,29985.17579,21672.80063
1,Deaths,,"Southeast Asia, East Asia, and Oceania",3,Both,19,70-74 years,302,Diarrheal diseases,183,Clostridium difficile,1,Number,2017,21438.01459,32276.36186,21438.01459
1,Deaths,,"Southeast Asia, East Asia, and Oceania",3,Both,19,70-74 years,302,Diarrheal diseases,183,Clostridium difficile,1,Number,2018,22354.47535,32381.24489,22354.47535
1,Deaths,,"Southeast Asia, East Asia, and Oceania",3,Both,19,70-74 years,302,Diarrheal diseases,183,Clostridium difficile,1,Number,2019,22523.94547,33820.2814,22523.94547
1,Deaths,,"Southeast Asia, East Asia, and Oceania",3,Both,19,70-74 years,302,Diarrheal diseases,183,Clostridium difficile,1,Number,2020,21674.92511,32058.46923,21674.92511
1,Deaths,,"Southeast Asia, East Asia, and Oceania",3,Both,19,70-74 years,302,Diarrheal diseases,183,Clostridium difficile,1,Number,2021,23495.20199,32716.52595,23495.20199
1,Deaths,,"Southeast Asia, East Asia, and Oceania",3,Both,20,75-79 years,302,Diarrheal diseases,183,Clostridium difficile,1,Number,1990,8570.030338,19635.78933,8570.030338
1,Deaths,,"Southeast Asia, East Asia, and Oceania",3,Both,20,75-79 years,302,Diarrheal diseases,183,Clostridium difficile,1,Number,1991,9102.451561,19858.08234,9102.451561
1,Deaths,,"Southeast Asia, East Asia, and Oceania",3,Both,20,75-79 years,302,Diarrheal diseases,183,Clostridium difficile,1,Number,1992,9204.969209,20662.1203,9204.969209
1,Deaths,,"Southeast Asia, East Asia, and Oceania",3,Both,20,75-79 years,302,Diarrheal diseases,183,Clostridium difficile,1,Number,1993,9616.989141,20622.909,9616.989141
1,Deaths,,"Southeast Asia, East Asia, and Oceania",3,Both,20,75-79 years,302,Diarrheal diseases,183,Clostridium difficile,1,Number,1994,10099.59167,20984.93338,10099.59167
1,Deaths,,"Southeast Asia, East Asia, and Oceania",3,Both,20,75-79 years,302,Diarrheal diseases,183,Clostridium difficile,1,Number,1995,10158.35837,21760.78813,10158.35837
1,Deaths,,"Southeast Asia, East Asia, and Oceania",3,Both,20,75-79 years,302,Diarrheal diseases,183,Clostridium difficile,1,Number,1996,10516.37675,20882.31876,10516.37675
1,Deaths,,"Southeast Asia, East Asia, and Oceania",3,Both,20,75-79 years,302,Diarrheal diseases,183,Clostridium difficile,1,Number,1997,10500.99552,21060.38419,10500.99552
1,Deaths,,"Southeast Asia, East Asia, and Oceania",3,Both,20,75-79 years,302,Diarrheal diseases,183,Clostridium difficile,1,Number,1998,10699.31765,21495.31251,10699.31765
1,Deaths,,"Southeast Asia, East Asia, and Oceania",3,Both,20,75-79 years,302,Diarrheal diseases,183,Clostridium difficile,1,Number,1999,11089.63166,21909.2062,11089.63166
1,Deaths,,"Southeast Asia, East Asia, and Oceania",3,Both,20,75-79 years,302,Diarrheal diseases,183,Clostridium difficile,1,Number,2000,11852.12587,22008.13116,11852.12587
1,Deaths,,"Southeast Asia, East Asia, and Oceania",3,Both,20,75-79 years,302,Diarrheal diseases,183,Clostridium difficile,1,Number,2001,12155.2189,22443.76048,12155.2189
1,Deaths,,"Southeast Asia, East Asia, and Oceania",3,Both,20,75-79 years,302,Diarrheal diseases,183,Clostridium difficile,1,Number,2002,13065.96709,23119.47251,13065.96709
1,Deaths,,"Southeast Asia, East Asia, and Oceania",3,Both,20,75-79 years,302,Diarrheal diseases,183,Clostridium difficile,1,Number,2003,13855.99142,24392.88586,13855.99142
1,Deaths,,"Southeast Asia, East Asia, and Oceania",3,Both,20,75-79 years,302,Diarrheal diseases,183,Clostridium difficile,1,Number,2004,15416.76429,26782.94363,15416.76429
1,Deaths,,"Southeast Asia, East Asia, and Oceania",3,Both,20,75-79 years,302,Diarrheal diseases,183,Clostridium difficile,1,Number,2005,16526.88896,27535.68968,16526.88896
1,Deaths,,"Southeast Asia, East Asia, and Oceania",3,Both,20,75-79 years,302,Diarrheal diseases,183,Clostridium difficile,1,Number,2006,18175.40719,29199.60725,18175.40719
1,Deaths,,"Southeast Asia, East Asia, and Oceania",3,Both,20,75-79 years,302,Diarrheal diseases,183,Clostridium difficile,1,Number,2007,19407.83485,29287.79929,19407.83485
1,Deaths,,"Southeast Asia, East Asia, and Oceania",3,Both,20,75-79 years,302,Diarrheal diseases,183,Clostridium difficile,1,Number,2008,20768.34665,31570.44076,20768.34665
1,Deaths,,"Southeast Asia, East Asia, and Oceania",3,Both,20,75-79 years,302,Diarrheal diseases,183,Clostridium difficile,1,Number,2009,21876.91609,32883.64348,21876.91609
1,Deaths,,"Southeast Asia, East Asia, and Oceania",3,Both,20,75-79 years,302,Diarrheal diseases,183,Clostridium difficile,1,Number,2010,23232.98959,33529.49679,23232.98959
1,Deaths,,"Southeast Asia, East Asia, and Oceania",3,Both,20,75-79 years,302,Diarrheal diseases,183,Clostridium difficile,1,Number,2011,22207.85096,34223.18865,22207.85096
1,Deaths,,"Southeast Asia, East Asia, and Oceania",3,Both,20,75-79 years,302,Diarrheal diseases,183,Clostridium difficile,1,Number,2012,23021.32747,32720.16229,23021.32747
1,Deaths,,"Southeast Asia, East Asia, and Oceania",3,Both,20,75-79 years,302,Diarrheal diseases,183,Clostridium difficile,1,Number,2013,23392.65667,33077.59885,23392.65667
1,Deaths,,"Southeast Asia, East Asia, and Oceania",3,Both,20,75-79 years,302,Diarrheal diseases,183,Clostridium difficile,1,Number,2014,23990.20445,33208.58789,23990.20445
1,Deaths,,"Southeast Asia, East Asia, and Oceania",3,Both,20,75-79 years,302,Diarrheal diseases,183,Clostridium difficile,1,Number,2015,24903.48801,34298.70571,24903.48801
1,Deaths,,"Southeast Asia, East Asia, and Oceania",3,Both,20,75-79 years,302,Diarrheal diseases,183,Clostridium difficile,1,Number,2016,25544.02054,35283.28318,25544.02054
1,Deaths,,"Southeast Asia, East Asia, and Oceania",3,Both,20,75-79 years,302,Diarrheal diseases,183,Clostridium difficile,1,Number,2017,24955.34087,36291.87528,24955.34087
1,Deaths,,"Southeast Asia, East Asia, and Oceania",3,Both,20,75-79 years,302,Diarrheal diseases,183,Clostridium difficile,1,Number,2018,24787.7995,36205.55655,24787.7995
1,Deaths,,"Southeast Asia, East Asia, and Oceania",3,Both,20,75-79 years,302,Diarrheal diseases,183,Clostridium difficile,1,Number,2019,24040.7025,35918.24955,24040.7025
1,Deaths,,"Southeast Asia, East Asia, and Oceania",3,Both,20,75-79 years,302,Diarrheal diseases,183,Clostridium difficile,1,Number,2020,23173.12354,32664.03484,23173.12354
1,Deaths,,"Southeast Asia, East Asia, and Oceania",3,Both,20,75-79 years,302,Diarrheal diseases,183,Clostridium difficile,1,Number,2021,23541.62877,34032.057,23541.62877
1,Deaths,,"Southeast Asia, East Asia, and Oceania",3,Both,30,80-84 years,302,Diarrheal diseases,183,Clostridium difficile,1,Number,1990,6359.598839,15953.10622,6359.598839
1,Deaths,,"Southeast Asia, East Asia, and Oceania",3,Both,30,80-84 years,302,Diarrheal diseases,183,Clostridium difficile,1,Number,1991,6724.57167,15927.20085,6724.57167
1,Deaths,,"Southeast Asia, East Asia, and Oceania",3,Both,30,80-84 years,302,Diarrheal diseases,183,Clostridium difficile,1,Number,1992,7222.742491,16260.28071,7222.742491
1,Deaths,,"Southeast Asia, East Asia, and Oceania",3,Both,30,80-84 years,302,Diarrheal diseases,183,Clostridium difficile,1,Number,1993,7460.357183,16531.68419,7460.357183
1,Deaths,,"Southeast Asia, East Asia, and Oceania",3,Both,30,80-84 years,302,Diarrheal diseases,183,Clostridium difficile,1,Number,1994,7979.194793,17121.16205,7979.194793
1,Deaths,,"Southeast Asia, East Asia, and Oceania",3,Both,30,80-84 years,302,Diarrheal diseases,183,Clostridium difficile,1,Number,1995,8218.093213,17893.56991,8218.093213
1,Deaths,,"Southeast Asia, East Asia, and Oceania",3,Both,30,80-84 years,302,Diarrheal diseases,183,Clostridium difficile,1,Number,1996,8741.743181,17174.00642,8741.743181
1,Deaths,,"Southeast Asia, East Asia, and Oceania",3,Both,30,80-84 years,302,Diarrheal diseases,183,Clostridium difficile,1,Number,1997,8628.374029,17573.13507,8628.374029
1,Deaths,,"Southeast Asia, East Asia, and Oceania",3,Both,30,80-84 years,302,Diarrheal diseases,183,Clostridium difficile,1,Number,1998,8935.797584,17903.95062,8935.797584
1,Deaths,,"Southeast Asia, East Asia, and Oceania",3,Both,30,80-84 years,302,Diarrheal diseases,183,Clostridium difficile,1,Number,1999,8484.731702,18835.22841,8484.731702
1,Deaths,,"Southeast Asia, East Asia, and Oceania",3,Both,30,80-84 years,302,Diarrheal diseases,183,Clostridium difficile,1,Number,2000,9550.858974,18420.12652,9550.858974
1,Deaths,,"Southeast Asia, East Asia, and Oceania",3,Both,30,80-84 years,302,Diarrheal diseases,183,Clostridium difficile,1,Number,2001,9903.520182,18812.13656,9903.520182
1,Deaths,,"Southeast Asia, East Asia, and Oceania",3,Both,30,80-84 years,302,Diarrheal diseases,183,Clostridium difficile,1,Number,2002,10528.74721,19491.67135,10528.74721
1,Deaths,,"Southeast Asia, East Asia, and Oceania",3,Both,30,80-84 years,302,Diarrheal diseases,183,Clostridium difficile,1,Number,2003,11037.74801,20583.3502,11037.74801
1,Deaths,,"Southeast Asia, East Asia, and Oceania",3,Both,30,80-84 years,302,Diarrheal diseases,183,Clostridium difficile,1,Number,2004,12635.54973,22486.69593,12635.54973
1,Deaths,,"Southeast Asia, East Asia, and Oceania",3,Both,30,80-84 years,302,Diarrheal diseases,183,Clostridium difficile,1,Number,2005,13421.03994,23618.15612,13421.03994
1,Deaths,,"Southeast Asia, East Asia, and Oceania",3,Both,30,80-84 years,302,Diarrheal diseases,183,Clostridium difficile,1,Number,2006,14683.30354,25489.57035,14683.30354
1,Deaths,,"Southeast Asia, East Asia, and Oceania",3,Both,30,80-84 years,302,Diarrheal diseases,183,Clostridium difficile,1,Number,2007,15717.85299,26263.17545,15717.85299
1,Deaths,,"Southeast Asia, East Asia, and Oceania",3,Both,30,80-84 years,302,Diarrheal diseases,183,Clostridium difficile,1,Number,2008,17320.82331,28971.93312,17320.82331
1,Deaths,,"Southeast Asia, East Asia, and Oceania",3,Both,30,80-84 years,302,Diarrheal diseases,183,Clostridium difficile,1,Number,2009,19470.75299,29936.41489,19470.75299
1,Deaths,,"Southeast Asia, East Asia, and Oceania",3,Both,30,80-84 years,302,Diarrheal diseases,183,Clostridium difficile,1,Number,2010,20778.96765,32018.76578,20778.96765
1,Deaths,,"Southeast Asia, East Asia, and Oceania",3,Both,30,80-84 years,302,Diarrheal diseases,183,Clostridium difficile,1,Number,2011,20573.1237,31778.32148,20573.1237
1,Deaths,,"Southeast Asia, East Asia, and Oceania",3,Both,30,80-84 years,302,Diarrheal diseases,183,Clostridium difficile,1,Number,2012,19783.88331,31272.37173,19783.88331
1,Deaths,,"Southeast Asia, East Asia, and Oceania",3,Both,30,80-84 years,302,Diarrheal diseases,183,Clostridium difficile,1,Number,2013,20236.04968,32504.79178,20236.04968
1,Deaths,,"Southeast Asia, East Asia, and Oceania",3,Both,30,80-84 years,302,Diarrheal diseases,183,Clostridium difficile,1,Number,2014,22003.31167,33503.57658,22003.31167
1,Deaths,,"Southeast Asia, East Asia, and Oceania",3,Both,30,80-84 years,302,Diarrheal diseases,183,Clostridium difficile,1,Number,2015,23736.95325,34427.91264,23736.95325
1,Deaths,,"Southeast Asia, East Asia, and Oceania",3,Both,30,80-84 years,302,Diarrheal diseases,183,Clostridium difficile,1,Number,2016,24098.29383,37320.35305,24098.29383
1,Deaths,,"Southeast Asia, East Asia, and Oceania",3,Both,30,80-84 years,302,Diarrheal diseases,183,Clostridium difficile,1,Number,2017,24913.24952,38341.25788,24913.24952
1,Deaths,,"Southeast Asia, East Asia, and Oceania",3,Both,30,80-84 years,302,Diarrheal diseases,183,Clostridium difficile,1,Number,2018,25472.01772,38080.97563,25472.01772
1,Deaths,,"Southeast Asia, East Asia, and Oceania",3,Both,30,80-84 years,302,Diarrheal diseases,183,Clostridium difficile,1,Number,2019,24829.49701,37555.5615,24829.49701
1,Deaths,,"Southeast Asia, East Asia, and Oceania",3,Both,30,80-84 years,302,Diarrheal diseases,183,Clostridium difficile,1,Number,2020,22887.53909,34570.51823,22887.53909
1,Deaths,,"Southeast Asia, East Asia, and Oceania",3,Both,30,80-84 years,302,Diarrheal diseases,183,Clostridium difficile,1,Number,2021,23290.27326,34828.86247,23290.27326
1,Deaths,,"Southeast Asia, East Asia, and Oceania",3,Both,31,85-89 years,302,Diarrheal diseases,183,Clostridium difficile,1,Number,1990,3834.469453,9762.439353,3834.469453
1,Deaths,,"Southeast Asia, East Asia, and Oceania",3,Both,31,85-89 years,302,Diarrheal diseases,183,Clostridium difficile,1,Number,1991,4025.993665,10278.60767,4025.993665
1,Deaths,,"Southeast Asia, East Asia, and Oceania",3,Both,31,85-89 years,302,Diarrheal diseases,183,Clostridium difficile,1,Number,1992,4276.76175,10696.43045,4276.76175
1,Deaths,,"Southeast Asia, East Asia, and Oceania",3,Both,31,85-89 years,302,Diarrheal diseases,183,Clostridium difficile,1,Number,1993,4451.584672,10933.03768,4451.584672
1,Deaths,,"Southeast Asia, East Asia, and Oceania",3,Both,31,85-89 years,302,Diarrheal diseases,183,Clostridium difficile,1,Number,1994,4530.751558,11476.54334,4530.751558
1,Deaths,,"Southeast Asia, East Asia, and Oceania",3,Both,31,85-89 years,302,Diarrheal diseases,183,Clostridium difficile,1,Number,1995,4844.856439,11768.18739,4844.856439
1,Deaths,,"Southeast Asia, East Asia, and Oceania",3,Both,31,85-89 years,302,Diarrheal diseases,183,Clostridium difficile,1,Number,1996,4890.206,11640.5967,4890.206
1,Deaths,,"Southeast Asia, East Asia, and Oceania",3,Both,31,85-89 years,302,Diarrheal diseases,183,Clostridium difficile,1,Number,1997,5216.604663,11642.94865,5216.604663
1,Deaths,,"Southeast Asia, East Asia, and Oceania",3,Both,31,85-89 years,302,Diarrheal diseases,183,Clostridium difficile,1,Number,1998,5497.09666,11938.85659,5497.09666
1,Deaths,,"Southeast Asia, East Asia, and Oceania",3,Both,31,85-89 years,302,Diarrheal diseases,183,Clostridium difficile,1,Number,1999,5700.820823,12380.45478,5700.820823
1,Deaths,,"Southeast Asia, East Asia, and Oceania",3,Both,31,85-89 years,302,Diarrheal diseases,183,Clostridium difficile,1,Number,2000,6325.394623,12958.10644,6325.394623
1,Deaths,,"Southeast Asia, East Asia, and Oceania",3,Both,31,85-89 years,302,Diarrheal diseases,183,Clostridium difficile,1,Number,2001,6344.799414,13975.32593,6344.799414
1,Deaths,,"Southeast Asia, East Asia, and Oceania",3,Both,31,85-89 years,302,Diarrheal diseases,183,Clostridium difficile,1,Number,2002,7028.146339,14244.24002,7028.146339
1,Deaths,,"Southeast Asia, East Asia, and Oceania",3,Both,31,85-89 years,302,Diarrheal diseases,183,Clostridium difficile,1,Number,2003,7748.696908,15200.71876,7748.696908
1,Deaths,,"Southeast Asia, East Asia, and Oceania",3,Both,31,85-89 years,302,Diarrheal diseases,183,Clostridium difficile,1,Number,2004,9008.816094,16308.92435,9008.816094
1,Deaths,,"Southeast Asia, East Asia, and Oceania",3,Both,31,85-89 years,302,Diarrheal diseases,183,Clostridium difficile,1,Number,2005,8914.391783,17601.60494,8914.391783
1,Deaths,,"Southeast Asia, East Asia, and Oceania",3,Both,31,85-89 years,302,Diarrheal diseases,183,Clostridium difficile,1,Number,2006,9650.591939,18422.98361,9650.591939
1,Deaths,,"Southeast Asia, East Asia, and Oceania",3,Both,31,85-89 years,302,Diarrheal diseases,183,Clostridium difficile,1,Number,2007,10742.54454,18634.5149,10742.54454
1,Deaths,,"Southeast Asia, East Asia, and Oceania",3,Both,31,85-89 years,302,Diarrheal diseases,183,Clostridium difficile,1,Number,2008,11814.38994,20557.40162,11814.38994
1,Deaths,,"Southeast Asia, East Asia, and Oceania",3,Both,31,85-89 years,302,Diarrheal diseases,183,Clostridium difficile,1,Number,2009,12922.13292,21529.61351,12922.13292
1,Deaths,,"Southeast Asia, East Asia, and Oceania",3,Both,31,85-89 years,302,Diarrheal diseases,183,Clostridium difficile,1,Number,2010,14001.57387,22579.67791,14001.57387
1,Deaths,,"Southeast Asia, East Asia, and Oceania",3,Both,31,85-89 years,302,Diarrheal diseases,183,Clostridium difficile,1,Number,2011,13549.78785,23103.07053,13549.78785
1,Deaths,,"Southeast Asia, East Asia, and Oceania",3,Both,31,85-89 years,302,Diarrheal diseases,183,Clostridium difficile,1,Number,2012,13747.86976,22579.17318,13747.86976
1,Deaths,,"Southeast Asia, East Asia, and Oceania",3,Both,31,85-89 years,302,Diarrheal diseases,183,Clostridium difficile,1,Number,2013,14818.08364,23436.98829,14818.08364
1,Deaths,,"Southeast Asia, East Asia, and Oceania",3,Both,31,85-89 years,302,Diarrheal diseases,183,Clostridium difficile,1,Number,2014,15506.37497,24987.86587,15506.37497
1,Deaths,,"Southeast Asia, East Asia, and Oceania",3,Both,31,85-89 years,302,Diarrheal diseases,183,Clostridium difficile,1,Number,2015,16621.99091,26748.83562,16621.99091
1,Deaths,,"Southeast Asia, East Asia, and Oceania",3,Both,31,85-89 years,302,Diarrheal diseases,183,Clostridium difficile,1,Number,2016,18285.63224,28192.44405,18285.63224
1,Deaths,,"Southeast Asia, East Asia, and Oceania",3,Both,31,85-89 years,302,Diarrheal diseases,183,Clostridium difficile,1,Number,2017,19088.76629,29161.17678,19088.76629
1,Deaths,,"Southeast Asia, East Asia, and Oceania",3,Both,31,85-89 years,302,Diarrheal diseases,183,Clostridium difficile,1,Number,2018,19105.14928,29927.32355,19105.14928
1,Deaths,,"Southeast Asia, East Asia, and Oceania",3,Both,31,85-89 years,302,Diarrheal diseases,183,Clostridium difficile,1,Number,2019,18535.39557,30939.52538,18535.39557
1,Deaths,,"Southeast Asia, East Asia, and Oceania",3,Both,31,85-89 years,302,Diarrheal diseases,183,Clostridium difficile,1,Number,2020,18034.40011,28446.06047,18034.40011
1,Deaths,,"Southeast Asia, East Asia, and Oceania",3,Both,31,85-89 years,302,Diarrheal diseases,183,Clostridium difficile,1,Number,2021,17884.37528,30334.09915,17884.37528
1,Deaths,,"Southeast Asia, East Asia, and Oceania",3,Both,32,90-94 years,302,Diarrheal diseases,183,Clostridium difficile,1,Number,1990,1316.975895,3074.156974,1316.975895
1,Deaths,,"Southeast Asia, East Asia, and Oceania",3,Both,32,90-94 years,302,Diarrheal diseases,183,Clostridium difficile,1,Number,1991,1398.669684,3321.203967,1398.669684
1,Deaths,,"Southeast Asia, East Asia, and Oceania",3,Both,32,90-94 years,302,Diarrheal diseases,183,Clostridium difficile,1,Number,1992,1549.363823,3503.520667,1549.363823
1,Deaths,,"Southeast Asia, East Asia, and Oceania",3,Both,32,90-94 years,302,Diarrheal diseases,183,Clostridium difficile,1,Number,1993,1640.466999,3725.517789,1640.466999
1,Deaths,,"Southeast Asia, East Asia, and Oceania",3,Both,32,90-94 years,302,Diarrheal diseases,183,Clostridium difficile,1,Number,1994,1885.42844,3924.765967,1885.42844
1,Deaths,,"Southeast Asia, East Asia, and Oceania",3,Both,32,90-94 years,302,Diarrheal diseases,183,Clostridium difficile,1,Number,1995,1857.317044,4325.272117,1857.317044
1,Deaths,,"Southeast Asia, East Asia, and Oceania",3,Both,32,90-94 years,302,Diarrheal diseases,183,Clostridium difficile,1,Number,1996,1894.057759,4452.164382,1894.057759
1,Deaths,,"Southeast Asia, East Asia, and Oceania",3,Both,32,90-94 years,302,Diarrheal diseases,183,Clostridium difficile,1,Number,1997,2073.862793,4604.164581,2073.862793
1,Deaths,,"Southeast Asia, East Asia, and Oceania",3,Both,32,90-94 years,302,Diarrheal diseases,183,Clostridium difficile,1,Number,1998,2075.576751,4873.723458,2075.576751
1,Deaths,,"Southeast Asia, East Asia, and Oceania",3,Both,32,90-94 years,302,Diarrheal diseases,183,Clostridium difficile,1,Number,1999,2275.272294,4888.784403,2275.272294
1,Deaths,,"Southeast Asia, East Asia, and Oceania",3,Both,32,90-94 years,302,Diarrheal diseases,183,Clostridium difficile,1,Number,2000,2384.885415,5032.799182,2384.885415
1,Deaths,,"Southeast Asia, East Asia, and Oceania",3,Both,32,90-94 years,302,Diarrheal diseases,183,Clostridium difficile,1,Number,2001,2494.637357,5103.159142,2494.637357
1,Deaths,,"Southeast Asia, East Asia, and Oceania",3,Both,32,90-94 years,302,Diarrheal diseases,183,Clostridium difficile,1,Number,2002,2566.117166,5348.031703,2566.117166
1,Deaths,,"Southeast Asia, East Asia, and Oceania",3,Both,32,90-94 years,302,Diarrheal diseases,183,Clostridium difficile,1,Number,2003,2862.300268,5667.350383,2862.300268
1,Deaths,,"Southeast Asia, East Asia, and Oceania",3,Both,32,90-94 years,302,Diarrheal diseases,183,Clostridium difficile,1,Number,2004,3253.201066,6053.232347,3253.201066
1,Deaths,,"Southeast Asia, East Asia, and Oceania",3,Both,32,90-94 years,302,Diarrheal diseases,183,Clostridium difficile,1,Number,2005,3403.553832,6382.109562,3403.553832
1,Deaths,,"Southeast Asia, East Asia, and Oceania",3,Both,32,90-94 years,302,Diarrheal diseases,183,Clostridium difficile,1,Number,2006,4001.595878,6630.522479,4001.595878
1,Deaths,,"Southeast Asia, East Asia, and Oceania",3,Both,32,90-94 years,302,Diarrheal diseases,183,Clostridium difficile,1,Number,2007,4381.120894,7269.788141,4381.120894
1,Deaths,,"Southeast Asia, East Asia, and Oceania",3,Both,32,90-94 years,302,Diarrheal diseases,183,Clostridium difficile,1,Number,2008,4891.670979,8107.150464,4891.670979
1,Deaths,,"Southeast Asia, East Asia, and Oceania",3,Both,32,90-94 years,302,Diarrheal diseases,183,Clostridium difficile,1,Number,2009,5310.309211,8573.820499,5310.309211
1,Deaths,,"Southeast Asia, East Asia, and Oceania",3,Both,32,90-94 years,302,Diarrheal diseases,183,Clostridium difficile,1,Number,2010,5604.032105,9248.471725,5604.032105
1,Deaths,,"Southeast Asia, East Asia, and Oceania",3,Both,32,90-94 years,302,Diarrheal diseases,183,Clostridium difficile,1,Number,2011,5772.355394,9413.407614,5772.355394
1,Deaths,,"Southeast Asia, East Asia, and Oceania",3,Both,32,90-94 years,302,Diarrheal diseases,183,Clostridium difficile,1,Number,2012,5736.618301,9585.029026,5736.618301
1,Deaths,,"Southeast Asia, East Asia, and Oceania",3,Both,32,90-94 years,302,Diarrheal diseases,183,Clostridium difficile,1,Number,2013,6502.587864,9902.177644,6502.587864
1,Deaths,,"Southeast Asia, East Asia, and Oceania",3,Both,32,90-94 years,302,Diarrheal diseases,183,Clostridium difficile,1,Number,2014,6746.486759,10691.72681,6746.486759
1,Deaths,,"Southeast Asia, East Asia, and Oceania",3,Both,32,90-94 years,302,Diarrheal diseases,183,Clostridium difficile,1,Number,2015,7525.535367,11293.65467,7525.535367
1,Deaths,,"Southeast Asia, East Asia, and Oceania",3,Both,32,90-94 years,302,Diarrheal diseases,183,Clostridium difficile,1,Number,2016,7744.799082,12660.50179,7744.799082
1,Deaths,,"Southeast Asia, East Asia, and Oceania",3,Both,32,90-94 years,302,Diarrheal diseases,183,Clostridium difficile,1,Number,2017,8382.86373,12991.73781,8382.86373
1,Deaths,,"Southeast Asia, East Asia, and Oceania",3,Both,32,90-94 years,302,Diarrheal diseases,183,Clostridium difficile,1,Number,2018,8496.810032,13502.12475,8496.810032
1,Deaths,,"Southeast Asia, East Asia, and Oceania",3,Both,32,90-94 years,302,Diarrheal diseases,183,Clostridium difficile,1,Number,2019,8786.348004,13846.79549,8786.348004
1,Deaths,,"Southeast Asia, East Asia, and Oceania",3,Both,32,90-94 years,302,Diarrheal diseases,183,Clostridium difficile,1,Number,2020,8157.089082,13256.15383,8157.089082
1,Deaths,,"Southeast Asia, East Asia, and Oceania",3,Both,32,90-94 years,302,Diarrheal diseases,183,Clostridium difficile,1,Number,2021,8566.684393,13999.34343,8566.684393
1,Deaths,,"Southeast Asia, East Asia, and Oceania",3,Both,235,95+ years,302,Diarrheal diseases,183,Clostridium difficile,1,Number,1990,249.1156375,666.860267,249.1156375
1,Deaths,,"Southeast Asia, East Asia, and Oceania",3,Both,235,95+ years,302,Diarrheal diseases,183,Clostridium difficile,1,Number,1991,262.6685304,659.4032695,262.6685304
1,Deaths,,"Southeast Asia, East Asia, and Oceania",3,Both,235,95+ years,302,Diarrheal diseases,183,Clostridium difficile,1,Number,1992,283.2751345,695.4494734,283.2751345
1,Deaths,,"Southeast Asia, East Asia, and Oceania",3,Both,235,95+ years,302,Diarrheal diseases,183,Clostridium difficile,1,Number,1993,286.830327,754.2292671,286.830327
1,Deaths,,"Southeast Asia, East Asia, and Oceania",3,Both,235,95+ years,302,Diarrheal diseases,183,Clostridium difficile,1,Number,1994,316.3514419,798.7029153,316.3514419
1,Deaths,,"Southeast Asia, East Asia, and Oceania",3,Both,235,95+ years,302,Diarrheal diseases,183,Clostridium difficile,1,Number,1995,332.0560876,878.4395863,332.0560876
1,Deaths,,"Southeast Asia, East Asia, and Oceania",3,Both,235,95+ years,302,Diarrheal diseases,183,Clostridium difficile,1,Number,1996,341.6349349,886.8216067,341.6349349
1,Deaths,,"Southeast Asia, East Asia, and Oceania",3,Both,235,95+ years,302,Diarrheal diseases,183,Clostridium difficile,1,Number,1997,346.0036034,946.8007517,346.0036034
1,Deaths,,"Southeast Asia, East Asia, and Oceania",3,Both,235,95+ years,302,Diarrheal diseases,183,Clostridium difficile,1,Number,1998,394.8967682,998.0320106,394.8967682
1,Deaths,,"Southeast Asia, East Asia, and Oceania",3,Both,235,95+ years,302,Diarrheal diseases,183,Clostridium difficile,1,Number,1999,414.1303464,1076.096194,414.1303464
1,Deaths,,"Southeast Asia, East Asia, and Oceania",3,Both,235,95+ years,302,Diarrheal diseases,183,Clostridium difficile,1,Number,2000,447.10512,1149.986491,447.10512
1,Deaths,,"Southeast Asia, East Asia, and Oceania",3,Both,235,95+ years,302,Diarrheal diseases,183,Clostridium difficile,1,Number,2001,519.9820375,1188.492917,519.9820375
1,Deaths,,"Southeast Asia, East Asia, and Oceania",3,Both,235,95+ years,302,Diarrheal diseases,183,Clostridium difficile,1,Number,2002,553.2597839,1316.420035,553.2597839
1,Deaths,,"Southeast Asia, East Asia, and Oceania",3,Both,235,95+ years,302,Diarrheal diseases,183,Clostridium difficile,1,Number,2003,648.1143569,1405.545405,648.1143569
1,Deaths,,"Southeast Asia, East Asia, and Oceania",3,Both,235,95+ years,302,Diarrheal diseases,183,Clostridium difficile,1,Number,2004,680.4698037,1502.689993,680.4698037
1,Deaths,,"Southeast Asia, East Asia, and Oceania",3,Both,235,95+ years,302,Diarrheal diseases,183,Clostridium difficile,1,Number,2005,738.568007,1561.891502,738.568007
1,Deaths,,"Southeast Asia, East Asia, and Oceania",3,Both,235,95+ years,302,Diarrheal diseases,183,Clostridium difficile,1,Number,2006,799.3438396,1695.815424,799.3438396
1,Deaths,,"Southeast Asia, East Asia, and Oceania",3,Both,235,95+ years,302,Diarrheal diseases,183,Clostridium difficile,1,Number,2007,919.1954711,1759.116673,919.1954711
1,Deaths,,"Southeast Asia, East Asia, and Oceania",3,Both,235,95+ years,302,Diarrheal diseases,183,Clostridium difficile,1,Number,2008,1012.5188,1900.65784,1012.5188
1,Deaths,,"Southeast Asia, East Asia, and Oceania",3,Both,235,95+ years,302,Diarrheal diseases,183,Clostridium difficile,1,Number,2009,1047.832092,2075.765129,1047.832092
1,Deaths,,"Southeast Asia, East Asia, and Oceania",3,Both,235,95+ years,302,Diarrheal diseases,183,Clostridium difficile,1,Number,2010,1158.208692,2194.019394,1158.208692
1,Deaths,,"Southeast Asia, East Asia, and Oceania",3,Both,235,95+ years,302,Diarrheal diseases,183,Clostridium difficile,1,Number,2011,1209.18031,2263.6667,1209.18031
1,Deaths,,"Southeast Asia, East Asia, and Oceania",3,Both,235,95+ years,302,Diarrheal diseases,183,Clostridium difficile,1,Number,2012,1242.239847,2288.448814,1242.239847
1,Deaths,,"Southeast Asia, East Asia, and Oceania",3,Both,235,95+ years,302,Diarrheal diseases,183,Clostridium difficile,1,Number,2013,1359.252638,2484.719445,1359.252638
1,Deaths,,"Southeast Asia, East Asia, and Oceania",3,Both,235,95+ years,302,Diarrheal diseases,183,Clostridium difficile,1,Number,2014,1513.009024,2704.044828,1513.009024
1,Deaths,,"Southeast Asia, East Asia, and Oceania",3,Both,235,95+ years,302,Diarrheal diseases,183,Clostridium difficile,1,Number,2015,1715.107725,2923.780362,1715.107725
1,Deaths,,"Southeast Asia, East Asia, and Oceania",3,Both,235,95+ years,302,Diarrheal diseases,183,Clostridium difficile,1,Number,2016,1816.551067,3319.504205,1816.551067
1,Deaths,,"Southeast Asia, East Asia, and Oceania",3,Both,235,95+ years,302,Diarrheal diseases,183,Clostridium difficile,1,Number,2017,2081.151226,3560.131075,2081.151226
1,Deaths,,"Southeast Asia, East Asia, and Oceania",3,Both,235,95+ years,302,Diarrheal diseases,183,Clostridium difficile,1,Number,2018,2196.278932,3776.260498,2196.278932
1,Deaths,,"Southeast Asia, East Asia, and Oceania",3,Both,235,95+ years,302,Diarrheal diseases,183,Clostridium difficile,1,Number,2019,2248.401934,4013.012917,2248.401934
1,Deaths,,"Southeast Asia, East Asia, and Oceania",3,Both,235,95+ years,302,Diarrheal diseases,183,Clostridium difficile,1,Number,2020,2154.130567,3832.091825,2154.130567
1,Deaths,,"Southeast Asia, East Asia, and Oceania",3,Both,235,95+ years,302,Diarrheal diseases,183,Clostridium difficile,1,Number,2021,2239.562825,4200.530252,2239.562825
1,Deaths,,"Southeast Asia, East Asia, and Oceania",3,Both,1,<5 years,302,Diarrheal diseases,183,Clostridium difficile,1,Number,1990,24154.62065,55714.22116,24154.62065
1,Deaths,,"Southeast Asia, East Asia, and Oceania",3,Both,1,<5 years,302,Diarrheal diseases,183,Clostridium difficile,1,Number,1991,23642.01744,54611.12514,23642.01744
1,Deaths,,"Southeast Asia, East Asia, and Oceania",3,Both,1,<5 years,302,Diarrheal diseases,183,Clostridium difficile,1,Number,1992,23837.18606,52563.14416,23837.18606
1,Deaths,,"Southeast Asia, East Asia, and Oceania",3,Both,1,<5 years,302,Diarrheal diseases,183,Clostridium difficile,1,Number,1993,22390.93907,50834.79164,22390.93907
1,Deaths,,"Southeast Asia, East Asia, and Oceania",3,Both,1,<5 years,302,Diarrheal diseases,183,Clostridium difficile,1,Number,1994,22019.5056,48384.13935,22019.5056
1,Deaths,,"Southeast Asia, East Asia, and Oceania",3,Both,1,<5 years,302,Diarrheal diseases,183,Clostridium difficile,1,Number,1995,21999.0513,46953.78296,21999.0513
1,Deaths,,"Southeast Asia, East Asia, and Oceania",3,Both,1,<5 years,302,Diarrheal diseases,183,Clostridium difficile,1,Number,1996,19962.22553,43886.73204,19962.22553
1,Deaths,,"Southeast Asia, East Asia, and Oceania",3,Both,1,<5 years,302,Diarrheal diseases,183,Clostridium difficile,1,Number,1997,18663.38553,41713.74123,18663.38553
1,Deaths,,"Southeast Asia, East Asia, and Oceania",3,Both,1,<5 years,302,Diarrheal diseases,183,Clostridium difficile,1,Number,1998,18923.49024,39165.46139,18923.49024
1,Deaths,,"Southeast Asia, East Asia, and Oceania",3,Both,1,<5 years,302,Diarrheal diseases,183,Clostridium difficile,1,Number,1999,17687.49025,37163.52432,17687.49025
1,Deaths,,"Southeast Asia, East Asia, and Oceania",3,Both,1,<5 years,302,Diarrheal diseases,183,Clostridium difficile,1,Number,2000,16836.80285,35268.46776,16836.80285
1,Deaths,,"Southeast Asia, East Asia, and Oceania",3,Both,1,<5 years,302,Diarrheal diseases,183,Clostridium difficile,1,Number,2001,17026.0716,33648.76309,17026.0716
1,Deaths,,"Southeast Asia, East Asia, and Oceania",3,Both,1,<5 years,302,Diarrheal diseases,183,Clostridium difficile,1,Number,2002,16438.78655,33020.68573,16438.78655
1,Deaths,,"Southeast Asia, East Asia, and Oceania",3,Both,1,<5 years,302,Diarrheal diseases,183,Clostridium difficile,1,Number,2003,15772.88538,30963.71806,15772.88538
1,Deaths,,"Southeast Asia, East Asia, and Oceania",3,Both,1,<5 years,302,Diarrheal diseases,183,Clostridium difficile,1,Number,2004,15270.95182,29637.812,15270.95182
1,Deaths,,"Southeast Asia, East Asia, and Oceania",3,Both,1,<5 years,302,Diarrheal diseases,183,Clostridium difficile,1,Number,2005,15267.37928,28241.26997,15267.37928
1,Deaths,,"Southeast Asia, East Asia, and Oceania",3,Both,1,<5 years,302,Diarrheal diseases,183,Clostridium difficile,1,Number,2006,15606.91319,27476.87161,15606.91319
1,Deaths,,"Southeast Asia, East Asia, and Oceania",3,Both,1,<5 years,302,Diarrheal diseases,183,Clostridium difficile,1,Number,2007,15366.3047,26467.12058,15366.3047
1,Deaths,,"Southeast Asia, East Asia, and Oceania",3,Both,1,<5 years,302,Diarrheal diseases,183,Clostridium difficile,1,Number,2008,14799.822,26161.9938,14799.822
1,Deaths,,"Southeast Asia, East Asia, and Oceania",3,Both,1,<5 years,302,Diarrheal diseases,183,Clostridium difficile,1,Number,2009,14213.75515,25878.28157,14213.75515
1,Deaths,,"Southeast Asia, East Asia, and Oceania",3,Both,1,<5 years,302,Diarrheal diseases,183,Clostridium difficile,1,Number,2010,13989.45983,24150.88603,13989.45983
1,Deaths,,"Southeast Asia, East Asia, and Oceania",3,Both,1,<5 years,302,Diarrheal diseases,183,Clostridium difficile,1,Number,2011,13257.33664,22663.7207,13257.33664
1,Deaths,,"Southeast Asia, East Asia, and Oceania",3,Both,1,<5 years,302,Diarrheal diseases,183,Clostridium difficile,1,Number,2012,13312.9758,22025.78396,13312.9758
1,Deaths,,"Southeast Asia, East Asia, and Oceania",3,Both,1,<5 years,302,Diarrheal diseases,183,Clostridium difficile,1,Number,2013,13265.07619,22207.63908,13265.07619
1,Deaths,,"Southeast Asia, East Asia, and Oceania",3,Both,1,<5 years,302,Diarrheal diseases,183,Clostridium difficile,1,Number,2014,13369.71508,21227.34686,13369.71508
1,Deaths,,"Southeast Asia, East Asia, and Oceania",3,Both,1,<5 years,302,Diarrheal diseases,183,Clostridium difficile,1,Number,2015,13662.11855,21426.75843,13662.11855
1,Deaths,,"Southeast Asia, East Asia, and Oceania",3,Both,1,<5 years,302,Diarrheal diseases,183,Clostridium difficile,1,Number,2016,13230.60084,21397.0519,13230.60084
1,Deaths,,"Southeast Asia, East Asia, and Oceania",3,Both,1,<5 years,302,Diarrheal diseases,183,Clostridium difficile,1,Number,2017,13002.02411,20400.05984,13002.02411
1,Deaths,,"Southeast Asia, East Asia, and Oceania",3,Both,1,<5 years,302,Diarrheal diseases,183,Clostridium difficile,1,Number,2018,11762.23402,19506.44743,11762.23402
1,Deaths,,"Southeast Asia, East Asia, and Oceania",3,Both,1,<5 years,302,Diarrheal diseases,183,Clostridium difficile,1,Number,2019,11044.11746,18119.51915,11044.11746
1,Deaths,,"Southeast Asia, East Asia, and Oceania",3,Both,1,<5 years,302,Diarrheal diseases,183,Clostridium difficile,1,Number,2020,9922.356891,16123.93385,9922.356891
1,Deaths,,"Southeast Asia, East Asia, and Oceania",3,Both,1,<5 years,302,Diarrheal diseases,183,Clostridium difficile,1,Number,2021,9054.927656,15262.97872,9054.927656
1,Deaths,,Sub-Saharan Africa,3,Both,7,10-14 years,302,Diarrheal diseases,183,Clostridium difficile,1,Number,1990,365.2148865,969.7886451,365.2148865
1,Deaths,,Sub-Saharan Africa,3,Both,7,10-14 years,302,Diarrheal diseases,183,Clostridium difficile,1,Number,1991,354.2277733,983.6406811,354.2277733
1,Deaths,,Sub-Saharan Africa,3,Both,7,10-14 years,302,Diarrheal diseases,183,Clostridium difficile,1,Number,1992,361.440793,948.4437754,361.440793
1,Deaths,,Sub-Saharan Africa,3,Both,7,10-14 years,302,Diarrheal diseases,183,Clostridium difficile,1,Number,1993,373.394688,966.8143661,373.394688
1,Deaths,,Sub-Saharan Africa,3,Both,7,10-14 years,302,Diarrheal diseases,183,Clostridium difficile,1,Number,1994,481.0349505,1958.855868,481.0349505
1,Deaths,,Sub-Saharan Africa,3,Both,7,10-14 years,302,Diarrheal diseases,183,Clostridium difficile,1,Number,1995,409.0849793,992.5315694,409.0849793
1,Deaths,,Sub-Saharan Africa,3,Both,7,10-14 years,302,Diarrheal diseases,183,Clostridium difficile,1,Number,1996,421.0723861,1053.126719,421.0723861
1,Deaths,,Sub-Saharan Africa,3,Both,7,10-14 years,302,Diarrheal diseases,183,Clostridium difficile,1,Number,1997,414.1939461,1062.005738,414.1939461
1,Deaths,,Sub-Saharan Africa,3,Both,7,10-14 years,302,Diarrheal diseases,183,Clostridium difficile,1,Number,1998,449.2307985,1073.25553,449.2307985
1,Deaths,,Sub-Saharan Africa,3,Both,7,10-14 years,302,Diarrheal diseases,183,Clostridium difficile,1,Number,1999,428.1697993,1100.760087,428.1697993
1,Deaths,,Sub-Saharan Africa,3,Both,7,10-14 years,302,Diarrheal diseases,183,Clostridium difficile,1,Number,2000,435.0559519,1123.988247,435.0559519
1,Deaths,,Sub-Saharan Africa,3,Both,7,10-14 years,302,Diarrheal diseases,183,Clostridium difficile,1,Number,2001,429.3775239,1081.762517,429.3775239
1,Deaths,,Sub-Saharan Africa,3,Both,7,10-14 years,302,Diarrheal diseases,183,Clostridium difficile,1,Number,2002,459.6713902,1097.998271,459.6713902
1,Deaths,,Sub-Saharan Africa,3,Both,7,10-14 years,302,Diarrheal diseases,183,Clostridium difficile,1,Number,2003,480.9122339,1128.306782,480.9122339
1,Deaths,,Sub-Saharan Africa,3,Both,7,10-14 years,302,Diarrheal diseases,183,Clostridium difficile,1,Number,2004,492.8933704,1113.638283,492.8933704
1,Deaths,,Sub-Saharan Africa,3,Both,7,10-14 years,302,Diarrheal diseases,183,Clostridium difficile,1,Number,2005,498.3510269,1117.224509,498.3510269
1,Deaths,,Sub-Saharan Africa,3,Both,7,10-14 years,302,Diarrheal diseases,183,Clostridium difficile,1,Number,2006,508.3361334,1114.727542,508.3361334
1,Deaths,,Sub-Saharan Africa,3,Both,7,10-14 years,302,Diarrheal diseases,183,Clostridium difficile,1,Number,2007,524.7778859,1134.211432,524.7778859
1,Deaths,,Sub-Saharan Africa,3,Both,7,10-14 years,302,Diarrheal diseases,183,Clostridium difficile,1,Number,2008,550.8425676,1171.699242,550.8425676
1,Deaths,,Sub-Saharan Africa,3,Both,7,10-14 years,302,Diarrheal diseases,183,Clostridium difficile,1,Number,2009,584.0908546,1221.155437,584.0908546
1,Deaths,,Sub-Saharan Africa,3,Both,7,10-14 years,302,Diarrheal diseases,183,Clostridium difficile,1,Number,2010,614.0642374,1303.746154,614.0642374
1,Deaths,,Sub-Saharan Africa,3,Both,7,10-14 years,302,Diarrheal diseases,183,Clostridium difficile,1,Number,2011,707.4905959,1648.354621,707.4905959
1,Deaths,,Sub-Saharan Africa,3,Both,7,10-14 years,302,Diarrheal diseases,183,Clostridium difficile,1,Number,2012,680.8516644,1397.563008,680.8516644
1,Deaths,,Sub-Saharan Africa,3,Both,7,10-14 years,302,Diarrheal diseases,183,Clostridium difficile,1,Number,2013,653.2712743,1387.914962,653.2712743
1,Deaths,,Sub-Saharan Africa,3,Both,7,10-14 years,302,Diarrheal diseases,183,Clostridium difficile,1,Number,2014,709.815753,1448.853303,709.815753
1,Deaths,,Sub-Saharan Africa,3,Both,7,10-14 years,302,Diarrheal diseases,183,Clostridium difficile,1,Number,2015,754.3808446,1610.97403,754.3808446
1,Deaths,,Sub-Saharan Africa,3,Both,7,10-14 years,302,Diarrheal diseases,183,Clostridium difficile,1,Number,2016,826.103745,1674.271313,826.103745
1,Deaths,,Sub-Saharan Africa,3,Both,7,10-14 years,302,Diarrheal diseases,183,Clostridium difficile,1,Number,2017,843.9306477,1777.833124,843.9306477
1,Deaths,,Sub-Saharan Africa,3,Both,7,10-14 years,302,Diarrheal diseases,183,Clostridium difficile,1,Number,2018,851.6622071,1798.952454,851.6622071
1,Deaths,,Sub-Saharan Africa,3,Both,7,10-14 years,302,Diarrheal diseases,183,Clostridium difficile,1,Number,2019,887.4073601,1821.915098,887.4073601
1,Deaths,,Sub-Saharan Africa,3,Both,7,10-14 years,302,Diarrheal diseases,183,Clostridium difficile,1,Number,2020,872.2128221,1808.33004,872.2128221
1,Deaths,,Sub-Saharan Africa,3,Both,7,10-14 years,302,Diarrheal diseases,183,Clostridium difficile,1,Number,2021,876.4703908,1837.143173,876.4703908
1,Deaths,,Sub-Saharan Africa,3,Both,8,15-19 years,302,Diarrheal diseases,183,Clostridium difficile,1,Number,1990,584.5993149,1983.023845,584.5993149
1,Deaths,,Sub-Saharan Africa,3,Both,8,15-19 years,302,Diarrheal diseases,183,Clostridium difficile,1,Number,1991,623.596939,1637.3619,623.596939
1,Deaths,,Sub-Saharan Africa,3,Both,8,15-19 years,302,Diarrheal diseases,183,Clostridium difficile,1,Number,1992,513.5406259,1306.530449,513.5406259
1,Deaths,,Sub-Saharan Africa,3,Both,8,15-19 years,302,Diarrheal diseases,183,Clostridium difficile,1,Number,1993,531.1719581,1362.205017,531.1719581
1,Deaths,,Sub-Saharan Africa,3,Both,8,15-19 years,302,Diarrheal diseases,183,Clostridium difficile,1,Number,1994,337.2627467,12343.48636,337.2627467
1,Deaths,,Sub-Saharan Africa,3,Both,8,15-19 years,302,Diarrheal diseases,183,Clostridium difficile,1,Number,1995,617.603799,1555.048808,617.603799
1,Deaths,,Sub-Saharan Africa,3,Both,8,15-19 years,302,Diarrheal diseases,183,Clostridium difficile,1,Number,1996,704.1260073,1777.519286,704.1260073
1,Deaths,,Sub-Saharan Africa,3,Both,8,15-19 years,302,Diarrheal diseases,183,Clostridium difficile,1,Number,1997,697.5902058,2109.117477,697.5902058
1,Deaths,,Sub-Saharan Africa,3,Both,8,15-19 years,302,Diarrheal diseases,183,Clostridium difficile,1,Number,1998,782.3350622,2002.548827,782.3350622
1,Deaths,,Sub-Saharan Africa,3,Both,8,15-19 years,302,Diarrheal diseases,183,Clostridium difficile,1,Number,1999,525.8089262,2620.571092,525.8089262
1,Deaths,,Sub-Saharan Africa,3,Both,8,15-19 years,302,Diarrheal diseases,183,Clostridium difficile,1,Number,2000,844.5585576,2289.540923,844.5585576
1,Deaths,,Sub-Saharan Africa,3,Both,8,15-19 years,302,Diarrheal diseases,183,Clostridium difficile,1,Number,2001,711.7833634,1810.496101,711.7833634
1,Deaths,,Sub-Saharan Africa,3,Both,8,15-19 years,302,Diarrheal diseases,183,Clostridium difficile,1,Number,2002,767.6764819,1852.677774,767.6764819
1,Deaths,,Sub-Saharan Africa,3,Both,8,15-19 years,302,Diarrheal diseases,183,Clostridium difficile,1,Number,2003,804.2460668,1875.401067,804.2460668
1,Deaths,,Sub-Saharan Africa,3,Both,8,15-19 years,302,Diarrheal diseases,183,Clostridium difficile,1,Number,2004,811.1024941,1816.81731,811.1024941
1,Deaths,,Sub-Saharan Africa,3,Both,8,15-19 years,302,Diarrheal diseases,183,Clostridium difficile,1,Number,2005,824.4435613,1772.966757,824.4435613
1,Deaths,,Sub-Saharan Africa,3,Both,8,15-19 years,302,Diarrheal diseases,183,Clostridium difficile,1,Number,2006,754.5193847,1637.362136,754.5193847
1,Deaths,,Sub-Saharan Africa,3,Both,8,15-19 years,302,Diarrheal diseases,183,Clostridium difficile,1,Number,2007,776.5791022,1671.562845,776.5791022
1,Deaths,,Sub-Saharan Africa,3,Both,8,15-19 years,302,Diarrheal diseases,183,Clostridium difficile,1,Number,2008,802.1358801,1772.115243,802.1358801
1,Deaths,,Sub-Saharan Africa,3,Both,8,15-19 years,302,Diarrheal diseases,183,Clostridium difficile,1,Number,2009,865.985344,1862.088897,865.985344
1,Deaths,,Sub-Saharan Africa,3,Both,8,15-19 years,302,Diarrheal diseases,183,Clostridium difficile,1,Number,2010,903.0119032,1829.212195,903.0119032
1,Deaths,,Sub-Saharan Africa,3,Both,8,15-19 years,302,Diarrheal diseases,183,Clostridium difficile,1,Number,2011,981.3972251,2054.454659,981.3972251
1,Deaths,,Sub-Saharan Africa,3,Both,8,15-19 years,302,Diarrheal diseases,183,Clostridium difficile,1,Number,2012,953.8019126,1994.121879,953.8019126
1,Deaths,,Sub-Saharan Africa,3,Both,8,15-19 years,302,Diarrheal diseases,183,Clostridium difficile,1,Number,2013,965.6485141,2125.742499,965.6485141
1,Deaths,,Sub-Saharan Africa,3,Both,8,15-19 years,302,Diarrheal diseases,183,Clostridium difficile,1,Number,2014,1041.205654,2281.055591,1041.205654
1,Deaths,,Sub-Saharan Africa,3,Both,8,15-19 years,302,Diarrheal diseases,183,Clostridium difficile,1,Number,2015,1099.659449,2421.882305,1099.659449
1,Deaths,,Sub-Saharan Africa,3,Both,8,15-19 years,302,Diarrheal diseases,183,Clostridium difficile,1,Number,2016,1174.171799,2475.73265,1174.171799
1,Deaths,,Sub-Saharan Africa,3,Both,8,15-19 years,302,Diarrheal diseases,183,Clostridium difficile,1,Number,2017,1270.747897,2692.866146,1270.747897
1,Deaths,,Sub-Saharan Africa,3,Both,8,15-19 years,302,Diarrheal diseases,183,Clostridium difficile,1,Number,2018,1252.089685,2721.595336,1252.089685
1,Deaths,,Sub-Saharan Africa,3,Both,8,15-19 years,302,Diarrheal diseases,183,Clostridium difficile,1,Number,2019,1328.232662,2793.330748,1328.232662
1,Deaths,,Sub-Saharan Africa,3,Both,8,15-19 years,302,Diarrheal diseases,183,Clostridium difficile,1,Number,2020,1345.309484,2773.030761,1345.309484
1,Deaths,,Sub-Saharan Africa,3,Both,8,15-19 years,302,Diarrheal diseases,183,Clostridium difficile,1,Number,2021,1369.766899,2978.554368,1369.766899
1,Deaths,,Sub-Saharan Africa,3,Both,9,20-24 years,302,Diarrheal diseases,183,Clostridium difficile,1,Number,1990,448.2882188,1346.825233,448.2882188
1,Deaths,,Sub-Saharan Africa,3,Both,9,20-24 years,302,Diarrheal diseases,183,Clostridium difficile,1,Number,1991,483.5467777,1245.477307,483.5467777
1,Deaths,,Sub-Saharan Africa,3,Both,9,20-24 years,302,Diarrheal diseases,183,Clostridium difficile,1,Number,1992,451.790811,1161.323611,451.790811
1,Deaths,,Sub-Saharan Africa,3,Both,9,20-24 years,302,Diarrheal diseases,183,Clostridium difficile,1,Number,1993,475.3848792,1173.006328,475.3848792
1,Deaths,,Sub-Saharan Africa,3,Both,9,20-24 years,302,Diarrheal diseases,183,Clostridium difficile,1,Number,1994,483.0806483,4214.140277,483.0806483
1,Deaths,,Sub-Saharan Africa,3,Both,9,20-24 years,302,Diarrheal diseases,183,Clostridium difficile,1,Number,1995,493.0486268,1259.630314,493.0486268
1,Deaths,,Sub-Saharan Africa,3,Both,9,20-24 years,302,Diarrheal diseases,183,Clostridium difficile,1,Number,1996,554.2468088,1374.307506,554.2468088
1,Deaths,,Sub-Saharan Africa,3,Both,9,20-24 years,302,Diarrheal diseases,183,Clostridium difficile,1,Number,1997,569.5106696,1491.481393,569.5106696
1,Deaths,,Sub-Saharan Africa,3,Both,9,20-24 years,302,Diarrheal diseases,183,Clostridium difficile,1,Number,1998,602.0542253,1508.478135,602.0542253
1,Deaths,,Sub-Saharan Africa,3,Both,9,20-24 years,302,Diarrheal diseases,183,Clostridium difficile,1,Number,1999,538.4692704,1718.305785,538.4692704
1,Deaths,,Sub-Saharan Africa,3,Both,9,20-24 years,302,Diarrheal diseases,183,Clostridium difficile,1,Number,2000,650.8010608,1679.186839,650.8010608
1,Deaths,,Sub-Saharan Africa,3,Both,9,20-24 years,302,Diarrheal diseases,183,Clostridium difficile,1,Number,2001,676.9776317,1531.981118,676.9776317
1,Deaths,,Sub-Saharan Africa,3,Both,9,20-24 years,302,Diarrheal diseases,183,Clostridium difficile,1,Number,2002,721.3480046,1612.174151,721.3480046
1,Deaths,,Sub-Saharan Africa,3,Both,9,20-24 years,302,Diarrheal diseases,183,Clostridium difficile,1,Number,2003,773.4205362,1678.598115,773.4205362
1,Deaths,,Sub-Saharan Africa,3,Both,9,20-24 years,302,Diarrheal diseases,183,Clostridium difficile,1,Number,2004,798.878033,1676.902808,798.878033
1,Deaths,,Sub-Saharan Africa,3,Both,9,20-24 years,302,Diarrheal diseases,183,Clostridium difficile,1,Number,2005,801.382249,1676.808261,801.382249
1,Deaths,,Sub-Saharan Africa,3,Both,9,20-24 years,302,Diarrheal diseases,183,Clostridium difficile,1,Number,2006,759.6754044,1659.348519,759.6754044
1,Deaths,,Sub-Saharan Africa,3,Both,9,20-24 years,302,Diarrheal diseases,183,Clostridium difficile,1,Number,2007,801.3143223,1642.354168,801.3143223
1,Deaths,,Sub-Saharan Africa,3,Both,9,20-24 years,302,Diarrheal diseases,183,Clostridium difficile,1,Number,2008,845.1525398,1671.739398,845.1525398
1,Deaths,,Sub-Saharan Africa,3,Both,9,20-24 years,302,Diarrheal diseases,183,Clostridium difficile,1,Number,2009,846.7064952,1760.815773,846.7064952
1,Deaths,,Sub-Saharan Africa,3,Both,9,20-24 years,302,Diarrheal diseases,183,Clostridium difficile,1,Number,2010,886.962048,1758.718282,886.962048
1,Deaths,,Sub-Saharan Africa,3,Both,9,20-24 years,302,Diarrheal diseases,183,Clostridium difficile,1,Number,2011,890.7068592,1907.654672,890.7068592
1,Deaths,,Sub-Saharan Africa,3,Both,9,20-24 years,302,Diarrheal diseases,183,Clostridium difficile,1,Number,2012,868.5509062,1865.399129,868.5509062
1,Deaths,,Sub-Saharan Africa,3,Both,9,20-24 years,302,Diarrheal diseases,183,Clostridium difficile,1,Number,2013,883.8004501,1907.936286,883.8004501
1,Deaths,,Sub-Saharan Africa,3,Both,9,20-24 years,302,Diarrheal diseases,183,Clostridium difficile,1,Number,2014,963.852193,1988.01763,963.852193
1,Deaths,,Sub-Saharan Africa,3,Both,9,20-24 years,302,Diarrheal diseases,183,Clostridium difficile,1,Number,2015,996.5341585,2202.67667,996.5341585
1,Deaths,,Sub-Saharan Africa,3,Both,9,20-24 years,302,Diarrheal diseases,183,Clostridium difficile,1,Number,2016,1081.921047,2260.374206,1081.921047
1,Deaths,,Sub-Saharan Africa,3,Both,9,20-24 years,302,Diarrheal diseases,183,Clostridium difficile,1,Number,2017,1102.54364,2415.123886,1102.54364
1,Deaths,,Sub-Saharan Africa,3,Both,9,20-24 years,302,Diarrheal diseases,183,Clostridium difficile,1,Number,2018,1161.817732,2405.206905,1161.817732
1,Deaths,,Sub-Saharan Africa,3,Both,9,20-24 years,302,Diarrheal diseases,183,Clostridium difficile,1,Number,2019,1187.095481,2511.299974,1187.095481
1,Deaths,,Sub-Saharan Africa,3,Both,9,20-24 years,302,Diarrheal diseases,183,Clostridium difficile,1,Number,2020,1197.641157,2518.689458,1197.641157
1,Deaths,,Sub-Saharan Africa,3,Both,9,20-24 years,302,Diarrheal diseases,183,Clostridium difficile,1,Number,2021,1247.117097,2624.776287,1247.117097
1,Deaths,,Sub-Saharan Africa,3,Both,10,25-29 years,302,Diarrheal diseases,183,Clostridium difficile,1,Number,1990,391.7065135,1000.717088,391.7065135
1,Deaths,,Sub-Saharan Africa,3,Both,10,25-29 years,302,Diarrheal diseases,183,Clostridium difficile,1,Number,1991,403.3186803,1010.434824,403.3186803
1,Deaths,,Sub-Saharan Africa,3,Both,10,25-29 years,302,Diarrheal diseases,183,Clostridium difficile,1,Number,1992,418.3521204,998.7867813,418.3521204
1,Deaths,,Sub-Saharan Africa,3,Both,10,25-29 years,302,Diarrheal diseases,183,Clostridium difficile,1,Number,1993,392.5782077,997.902013,392.5782077
1,Deaths,,Sub-Saharan Africa,3,Both,10,25-29 years,302,Diarrheal diseases,183,Clostridium difficile,1,Number,1994,447.6909554,1344.321071,447.6909554
1,Deaths,,Sub-Saharan Africa,3,Both,10,25-29 years,302,Diarrheal diseases,183,Clostridium difficile,1,Number,1995,419.4216069,990.9546147,419.4216069
1,Deaths,,Sub-Saharan Africa,3,Both,10,25-29 years,302,Diarrheal diseases,183,Clostridium difficile,1,Number,1996,426.5077331,1024.157057,426.5077331
1,Deaths,,Sub-Saharan Africa,3,Both,10,25-29 years,302,Diarrheal diseases,183,Clostridium difficile,1,Number,1997,441.9137632,1059.949948,441.9137632
1,Deaths,,Sub-Saharan Africa,3,Both,10,25-29 years,302,Diarrheal diseases,183,Clostridium difficile,1,Number,1998,468.1547857,1094.326794,468.1547857
1,Deaths,,Sub-Saharan Africa,3,Both,10,25-29 years,302,Diarrheal diseases,183,Clostridium difficile,1,Number,1999,484.280959,1145.693,484.280959
1,Deaths,,Sub-Saharan Africa,3,Both,10,25-29 years,302,Diarrheal diseases,183,Clostridium difficile,1,Number,2000,530.0572957,1217.5201,530.0572957
1,Deaths,,Sub-Saharan Africa,3,Both,10,25-29 years,302,Diarrheal diseases,183,Clostridium difficile,1,Number,2001,577.1576936,1273.752053,577.1576936
1,Deaths,,Sub-Saharan Africa,3,Both,10,25-29 years,302,Diarrheal diseases,183,Clostridium difficile,1,Number,2002,638.5215483,1371.786586,638.5215483
1,Deaths,,Sub-Saharan Africa,3,Both,10,25-29 years,302,Diarrheal diseases,183,Clostridium difficile,1,Number,2003,714.3003097,1446.470149,714.3003097
1,Deaths,,Sub-Saharan Africa,3,Both,10,25-29 years,302,Diarrheal diseases,183,Clostridium difficile,1,Number,2004,741.4291037,1473.921328,741.4291037
1,Deaths,,Sub-Saharan Africa,3,Both,10,25-29 years,302,Diarrheal diseases,183,Clostridium difficile,1,Number,2005,733.6803221,1467.317272,733.6803221
1,Deaths,,Sub-Saharan Africa,3,Both,10,25-29 years,302,Diarrheal diseases,183,Clostridium difficile,1,Number,2006,741.2142362,1440.09708,741.2142362
1,Deaths,,Sub-Saharan Africa,3,Both,10,25-29 years,302,Diarrheal diseases,183,Clostridium difficile,1,Number,2007,741.9327854,1431.712123,741.9327854
1,Deaths,,Sub-Saharan Africa,3,Both,10,25-29 years,302,Diarrheal diseases,183,Clostridium difficile,1,Number,2008,755.1013995,1472.703052,755.1013995
1,Deaths,,Sub-Saharan Africa,3,Both,10,25-29 years,302,Diarrheal diseases,183,Clostridium difficile,1,Number,2009,763.9960465,1518.413839,763.9960465
1,Deaths,,Sub-Saharan Africa,3,Both,10,25-29 years,302,Diarrheal diseases,183,Clostridium difficile,1,Number,2010,794.1305793,1546.048323,794.1305793
1,Deaths,,Sub-Saharan Africa,3,Both,10,25-29 years,302,Diarrheal diseases,183,Clostridium difficile,1,Number,2011,792.0177197,1623.924749,792.0177197
1,Deaths,,Sub-Saharan Africa,3,Both,10,25-29 years,302,Diarrheal diseases,183,Clostridium difficile,1,Number,2012,796.6324779,1587.475017,796.6324779
1,Deaths,,Sub-Saharan Africa,3,Both,10,25-29 years,302,Diarrheal diseases,183,Clostridium difficile,1,Number,2013,790.9484004,1609.892674,790.9484004
1,Deaths,,Sub-Saharan Africa,3,Both,10,25-29 years,302,Diarrheal diseases,183,Clostridium difficile,1,Number,2014,846.8304018,1667.238157,846.8304018
1,Deaths,,Sub-Saharan Africa,3,Both,10,25-29 years,302,Diarrheal diseases,183,Clostridium difficile,1,Number,2015,892.6476698,1853.89294,892.6476698
1,Deaths,,Sub-Saharan Africa,3,Both,10,25-29 years,302,Diarrheal diseases,183,Clostridium difficile,1,Number,2016,941.4858392,1931.685639,941.4858392
1,Deaths,,Sub-Saharan Africa,3,Both,10,25-29 years,302,Diarrheal diseases,183,Clostridium difficile,1,Number,2017,986.9880741,1987.213656,986.9880741
1,Deaths,,Sub-Saharan Africa,3,Both,10,25-29 years,302,Diarrheal diseases,183,Clostridium difficile,1,Number,2018,1017.854899,2019.634635,1017.854899
1,Deaths,,Sub-Saharan Africa,3,Both,10,25-29 years,302,Diarrheal diseases,183,Clostridium difficile,1,Number,2019,1051.260616,2123.009675,1051.260616
1,Deaths,,Sub-Saharan Africa,3,Both,10,25-29 years,302,Diarrheal diseases,183,Clostridium difficile,1,Number,2020,1043.620872,2135.587533,1043.620872
1,Deaths,,Sub-Saharan Africa,3,Both,10,25-29 years,302,Diarrheal diseases,183,Clostridium difficile,1,Number,2021,1081.324495,2191.844127,1081.324495
1,Deaths,,Sub-Saharan Africa,3,Both,11,30-34 years,302,Diarrheal diseases,183,Clostridium difficile,1,Number,1990,378.8297821,948.0343055,378.8297821
1,Deaths,,Sub-Saharan Africa,3,Both,11,30-34 years,302,Diarrheal diseases,183,Clostridium difficile,1,Number,1991,392.4640471,974.6748914,392.4640471
1,Deaths,,Sub-Saharan Africa,3,Both,11,30-34 years,302,Diarrheal diseases,183,Clostridium difficile,1,Number,1992,413.7141558,975.8612675,413.7141558
1,Deaths,,Sub-Saharan Africa,3,Both,11,30-34 years,302,Diarrheal diseases,183,Clostridium difficile,1,Number,1993,417.7138701,968.6066478,417.7138701
1,Deaths,,Sub-Saharan Africa,3,Both,11,30-34 years,302,Diarrheal diseases,183,Clostridium difficile,1,Number,1994,439.170622,1162.911534,439.170622
1,Deaths,,Sub-Saharan Africa,3,Both,11,30-34 years,302,Diarrheal diseases,183,Clostridium difficile,1,Number,1995,401.2785625,965.4254782,401.2785625
1,Deaths,,Sub-Saharan Africa,3,Both,11,30-34 years,302,Diarrheal diseases,183,Clostridium difficile,1,Number,1996,403.8742805,977.1660753,403.8742805
1,Deaths,,Sub-Saharan Africa,3,Both,11,30-34 years,302,Diarrheal diseases,183,Clostridium difficile,1,Number,1997,424.0136407,998.9945433,424.0136407
1,Deaths,,Sub-Saharan Africa,3,Both,11,30-34 years,302,Diarrheal diseases,183,Clostridium difficile,1,Number,1998,437.6418686,1037.018944,437.6418686
1,Deaths,,Sub-Saharan Africa,3,Both,11,30-34 years,302,Diarrheal diseases,183,Clostridium difficile,1,Number,1999,461.8133369,1071.854344,461.8133369
1,Deaths,,Sub-Saharan Africa,3,Both,11,30-34 years,302,Diarrheal diseases,183,Clostridium difficile,1,Number,2000,498.8245785,1147.010457,498.8245785
1,Deaths,,Sub-Saharan Africa,3,Both,11,30-34 years,302,Diarrheal diseases,183,Clostridium difficile,1,Number,2001,550.4006855,1201.252139,550.4006855
1,Deaths,,Sub-Saharan Africa,3,Both,11,30-34 years,302,Diarrheal diseases,183,Clostridium difficile,1,Number,2002,627.8427059,1297.776579,627.8427059
1,Deaths,,Sub-Saharan Africa,3,Both,11,30-34 years,302,Diarrheal diseases,183,Clostridium difficile,1,Number,2003,708.7351746,1414.228705,708.7351746
1,Deaths,,Sub-Saharan Africa,3,Both,11,30-34 years,302,Diarrheal diseases,183,Clostridium difficile,1,Number,2004,757.7207321,1467.845057,757.7207321
1,Deaths,,Sub-Saharan Africa,3,Both,11,30-34 years,302,Diarrheal diseases,183,Clostridium difficile,1,Number,2005,772.1503569,1479.157332,772.1503569
1,Deaths,,Sub-Saharan Africa,3,Both,11,30-34 years,302,Diarrheal diseases,183,Clostridium difficile,1,Number,2006,788.0402432,1480.657208,788.0402432
1,Deaths,,Sub-Saharan Africa,3,Both,11,30-34 years,302,Diarrheal diseases,183,Clostridium difficile,1,Number,2007,796.3774359,1465.201211,796.3774359
1,Deaths,,Sub-Saharan Africa,3,Both,11,30-34 years,302,Diarrheal diseases,183,Clostridium difficile,1,Number,2008,822.2030059,1484.285164,822.2030059
1,Deaths,,Sub-Saharan Africa,3,Both,11,30-34 years,302,Diarrheal diseases,183,Clostridium difficile,1,Number,2009,796.4821106,1518.320038,796.4821106
1,Deaths,,Sub-Saharan Africa,3,Both,11,30-34 years,302,Diarrheal diseases,183,Clostridium difficile,1,Number,2010,827.8057721,1524.643939,827.8057721
1,Deaths,,Sub-Saharan Africa,3,Both,11,30-34 years,302,Diarrheal diseases,183,Clostridium difficile,1,Number,2011,813.8118529,1579.359788,813.8118529
1,Deaths,,Sub-Saharan Africa,3,Both,11,30-34 years,302,Diarrheal diseases,183,Clostridium difficile,1,Number,2012,803.3162537,1585.437099,803.3162537
1,Deaths,,Sub-Saharan Africa,3,Both,11,30-34 years,302,Diarrheal diseases,183,Clostridium difficile,1,Number,2013,798.6990611,1624.805669,798.6990611
1,Deaths,,Sub-Saharan Africa,3,Both,11,30-34 years,302,Diarrheal diseases,183,Clostridium difficile,1,Number,2014,857.9472536,1695.906923,857.9472536
1,Deaths,,Sub-Saharan Africa,3,Both,11,30-34 years,302,Diarrheal diseases,183,Clostridium difficile,1,Number,2015,923.1471261,1867.227389,923.1471261
1,Deaths,,Sub-Saharan Africa,3,Both,11,30-34 years,302,Diarrheal diseases,183,Clostridium difficile,1,Number,2016,988.8379375,1942.931325,988.8379375
1,Deaths,,Sub-Saharan Africa,3,Both,11,30-34 years,302,Diarrheal diseases,183,Clostridium difficile,1,Number,2017,1031.35074,2026.019046,1031.35074
1,Deaths,,Sub-Saharan Africa,3,Both,11,30-34 years,302,Diarrheal diseases,183,Clostridium difficile,1,Number,2018,1068.63251,2092.900319,1068.63251
1,Deaths,,Sub-Saharan Africa,3,Both,11,30-34 years,302,Diarrheal diseases,183,Clostridium difficile,1,Number,2019,1134.46569,2219.469011,1134.46569
1,Deaths,,Sub-Saharan Africa,3,Both,11,30-34 years,302,Diarrheal diseases,183,Clostridium difficile,1,Number,2020,1125.548783,2230.81609,1125.548783
1,Deaths,,Sub-Saharan Africa,3,Both,11,30-34 years,302,Diarrheal diseases,183,Clostridium difficile,1,Number,2021,1153.419591,2294.27919,1153.419591
1,Deaths,,Sub-Saharan Africa,3,Both,12,35-39 years,302,Diarrheal diseases,183,Clostridium difficile,1,Number,1990,416.4245474,1025.516033,416.4245474
1,Deaths,,Sub-Saharan Africa,3,Both,12,35-39 years,302,Diarrheal diseases,183,Clostridium difficile,1,Number,1991,432.2793217,1052.266872,432.2793217
1,Deaths,,Sub-Saharan Africa,3,Both,12,35-39 years,302,Diarrheal diseases,183,Clostridium difficile,1,Number,1992,449.7527286,1065.570691,449.7527286
1,Deaths,,Sub-Saharan Africa,3,Both,12,35-39 years,302,Diarrheal diseases,183,Clostridium difficile,1,Number,1993,463.877215,1065.473481,463.877215
1,Deaths,,Sub-Saharan Africa,3,Both,12,35-39 years,302,Diarrheal diseases,183,Clostridium difficile,1,Number,1994,496.5221873,1226.291315,496.5221873
1,Deaths,,Sub-Saharan Africa,3,Both,12,35-39 years,302,Diarrheal diseases,183,Clostridium difficile,1,Number,1995,452.4508868,1088.364291,452.4508868
1,Deaths,,Sub-Saharan Africa,3,Both,12,35-39 years,302,Diarrheal diseases,183,Clostridium difficile,1,Number,1996,468.9821238,1102.865126,468.9821238
1,Deaths,,Sub-Saharan Africa,3,Both,12,35-39 years,302,Diarrheal diseases,183,Clostridium difficile,1,Number,1997,486.7773963,1148.425558,486.7773963
1,Deaths,,Sub-Saharan Africa,3,Both,12,35-39 years,302,Diarrheal diseases,183,Clostridium difficile,1,Number,1998,522.5555649,1175.0132,522.5555649
1,Deaths,,Sub-Saharan Africa,3,Both,12,35-39 years,302,Diarrheal diseases,183,Clostridium difficile,1,Number,1999,538.0551715,1211.58453,538.0551715
1,Deaths,,Sub-Saharan Africa,3,Both,12,35-39 years,302,Diarrheal diseases,183,Clostridium difficile,1,Number,2000,566.3398563,1287.282638,566.3398563
1,Deaths,,Sub-Saharan Africa,3,Both,12,35-39 years,302,Diarrheal diseases,183,Clostridium difficile,1,Number,2001,597.187825,1348.769062,597.187825
1,Deaths,,Sub-Saharan Africa,3,Both,12,35-39 years,302,Diarrheal diseases,183,Clostridium difficile,1,Number,2002,684.3382295,1411.126116,684.3382295
1,Deaths,,Sub-Saharan Africa,3,Both,12,35-39 years,302,Diarrheal diseases,183,Clostridium difficile,1,Number,2003,751.8292372,1516.746502,751.8292372
1,Deaths,,Sub-Saharan Africa,3,Both,12,35-39 years,302,Diarrheal diseases,183,Clostridium difficile,1,Number,2004,792.2542146,1579.143252,792.2542146
1,Deaths,,Sub-Saharan Africa,3,Both,12,35-39 years,302,Diarrheal diseases,183,Clostridium difficile,1,Number,2005,815.5661553,1609.823484,815.5661553
1,Deaths,,Sub-Saharan Africa,3,Both,12,35-39 years,302,Diarrheal diseases,183,Clostridium difficile,1,Number,2006,862.7231287,1596.105083,862.7231287
1,Deaths,,Sub-Saharan Africa,3,Both,12,35-39 years,302,Diarrheal diseases,183,Clostridium difficile,1,Number,2007,854.7449674,1630.391276,854.7449674
1,Deaths,,Sub-Saharan Africa,3,Both,12,35-39 years,302,Diarrheal diseases,183,Clostridium difficile,1,Number,2008,911.001783,1674.623612,911.001783
1,Deaths,,Sub-Saharan Africa,3,Both,12,35-39 years,302,Diarrheal diseases,183,Clostridium difficile,1,Number,2009,928.717651,1709.139307,928.717651
1,Deaths,,Sub-Saharan Africa,3,Both,12,35-39 years,302,Diarrheal diseases,183,Clostridium difficile,1,Number,2010,946.5792403,1778.140314,946.5792403
1,Deaths,,Sub-Saharan Africa,3,Both,12,35-39 years,302,Diarrheal diseases,183,Clostridium difficile,1,Number,2011,981.5198997,1805.847729,981.5198997
1,Deaths,,Sub-Saharan Africa,3,Both,12,35-39 years,302,Diarrheal diseases,183,Clostridium difficile,1,Number,2012,960.3625982,1828.077762,960.3625982
1,Deaths,,Sub-Saharan Africa,3,Both,12,35-39 years,302,Diarrheal diseases,183,Clostridium difficile,1,Number,2013,956.653601,1877.512702,956.653601
1,Deaths,,Sub-Saharan Africa,3,Both,12,35-39 years,302,Diarrheal diseases,183,Clostridium difficile,1,Number,2014,1032.962373,1973.778153,1032.962373
1,Deaths,,Sub-Saharan Africa,3,Both,12,35-39 years,302,Diarrheal diseases,183,Clostridium difficile,1,Number,2015,1135.309826,2157.992007,1135.309826
1,Deaths,,Sub-Saharan Africa,3,Both,12,35-39 years,302,Diarrheal diseases,183,Clostridium difficile,1,Number,2016,1177.905118,2286.648051,1177.905118
1,Deaths,,Sub-Saharan Africa,3,Both,12,35-39 years,302,Diarrheal diseases,183,Clostridium difficile,1,Number,2017,1229.921794,2378.774098,1229.921794
1,Deaths,,Sub-Saharan Africa,3,Both,12,35-39 years,302,Diarrheal diseases,183,Clostridium difficile,1,Number,2018,1292.773118,2454.20473,1292.773118
1,Deaths,,Sub-Saharan Africa,3,Both,12,35-39 years,302,Diarrheal diseases,183,Clostridium difficile,1,Number,2019,1380.729784,2591.683502,1380.729784
1,Deaths,,Sub-Saharan Africa,3,Both,12,35-39 years,302,Diarrheal diseases,183,Clostridium difficile,1,Number,2020,1355.640854,2631.705582,1355.640854
1,Deaths,,Sub-Saharan Africa,3,Both,12,35-39 years,302,Diarrheal diseases,183,Clostridium difficile,1,Number,2021,1409.056559,2707.0879,1409.056559
1,Deaths,,Sub-Saharan Africa,3,Both,13,40-44 years,302,Diarrheal diseases,183,Clostridium difficile,1,Number,1990,477.6514883,1162.306301,477.6514883
1,Deaths,,Sub-Saharan Africa,3,Both,13,40-44 years,302,Diarrheal diseases,183,Clostridium difficile,1,Number,1991,486.5919044,1223.10766,486.5919044
1,Deaths,,Sub-Saharan Africa,3,Both,13,40-44 years,302,Diarrheal diseases,183,Clostridium difficile,1,Number,1992,512.2693623,1247.047619,512.2693623
1,Deaths,,Sub-Saharan Africa,3,Both,13,40-44 years,302,Diarrheal diseases,183,Clostridium difficile,1,Number,1993,537.170954,1271.102473,537.170954
1,Deaths,,Sub-Saharan Africa,3,Both,13,40-44 years,302,Diarrheal diseases,183,Clostridium difficile,1,Number,1994,600.9792149,1455.021827,600.9792149
1,Deaths,,Sub-Saharan Africa,3,Both,13,40-44 years,302,Diarrheal diseases,183,Clostridium difficile,1,Number,1995,550.5149551,1354.324102,550.5149551
1,Deaths,,Sub-Saharan Africa,3,Both,13,40-44 years,302,Diarrheal diseases,183,Clostridium difficile,1,Number,1996,594.2652756,1395.290544,594.2652756
1,Deaths,,Sub-Saharan Africa,3,Both,13,40-44 years,302,Diarrheal diseases,183,Clostridium difficile,1,Number,1997,607.7795078,1440.115439,607.7795078
1,Deaths,,Sub-Saharan Africa,3,Both,13,40-44 years,302,Diarrheal diseases,183,Clostridium difficile,1,Number,1998,632.4788082,1487.758897,632.4788082
1,Deaths,,Sub-Saharan Africa,3,Both,13,40-44 years,302,Diarrheal diseases,183,Clostridium difficile,1,Number,1999,646.2947394,1525.881035,646.2947394
1,Deaths,,Sub-Saharan Africa,3,Both,13,40-44 years,302,Diarrheal diseases,183,Clostridium difficile,1,Number,2000,691.0307915,1583.401342,691.0307915
1,Deaths,,Sub-Saharan Africa,3,Both,13,40-44 years,302,Diarrheal diseases,183,Clostridium difficile,1,Number,2001,723.2787812,1631.088604,723.2787812
1,Deaths,,Sub-Saharan Africa,3,Both,13,40-44 years,302,Diarrheal diseases,183,Clostridium difficile,1,Number,2002,793.9438154,1699.632676,793.9438154
1,Deaths,,Sub-Saharan Africa,3,Both,13,40-44 years,302,Diarrheal diseases,183,Clostridium difficile,1,Number,2003,867.8969837,1800.485064,867.8969837
1,Deaths,,Sub-Saharan Africa,3,Both,13,40-44 years,302,Diarrheal diseases,183,Clostridium difficile,1,Number,2004,893.8005976,1864.372447,893.8005976
1,Deaths,,Sub-Saharan Africa,3,Both,13,40-44 years,302,Diarrheal diseases,183,Clostridium difficile,1,Number,2005,936.945192,1881.400559,936.945192
1,Deaths,,Sub-Saharan Africa,3,Both,13,40-44 years,302,Diarrheal diseases,183,Clostridium difficile,1,Number,2006,953.1840699,1903.544326,953.1840699
1,Deaths,,Sub-Saharan Africa,3,Both,13,40-44 years,302,Diarrheal diseases,183,Clostridium difficile,1,Number,2007,968.2948742,1927.499419,968.2948742
1,Deaths,,Sub-Saharan Africa,3,Both,13,40-44 years,302,Diarrheal diseases,183,Clostridium difficile,1,Number,2008,1025.175601,1975.366965,1025.175601
1,Deaths,,Sub-Saharan Africa,3,Both,13,40-44 years,302,Diarrheal diseases,183,Clostridium difficile,1,Number,2009,1058.936308,2046.013959,1058.936308
1,Deaths,,Sub-Saharan Africa,3,Both,13,40-44 years,302,Diarrheal diseases,183,Clostridium difficile,1,Number,2010,1097.68096,2144.163142,1097.68096
1,Deaths,,Sub-Saharan Africa,3,Both,13,40-44 years,302,Diarrheal diseases,183,Clostridium difficile,1,Number,2011,1130.957555,2239.005442,1130.957555
1,Deaths,,Sub-Saharan Africa,3,Both,13,40-44 years,302,Diarrheal diseases,183,Clostridium difficile,1,Number,2012,1148.323365,2275.621645,1148.323365
1,Deaths,,Sub-Saharan Africa,3,Both,13,40-44 years,302,Diarrheal diseases,183,Clostridium difficile,1,Number,2013,1165.769357,2358.741755,1165.769357
1,Deaths,,Sub-Saharan Africa,3,Both,13,40-44 years,302,Diarrheal diseases,183,Clostridium difficile,1,Number,2014,1283.037288,2484.829421,1283.037288
1,Deaths,,Sub-Saharan Africa,3,Both,13,40-44 years,302,Diarrheal diseases,183,Clostridium difficile,1,Number,2015,1430.995576,2728.856466,1430.995576
1,Deaths,,Sub-Saharan Africa,3,Both,13,40-44 years,302,Diarrheal diseases,183,Clostridium difficile,1,Number,2016,1469.070574,2939.905963,1469.070574
1,Deaths,,Sub-Saharan Africa,3,Both,13,40-44 years,302,Diarrheal diseases,183,Clostridium difficile,1,Number,2017,1543.022178,3063.606511,1543.022178
1,Deaths,,Sub-Saharan Africa,3,Both,13,40-44 years,302,Diarrheal diseases,183,Clostridium difficile,1,Number,2018,1640.041552,3157.850456,1640.041552
1,Deaths,,Sub-Saharan Africa,3,Both,13,40-44 years,302,Diarrheal diseases,183,Clostridium difficile,1,Number,2019,1747.372282,3309.873063,1747.372282
1,Deaths,,Sub-Saharan Africa,3,Both,13,40-44 years,302,Diarrheal diseases,183,Clostridium difficile,1,Number,2020,1726.206128,3368.784857,1726.206128
1,Deaths,,Sub-Saharan Africa,3,Both,13,40-44 years,302,Diarrheal diseases,183,Clostridium difficile,1,Number,2021,1769.112015,3507.172681,1769.112015
1,Deaths,,Sub-Saharan Africa,3,Both,14,45-49 years,302,Diarrheal diseases,183,Clostridium difficile,1,Number,1990,609.9949251,1521.927768,609.9949251
1,Deaths,,Sub-Saharan Africa,3,Both,14,45-49 years,302,Diarrheal diseases,183,Clostridium difficile,1,Number,1991,624.0058849,1549.605233,624.0058849
1,Deaths,,Sub-Saharan Africa,3,Both,14,45-49 years,302,Diarrheal diseases,183,Clostridium difficile,1,Number,1992,636.3471508,1541.656733,636.3471508
1,Deaths,,Sub-Saharan Africa,3,Both,14,45-49 years,302,Diarrheal diseases,183,Clostridium difficile,1,Number,1993,651.2740367,1565.329733,651.2740367
1,Deaths,,Sub-Saharan Africa,3,Both,14,45-49 years,302,Diarrheal diseases,183,Clostridium difficile,1,Number,1994,727.0024021,1722.709257,727.0024021
1,Deaths,,Sub-Saharan Africa,3,Both,14,45-49 years,302,Diarrheal diseases,183,Clostridium difficile,1,Number,1995,650.6267509,1587.686767,650.6267509
1,Deaths,,Sub-Saharan Africa,3,Both,14,45-49 years,302,Diarrheal diseases,183,Clostridium difficile,1,Number,1996,690.3569314,1657.36104,690.3569314
1,Deaths,,Sub-Saharan Africa,3,Both,14,45-49 years,302,Diarrheal diseases,183,Clostridium difficile,1,Number,1997,728.5813215,1769.773341,728.5813215
1,Deaths,,Sub-Saharan Africa,3,Both,14,45-49 years,302,Diarrheal diseases,183,Clostridium difficile,1,Number,1998,802.984855,1805.226463,802.984855
1,Deaths,,Sub-Saharan Africa,3,Both,14,45-49 years,302,Diarrheal diseases,183,Clostridium difficile,1,Number,1999,824.7692987,1862.888604,824.7692987
1,Deaths,,Sub-Saharan Africa,3,Both,14,45-49 years,302,Diarrheal diseases,183,Clostridium difficile,1,Number,2000,855.2767469,1968.711933,855.2767469
1,Deaths,,Sub-Saharan Africa,3,Both,14,45-49 years,302,Diarrheal diseases,183,Clostridium difficile,1,Number,2001,882.0015601,1983.735805,882.0015601
1,Deaths,,Sub-Saharan Africa,3,Both,14,45-49 years,302,Diarrheal diseases,183,Clostridium difficile,1,Number,2002,936.7030448,2044.70286,936.7030448
1,Deaths,,Sub-Saharan Africa,3,Both,14,45-49 years,302,Diarrheal diseases,183,Clostridium difficile,1,Number,2003,998.1403542,2141.182828,998.1403542
1,Deaths,,Sub-Saharan Africa,3,Both,14,45-49 years,302,Diarrheal diseases,183,Clostridium difficile,1,Number,2004,1036.124938,2181.421385,1036.124938
1,Deaths,,Sub-Saharan Africa,3,Both,14,45-49 years,302,Diarrheal diseases,183,Clostridium difficile,1,Number,2005,1075.698049,2238.901695,1075.698049
1,Deaths,,Sub-Saharan Africa,3,Both,14,45-49 years,302,Diarrheal diseases,183,Clostridium difficile,1,Number,2006,1133.305364,2258.722152,1133.305364
1,Deaths,,Sub-Saharan Africa,3,Both,14,45-49 years,302,Diarrheal diseases,183,Clostridium difficile,1,Number,2007,1186.679113,2294.495354,1186.679113
1,Deaths,,Sub-Saharan Africa,3,Both,14,45-49 years,302,Diarrheal diseases,183,Clostridium difficile,1,Number,2008,1217.024994,2435.590415,1217.024994
1,Deaths,,Sub-Saharan Africa,3,Both,14,45-49 years,302,Diarrheal diseases,183,Clostridium difficile,1,Number,2009,1311.796019,2525.45876,1311.796019
1,Deaths,,Sub-Saharan Africa,3,Both,14,45-49 years,302,Diarrheal diseases,183,Clostridium difficile,1,Number,2010,1386.124482,2649.48722,1386.124482
1,Deaths,,Sub-Saharan Africa,3,Both,14,45-49 years,302,Diarrheal diseases,183,Clostridium difficile,1,Number,2011,1438.830752,2782.475171,1438.830752
1,Deaths,,Sub-Saharan Africa,3,Both,14,45-49 years,302,Diarrheal diseases,183,Clostridium difficile,1,Number,2012,1455.60058,2848.859681,1455.60058
1,Deaths,,Sub-Saharan Africa,3,Both,14,45-49 years,302,Diarrheal diseases,183,Clostridium difficile,1,Number,2013,1452.234344,2956.382125,1452.234344
1,Deaths,,Sub-Saharan Africa,3,Both,14,45-49 years,302,Diarrheal diseases,183,Clostridium difficile,1,Number,2014,1617.288124,3064.920075,1617.288124
1,Deaths,,Sub-Saharan Africa,3,Both,14,45-49 years,302,Diarrheal diseases,183,Clostridium difficile,1,Number,2015,1727.032374,3424.334444,1727.032374
1,Deaths,,Sub-Saharan Africa,3,Both,14,45-49 years,302,Diarrheal diseases,183,Clostridium difficile,1,Number,2016,1858.689587,3585.46009,1858.689587
1,Deaths,,Sub-Saharan Africa,3,Both,14,45-49 years,302,Diarrheal diseases,183,Clostridium difficile,1,Number,2017,1947.859795,3715.301565,1947.859795
1,Deaths,,Sub-Saharan Africa,3,Both,14,45-49 years,302,Diarrheal diseases,183,Clostridium difficile,1,Number,2018,1989.454716,3897.171657,1989.454716
1,Deaths,,Sub-Saharan Africa,3,Both,14,45-49 years,302,Diarrheal diseases,183,Clostridium difficile,1,Number,2019,2111.681053,4055.967798,2111.681053
1,Deaths,,Sub-Saharan Africa,3,Both,14,45-49 years,302,Diarrheal diseases,183,Clostridium difficile,1,Number,2020,2154.996535,4127.850271,2154.996535
1,Deaths,,Sub-Saharan Africa,3,Both,14,45-49 years,302,Diarrheal diseases,183,Clostridium difficile,1,Number,2021,2210.017343,4304.292561,2210.017343
1,Deaths,,Sub-Saharan Africa,3,Both,6,5-9 years,302,Diarrheal diseases,183,Clostridium difficile,1,Number,1990,630.1027093,1923.66724,630.1027093
1,Deaths,,Sub-Saharan Africa,3,Both,6,5-9 years,302,Diarrheal diseases,183,Clostridium difficile,1,Number,1991,611.6021755,1866.084591,611.6021755
1,Deaths,,Sub-Saharan Africa,3,Both,6,5-9 years,302,Diarrheal diseases,183,Clostridium difficile,1,Number,1992,589.8294471,1754.904423,589.8294471
1,Deaths,,Sub-Saharan Africa,3,Both,6,5-9 years,302,Diarrheal diseases,183,Clostridium difficile,1,Number,1993,616.1538944,1744.574878,616.1538944
1,Deaths,,Sub-Saharan Africa,3,Both,6,5-9 years,302,Diarrheal diseases,183,Clostridium difficile,1,Number,1994,782.694215,4277.848489,782.694215
1,Deaths,,Sub-Saharan Africa,3,Both,6,5-9 years,302,Diarrheal diseases,183,Clostridium difficile,1,Number,1995,641.1057199,1769.975414,641.1057199
1,Deaths,,Sub-Saharan Africa,3,Both,6,5-9 years,302,Diarrheal diseases,183,Clostridium difficile,1,Number,1996,690.5145722,1824.095356,690.5145722
1,Deaths,,Sub-Saharan Africa,3,Both,6,5-9 years,302,Diarrheal diseases,183,Clostridium difficile,1,Number,1997,709.201003,1856.493103,709.201003
1,Deaths,,Sub-Saharan Africa,3,Both,6,5-9 years,302,Diarrheal diseases,183,Clostridium difficile,1,Number,1998,704.6156285,1847.48942,704.6156285
1,Deaths,,Sub-Saharan Africa,3,Both,6,5-9 years,302,Diarrheal diseases,183,Clostridium difficile,1,Number,1999,671.8116298,1963.808712,671.8116298
1,Deaths,,Sub-Saharan Africa,3,Both,6,5-9 years,302,Diarrheal diseases,183,Clostridium difficile,1,Number,2000,649.1276842,1954.052625,649.1276842
1,Deaths,,Sub-Saharan Africa,3,Both,6,5-9 years,302,Diarrheal diseases,183,Clostridium difficile,1,Number,2001,658.3859859,1831.156011,658.3859859
1,Deaths,,Sub-Saharan Africa,3,Both,6,5-9 years,302,Diarrheal diseases,183,Clostridium difficile,1,Number,2002,679.1026049,1901.117277,679.1026049
1,Deaths,,Sub-Saharan Africa,3,Both,6,5-9 years,302,Diarrheal diseases,183,Clostridium difficile,1,Number,2003,729.8636208,1935.650838,729.8636208
1,Deaths,,Sub-Saharan Africa,3,Both,6,5-9 years,302,Diarrheal diseases,183,Clostridium difficile,1,Number,2004,733.6846369,1923.469593,733.6846369
1,Deaths,,Sub-Saharan Africa,3,Both,6,5-9 years,302,Diarrheal diseases,183,Clostridium difficile,1,Number,2005,769.2721543,1871.121261,769.2721543
1,Deaths,,Sub-Saharan Africa,3,Both,6,5-9 years,302,Diarrheal diseases,183,Clostridium difficile,1,Number,2006,768.0696376,1860.624864,768.0696376
1,Deaths,,Sub-Saharan Africa,3,Both,6,5-9 years,302,Diarrheal diseases,183,Clostridium difficile,1,Number,2007,807.6015962,1888.578776,807.6015962
1,Deaths,,Sub-Saharan Africa,3,Both,6,5-9 years,302,Diarrheal diseases,183,Clostridium difficile,1,Number,2008,812.9308626,1956.488223,812.9308626
1,Deaths,,Sub-Saharan Africa,3,Both,6,5-9 years,302,Diarrheal diseases,183,Clostridium difficile,1,Number,2009,857.9347956,2045.155233,857.9347956
1,Deaths,,Sub-Saharan Africa,3,Both,6,5-9 years,302,Diarrheal diseases,183,Clostridium difficile,1,Number,2010,942.2336105,2163.424614,942.2336105
1,Deaths,,Sub-Saharan Africa,3,Both,6,5-9 years,302,Diarrheal diseases,183,Clostridium difficile,1,Number,2011,1156.743222,2902.95126,1156.743222
1,Deaths,,Sub-Saharan Africa,3,Both,6,5-9 years,302,Diarrheal diseases,183,Clostridium difficile,1,Number,2012,1058.083024,2368.469841,1058.083024
1,Deaths,,Sub-Saharan Africa,3,Both,6,5-9 years,302,Diarrheal diseases,183,Clostridium difficile,1,Number,2013,1024.046594,2308.546176,1024.046594
1,Deaths,,Sub-Saharan Africa,3,Both,6,5-9 years,302,Diarrheal diseases,183,Clostridium difficile,1,Number,2014,1076.728497,2458.672975,1076.728497
1,Deaths,,Sub-Saharan Africa,3,Both,6,5-9 years,302,Diarrheal diseases,183,Clostridium difficile,1,Number,2015,1169.824682,2698.845011,1169.824682
1,Deaths,,Sub-Saharan Africa,3,Both,6,5-9 years,302,Diarrheal diseases,183,Clostridium difficile,1,Number,2016,1258.514793,2783.868993,1258.514793
1,Deaths,,Sub-Saharan Africa,3,Both,6,5-9 years,302,Diarrheal diseases,183,Clostridium difficile,1,Number,2017,1307.537613,2869.995752,1307.537613
1,Deaths,,Sub-Saharan Africa,3,Both,6,5-9 years,302,Diarrheal diseases,183,Clostridium difficile,1,Number,2018,1273.013945,2845.348358,1273.013945
1,Deaths,,Sub-Saharan Africa,3,Both,6,5-9 years,302,Diarrheal diseases,183,Clostridium difficile,1,Number,2019,1278.398543,2847.725382,1278.398543
1,Deaths,,Sub-Saharan Africa,3,Both,6,5-9 years,302,Diarrheal diseases,183,Clostridium difficile,1,Number,2020,1225.014856,2748.306121,1225.014856
1,Deaths,,Sub-Saharan Africa,3,Both,6,5-9 years,302,Diarrheal diseases,183,Clostridium difficile,1,Number,2021,1182.909651,2735.561978,1182.909651
1,Deaths,,Sub-Saharan Africa,3,Both,15,50-54 years,302,Diarrheal diseases,183,Clostridium difficile,1,Number,1990,856.3801345,2193.186664,856.3801345
1,Deaths,,Sub-Saharan Africa,3,Both,15,50-54 years,302,Diarrheal diseases,183,Clostridium difficile,1,Number,1991,864.9400705,2236.624622,864.9400705
1,Deaths,,Sub-Saharan Africa,3,Both,15,50-54 years,302,Diarrheal diseases,183,Clostridium difficile,1,Number,1992,909.393715,2208.73956,909.393715
1,Deaths,,Sub-Saharan Africa,3,Both,15,50-54 years,302,Diarrheal diseases,183,Clostridium difficile,1,Number,1993,945.3205143,2242.444405,945.3205143
1,Deaths,,Sub-Saharan Africa,3,Both,15,50-54 years,302,Diarrheal diseases,183,Clostridium difficile,1,Number,1994,1050.712955,2487.000084,1050.712955
1,Deaths,,Sub-Saharan Africa,3,Both,15,50-54 years,302,Diarrheal diseases,183,Clostridium difficile,1,Number,1995,960.921785,2272.547927,960.921785
1,Deaths,,Sub-Saharan Africa,3,Both,15,50-54 years,302,Diarrheal diseases,183,Clostridium difficile,1,Number,1996,1018.450003,2323.375462,1018.450003
1,Deaths,,Sub-Saharan Africa,3,Both,15,50-54 years,302,Diarrheal diseases,183,Clostridium difficile,1,Number,1997,1038.575218,2437.038654,1038.575218
1,Deaths,,Sub-Saharan Africa,3,Both,15,50-54 years,302,Diarrheal diseases,183,Clostridium difficile,1,Number,1998,1088.732159,2487.245052,1088.732159
1,Deaths,,Sub-Saharan Africa,3,Both,15,50-54 years,302,Diarrheal diseases,183,Clostridium difficile,1,Number,1999,1081.930913,2531.346611,1081.930913
1,Deaths,,Sub-Saharan Africa,3,Both,15,50-54 years,302,Diarrheal diseases,183,Clostridium difficile,1,Number,2000,1134.428542,2585.762358,1134.428542
1,Deaths,,Sub-Saharan Africa,3,Both,15,50-54 years,302,Diarrheal diseases,183,Clostridium difficile,1,Number,2001,1182.354046,2689.077445,1182.354046
1,Deaths,,Sub-Saharan Africa,3,Both,15,50-54 years,302,Diarrheal diseases,183,Clostridium difficile,1,Number,2002,1317.703891,2768.107013,1317.703891
1,Deaths,,Sub-Saharan Africa,3,Both,15,50-54 years,302,Diarrheal diseases,183,Clostridium difficile,1,Number,2003,1387.294035,2957.825385,1387.294035
1,Deaths,,Sub-Saharan Africa,3,Both,15,50-54 years,302,Diarrheal diseases,183,Clostridium difficile,1,Number,2004,1457.127982,3038.302206,1457.127982
1,Deaths,,Sub-Saharan Africa,3,Both,15,50-54 years,302,Diarrheal diseases,183,Clostridium difficile,1,Number,2005,1533.846522,3167.689125,1533.846522
1,Deaths,,Sub-Saharan Africa,3,Both,15,50-54 years,302,Diarrheal diseases,183,Clostridium difficile,1,Number,2006,1604.92452,3203.64594,1604.92452
1,Deaths,,Sub-Saharan Africa,3,Both,15,50-54 years,302,Diarrheal diseases,183,Clostridium difficile,1,Number,2007,1675.735108,3283.457111,1675.735108
1,Deaths,,Sub-Saharan Africa,3,Both,15,50-54 years,302,Diarrheal diseases,183,Clostridium difficile,1,Number,2008,1764.428546,3455.359387,1764.428546
1,Deaths,,Sub-Saharan Africa,3,Both,15,50-54 years,302,Diarrheal diseases,183,Clostridium difficile,1,Number,2009,1897.49464,3600.838054,1897.49464
1,Deaths,,Sub-Saharan Africa,3,Both,15,50-54 years,302,Diarrheal diseases,183,Clostridium difficile,1,Number,2010,1999.527226,3816.152678,1999.527226
1,Deaths,,Sub-Saharan Africa,3,Both,15,50-54 years,302,Diarrheal diseases,183,Clostridium difficile,1,Number,2011,2233.349591,4255.714917,2233.349591
1,Deaths,,Sub-Saharan Africa,3,Both,15,50-54 years,302,Diarrheal diseases,183,Clostridium difficile,1,Number,2012,2121.295855,4061.034617,2121.295855
1,Deaths,,Sub-Saharan Africa,3,Both,15,50-54 years,302,Diarrheal diseases,183,Clostridium difficile,1,Number,2013,2086.098636,4236.475425,2086.098636
1,Deaths,,Sub-Saharan Africa,3,Both,15,50-54 years,302,Diarrheal diseases,183,Clostridium difficile,1,Number,2014,2326.854387,4386.550866,2326.854387
1,Deaths,,Sub-Saharan Africa,3,Both,15,50-54 years,302,Diarrheal diseases,183,Clostridium difficile,1,Number,2015,2473.777667,4883.338549,2473.777667
1,Deaths,,Sub-Saharan Africa,3,Both,15,50-54 years,302,Diarrheal diseases,183,Clostridium difficile,1,Number,2016,2597.708365,5123.585281,2597.708365
1,Deaths,,Sub-Saharan Africa,3,Both,15,50-54 years,302,Diarrheal diseases,183,Clostridium difficile,1,Number,2017,2661.805773,5323.480062,2661.805773
1,Deaths,,Sub-Saharan Africa,3,Both,15,50-54 years,302,Diarrheal diseases,183,Clostridium difficile,1,Number,2018,2813.120249,5410.673309,2813.120249
1,Deaths,,Sub-Saharan Africa,3,Both,15,50-54 years,302,Diarrheal diseases,183,Clostridium difficile,1,Number,2019,2938.80217,5575.025286,2938.80217
1,Deaths,,Sub-Saharan Africa,3,Both,15,50-54 years,302,Diarrheal diseases,183,Clostridium difficile,1,Number,2020,2962.511507,5654.098482,2962.511507
1,Deaths,,Sub-Saharan Africa,3,Both,15,50-54 years,302,Diarrheal diseases,183,Clostridium difficile,1,Number,2021,3060.66437,5846.413537,3060.66437
1,Deaths,,Sub-Saharan Africa,3,Both,16,55-59 years,302,Diarrheal diseases,183,Clostridium difficile,1,Number,1990,1128.917082,2896.545103,1128.917082
1,Deaths,,Sub-Saharan Africa,3,Both,16,55-59 years,302,Diarrheal diseases,183,Clostridium difficile,1,Number,1991,1105.30065,2953.565405,1105.30065
1,Deaths,,Sub-Saharan Africa,3,Both,16,55-59 years,302,Diarrheal diseases,183,Clostridium difficile,1,Number,1992,1160.382187,2904.435586,1160.382187
1,Deaths,,Sub-Saharan Africa,3,Both,16,55-59 years,302,Diarrheal diseases,183,Clostridium difficile,1,Number,1993,1201.287852,2955.597225,1201.287852
1,Deaths,,Sub-Saharan Africa,3,Both,16,55-59 years,302,Diarrheal diseases,183,Clostridium difficile,1,Number,1994,1428.605553,3434.279712,1428.605553
1,Deaths,,Sub-Saharan Africa,3,Both,16,55-59 years,302,Diarrheal diseases,183,Clostridium difficile,1,Number,1995,1260.563181,2978.431897,1260.563181
1,Deaths,,Sub-Saharan Africa,3,Both,16,55-59 years,302,Diarrheal diseases,183,Clostridium difficile,1,Number,1996,1337.382087,3133.507198,1337.382087
1,Deaths,,Sub-Saharan Africa,3,Both,16,55-59 years,302,Diarrheal diseases,183,Clostridium difficile,1,Number,1997,1336.451309,3279.219109,1336.451309
1,Deaths,,Sub-Saharan Africa,3,Both,16,55-59 years,302,Diarrheal diseases,183,Clostridium difficile,1,Number,1998,1422.389478,3341.286934,1422.389478
1,Deaths,,Sub-Saharan Africa,3,Both,16,55-59 years,302,Diarrheal diseases,183,Clostridium difficile,1,Number,1999,1356.670887,3469.820056,1356.670887
1,Deaths,,Sub-Saharan Africa,3,Both,16,55-59 years,302,Diarrheal diseases,183,Clostridium difficile,1,Number,2000,1452.856388,3459.446961,1452.856388
1,Deaths,,Sub-Saharan Africa,3,Both,16,55-59 years,302,Diarrheal diseases,183,Clostridium difficile,1,Number,2001,1511.079334,3467.532171,1511.079334
1,Deaths,,Sub-Saharan Africa,3,Both,16,55-59 years,302,Diarrheal diseases,183,Clostridium difficile,1,Number,2002,1573.419338,3563.295089,1573.419338
1,Deaths,,Sub-Saharan Africa,3,Both,16,55-59 years,302,Diarrheal diseases,183,Clostridium difficile,1,Number,2003,1620.677303,3751.163893,1620.677303
1,Deaths,,Sub-Saharan Africa,3,Both,16,55-59 years,302,Diarrheal diseases,183,Clostridium difficile,1,Number,2004,1712.649274,3750.469105,1712.649274
1,Deaths,,Sub-Saharan Africa,3,Both,16,55-59 years,302,Diarrheal diseases,183,Clostridium difficile,1,Number,2005,1814.009313,3801.188363,1814.009313
1,Deaths,,Sub-Saharan Africa,3,Both,16,55-59 years,302,Diarrheal diseases,183,Clostridium difficile,1,Number,2006,1926.091285,3902.075967,1926.091285
1,Deaths,,Sub-Saharan Africa,3,Both,16,55-59 years,302,Diarrheal diseases,183,Clostridium difficile,1,Number,2007,2039.028116,4042.453733,2039.028116
1,Deaths,,Sub-Saharan Africa,3,Both,16,55-59 years,302,Diarrheal diseases,183,Clostridium difficile,1,Number,2008,2164.994235,4275.170148,2164.994235
1,Deaths,,Sub-Saharan Africa,3,Both,16,55-59 years,302,Diarrheal diseases,183,Clostridium difficile,1,Number,2009,2333.345736,4481.668018,2333.345736
1,Deaths,,Sub-Saharan Africa,3,Both,16,55-59 years,302,Diarrheal diseases,183,Clostridium difficile,1,Number,2010,2473.226268,4785.830462,2473.226268
1,Deaths,,Sub-Saharan Africa,3,Both,16,55-59 years,302,Diarrheal diseases,183,Clostridium difficile,1,Number,2011,2601.706406,5209.994383,2601.706406
1,Deaths,,Sub-Saharan Africa,3,Both,16,55-59 years,302,Diarrheal diseases,183,Clostridium difficile,1,Number,2012,2538.150587,5142.652289,2538.150587
1,Deaths,,Sub-Saharan Africa,3,Both,16,55-59 years,302,Diarrheal diseases,183,Clostridium difficile,1,Number,2013,2631.017274,5254.720937,2631.017274
1,Deaths,,Sub-Saharan Africa,3,Both,16,55-59 years,302,Diarrheal diseases,183,Clostridium difficile,1,Number,2014,2837.941322,5576.862943,2837.941322
1,Deaths,,Sub-Saharan Africa,3,Both,16,55-59 years,302,Diarrheal diseases,183,Clostridium difficile,1,Number,2015,3057.581382,6220.828924,3057.581382
1,Deaths,,Sub-Saharan Africa,3,Both,16,55-59 years,302,Diarrheal diseases,183,Clostridium difficile,1,Number,2016,3244.702092,6527.702414,3244.702092
1,Deaths,,Sub-Saharan Africa,3,Both,16,55-59 years,302,Diarrheal diseases,183,Clostridium difficile,1,Number,2017,3443.023129,6701.679357,3443.023129
1,Deaths,,Sub-Saharan Africa,3,Both,16,55-59 years,302,Diarrheal diseases,183,Clostridium difficile,1,Number,2018,3604.520403,6850.757915,3604.520403
1,Deaths,,Sub-Saharan Africa,3,Both,16,55-59 years,302,Diarrheal diseases,183,Clostridium difficile,1,Number,2019,3619.509787,7188.319327,3619.509787
1,Deaths,,Sub-Saharan Africa,3,Both,16,55-59 years,302,Diarrheal diseases,183,Clostridium difficile,1,Number,2020,3642.267898,7294.935394,3642.267898
1,Deaths,,Sub-Saharan Africa,3,Both,16,55-59 years,302,Diarrheal diseases,183,Clostridium difficile,1,Number,2021,3914.137052,7313.238978,3914.137052
1,Deaths,,Sub-Saharan Africa,3,Both,17,60-64 years,302,Diarrheal diseases,183,Clostridium difficile,1,Number,1990,1483.471996,3811.355893,1483.471996
1,Deaths,,Sub-Saharan Africa,3,Both,17,60-64 years,302,Diarrheal diseases,183,Clostridium difficile,1,Number,1991,1489.010503,3875.74308,1489.010503
1,Deaths,,Sub-Saharan Africa,3,Both,17,60-64 years,302,Diarrheal diseases,183,Clostridium difficile,1,Number,1992,1559.359562,3829.794294,1559.359562
1,Deaths,,Sub-Saharan Africa,3,Both,17,60-64 years,302,Diarrheal diseases,183,Clostridium difficile,1,Number,1993,1631.227609,3884.06344,1631.227609
1,Deaths,,Sub-Saharan Africa,3,Both,17,60-64 years,302,Diarrheal diseases,183,Clostridium difficile,1,Number,1994,1861.40178,4322.495722,1861.40178
1,Deaths,,Sub-Saharan Africa,3,Both,17,60-64 years,302,Diarrheal diseases,183,Clostridium difficile,1,Number,1995,1633.658684,3951.52386,1633.658684
1,Deaths,,Sub-Saharan Africa,3,Both,17,60-64 years,302,Diarrheal diseases,183,Clostridium difficile,1,Number,1996,1659.104781,4087.187251,1659.104781
1,Deaths,,Sub-Saharan Africa,3,Both,17,60-64 years,302,Diarrheal diseases,183,Clostridium difficile,1,Number,1997,1795.077229,4199.716735,1795.077229
1,Deaths,,Sub-Saharan Africa,3,Both,17,60-64 years,302,Diarrheal diseases,183,Clostridium difficile,1,Number,1998,1880.309069,4274.880991,1880.309069
1,Deaths,,Sub-Saharan Africa,3,Both,17,60-64 years,302,Diarrheal diseases,183,Clostridium difficile,1,Number,1999,1858.584967,4380.432948,1858.584967
1,Deaths,,Sub-Saharan Africa,3,Both,17,60-64 years,302,Diarrheal diseases,183,Clostridium difficile,1,Number,2000,1935.198692,4471.519134,1935.198692
1,Deaths,,Sub-Saharan Africa,3,Both,17,60-64 years,302,Diarrheal diseases,183,Clostridium difficile,1,Number,2001,2018.281217,4527.448131,2018.281217
1,Deaths,,Sub-Saharan Africa,3,Both,17,60-64 years,302,Diarrheal diseases,183,Clostridium difficile,1,Number,2002,2149.637171,4628.684307,2149.637171
1,Deaths,,Sub-Saharan Africa,3,Both,17,60-64 years,302,Diarrheal diseases,183,Clostridium difficile,1,Number,2003,2235.241218,4830.55886,2235.241218
1,Deaths,,Sub-Saharan Africa,3,Both,17,60-64 years,302,Diarrheal diseases,183,Clostridium difficile,1,Number,2004,2285.044575,4848.147295,2285.044575
1,Deaths,,Sub-Saharan Africa,3,Both,17,60-64 years,302,Diarrheal diseases,183,Clostridium difficile,1,Number,2005,2322.524019,4864.061967,2322.524019
1,Deaths,,Sub-Saharan Africa,3,Both,17,60-64 years,302,Diarrheal diseases,183,Clostridium difficile,1,Number,2006,2415.193217,4835.972376,2415.193217
1,Deaths,,Sub-Saharan Africa,3,Both,17,60-64 years,302,Diarrheal diseases,183,Clostridium difficile,1,Number,2007,2562.649208,4835.178272,2562.649208
1,Deaths,,Sub-Saharan Africa,3,Both,17,60-64 years,302,Diarrheal diseases,183,Clostridium difficile,1,Number,2008,2604.771239,5104.295533,2604.771239
1,Deaths,,Sub-Saharan Africa,3,Both,17,60-64 years,302,Diarrheal diseases,183,Clostridium difficile,1,Number,2009,2719.907009,5351.38396,2719.907009
1,Deaths,,Sub-Saharan Africa,3,Both,17,60-64 years,302,Diarrheal diseases,183,Clostridium difficile,1,Number,2010,2966.567053,5535.802968,2966.567053
1,Deaths,,Sub-Saharan Africa,3,Both,17,60-64 years,302,Diarrheal diseases,183,Clostridium difficile,1,Number,2011,3102.523962,6028.432841,3102.523962
1,Deaths,,Sub-Saharan Africa,3,Both,17,60-64 years,302,Diarrheal diseases,183,Clostridium difficile,1,Number,2012,3092.722623,6194.829305,3092.722623
1,Deaths,,Sub-Saharan Africa,3,Both,17,60-64 years,302,Diarrheal diseases,183,Clostridium difficile,1,Number,2013,3298.659479,6324.548719,3298.659479
1,Deaths,,Sub-Saharan Africa,3,Both,17,60-64 years,302,Diarrheal diseases,183,Clostridium difficile,1,Number,2014,3593.50864,6777.565205,3593.50864
1,Deaths,,Sub-Saharan Africa,3,Both,17,60-64 years,302,Diarrheal diseases,183,Clostridium difficile,1,Number,2015,3944.394763,7630.360511,3944.394763
1,Deaths,,Sub-Saharan Africa,3,Both,17,60-64 years,302,Diarrheal diseases,183,Clostridium difficile,1,Number,2016,4148.238237,7993.908545,4148.238237
1,Deaths,,Sub-Saharan Africa,3,Both,17,60-64 years,302,Diarrheal diseases,183,Clostridium difficile,1,Number,2017,4248.905252,8372.296598,4248.905252
1,Deaths,,Sub-Saharan Africa,3,Both,17,60-64 years,302,Diarrheal diseases,183,Clostridium difficile,1,Number,2018,4473.296502,8592.441954,4473.296502
1,Deaths,,Sub-Saharan Africa,3,Both,17,60-64 years,302,Diarrheal diseases,183,Clostridium difficile,1,Number,2019,4809.120981,8770.243181,4809.120981
1,Deaths,,Sub-Saharan Africa,3,Both,17,60-64 years,302,Diarrheal diseases,183,Clostridium difficile,1,Number,2020,4776.526557,8965.474996,4776.526557
1,Deaths,,Sub-Saharan Africa,3,Both,17,60-64 years,302,Diarrheal diseases,183,Clostridium difficile,1,Number,2021,4931.52533,9145.214545,4931.52533
1,Deaths,,Sub-Saharan Africa,3,Both,18,65-69 years,302,Diarrheal diseases,183,Clostridium difficile,1,Number,1990,1821.397579,4496.042475,1821.397579
1,Deaths,,Sub-Saharan Africa,3,Both,18,65-69 years,302,Diarrheal diseases,183,Clostridium difficile,1,Number,1991,1784.358043,4586.428963,1784.358043
1,Deaths,,Sub-Saharan Africa,3,Both,18,65-69 years,302,Diarrheal diseases,183,Clostridium difficile,1,Number,1992,1848.601697,4546.352649,1848.601697
1,Deaths,,Sub-Saharan Africa,3,Both,18,65-69 years,302,Diarrheal diseases,183,Clostridium difficile,1,Number,1993,1917.30555,4611.307253,1917.30555
1,Deaths,,Sub-Saharan Africa,3,Both,18,65-69 years,302,Diarrheal diseases,183,Clostridium difficile,1,Number,1994,2154.481457,5049.549308,2154.481457
1,Deaths,,Sub-Saharan Africa,3,Both,18,65-69 years,302,Diarrheal diseases,183,Clostridium difficile,1,Number,1995,1967.141483,4709.339948,1967.141483
1,Deaths,,Sub-Saharan Africa,3,Both,18,65-69 years,302,Diarrheal diseases,183,Clostridium difficile,1,Number,1996,2016.76812,4881.7409,2016.76812
1,Deaths,,Sub-Saharan Africa,3,Both,18,65-69 years,302,Diarrheal diseases,183,Clostridium difficile,1,Number,1997,2182.599165,5057.691593,2182.599165
1,Deaths,,Sub-Saharan Africa,3,Both,18,65-69 years,302,Diarrheal diseases,183,Clostridium difficile,1,Number,1998,2290.692936,5175.523194,2290.692936
1,Deaths,,Sub-Saharan Africa,3,Both,18,65-69 years,302,Diarrheal diseases,183,Clostridium difficile,1,Number,1999,2357.242388,5176.747306,2357.242388
1,Deaths,,Sub-Saharan Africa,3,Both,18,65-69 years,302,Diarrheal diseases,183,Clostridium difficile,1,Number,2000,2340.252976,5355.222136,2340.252976
1,Deaths,,Sub-Saharan Africa,3,Both,18,65-69 years,302,Diarrheal diseases,183,Clostridium difficile,1,Number,2001,2433.929134,5397.210785,2433.929134
1,Deaths,,Sub-Saharan Africa,3,Both,18,65-69 years,302,Diarrheal diseases,183,Clostridium difficile,1,Number,2002,2570.967005,5521.738802,2570.967005
1,Deaths,,Sub-Saharan Africa,3,Both,18,65-69 years,302,Diarrheal diseases,183,Clostridium difficile,1,Number,2003,2700.991751,5692.28578,2700.991751
1,Deaths,,Sub-Saharan Africa,3,Both,18,65-69 years,302,Diarrheal diseases,183,Clostridium difficile,1,Number,2004,2739.233871,5748.45816,2739.233871
1,Deaths,,Sub-Saharan Africa,3,Both,18,65-69 years,302,Diarrheal diseases,183,Clostridium difficile,1,Number,2005,2863.853509,5790.392928,2863.853509
1,Deaths,,Sub-Saharan Africa,3,Both,18,65-69 years,302,Diarrheal diseases,183,Clostridium difficile,1,Number,2006,2916.273273,5866.945749,2916.273273
1,Deaths,,Sub-Saharan Africa,3,Both,18,65-69 years,302,Diarrheal diseases,183,Clostridium difficile,1,Number,2007,3018.8226,5971.721189,3018.8226
1,Deaths,,Sub-Saharan Africa,3,Both,18,65-69 years,302,Diarrheal diseases,183,Clostridium difficile,1,Number,2008,3137.067357,6171.855686,3137.067357
1,Deaths,,Sub-Saharan Africa,3,Both,18,65-69 years,302,Diarrheal diseases,183,Clostridium difficile,1,Number,2009,3323.204925,6354.194982,3323.204925
1,Deaths,,Sub-Saharan Africa,3,Both,18,65-69 years,302,Diarrheal diseases,183,Clostridium difficile,1,Number,2010,3437.550115,6579.894766,3437.550115
1,Deaths,,Sub-Saharan Africa,3,Both,18,65-69 years,302,Diarrheal diseases,183,Clostridium difficile,1,Number,2011,3551.719906,6848.745349,3551.719906
1,Deaths,,Sub-Saharan Africa,3,Both,18,65-69 years,302,Diarrheal diseases,183,Clostridium difficile,1,Number,2012,3610.918495,6964.755656,3610.918495
1,Deaths,,Sub-Saharan Africa,3,Both,18,65-69 years,302,Diarrheal diseases,183,Clostridium difficile,1,Number,2013,3678.333424,7139.051836,3678.333424
1,Deaths,,Sub-Saharan Africa,3,Both,18,65-69 years,302,Diarrheal diseases,183,Clostridium difficile,1,Number,2014,3944.502019,7493.670738,3944.502019
1,Deaths,,Sub-Saharan Africa,3,Both,18,65-69 years,302,Diarrheal diseases,183,Clostridium difficile,1,Number,2015,4330.867642,8225.178555,4330.867642
1,Deaths,,Sub-Saharan Africa,3,Both,18,65-69 years,302,Diarrheal diseases,183,Clostridium difficile,1,Number,2016,4673.632236,8721.786343,4673.632236
1,Deaths,,Sub-Saharan Africa,3,Both,18,65-69 years,302,Diarrheal diseases,183,Clostridium difficile,1,Number,2017,4941.848696,9156.798316,4941.848696
1,Deaths,,Sub-Saharan Africa,3,Both,18,65-69 years,302,Diarrheal diseases,183,Clostridium difficile,1,Number,2018,5228.662015,9503.605934,5228.662015
1,Deaths,,Sub-Saharan Africa,3,Both,18,65-69 years,302,Diarrheal diseases,183,Clostridium difficile,1,Number,2019,5559.469088,9922.809956,5559.469088
1,Deaths,,Sub-Saharan Africa,3,Both,18,65-69 years,302,Diarrheal diseases,183,Clostridium difficile,1,Number,2020,5639.569891,10267.37708,5639.569891
1,Deaths,,Sub-Saharan Africa,3,Both,18,65-69 years,302,Diarrheal diseases,183,Clostridium difficile,1,Number,2021,5582.797369,10587.35657,5582.797369
1,Deaths,,Sub-Saharan Africa,3,Both,19,70-74 years,302,Diarrheal diseases,183,Clostridium difficile,1,Number,1990,1758.976989,4632.963154,1758.976989
1,Deaths,,Sub-Saharan Africa,3,Both,19,70-74 years,302,Diarrheal diseases,183,Clostridium difficile,1,Number,1991,1789.319922,4709.380677,1789.319922
1,Deaths,,Sub-Saharan Africa,3,Both,19,70-74 years,302,Diarrheal diseases,183,Clostridium difficile,1,Number,1992,1874.405248,4648.090171,1874.405248
1,Deaths,,Sub-Saharan Africa,3,Both,19,70-74 years,302,Diarrheal diseases,183,Clostridium difficile,1,Number,1993,1891.95931,4751.845478,1891.95931
1,Deaths,,Sub-Saharan Africa,3,Both,19,70-74 years,302,Diarrheal diseases,183,Clostridium difficile,1,Number,1994,1909.704111,4856.473575,1909.704111
1,Deaths,,Sub-Saharan Africa,3,Both,19,70-74 years,302,Diarrheal diseases,183,Clostridium difficile,1,Number,1995,1908.408044,4737.542864,1908.408044
1,Deaths,,Sub-Saharan Africa,3,Both,19,70-74 years,302,Diarrheal diseases,183,Clostridium difficile,1,Number,1996,1937.528242,4830.299765,1937.528242
1,Deaths,,Sub-Saharan Africa,3,Both,19,70-74 years,302,Diarrheal diseases,183,Clostridium difficile,1,Number,1997,2006.926106,5026.17635,2006.926106
1,Deaths,,Sub-Saharan Africa,3,Both,19,70-74 years,302,Diarrheal diseases,183,Clostridium difficile,1,Number,1998,2104.732899,5107.805142,2104.732899
1,Deaths,,Sub-Saharan Africa,3,Both,19,70-74 years,302,Diarrheal diseases,183,Clostridium difficile,1,Number,1999,2177.121323,5141.708361,2177.121323
1,Deaths,,Sub-Saharan Africa,3,Both,19,70-74 years,302,Diarrheal diseases,183,Clostridium difficile,1,Number,2000,2229.586177,5391.507214,2229.586177
1,Deaths,,Sub-Saharan Africa,3,Both,19,70-74 years,302,Diarrheal diseases,183,Clostridium difficile,1,Number,2001,2394.588853,5458.101931,2394.588853
1,Deaths,,Sub-Saharan Africa,3,Both,19,70-74 years,302,Diarrheal diseases,183,Clostridium difficile,1,Number,2002,2497.155082,5606.933532,2497.155082
1,Deaths,,Sub-Saharan Africa,3,Both,19,70-74 years,302,Diarrheal diseases,183,Clostridium difficile,1,Number,2003,2604.683887,5805.765409,2604.683887
1,Deaths,,Sub-Saharan Africa,3,Both,19,70-74 years,302,Diarrheal diseases,183,Clostridium difficile,1,Number,2004,2662.732108,5764.678181,2662.732108
1,Deaths,,Sub-Saharan Africa,3,Both,19,70-74 years,302,Diarrheal diseases,183,Clostridium difficile,1,Number,2005,2733.754346,5704.448381,2733.754346
1,Deaths,,Sub-Saharan Africa,3,Both,19,70-74 years,302,Diarrheal diseases,183,Clostridium difficile,1,Number,2006,2793.981863,5701.276845,2793.981863
1,Deaths,,Sub-Saharan Africa,3,Both,19,70-74 years,302,Diarrheal diseases,183,Clostridium difficile,1,Number,2007,2848.477585,5828.735116,2848.477585
1,Deaths,,Sub-Saharan Africa,3,Both,19,70-74 years,302,Diarrheal diseases,183,Clostridium difficile,1,Number,2008,3047.795136,5929.621931,3047.795136
1,Deaths,,Sub-Saharan Africa,3,Both,19,70-74 years,302,Diarrheal diseases,183,Clostridium difficile,1,Number,2009,3156.142564,6197.431658,3156.142564
1,Deaths,,Sub-Saharan Africa,3,Both,19,70-74 years,302,Diarrheal diseases,183,Clostridium difficile,1,Number,2010,3376.442363,6439.932926,3376.442363
1,Deaths,,Sub-Saharan Africa,3,Both,19,70-74 years,302,Diarrheal diseases,183,Clostridium difficile,1,Number,2011,3374.849336,6743.638541,3374.849336
1,Deaths,,Sub-Saharan Africa,3,Both,19,70-74 years,302,Diarrheal diseases,183,Clostridium difficile,1,Number,2012,3561.299912,6855.221241,3561.299912
1,Deaths,,Sub-Saharan Africa,3,Both,19,70-74 years,302,Diarrheal diseases,183,Clostridium difficile,1,Number,2013,3617.59474,7001.06594,3617.59474
1,Deaths,,Sub-Saharan Africa,3,Both,19,70-74 years,302,Diarrheal diseases,183,Clostridium difficile,1,Number,2014,3857.06945,7358.77103,3857.06945
1,Deaths,,Sub-Saharan Africa,3,Both,19,70-74 years,302,Diarrheal diseases,183,Clostridium difficile,1,Number,2015,4189.9159,8023.997211,4189.9159
1,Deaths,,Sub-Saharan Africa,3,Both,19,70-74 years,302,Diarrheal diseases,183,Clostridium difficile,1,Number,2016,4451.291576,8310.130519,4451.291576
1,Deaths,,Sub-Saharan Africa,3,Both,19,70-74 years,302,Diarrheal diseases,183,Clostridium difficile,1,Number,2017,4495.313675,8654.08232,4495.313675
1,Deaths,,Sub-Saharan Africa,3,Both,19,70-74 years,302,Diarrheal diseases,183,Clostridium difficile,1,Number,2018,4817.132313,8680.136307,4817.132313
1,Deaths,,Sub-Saharan Africa,3,Both,19,70-74 years,302,Diarrheal diseases,183,Clostridium difficile,1,Number,2019,4860.717868,9035.969376,4860.717868
1,Deaths,,Sub-Saharan Africa,3,Both,19,70-74 years,302,Diarrheal diseases,183,Clostridium difficile,1,Number,2020,4797.178683,9070.30695,4797.178683
1,Deaths,,Sub-Saharan Africa,3,Both,19,70-74 years,302,Diarrheal diseases,183,Clostridium difficile,1,Number,2021,5119.769185,9161.587777,5119.769185
1,Deaths,,Sub-Saharan Africa,3,Both,20,75-79 years,302,Diarrheal diseases,183,Clostridium difficile,1,Number,1990,1567.462999,4080.319742,1567.462999
1,Deaths,,Sub-Saharan Africa,3,Both,20,75-79 years,302,Diarrheal diseases,183,Clostridium difficile,1,Number,1991,1599.434176,4160.535602,1599.434176
1,Deaths,,Sub-Saharan Africa,3,Both,20,75-79 years,302,Diarrheal diseases,183,Clostridium difficile,1,Number,1992,1657.393982,4217.025448,1657.393982
1,Deaths,,Sub-Saharan Africa,3,Both,20,75-79 years,302,Diarrheal diseases,183,Clostridium difficile,1,Number,1993,1754.22145,4319.864971,1754.22145
1,Deaths,,Sub-Saharan Africa,3,Both,20,75-79 years,302,Diarrheal diseases,183,Clostridium difficile,1,Number,1994,1833.852679,4480.706815,1833.852679
1,Deaths,,Sub-Saharan Africa,3,Both,20,75-79 years,302,Diarrheal diseases,183,Clostridium difficile,1,Number,1995,1725.36471,4551.096986,1725.36471
1,Deaths,,Sub-Saharan Africa,3,Both,20,75-79 years,302,Diarrheal diseases,183,Clostridium difficile,1,Number,1996,1862.505748,4645.421704,1862.505748
1,Deaths,,Sub-Saharan Africa,3,Both,20,75-79 years,302,Diarrheal diseases,183,Clostridium difficile,1,Number,1997,1955.526667,4841.285899,1955.526667
1,Deaths,,Sub-Saharan Africa,3,Both,20,75-79 years,302,Diarrheal diseases,183,Clostridium difficile,1,Number,1998,2022.280599,4926.713118,2022.280599
1,Deaths,,Sub-Saharan Africa,3,Both,20,75-79 years,302,Diarrheal diseases,183,Clostridium difficile,1,Number,1999,2042.026629,4914.231394,2042.026629
1,Deaths,,Sub-Saharan Africa,3,Both,20,75-79 years,302,Diarrheal diseases,183,Clostridium difficile,1,Number,2000,2175.504198,5063.167831,2175.504198
1,Deaths,,Sub-Saharan Africa,3,Both,20,75-79 years,302,Diarrheal diseases,183,Clostridium difficile,1,Number,2001,2190.327646,5142.705056,2190.327646
1,Deaths,,Sub-Saharan Africa,3,Both,20,75-79 years,302,Diarrheal diseases,183,Clostridium difficile,1,Number,2002,2371.11802,5266.579679,2371.11802
1,Deaths,,Sub-Saharan Africa,3,Both,20,75-79 years,302,Diarrheal diseases,183,Clostridium difficile,1,Number,2003,2459.336956,5399.811131,2459.336956
1,Deaths,,Sub-Saharan Africa,3,Both,20,75-79 years,302,Diarrheal diseases,183,Clostridium difficile,1,Number,2004,2532.887666,5423.258649,2532.887666
1,Deaths,,Sub-Saharan Africa,3,Both,20,75-79 years,302,Diarrheal diseases,183,Clostridium difficile,1,Number,2005,2637.148869,5420.468484,2637.148869
1,Deaths,,Sub-Saharan Africa,3,Both,20,75-79 years,302,Diarrheal diseases,183,Clostridium difficile,1,Number,2006,2719.182649,5555.889069,2719.182649
1,Deaths,,Sub-Saharan Africa,3,Both,20,75-79 years,302,Diarrheal diseases,183,Clostridium difficile,1,Number,2007,2819.537039,5572.161214,2819.537039
1,Deaths,,Sub-Saharan Africa,3,Both,20,75-79 years,302,Diarrheal diseases,183,Clostridium difficile,1,Number,2008,2967.073548,5861.569186,2967.073548
1,Deaths,,Sub-Saharan Africa,3,Both,20,75-79 years,302,Diarrheal diseases,183,Clostridium difficile,1,Number,2009,3098.573022,6082.821368,3098.573022
1,Deaths,,Sub-Saharan Africa,3,Both,20,75-79 years,302,Diarrheal diseases,183,Clostridium difficile,1,Number,2010,3272.537624,6301.755679,3272.537624
1,Deaths,,Sub-Saharan Africa,3,Both,20,75-79 years,302,Diarrheal diseases,183,Clostridium difficile,1,Number,2011,3276.25299,6520.776186,3276.25299
1,Deaths,,Sub-Saharan Africa,3,Both,20,75-79 years,302,Diarrheal diseases,183,Clostridium difficile,1,Number,2012,3425.727458,6724.148847,3425.727458
1,Deaths,,Sub-Saharan Africa,3,Both,20,75-79 years,302,Diarrheal diseases,183,Clostridium difficile,1,Number,2013,3482.466797,6875.061485,3482.466797
1,Deaths,,Sub-Saharan Africa,3,Both,20,75-79 years,302,Diarrheal diseases,183,Clostridium difficile,1,Number,2014,3802.278992,7074.17562,3802.278992
1,Deaths,,Sub-Saharan Africa,3,Both,20,75-79 years,302,Diarrheal diseases,183,Clostridium difficile,1,Number,2015,4175.101598,7965.810761,4175.101598
1,Deaths,,Sub-Saharan Africa,3,Both,20,75-79 years,302,Diarrheal diseases,183,Clostridium difficile,1,Number,2016,4424.17763,8206.109342,4424.17763
1,Deaths,,Sub-Saharan Africa,3,Both,20,75-79 years,302,Diarrheal diseases,183,Clostridium difficile,1,Number,2017,4647.576628,8496.023912,4647.576628
1,Deaths,,Sub-Saharan Africa,3,Both,20,75-79 years,302,Diarrheal diseases,183,Clostridium difficile,1,Number,2018,4868.455634,8737.183944,4868.455634
1,Deaths,,Sub-Saharan Africa,3,Both,20,75-79 years,302,Diarrheal diseases,183,Clostridium difficile,1,Number,2019,5018.604539,9111.883667,5018.604539
1,Deaths,,Sub-Saharan Africa,3,Both,20,75-79 years,302,Diarrheal diseases,183,Clostridium difficile,1,Number,2020,4948.574847,9011.769692,4948.574847
1,Deaths,,Sub-Saharan Africa,3,Both,20,75-79 years,302,Diarrheal diseases,183,Clostridium difficile,1,Number,2021,4967.37925,9021.010595,4967.37925
1,Deaths,,Sub-Saharan Africa,3,Both,30,80-84 years,302,Diarrheal diseases,183,Clostridium difficile,1,Number,1990,1071.558716,2970.491199,1071.558716
1,Deaths,,Sub-Saharan Africa,3,Both,30,80-84 years,302,Diarrheal diseases,183,Clostridium difficile,1,Number,1991,1110.448851,3009.661799,1110.448851
1,Deaths,,Sub-Saharan Africa,3,Both,30,80-84 years,302,Diarrheal diseases,183,Clostridium difficile,1,Number,1992,1188.479309,3008.070787,1188.479309
1,Deaths,,Sub-Saharan Africa,3,Both,30,80-84 years,302,Diarrheal diseases,183,Clostridium difficile,1,Number,1993,1152.836535,3072.211973,1152.836535
1,Deaths,,Sub-Saharan Africa,3,Both,30,80-84 years,302,Diarrheal diseases,183,Clostridium difficile,1,Number,1994,1180.26738,3165.67525,1180.26738
1,Deaths,,Sub-Saharan Africa,3,Both,30,80-84 years,302,Diarrheal diseases,183,Clostridium difficile,1,Number,1995,1271.607103,3239.787333,1271.607103
1,Deaths,,Sub-Saharan Africa,3,Both,30,80-84 years,302,Diarrheal diseases,183,Clostridium difficile,1,Number,1996,1337.431855,3353.689849,1337.431855
1,Deaths,,Sub-Saharan Africa,3,Both,30,80-84 years,302,Diarrheal diseases,183,Clostridium difficile,1,Number,1997,1421.082871,3553.343498,1421.082871
1,Deaths,,Sub-Saharan Africa,3,Both,30,80-84 years,302,Diarrheal diseases,183,Clostridium difficile,1,Number,1998,1503.46154,3688.607516,1503.46154
1,Deaths,,Sub-Saharan Africa,3,Both,30,80-84 years,302,Diarrheal diseases,183,Clostridium difficile,1,Number,1999,1529.376212,3808.927074,1529.376212
1,Deaths,,Sub-Saharan Africa,3,Both,30,80-84 years,302,Diarrheal diseases,183,Clostridium difficile,1,Number,2000,1678.049739,4017.787537,1678.049739
1,Deaths,,Sub-Saharan Africa,3,Both,30,80-84 years,302,Diarrheal diseases,183,Clostridium difficile,1,Number,2001,1812.682095,4167.875456,1812.682095
1,Deaths,,Sub-Saharan Africa,3,Both,30,80-84 years,302,Diarrheal diseases,183,Clostridium difficile,1,Number,2002,1931.232007,4320.367261,1931.232007
1,Deaths,,Sub-Saharan Africa,3,Both,30,80-84 years,302,Diarrheal diseases,183,Clostridium difficile,1,Number,2003,2029.736272,4450.552186,2029.736272
1,Deaths,,Sub-Saharan Africa,3,Both,30,80-84 years,302,Diarrheal diseases,183,Clostridium difficile,1,Number,2004,2110.436951,4405.073301,2110.436951
1,Deaths,,Sub-Saharan Africa,3,Both,30,80-84 years,302,Diarrheal diseases,183,Clostridium difficile,1,Number,2005,2143.565831,4341.372394,2143.565831
1,Deaths,,Sub-Saharan Africa,3,Both,30,80-84 years,302,Diarrheal diseases,183,Clostridium difficile,1,Number,2006,2210.768055,4421.930959,2210.768055
1,Deaths,,Sub-Saharan Africa,3,Both,30,80-84 years,302,Diarrheal diseases,183,Clostridium difficile,1,Number,2007,2247.126659,4470.240269,2247.126659
1,Deaths,,Sub-Saharan Africa,3,Both,30,80-84 years,302,Diarrheal diseases,183,Clostridium difficile,1,Number,2008,2421.98104,4689.746529,2421.98104
1,Deaths,,Sub-Saharan Africa,3,Both,30,80-84 years,302,Diarrheal diseases,183,Clostridium difficile,1,Number,2009,2550.097012,4893.241933,2550.097012
1,Deaths,,Sub-Saharan Africa,3,Both,30,80-84 years,302,Diarrheal diseases,183,Clostridium difficile,1,Number,2010,2735.550466,5157.236054,2735.550466
1,Deaths,,Sub-Saharan Africa,3,Both,30,80-84 years,302,Diarrheal diseases,183,Clostridium difficile,1,Number,2011,2771.182775,5250.107887,2771.182775
1,Deaths,,Sub-Saharan Africa,3,Both,30,80-84 years,302,Diarrheal diseases,183,Clostridium difficile,1,Number,2012,2850.117553,5486.799588,2850.117553
1,Deaths,,Sub-Saharan Africa,3,Both,30,80-84 years,302,Diarrheal diseases,183,Clostridium difficile,1,Number,2013,2841.41603,5703.233782,2841.41603
1,Deaths,,Sub-Saharan Africa,3,Both,30,80-84 years,302,Diarrheal diseases,183,Clostridium difficile,1,Number,2014,3104.925368,5938.076869,3104.925368
1,Deaths,,Sub-Saharan Africa,3,Both,30,80-84 years,302,Diarrheal diseases,183,Clostridium difficile,1,Number,2015,3489.676083,6549.08188,3489.676083
1,Deaths,,Sub-Saharan Africa,3,Both,30,80-84 years,302,Diarrheal diseases,183,Clostridium difficile,1,Number,2016,3647.076501,6795.263082,3647.076501
1,Deaths,,Sub-Saharan Africa,3,Both,30,80-84 years,302,Diarrheal diseases,183,Clostridium difficile,1,Number,2017,3804.241224,7058.374985,3804.241224
1,Deaths,,Sub-Saharan Africa,3,Both,30,80-84 years,302,Diarrheal diseases,183,Clostridium difficile,1,Number,2018,4056.409529,7236.020292,4056.409529
1,Deaths,,Sub-Saharan Africa,3,Both,30,80-84 years,302,Diarrheal diseases,183,Clostridium difficile,1,Number,2019,4228.723357,7553.27472,4228.723357
1,Deaths,,Sub-Saharan Africa,3,Both,30,80-84 years,302,Diarrheal diseases,183,Clostridium difficile,1,Number,2020,4227.450921,7455.707208,4227.450921
1,Deaths,,Sub-Saharan Africa,3,Both,30,80-84 years,302,Diarrheal diseases,183,Clostridium difficile,1,Number,2021,4161.260413,7438.278576,4161.260413
1,Deaths,,Sub-Saharan Africa,3,Both,31,85-89 years,302,Diarrheal diseases,183,Clostridium difficile,1,Number,1990,612.8336666,1687.048562,612.8336666
1,Deaths,,Sub-Saharan Africa,3,Both,31,85-89 years,302,Diarrheal diseases,183,Clostridium difficile,1,Number,1991,621.2206976,1758.316695,621.2206976
1,Deaths,,Sub-Saharan Africa,3,Both,31,85-89 years,302,Diarrheal diseases,183,Clostridium difficile,1,Number,1992,679.2786182,1751.493164,679.2786182
1,Deaths,,Sub-Saharan Africa,3,Both,31,85-89 years,302,Diarrheal diseases,183,Clostridium difficile,1,Number,1993,625.8420805,1791.322096,625.8420805
1,Deaths,,Sub-Saharan Africa,3,Both,31,85-89 years,302,Diarrheal diseases,183,Clostridium difficile,1,Number,1994,650.7111912,1813.352804,650.7111912
1,Deaths,,Sub-Saharan Africa,3,Both,31,85-89 years,302,Diarrheal diseases,183,Clostridium difficile,1,Number,1995,661.8856532,1862.250514,661.8856532
1,Deaths,,Sub-Saharan Africa,3,Both,31,85-89 years,302,Diarrheal diseases,183,Clostridium difficile,1,Number,1996,719.2362388,1907.102107,719.2362388
1,Deaths,,Sub-Saharan Africa,3,Both,31,85-89 years,302,Diarrheal diseases,183,Clostridium difficile,1,Number,1997,758.3054465,2020.131631,758.3054465
1,Deaths,,Sub-Saharan Africa,3,Both,31,85-89 years,302,Diarrheal diseases,183,Clostridium difficile,1,Number,1998,804.0002061,2091.778227,804.0002061
1,Deaths,,Sub-Saharan Africa,3,Both,31,85-89 years,302,Diarrheal diseases,183,Clostridium difficile,1,Number,1999,825.1600284,2130.41571,825.1600284
1,Deaths,,Sub-Saharan Africa,3,Both,31,85-89 years,302,Diarrheal diseases,183,Clostridium difficile,1,Number,2000,903.8624941,2234.578804,903.8624941
1,Deaths,,Sub-Saharan Africa,3,Both,31,85-89 years,302,Diarrheal diseases,183,Clostridium difficile,1,Number,2001,933.2519886,2345.802699,933.2519886
1,Deaths,,Sub-Saharan Africa,3,Both,31,85-89 years,302,Diarrheal diseases,183,Clostridium difficile,1,Number,2002,1021.967689,2416.530081,1021.967689
1,Deaths,,Sub-Saharan Africa,3,Both,31,85-89 years,302,Diarrheal diseases,183,Clostridium difficile,1,Number,2003,1125.060526,2507.020807,1125.060526
1,Deaths,,Sub-Saharan Africa,3,Both,31,85-89 years,302,Diarrheal diseases,183,Clostridium difficile,1,Number,2004,1175.490601,2575.537919,1175.490601
1,Deaths,,Sub-Saharan Africa,3,Both,31,85-89 years,302,Diarrheal diseases,183,Clostridium difficile,1,Number,2005,1225.379338,2588.503325,1225.379338
1,Deaths,,Sub-Saharan Africa,3,Both,31,85-89 years,302,Diarrheal diseases,183,Clostridium difficile,1,Number,2006,1337.882652,2672.519926,1337.882652
1,Deaths,,Sub-Saharan Africa,3,Both,31,85-89 years,302,Diarrheal diseases,183,Clostridium difficile,1,Number,2007,1371.94648,2712.105031,1371.94648
1,Deaths,,Sub-Saharan Africa,3,Both,31,85-89 years,302,Diarrheal diseases,183,Clostridium difficile,1,Number,2008,1482.05095,2850.195425,1482.05095
1,Deaths,,Sub-Saharan Africa,3,Both,31,85-89 years,302,Diarrheal diseases,183,Clostridium difficile,1,Number,2009,1531.681689,2959.415753,1531.681689
1,Deaths,,Sub-Saharan Africa,3,Both,31,85-89 years,302,Diarrheal diseases,183,Clostridium difficile,1,Number,2010,1623.503393,3114.593454,1623.503393
1,Deaths,,Sub-Saharan Africa,3,Both,31,85-89 years,302,Diarrheal diseases,183,Clostridium difficile,1,Number,2011,1600.734625,3129.782833,1600.734625
1,Deaths,,Sub-Saharan Africa,3,Both,31,85-89 years,302,Diarrheal diseases,183,Clostridium difficile,1,Number,2012,1658.538106,3262.054081,1658.538106
1,Deaths,,Sub-Saharan Africa,3,Both,31,85-89 years,302,Diarrheal diseases,183,Clostridium difficile,1,Number,2013,1725.52183,3319.10829,1725.52183
1,Deaths,,Sub-Saharan Africa,3,Both,31,85-89 years,302,Diarrheal diseases,183,Clostridium difficile,1,Number,2014,1853.90243,3577.731987,1853.90243
1,Deaths,,Sub-Saharan Africa,3,Both,31,85-89 years,302,Diarrheal diseases,183,Clostridium difficile,1,Number,2015,2056.540158,3997.144147,2056.540158
1,Deaths,,Sub-Saharan Africa,3,Both,31,85-89 years,302,Diarrheal diseases,183,Clostridium difficile,1,Number,2016,2214.757742,4182.793882,2214.757742
1,Deaths,,Sub-Saharan Africa,3,Both,31,85-89 years,302,Diarrheal diseases,183,Clostridium difficile,1,Number,2017,2381.825954,4328.706648,2381.825954
1,Deaths,,Sub-Saharan Africa,3,Both,31,85-89 years,302,Diarrheal diseases,183,Clostridium difficile,1,Number,2018,2512.330058,4513.739143,2512.330058
1,Deaths,,Sub-Saharan Africa,3,Both,31,85-89 years,302,Diarrheal diseases,183,Clostridium difficile,1,Number,2019,2607.205533,4742.914998,2607.205533
1,Deaths,,Sub-Saharan Africa,3,Both,31,85-89 years,302,Diarrheal diseases,183,Clostridium difficile,1,Number,2020,2647.958928,4621.321324,2647.958928
1,Deaths,,Sub-Saharan Africa,3,Both,31,85-89 years,302,Diarrheal diseases,183,Clostridium difficile,1,Number,2021,2511.736481,4567.078909,2511.736481
1,Deaths,,Sub-Saharan Africa,3,Both,32,90-94 years,302,Diarrheal diseases,183,Clostridium difficile,1,Number,1990,250.8960924,721.3899243,250.8960924
1,Deaths,,Sub-Saharan Africa,3,Both,32,90-94 years,302,Diarrheal diseases,183,Clostridium difficile,1,Number,1991,261.1625139,750.8524897,261.1625139
1,Deaths,,Sub-Saharan Africa,3,Both,32,90-94 years,302,Diarrheal diseases,183,Clostridium difficile,1,Number,1992,287.0909505,758.3086319,287.0909505
1,Deaths,,Sub-Saharan Africa,3,Both,32,90-94 years,302,Diarrheal diseases,183,Clostridium difficile,1,Number,1993,260.320653,785.7074958,260.320653
1,Deaths,,Sub-Saharan Africa,3,Both,32,90-94 years,302,Diarrheal diseases,183,Clostridium difficile,1,Number,1994,272.8818332,796.8198883,272.8818332
1,Deaths,,Sub-Saharan Africa,3,Both,32,90-94 years,302,Diarrheal diseases,183,Clostridium difficile,1,Number,1995,281.1014605,817.8081539,281.1014605
1,Deaths,,Sub-Saharan Africa,3,Both,32,90-94 years,302,Diarrheal diseases,183,Clostridium difficile,1,Number,1996,302.4612376,851.9682637,302.4612376
1,Deaths,,Sub-Saharan Africa,3,Both,32,90-94 years,302,Diarrheal diseases,183,Clostridium difficile,1,Number,1997,332.1201756,887.9717793,332.1201756
1,Deaths,,Sub-Saharan Africa,3,Both,32,90-94 years,302,Diarrheal diseases,183,Clostridium difficile,1,Number,1998,339.8770697,922.2284207,339.8770697
1,Deaths,,Sub-Saharan Africa,3,Both,32,90-94 years,302,Diarrheal diseases,183,Clostridium difficile,1,Number,1999,354.0495382,918.8535378,354.0495382
1,Deaths,,Sub-Saharan Africa,3,Both,32,90-94 years,302,Diarrheal diseases,183,Clostridium difficile,1,Number,2000,367.5961976,969.787438,367.5961976
1,Deaths,,Sub-Saharan Africa,3,Both,32,90-94 years,302,Diarrheal diseases,183,Clostridium difficile,1,Number,2001,395.6969685,1004.264838,395.6969685
1,Deaths,,Sub-Saharan Africa,3,Both,32,90-94 years,302,Diarrheal diseases,183,Clostridium difficile,1,Number,2002,416.9067114,1020.236146,416.9067114
1,Deaths,,Sub-Saharan Africa,3,Both,32,90-94 years,302,Diarrheal diseases,183,Clostridium difficile,1,Number,2003,444.4037066,1052.667188,444.4037066
1,Deaths,,Sub-Saharan Africa,3,Both,32,90-94 years,302,Diarrheal diseases,183,Clostridium difficile,1,Number,2004,472.4154907,1046.282357,472.4154907
1,Deaths,,Sub-Saharan Africa,3,Both,32,90-94 years,302,Diarrheal diseases,183,Clostridium difficile,1,Number,2005,466.1790185,1040.117116,466.1790185
1,Deaths,,Sub-Saharan Africa,3,Both,32,90-94 years,302,Diarrheal diseases,183,Clostridium difficile,1,Number,2006,502.9830547,1042.227055,502.9830547
1,Deaths,,Sub-Saharan Africa,3,Both,32,90-94 years,302,Diarrheal diseases,183,Clostridium difficile,1,Number,2007,521.4088565,1073.886987,521.4088565
1,Deaths,,Sub-Saharan Africa,3,Both,32,90-94 years,302,Diarrheal diseases,183,Clostridium difficile,1,Number,2008,572.3359228,1152.760437,572.3359228
1,Deaths,,Sub-Saharan Africa,3,Both,32,90-94 years,302,Diarrheal diseases,183,Clostridium difficile,1,Number,2009,621.8907496,1230.872476,621.8907496
1,Deaths,,Sub-Saharan Africa,3,Both,32,90-94 years,302,Diarrheal diseases,183,Clostridium difficile,1,Number,2010,676.127119,1338.427338,676.127119
1,Deaths,,Sub-Saharan Africa,3,Both,32,90-94 years,302,Diarrheal diseases,183,Clostridium difficile,1,Number,2011,685.1548763,1376.97026,685.1548763
1,Deaths,,Sub-Saharan Africa,3,Both,32,90-94 years,302,Diarrheal diseases,183,Clostridium difficile,1,Number,2012,707.8660036,1453.495855,707.8660036
1,Deaths,,Sub-Saharan Africa,3,Both,32,90-94 years,302,Diarrheal diseases,183,Clostridium difficile,1,Number,2013,748.3144388,1477.240742,748.3144388
1,Deaths,,Sub-Saharan Africa,3,Both,32,90-94 years,302,Diarrheal diseases,183,Clostridium difficile,1,Number,2014,807.7112507,1594.870402,807.7112507
1,Deaths,,Sub-Saharan Africa,3,Both,32,90-94 years,302,Diarrheal diseases,183,Clostridium difficile,1,Number,2015,911.2343033,1763.891635,911.2343033
1,Deaths,,Sub-Saharan Africa,3,Both,32,90-94 years,302,Diarrheal diseases,183,Clostridium difficile,1,Number,2016,952.8122496,1886.168494,952.8122496
1,Deaths,,Sub-Saharan Africa,3,Both,32,90-94 years,302,Diarrheal diseases,183,Clostridium difficile,1,Number,2017,1032.259879,1962.42512,1032.259879
1,Deaths,,Sub-Saharan Africa,3,Both,32,90-94 years,302,Diarrheal diseases,183,Clostridium difficile,1,Number,2018,1085.291553,2063.453823,1085.291553
1,Deaths,,Sub-Saharan Africa,3,Both,32,90-94 years,302,Diarrheal diseases,183,Clostridium difficile,1,Number,2019,1178.954276,2153.472847,1178.954276
1,Deaths,,Sub-Saharan Africa,3,Both,32,90-94 years,302,Diarrheal diseases,183,Clostridium difficile,1,Number,2020,1134.856371,2139.821718,1134.856371
1,Deaths,,Sub-Saharan Africa,3,Both,32,90-94 years,302,Diarrheal diseases,183,Clostridium difficile,1,Number,2021,1066.922551,2021.485554,1066.922551
1,Deaths,,Sub-Saharan Africa,3,Both,235,95+ years,302,Diarrheal diseases,183,Clostridium difficile,1,Number,1990,70.38690047,220.2118244,70.38690047
1,Deaths,,Sub-Saharan Africa,3,Both,235,95+ years,302,Diarrheal diseases,183,Clostridium difficile,1,Number,1991,75.26224113,227.1319613,75.26224113
1,Deaths,,Sub-Saharan Africa,3,Both,235,95+ years,302,Diarrheal diseases,183,Clostridium difficile,1,Number,1992,80.49827951,232.2835843,80.49827951
1,Deaths,,Sub-Saharan Africa,3,Both,235,95+ years,302,Diarrheal diseases,183,Clostridium difficile,1,Number,1993,83.7969616,241.7585469,83.7969616
1,Deaths,,Sub-Saharan Africa,3,Both,235,95+ years,302,Diarrheal diseases,183,Clostridium difficile,1,Number,1994,87.95002963,244.0314249,87.95002963
1,Deaths,,Sub-Saharan Africa,3,Both,235,95+ years,302,Diarrheal diseases,183,Clostridium difficile,1,Number,1995,73.64409439,252.807632,73.64409439
1,Deaths,,Sub-Saharan Africa,3,Both,235,95+ years,302,Diarrheal diseases,183,Clostridium difficile,1,Number,1996,98.60150048,259.4368826,98.60150048
1,Deaths,,Sub-Saharan Africa,3,Both,235,95+ years,302,Diarrheal diseases,183,Clostridium difficile,1,Number,1997,89.58175699,275.3862285,89.58175699
1,Deaths,,Sub-Saharan Africa,3,Both,235,95+ years,302,Diarrheal diseases,183,Clostridium difficile,1,Number,1998,98.21784468,286.4969565,98.21784468
1,Deaths,,Sub-Saharan Africa,3,Both,235,95+ years,302,Diarrheal diseases,183,Clostridium difficile,1,Number,1999,102.2582517,291.4973721,102.2582517
1,Deaths,,Sub-Saharan Africa,3,Both,235,95+ years,302,Diarrheal diseases,183,Clostridium difficile,1,Number,2000,107.7781418,312.5688679,107.7781418
1,Deaths,,Sub-Saharan Africa,3,Both,235,95+ years,302,Diarrheal diseases,183,Clostridium difficile,1,Number,2001,120.4449611,324.9758939,120.4449611
1,Deaths,,Sub-Saharan Africa,3,Both,235,95+ years,302,Diarrheal diseases,183,Clostridium difficile,1,Number,2002,126.6997535,328.4322885,126.6997535
1,Deaths,,Sub-Saharan Africa,3,Both,235,95+ years,302,Diarrheal diseases,183,Clostridium difficile,1,Number,2003,134.0011158,333.4898422,134.0011158
1,Deaths,,Sub-Saharan Africa,3,Both,235,95+ years,302,Diarrheal diseases,183,Clostridium difficile,1,Number,2004,134.8463389,335.087071,134.8463389
1,Deaths,,Sub-Saharan Africa,3,Both,235,95+ years,302,Diarrheal diseases,183,Clostridium difficile,1,Number,2005,136.7980935,319.3998556,136.7980935
1,Deaths,,Sub-Saharan Africa,3,Both,235,95+ years,302,Diarrheal diseases,183,Clostridium difficile,1,Number,2006,142.777505,325.9798266,142.777505
1,Deaths,,Sub-Saharan Africa,3,Both,235,95+ years,302,Diarrheal diseases,183,Clostridium difficile,1,Number,2007,149.5827732,325.4689376,149.5827732
1,Deaths,,Sub-Saharan Africa,3,Both,235,95+ years,302,Diarrheal diseases,183,Clostridium difficile,1,Number,2008,160.273681,346.0997861,160.273681
1,Deaths,,Sub-Saharan Africa,3,Both,235,95+ years,302,Diarrheal diseases,183,Clostridium difficile,1,Number,2009,167.218919,368.0639457,167.218919
1,Deaths,,Sub-Saharan Africa,3,Both,235,95+ years,302,Diarrheal diseases,183,Clostridium difficile,1,Number,2010,181.8208924,391.9565752,181.8208924
1,Deaths,,Sub-Saharan Africa,3,Both,235,95+ years,302,Diarrheal diseases,183,Clostridium difficile,1,Number,2011,179.6533918,403.5196683,179.6533918
1,Deaths,,Sub-Saharan Africa,3,Both,235,95+ years,302,Diarrheal diseases,183,Clostridium difficile,1,Number,2012,192.6139129,438.8747533,192.6139129
1,Deaths,,Sub-Saharan Africa,3,Both,235,95+ years,302,Diarrheal diseases,183,Clostridium difficile,1,Number,2013,204.9178451,461.0188639,204.9178451
1,Deaths,,Sub-Saharan Africa,3,Both,235,95+ years,302,Diarrheal diseases,183,Clostridium difficile,1,Number,2014,234.2745855,504.7458352,234.2745855
1,Deaths,,Sub-Saharan Africa,3,Both,235,95+ years,302,Diarrheal diseases,183,Clostridium difficile,1,Number,2015,269.5174481,575.0717213,269.5174481
1,Deaths,,Sub-Saharan Africa,3,Both,235,95+ years,302,Diarrheal diseases,183,Clostridium difficile,1,Number,2016,296.1960828,618.0910448,296.1960828
1,Deaths,,Sub-Saharan Africa,3,Both,235,95+ years,302,Diarrheal diseases,183,Clostridium difficile,1,Number,2017,321.9350897,652.4099691,321.9350897
1,Deaths,,Sub-Saharan Africa,3,Both,235,95+ years,302,Diarrheal diseases,183,Clostridium difficile,1,Number,2018,342.4496219,687.0361179,342.4496219
1,Deaths,,Sub-Saharan Africa,3,Both,235,95+ years,302,Diarrheal diseases,183,Clostridium difficile,1,Number,2019,360.4000295,728.9823323,360.4000295
1,Deaths,,Sub-Saharan Africa,3,Both,235,95+ years,302,Diarrheal diseases,183,Clostridium difficile,1,Number,2020,331.7892183,706.6574476,331.7892183
1,Deaths,,Sub-Saharan Africa,3,Both,235,95+ years,302,Diarrheal diseases,183,Clostridium difficile,1,Number,2021,285.4632714,611.686904,285.4632714
1,Deaths,,Sub-Saharan Africa,3,Both,1,<5 years,302,Diarrheal diseases,183,Clostridium difficile,1,Number,1990,25477.20869,73780.34698,25477.20869
1,Deaths,,Sub-Saharan Africa,3,Both,1,<5 years,302,Diarrheal diseases,183,Clostridium difficile,1,Number,1991,25385.72277,73755.24497,25385.72277
1,Deaths,,Sub-Saharan Africa,3,Both,1,<5 years,302,Diarrheal diseases,183,Clostridium difficile,1,Number,1992,21681.14963,70765.90782,21681.14963
1,Deaths,,Sub-Saharan Africa,3,Both,1,<5 years,302,Diarrheal diseases,183,Clostridium difficile,1,Number,1993,21819.31502,71232.13066,21819.31502
1,Deaths,,Sub-Saharan Africa,3,Both,1,<5 years,302,Diarrheal diseases,183,Clostridium difficile,1,Number,1994,22631.40029,70127.39731,22631.40029
1,Deaths,,Sub-Saharan Africa,3,Both,1,<5 years,302,Diarrheal diseases,183,Clostridium difficile,1,Number,1995,23555.52348,69305.68386,23555.52348
1,Deaths,,Sub-Saharan Africa,3,Both,1,<5 years,302,Diarrheal diseases,183,Clostridium difficile,1,Number,1996,23620.19162,70920.23278,23620.19162
1,Deaths,,Sub-Saharan Africa,3,Both,1,<5 years,302,Diarrheal diseases,183,Clostridium difficile,1,Number,1997,23163.49721,71130.05153,23163.49721
1,Deaths,,Sub-Saharan Africa,3,Both,1,<5 years,302,Diarrheal diseases,183,Clostridium difficile,1,Number,1998,24891.39834,70080.37188,24891.39834
1,Deaths,,Sub-Saharan Africa,3,Both,1,<5 years,302,Diarrheal diseases,183,Clostridium difficile,1,Number,1999,23951.9831,70265.06347,23951.9831
1,Deaths,,Sub-Saharan Africa,3,Both,1,<5 years,302,Diarrheal diseases,183,Clostridium difficile,1,Number,2000,25284.10889,73260.1523,25284.10889
1,Deaths,,Sub-Saharan Africa,3,Both,1,<5 years,302,Diarrheal diseases,183,Clostridium difficile,1,Number,2001,26490.28344,73209.45561,26490.28344
1,Deaths,,Sub-Saharan Africa,3,Both,1,<5 years,302,Diarrheal diseases,183,Clostridium difficile,1,Number,2002,27477.07136,74950.21736,27477.07136
1,Deaths,,Sub-Saharan Africa,3,Both,1,<5 years,302,Diarrheal diseases,183,Clostridium difficile,1,Number,2003,28446.81934,76389.80965,28446.81934
1,Deaths,,Sub-Saharan Africa,3,Both,1,<5 years,302,Diarrheal diseases,183,Clostridium difficile,1,Number,2004,28603.18592,75082.12398,28603.18592
1,Deaths,,Sub-Saharan Africa,3,Both,1,<5 years,302,Diarrheal diseases,183,Clostridium difficile,1,Number,2005,27792.35532,71513.57478,27792.35532
1,Deaths,,Sub-Saharan Africa,3,Both,1,<5 years,302,Diarrheal diseases,183,Clostridium difficile,1,Number,2006,29167.39476,69516.05915,29167.39476
1,Deaths,,Sub-Saharan Africa,3,Both,1,<5 years,302,Diarrheal diseases,183,Clostridium difficile,1,Number,2007,29329.95118,69966.44623,29329.95118
1,Deaths,,Sub-Saharan Africa,3,Both,1,<5 years,302,Diarrheal diseases,183,Clostridium difficile,1,Number,2008,28991.1677,70403.34155,28991.1677
1,Deaths,,Sub-Saharan Africa,3,Both,1,<5 years,302,Diarrheal diseases,183,Clostridium difficile,1,Number,2009,30013.61378,72678.76076,30013.61378
1,Deaths,,Sub-Saharan Africa,3,Both,1,<5 years,302,Diarrheal diseases,183,Clostridium difficile,1,Number,2010,31924.67505,72801.41002,31924.67505
1,Deaths,,Sub-Saharan Africa,3,Both,1,<5 years,302,Diarrheal diseases,183,Clostridium difficile,1,Number,2011,33461.06534,76154.27462,33461.06534
1,Deaths,,Sub-Saharan Africa,3,Both,1,<5 years,302,Diarrheal diseases,183,Clostridium difficile,1,Number,2012,35663.29164,76105.18293,35663.29164
1,Deaths,,Sub-Saharan Africa,3,Both,1,<5 years,302,Diarrheal diseases,183,Clostridium difficile,1,Number,2013,35391.81579,75854.70591,35391.81579
1,Deaths,,Sub-Saharan Africa,3,Both,1,<5 years,302,Diarrheal diseases,183,Clostridium difficile,1,Number,2014,36714.01382,78254.35523,36714.01382
1,Deaths,,Sub-Saharan Africa,3,Both,1,<5 years,302,Diarrheal diseases,183,Clostridium difficile,1,Number,2015,41307.42569,84266.10464,41307.42569
1,Deaths,,Sub-Saharan Africa,3,Both,1,<5 years,302,Diarrheal diseases,183,Clostridium difficile,1,Number,2016,40512.08625,87239.78185,40512.08625
1,Deaths,,Sub-Saharan Africa,3,Both,1,<5 years,302,Diarrheal diseases,183,Clostridium difficile,1,Number,2017,42563.88169,85517.8664,42563.88169
1,Deaths,,Sub-Saharan Africa,3,Both,1,<5 years,302,Diarrheal diseases,183,Clostridium difficile,1,Number,2018,38746.02009,85772.62297,38746.02009
1,Deaths,,Sub-Saharan Africa,3,Both,1,<5 years,302,Diarrheal diseases,183,Clostridium difficile,1,Number,2019,39176.24358,82837.87912,39176.24358
1,Deaths,,Sub-Saharan Africa,3,Both,1,<5 years,302,Diarrheal diseases,183,Clostridium difficile,1,Number,2020,36138.82892,78674.37517,36138.82892
1,Deaths,,Sub-Saharan Africa,3,Both,1,<5 years,302,Diarrheal diseases,183,Clostridium difficile,1,Number,2021,33706.95854,77685.06035,33706.95854
