measure_id,measure_name,location_id,location_name,sex_id,sex_name,age_id,age_name,cause_id,cause_name,rei_id,rei_name,metric_id,metric_name,year,val,upper,lower
1,Deaths,,"Central Europe, Eastern Europe, and Central Asia",3,Both,7,10-14 years,302,Diarrheal diseases,183,Clostridium difficile,1,Number,1990,41.83739838,41.83739838,18.26188517
1,Deaths,,"Central Europe, Eastern Europe, and Central Asia",3,Both,7,10-14 years,302,Diarrheal diseases,183,Clostridium difficile,1,Number,1991,42.45801973,42.45801973,19.06360969
1,Deaths,,"Central Europe, Eastern Europe, and Central Asia",3,Both,7,10-14 years,302,Diarrheal diseases,183,Clostridium difficile,1,Number,1992,44.27958638,44.27958638,20.91549074
1,Deaths,,"Central Europe, Eastern Europe, and Central Asia",3,Both,7,10-14 years,302,Diarrheal diseases,183,Clostridium difficile,1,Number,1993,48.74714883,48.74714883,21.25521319
1,Deaths,,"Central Europe, Eastern Europe, and Central Asia",3,Both,7,10-14 years,302,Diarrheal diseases,183,Clostridium difficile,1,Number,1994,46.30249672,46.30249672,21.23425529
1,Deaths,,"Central Europe, Eastern Europe, and Central Asia",3,Both,7,10-14 years,302,Diarrheal diseases,183,Clostridium difficile,1,Number,1995,47.69815945,47.69815945,22.60136965
1,Deaths,,"Central Europe, Eastern Europe, and Central Asia",3,Both,7,10-14 years,302,Diarrheal diseases,183,Clostridium difficile,1,Number,1996,45.4385255,45.4385255,21.15277699
1,Deaths,,"Central Europe, Eastern Europe, and Central Asia",3,Both,7,10-14 years,302,Diarrheal diseases,183,Clostridium difficile,1,Number,1997,45.00998924,45.00998924,20.74951287
1,Deaths,,"Central Europe, Eastern Europe, and Central Asia",3,Both,7,10-14 years,302,Diarrheal diseases,183,Clostridium difficile,1,Number,1998,44.43141689,44.43141689,20.23287668
1,Deaths,,"Central Europe, Eastern Europe, and Central Asia",3,Both,7,10-14 years,302,Diarrheal diseases,183,Clostridium difficile,1,Number,1999,46.05720337,46.05720337,21.33127533
1,Deaths,,"Central Europe, Eastern Europe, and Central Asia",3,Both,7,10-14 years,302,Diarrheal diseases,183,Clostridium difficile,1,Number,2000,43.63840628,43.63840628,19.9307142
1,Deaths,,"Central Europe, Eastern Europe, and Central Asia",3,Both,7,10-14 years,302,Diarrheal diseases,183,Clostridium difficile,1,Number,2001,41.68744967,41.68744967,19.20454527
1,Deaths,,"Central Europe, Eastern Europe, and Central Asia",3,Both,7,10-14 years,302,Diarrheal diseases,183,Clostridium difficile,1,Number,2002,38.66910228,38.66910228,18.32882653
1,Deaths,,"Central Europe, Eastern Europe, and Central Asia",3,Both,7,10-14 years,302,Diarrheal diseases,183,Clostridium difficile,1,Number,2003,35.70704626,35.70704626,16.77594202
1,Deaths,,"Central Europe, Eastern Europe, and Central Asia",3,Both,7,10-14 years,302,Diarrheal diseases,183,Clostridium difficile,1,Number,2004,34.28757716,34.28757716,16.40731638
1,Deaths,,"Central Europe, Eastern Europe, and Central Asia",3,Both,7,10-14 years,302,Diarrheal diseases,183,Clostridium difficile,1,Number,2005,32.03619156,32.03619156,15.16924517
1,Deaths,,"Central Europe, Eastern Europe, and Central Asia",3,Both,7,10-14 years,302,Diarrheal diseases,183,Clostridium difficile,1,Number,2006,29.1379437,29.1379437,14.00401034
1,Deaths,,"Central Europe, Eastern Europe, and Central Asia",3,Both,7,10-14 years,302,Diarrheal diseases,183,Clostridium difficile,1,Number,2007,27.38747359,27.38747359,13.52734179
1,Deaths,,"Central Europe, Eastern Europe, and Central Asia",3,Both,7,10-14 years,302,Diarrheal diseases,183,Clostridium difficile,1,Number,2008,25.88911815,25.88911815,12.42539922
1,Deaths,,"Central Europe, Eastern Europe, and Central Asia",3,Both,7,10-14 years,302,Diarrheal diseases,183,Clostridium difficile,1,Number,2009,25.42226707,25.42226707,12.20769523
1,Deaths,,"Central Europe, Eastern Europe, and Central Asia",3,Both,7,10-14 years,302,Diarrheal diseases,183,Clostridium difficile,1,Number,2010,24.78852861,24.78852861,12.22537265
1,Deaths,,"Central Europe, Eastern Europe, and Central Asia",3,Both,7,10-14 years,302,Diarrheal diseases,183,Clostridium difficile,1,Number,2011,24.53002685,24.53002685,11.87900005
1,Deaths,,"Central Europe, Eastern Europe, and Central Asia",3,Both,7,10-14 years,302,Diarrheal diseases,183,Clostridium difficile,1,Number,2012,23.92815653,23.92815653,11.77169972
1,Deaths,,"Central Europe, Eastern Europe, and Central Asia",3,Both,7,10-14 years,302,Diarrheal diseases,183,Clostridium difficile,1,Number,2013,24.36401269,24.36401269,11.93299935
1,Deaths,,"Central Europe, Eastern Europe, and Central Asia",3,Both,7,10-14 years,302,Diarrheal diseases,183,Clostridium difficile,1,Number,2014,24.7835806,24.7835806,12.86051763
1,Deaths,,"Central Europe, Eastern Europe, and Central Asia",3,Both,7,10-14 years,302,Diarrheal diseases,183,Clostridium difficile,1,Number,2015,25.01904576,25.01904576,13.26139576
1,Deaths,,"Central Europe, Eastern Europe, and Central Asia",3,Both,7,10-14 years,302,Diarrheal diseases,183,Clostridium difficile,1,Number,2016,24.27257202,24.27257202,12.7127824
1,Deaths,,"Central Europe, Eastern Europe, and Central Asia",3,Both,7,10-14 years,302,Diarrheal diseases,183,Clostridium difficile,1,Number,2017,24.14019398,24.14019398,12.64177215
1,Deaths,,"Central Europe, Eastern Europe, and Central Asia",3,Both,7,10-14 years,302,Diarrheal diseases,183,Clostridium difficile,1,Number,2018,24.15178844,24.15178844,12.63215122
1,Deaths,,"Central Europe, Eastern Europe, and Central Asia",3,Both,7,10-14 years,302,Diarrheal diseases,183,Clostridium difficile,1,Number,2019,24.73336732,24.73336732,12.78888116
1,Deaths,,"Central Europe, Eastern Europe, and Central Asia",3,Both,7,10-14 years,302,Diarrheal diseases,183,Clostridium difficile,1,Number,2020,23.99449813,23.99449813,12.76104725
1,Deaths,,"Central Europe, Eastern Europe, and Central Asia",3,Both,7,10-14 years,302,Diarrheal diseases,183,Clostridium difficile,1,Number,2021,21.72175512,21.72175512,11.52446673
1,Deaths,,"Central Europe, Eastern Europe, and Central Asia",3,Both,8,15-19 years,302,Diarrheal diseases,183,Clostridium difficile,1,Number,1990,53.49878065,53.49878065,23.11330134
1,Deaths,,"Central Europe, Eastern Europe, and Central Asia",3,Both,8,15-19 years,302,Diarrheal diseases,183,Clostridium difficile,1,Number,1991,67.550668,67.550668,28.6782171
1,Deaths,,"Central Europe, Eastern Europe, and Central Asia",3,Both,8,15-19 years,302,Diarrheal diseases,183,Clostridium difficile,1,Number,1992,93.44721535,93.44721535,33.95963286
1,Deaths,,"Central Europe, Eastern Europe, and Central Asia",3,Both,8,15-19 years,302,Diarrheal diseases,183,Clostridium difficile,1,Number,1993,135.3794127,135.3794127,33.14743884
1,Deaths,,"Central Europe, Eastern Europe, and Central Asia",3,Both,8,15-19 years,302,Diarrheal diseases,183,Clostridium difficile,1,Number,1994,76.18394054,76.18394054,31.53710214
1,Deaths,,"Central Europe, Eastern Europe, and Central Asia",3,Both,8,15-19 years,302,Diarrheal diseases,183,Clostridium difficile,1,Number,1995,90.47777441,90.47777441,33.39085444
1,Deaths,,"Central Europe, Eastern Europe, and Central Asia",3,Both,8,15-19 years,302,Diarrheal diseases,183,Clostridium difficile,1,Number,1996,70.66462653,70.66462653,32.8200919
1,Deaths,,"Central Europe, Eastern Europe, and Central Asia",3,Both,8,15-19 years,302,Diarrheal diseases,183,Clostridium difficile,1,Number,1997,64.22511356,64.22511356,28.63899908
1,Deaths,,"Central Europe, Eastern Europe, and Central Asia",3,Both,8,15-19 years,302,Diarrheal diseases,183,Clostridium difficile,1,Number,1998,60.68260208,60.68260208,29.58232064
1,Deaths,,"Central Europe, Eastern Europe, and Central Asia",3,Both,8,15-19 years,302,Diarrheal diseases,183,Clostridium difficile,1,Number,1999,90.56488563,90.56488563,38.86451983
1,Deaths,,"Central Europe, Eastern Europe, and Central Asia",3,Both,8,15-19 years,302,Diarrheal diseases,183,Clostridium difficile,1,Number,2000,71.10389213,71.10389213,32.24318046
1,Deaths,,"Central Europe, Eastern Europe, and Central Asia",3,Both,8,15-19 years,302,Diarrheal diseases,183,Clostridium difficile,1,Number,2001,64.8169366,64.8169366,29.53546342
1,Deaths,,"Central Europe, Eastern Europe, and Central Asia",3,Both,8,15-19 years,302,Diarrheal diseases,183,Clostridium difficile,1,Number,2002,58.9083528,58.9083528,27.7852842
1,Deaths,,"Central Europe, Eastern Europe, and Central Asia",3,Both,8,15-19 years,302,Diarrheal diseases,183,Clostridium difficile,1,Number,2003,55.00471026,55.00471026,25.29307362
1,Deaths,,"Central Europe, Eastern Europe, and Central Asia",3,Both,8,15-19 years,302,Diarrheal diseases,183,Clostridium difficile,1,Number,2004,56.77844282,56.77844282,25.56809866
1,Deaths,,"Central Europe, Eastern Europe, and Central Asia",3,Both,8,15-19 years,302,Diarrheal diseases,183,Clostridium difficile,1,Number,2005,53.13045989,53.13045989,24.11529917
1,Deaths,,"Central Europe, Eastern Europe, and Central Asia",3,Both,8,15-19 years,302,Diarrheal diseases,183,Clostridium difficile,1,Number,2006,48.18666725,48.18666725,22.74108009
1,Deaths,,"Central Europe, Eastern Europe, and Central Asia",3,Both,8,15-19 years,302,Diarrheal diseases,183,Clostridium difficile,1,Number,2007,46.53048282,46.53048282,22.16420752
1,Deaths,,"Central Europe, Eastern Europe, and Central Asia",3,Both,8,15-19 years,302,Diarrheal diseases,183,Clostridium difficile,1,Number,2008,46.03225187,46.03225187,21.07910186
1,Deaths,,"Central Europe, Eastern Europe, and Central Asia",3,Both,8,15-19 years,302,Diarrheal diseases,183,Clostridium difficile,1,Number,2009,42.8517891,42.8517891,20.39191992
1,Deaths,,"Central Europe, Eastern Europe, and Central Asia",3,Both,8,15-19 years,302,Diarrheal diseases,183,Clostridium difficile,1,Number,2010,42.99466906,42.99466906,20.80542775
1,Deaths,,"Central Europe, Eastern Europe, and Central Asia",3,Both,8,15-19 years,302,Diarrheal diseases,183,Clostridium difficile,1,Number,2011,38.7870088,38.7870088,19.50760866
1,Deaths,,"Central Europe, Eastern Europe, and Central Asia",3,Both,8,15-19 years,302,Diarrheal diseases,183,Clostridium difficile,1,Number,2012,38.51777443,38.51777443,19.60425086
1,Deaths,,"Central Europe, Eastern Europe, and Central Asia",3,Both,8,15-19 years,302,Diarrheal diseases,183,Clostridium difficile,1,Number,2013,38.38506861,38.38506861,18.34595888
1,Deaths,,"Central Europe, Eastern Europe, and Central Asia",3,Both,8,15-19 years,302,Diarrheal diseases,183,Clostridium difficile,1,Number,2014,45.13488163,45.13488163,19.5973527
1,Deaths,,"Central Europe, Eastern Europe, and Central Asia",3,Both,8,15-19 years,302,Diarrheal diseases,183,Clostridium difficile,1,Number,2015,37.93438661,37.93438661,19.11877707
1,Deaths,,"Central Europe, Eastern Europe, and Central Asia",3,Both,8,15-19 years,302,Diarrheal diseases,183,Clostridium difficile,1,Number,2016,33.73629608,33.73629608,17.71893234
1,Deaths,,"Central Europe, Eastern Europe, and Central Asia",3,Both,8,15-19 years,302,Diarrheal diseases,183,Clostridium difficile,1,Number,2017,32.81538617,32.81538617,17.14538849
1,Deaths,,"Central Europe, Eastern Europe, and Central Asia",3,Both,8,15-19 years,302,Diarrheal diseases,183,Clostridium difficile,1,Number,2018,31.84291626,31.84291626,16.82099863
1,Deaths,,"Central Europe, Eastern Europe, and Central Asia",3,Both,8,15-19 years,302,Diarrheal diseases,183,Clostridium difficile,1,Number,2019,31.04604772,31.04604772,17.16041016
1,Deaths,,"Central Europe, Eastern Europe, and Central Asia",3,Both,8,15-19 years,302,Diarrheal diseases,183,Clostridium difficile,1,Number,2020,46.90584812,46.90584812,17.52692615
1,Deaths,,"Central Europe, Eastern Europe, and Central Asia",3,Both,8,15-19 years,302,Diarrheal diseases,183,Clostridium difficile,1,Number,2021,26.9013523,26.9013523,15.36365648
1,Deaths,,"Central Europe, Eastern Europe, and Central Asia",3,Both,9,20-24 years,302,Diarrheal diseases,183,Clostridium difficile,1,Number,1990,63.6704126,63.6704126,27.62364463
1,Deaths,,"Central Europe, Eastern Europe, and Central Asia",3,Both,9,20-24 years,302,Diarrheal diseases,183,Clostridium difficile,1,Number,1991,72.56115442,72.56115442,30.75789138
1,Deaths,,"Central Europe, Eastern Europe, and Central Asia",3,Both,9,20-24 years,302,Diarrheal diseases,183,Clostridium difficile,1,Number,1992,89.90793995,89.90793995,33.6337328
1,Deaths,,"Central Europe, Eastern Europe, and Central Asia",3,Both,9,20-24 years,302,Diarrheal diseases,183,Clostridium difficile,1,Number,1993,105.7715621,105.7715621,37.58731551
1,Deaths,,"Central Europe, Eastern Europe, and Central Asia",3,Both,9,20-24 years,302,Diarrheal diseases,183,Clostridium difficile,1,Number,1994,84.93767125,84.93767125,38.57150188
1,Deaths,,"Central Europe, Eastern Europe, and Central Asia",3,Both,9,20-24 years,302,Diarrheal diseases,183,Clostridium difficile,1,Number,1995,94.53069231,94.53069231,40.14240702
1,Deaths,,"Central Europe, Eastern Europe, and Central Asia",3,Both,9,20-24 years,302,Diarrheal diseases,183,Clostridium difficile,1,Number,1996,82.22050751,82.22050751,37.87609524
1,Deaths,,"Central Europe, Eastern Europe, and Central Asia",3,Both,9,20-24 years,302,Diarrheal diseases,183,Clostridium difficile,1,Number,1997,77.92828485,77.92828485,36.6120911
1,Deaths,,"Central Europe, Eastern Europe, and Central Asia",3,Both,9,20-24 years,302,Diarrheal diseases,183,Clostridium difficile,1,Number,1998,76.40398085,76.40398085,36.79782847
1,Deaths,,"Central Europe, Eastern Europe, and Central Asia",3,Both,9,20-24 years,302,Diarrheal diseases,183,Clostridium difficile,1,Number,1999,99.7401616,99.7401616,40.18601858
1,Deaths,,"Central Europe, Eastern Europe, and Central Asia",3,Both,9,20-24 years,302,Diarrheal diseases,183,Clostridium difficile,1,Number,2000,88.61308305,88.61308305,38.62775298
1,Deaths,,"Central Europe, Eastern Europe, and Central Asia",3,Both,9,20-24 years,302,Diarrheal diseases,183,Clostridium difficile,1,Number,2001,80.72396047,80.72396047,37.79651658
1,Deaths,,"Central Europe, Eastern Europe, and Central Asia",3,Both,9,20-24 years,302,Diarrheal diseases,183,Clostridium difficile,1,Number,2002,76.8214166,76.8214166,35.47584442
1,Deaths,,"Central Europe, Eastern Europe, and Central Asia",3,Both,9,20-24 years,302,Diarrheal diseases,183,Clostridium difficile,1,Number,2003,74.46816966,74.46816966,35.59991612
1,Deaths,,"Central Europe, Eastern Europe, and Central Asia",3,Both,9,20-24 years,302,Diarrheal diseases,183,Clostridium difficile,1,Number,2004,79.57054939,79.57054939,36.28821722
1,Deaths,,"Central Europe, Eastern Europe, and Central Asia",3,Both,9,20-24 years,302,Diarrheal diseases,183,Clostridium difficile,1,Number,2005,79.24810863,79.24810863,37.36679896
1,Deaths,,"Central Europe, Eastern Europe, and Central Asia",3,Both,9,20-24 years,302,Diarrheal diseases,183,Clostridium difficile,1,Number,2006,77.08943705,77.08943705,35.33259785
1,Deaths,,"Central Europe, Eastern Europe, and Central Asia",3,Both,9,20-24 years,302,Diarrheal diseases,183,Clostridium difficile,1,Number,2007,76.75031318,76.75031318,35.993761
1,Deaths,,"Central Europe, Eastern Europe, and Central Asia",3,Both,9,20-24 years,302,Diarrheal diseases,183,Clostridium difficile,1,Number,2008,74.45202082,74.45202082,36.5512294
1,Deaths,,"Central Europe, Eastern Europe, and Central Asia",3,Both,9,20-24 years,302,Diarrheal diseases,183,Clostridium difficile,1,Number,2009,74.51153143,74.51153143,34.13856677
1,Deaths,,"Central Europe, Eastern Europe, and Central Asia",3,Both,9,20-24 years,302,Diarrheal diseases,183,Clostridium difficile,1,Number,2010,72.9650001,72.9650001,36.87503089
1,Deaths,,"Central Europe, Eastern Europe, and Central Asia",3,Both,9,20-24 years,302,Diarrheal diseases,183,Clostridium difficile,1,Number,2011,69.54438983,69.54438983,33.8985578
1,Deaths,,"Central Europe, Eastern Europe, and Central Asia",3,Both,9,20-24 years,302,Diarrheal diseases,183,Clostridium difficile,1,Number,2012,66.94481443,66.94481443,33.21627315
1,Deaths,,"Central Europe, Eastern Europe, and Central Asia",3,Both,9,20-24 years,302,Diarrheal diseases,183,Clostridium difficile,1,Number,2013,64.04086054,64.04086054,32.40280061
1,Deaths,,"Central Europe, Eastern Europe, and Central Asia",3,Both,9,20-24 years,302,Diarrheal diseases,183,Clostridium difficile,1,Number,2014,67.16596666,67.16596666,32.23060775
1,Deaths,,"Central Europe, Eastern Europe, and Central Asia",3,Both,9,20-24 years,302,Diarrheal diseases,183,Clostridium difficile,1,Number,2015,62.32490324,62.32490324,29.59601141
1,Deaths,,"Central Europe, Eastern Europe, and Central Asia",3,Both,9,20-24 years,302,Diarrheal diseases,183,Clostridium difficile,1,Number,2016,54.79844745,54.79844745,27.90749169
1,Deaths,,"Central Europe, Eastern Europe, and Central Asia",3,Both,9,20-24 years,302,Diarrheal diseases,183,Clostridium difficile,1,Number,2017,51.3781075,51.3781075,26.48487565
1,Deaths,,"Central Europe, Eastern Europe, and Central Asia",3,Both,9,20-24 years,302,Diarrheal diseases,183,Clostridium difficile,1,Number,2018,48.70729359,48.70729359,26.17417909
1,Deaths,,"Central Europe, Eastern Europe, and Central Asia",3,Both,9,20-24 years,302,Diarrheal diseases,183,Clostridium difficile,1,Number,2019,47.29527993,47.29527993,25.47410278
1,Deaths,,"Central Europe, Eastern Europe, and Central Asia",3,Both,9,20-24 years,302,Diarrheal diseases,183,Clostridium difficile,1,Number,2020,53.44943151,53.44943151,24.40888398
1,Deaths,,"Central Europe, Eastern Europe, and Central Asia",3,Both,9,20-24 years,302,Diarrheal diseases,183,Clostridium difficile,1,Number,2021,40.75254989,40.75254989,21.81685819
1,Deaths,,"Central Europe, Eastern Europe, and Central Asia",3,Both,10,25-29 years,302,Diarrheal diseases,183,Clostridium difficile,1,Number,1990,83.99865364,83.99865364,35.79328681
1,Deaths,,"Central Europe, Eastern Europe, and Central Asia",3,Both,10,25-29 years,302,Diarrheal diseases,183,Clostridium difficile,1,Number,1991,83.70019745,83.70019745,37.42630186
1,Deaths,,"Central Europe, Eastern Europe, and Central Asia",3,Both,10,25-29 years,302,Diarrheal diseases,183,Clostridium difficile,1,Number,1992,90.6389061,90.6389061,39.25930093
1,Deaths,,"Central Europe, Eastern Europe, and Central Asia",3,Both,10,25-29 years,302,Diarrheal diseases,183,Clostridium difficile,1,Number,1993,95.46630952,95.46630952,42.41003067
1,Deaths,,"Central Europe, Eastern Europe, and Central Asia",3,Both,10,25-29 years,302,Diarrheal diseases,183,Clostridium difficile,1,Number,1994,96.6790956,96.6790956,44.06846989
1,Deaths,,"Central Europe, Eastern Europe, and Central Asia",3,Both,10,25-29 years,302,Diarrheal diseases,183,Clostridium difficile,1,Number,1995,99.38056965,99.38056965,46.09576813
1,Deaths,,"Central Europe, Eastern Europe, and Central Asia",3,Both,10,25-29 years,302,Diarrheal diseases,183,Clostridium difficile,1,Number,1996,93.3496246,93.3496246,42.55456076
1,Deaths,,"Central Europe, Eastern Europe, and Central Asia",3,Both,10,25-29 years,302,Diarrheal diseases,183,Clostridium difficile,1,Number,1997,89.23729092,89.23729092,42.62896663
1,Deaths,,"Central Europe, Eastern Europe, and Central Asia",3,Both,10,25-29 years,302,Diarrheal diseases,183,Clostridium difficile,1,Number,1998,88.51413016,88.51413016,41.95473685
1,Deaths,,"Central Europe, Eastern Europe, and Central Asia",3,Both,10,25-29 years,302,Diarrheal diseases,183,Clostridium difficile,1,Number,1999,98.7123025,98.7123025,45.81842296
1,Deaths,,"Central Europe, Eastern Europe, and Central Asia",3,Both,10,25-29 years,302,Diarrheal diseases,183,Clostridium difficile,1,Number,2000,102.0480649,102.0480649,47.08465555
1,Deaths,,"Central Europe, Eastern Europe, and Central Asia",3,Both,10,25-29 years,302,Diarrheal diseases,183,Clostridium difficile,1,Number,2001,100.8942776,100.8942776,47.81523229
1,Deaths,,"Central Europe, Eastern Europe, and Central Asia",3,Both,10,25-29 years,302,Diarrheal diseases,183,Clostridium difficile,1,Number,2002,102.8351086,102.8351086,46.39585971
1,Deaths,,"Central Europe, Eastern Europe, and Central Asia",3,Both,10,25-29 years,302,Diarrheal diseases,183,Clostridium difficile,1,Number,2003,106.1940156,106.1940156,48.85255366
1,Deaths,,"Central Europe, Eastern Europe, and Central Asia",3,Both,10,25-29 years,302,Diarrheal diseases,183,Clostridium difficile,1,Number,2004,114.3148288,114.3148288,52.94451147
1,Deaths,,"Central Europe, Eastern Europe, and Central Asia",3,Both,10,25-29 years,302,Diarrheal diseases,183,Clostridium difficile,1,Number,2005,121.3144497,121.3144497,55.30255919
1,Deaths,,"Central Europe, Eastern Europe, and Central Asia",3,Both,10,25-29 years,302,Diarrheal diseases,183,Clostridium difficile,1,Number,2006,119.6483999,119.6483999,55.73595608
1,Deaths,,"Central Europe, Eastern Europe, and Central Asia",3,Both,10,25-29 years,302,Diarrheal diseases,183,Clostridium difficile,1,Number,2007,118.9403723,118.9403723,57.11409941
1,Deaths,,"Central Europe, Eastern Europe, and Central Asia",3,Both,10,25-29 years,302,Diarrheal diseases,183,Clostridium difficile,1,Number,2008,119.1514118,119.1514118,54.88057311
1,Deaths,,"Central Europe, Eastern Europe, and Central Asia",3,Both,10,25-29 years,302,Diarrheal diseases,183,Clostridium difficile,1,Number,2009,116.1038001,116.1038001,55.97980956
1,Deaths,,"Central Europe, Eastern Europe, and Central Asia",3,Both,10,25-29 years,302,Diarrheal diseases,183,Clostridium difficile,1,Number,2010,116.329306,116.329306,58.03797784
1,Deaths,,"Central Europe, Eastern Europe, and Central Asia",3,Both,10,25-29 years,302,Diarrheal diseases,183,Clostridium difficile,1,Number,2011,112.8833774,112.8833774,56.45563125
1,Deaths,,"Central Europe, Eastern Europe, and Central Asia",3,Both,10,25-29 years,302,Diarrheal diseases,183,Clostridium difficile,1,Number,2012,111.4807488,111.4807488,55.41957458
1,Deaths,,"Central Europe, Eastern Europe, and Central Asia",3,Both,10,25-29 years,302,Diarrheal diseases,183,Clostridium difficile,1,Number,2013,112.9329479,112.9329479,56.65270037
1,Deaths,,"Central Europe, Eastern Europe, and Central Asia",3,Both,10,25-29 years,302,Diarrheal diseases,183,Clostridium difficile,1,Number,2014,113.2933516,113.2933516,58.08482033
1,Deaths,,"Central Europe, Eastern Europe, and Central Asia",3,Both,10,25-29 years,302,Diarrheal diseases,183,Clostridium difficile,1,Number,2015,112.8778156,112.8778156,60.63224971
1,Deaths,,"Central Europe, Eastern Europe, and Central Asia",3,Both,10,25-29 years,302,Diarrheal diseases,183,Clostridium difficile,1,Number,2016,105.5742577,105.5742577,56.50476124
1,Deaths,,"Central Europe, Eastern Europe, and Central Asia",3,Both,10,25-29 years,302,Diarrheal diseases,183,Clostridium difficile,1,Number,2017,101.4056455,101.4056455,52.9061579
1,Deaths,,"Central Europe, Eastern Europe, and Central Asia",3,Both,10,25-29 years,302,Diarrheal diseases,183,Clostridium difficile,1,Number,2018,95.83344568,95.83344568,52.01541166
1,Deaths,,"Central Europe, Eastern Europe, and Central Asia",3,Both,10,25-29 years,302,Diarrheal diseases,183,Clostridium difficile,1,Number,2019,90.23517916,90.23517916,49.75015328
1,Deaths,,"Central Europe, Eastern Europe, and Central Asia",3,Both,10,25-29 years,302,Diarrheal diseases,183,Clostridium difficile,1,Number,2020,80.41188606,80.41188606,42.9770338
1,Deaths,,"Central Europe, Eastern Europe, and Central Asia",3,Both,10,25-29 years,302,Diarrheal diseases,183,Clostridium difficile,1,Number,2021,72.05222791,72.05222791,41.16671358
1,Deaths,,"Central Europe, Eastern Europe, and Central Asia",3,Both,11,30-34 years,302,Diarrheal diseases,183,Clostridium difficile,1,Number,1990,122.7894343,122.7894343,55.32144125
1,Deaths,,"Central Europe, Eastern Europe, and Central Asia",3,Both,11,30-34 years,302,Diarrheal diseases,183,Clostridium difficile,1,Number,1991,128.8101089,128.8101089,56.78715716
1,Deaths,,"Central Europe, Eastern Europe, and Central Asia",3,Both,11,30-34 years,302,Diarrheal diseases,183,Clostridium difficile,1,Number,1992,138.7745421,138.7745421,63.97276083
1,Deaths,,"Central Europe, Eastern Europe, and Central Asia",3,Both,11,30-34 years,302,Diarrheal diseases,183,Clostridium difficile,1,Number,1993,152.1068592,152.1068592,68.65243246
1,Deaths,,"Central Europe, Eastern Europe, and Central Asia",3,Both,11,30-34 years,302,Diarrheal diseases,183,Clostridium difficile,1,Number,1994,160.3838326,160.3838326,73.32796929
1,Deaths,,"Central Europe, Eastern Europe, and Central Asia",3,Both,11,30-34 years,302,Diarrheal diseases,183,Clostridium difficile,1,Number,1995,156.5918703,156.5918703,74.87379248
1,Deaths,,"Central Europe, Eastern Europe, and Central Asia",3,Both,11,30-34 years,302,Diarrheal diseases,183,Clostridium difficile,1,Number,1996,138.5945406,138.5945406,64.50823323
1,Deaths,,"Central Europe, Eastern Europe, and Central Asia",3,Both,11,30-34 years,302,Diarrheal diseases,183,Clostridium difficile,1,Number,1997,126.6432806,126.6432806,58.53190624
1,Deaths,,"Central Europe, Eastern Europe, and Central Asia",3,Both,11,30-34 years,302,Diarrheal diseases,183,Clostridium difficile,1,Number,1998,117.853048,117.853048,57.21315286
1,Deaths,,"Central Europe, Eastern Europe, and Central Asia",3,Both,11,30-34 years,302,Diarrheal diseases,183,Clostridium difficile,1,Number,1999,125.8625523,125.8625523,60.17598861
1,Deaths,,"Central Europe, Eastern Europe, and Central Asia",3,Both,11,30-34 years,302,Diarrheal diseases,183,Clostridium difficile,1,Number,2000,131.892262,131.892262,59.26139791
1,Deaths,,"Central Europe, Eastern Europe, and Central Asia",3,Both,11,30-34 years,302,Diarrheal diseases,183,Clostridium difficile,1,Number,2001,131.1030691,131.1030691,62.33341665
1,Deaths,,"Central Europe, Eastern Europe, and Central Asia",3,Both,11,30-34 years,302,Diarrheal diseases,183,Clostridium difficile,1,Number,2002,136.3271731,136.3271731,63.79268388
1,Deaths,,"Central Europe, Eastern Europe, and Central Asia",3,Both,11,30-34 years,302,Diarrheal diseases,183,Clostridium difficile,1,Number,2003,142.7557469,142.7557469,67.78961659
1,Deaths,,"Central Europe, Eastern Europe, and Central Asia",3,Both,11,30-34 years,302,Diarrheal diseases,183,Clostridium difficile,1,Number,2004,155.3422489,155.3422489,74.10504924
1,Deaths,,"Central Europe, Eastern Europe, and Central Asia",3,Both,11,30-34 years,302,Diarrheal diseases,183,Clostridium difficile,1,Number,2005,164.4843684,164.4843684,79.08196377
1,Deaths,,"Central Europe, Eastern Europe, and Central Asia",3,Both,11,30-34 years,302,Diarrheal diseases,183,Clostridium difficile,1,Number,2006,168.3572304,168.3572304,75.6474594
1,Deaths,,"Central Europe, Eastern Europe, and Central Asia",3,Both,11,30-34 years,302,Diarrheal diseases,183,Clostridium difficile,1,Number,2007,168.1284041,168.1284041,80.72892693
1,Deaths,,"Central Europe, Eastern Europe, and Central Asia",3,Both,11,30-34 years,302,Diarrheal diseases,183,Clostridium difficile,1,Number,2008,165.6209479,165.6209479,86.02279857
1,Deaths,,"Central Europe, Eastern Europe, and Central Asia",3,Both,11,30-34 years,302,Diarrheal diseases,183,Clostridium difficile,1,Number,2009,167.9343882,167.9343882,83.13011332
1,Deaths,,"Central Europe, Eastern Europe, and Central Asia",3,Both,11,30-34 years,302,Diarrheal diseases,183,Clostridium difficile,1,Number,2010,168.9465473,168.9465473,89.94491748
1,Deaths,,"Central Europe, Eastern Europe, and Central Asia",3,Both,11,30-34 years,302,Diarrheal diseases,183,Clostridium difficile,1,Number,2011,166.4654273,166.4654273,89.21565319
1,Deaths,,"Central Europe, Eastern Europe, and Central Asia",3,Both,11,30-34 years,302,Diarrheal diseases,183,Clostridium difficile,1,Number,2012,176.1649294,176.1649294,79.92406997
1,Deaths,,"Central Europe, Eastern Europe, and Central Asia",3,Both,11,30-34 years,302,Diarrheal diseases,183,Clostridium difficile,1,Number,2013,171.8774768,171.8774768,91.9720162
1,Deaths,,"Central Europe, Eastern Europe, and Central Asia",3,Both,11,30-34 years,302,Diarrheal diseases,183,Clostridium difficile,1,Number,2014,174.131526,174.131526,93.58163657
1,Deaths,,"Central Europe, Eastern Europe, and Central Asia",3,Both,11,30-34 years,302,Diarrheal diseases,183,Clostridium difficile,1,Number,2015,184.5261769,184.5261769,94.11203864
1,Deaths,,"Central Europe, Eastern Europe, and Central Asia",3,Both,11,30-34 years,302,Diarrheal diseases,183,Clostridium difficile,1,Number,2016,173.6442074,173.6442074,96.23727775
1,Deaths,,"Central Europe, Eastern Europe, and Central Asia",3,Both,11,30-34 years,302,Diarrheal diseases,183,Clostridium difficile,1,Number,2017,174.2443811,174.2443811,96.24089092
1,Deaths,,"Central Europe, Eastern Europe, and Central Asia",3,Both,11,30-34 years,302,Diarrheal diseases,183,Clostridium difficile,1,Number,2018,180.3415792,180.3415792,99.22060787
1,Deaths,,"Central Europe, Eastern Europe, and Central Asia",3,Both,11,30-34 years,302,Diarrheal diseases,183,Clostridium difficile,1,Number,2019,180.436748,180.436748,101.7990015
1,Deaths,,"Central Europe, Eastern Europe, and Central Asia",3,Both,11,30-34 years,302,Diarrheal diseases,183,Clostridium difficile,1,Number,2020,162.0738455,162.0738455,91.23007969
1,Deaths,,"Central Europe, Eastern Europe, and Central Asia",3,Both,11,30-34 years,302,Diarrheal diseases,183,Clostridium difficile,1,Number,2021,158.4272188,158.4272188,87.48623825
1,Deaths,,"Central Europe, Eastern Europe, and Central Asia",3,Both,12,35-39 years,302,Diarrheal diseases,183,Clostridium difficile,1,Number,1990,175.259013,175.259013,81.15640865
1,Deaths,,"Central Europe, Eastern Europe, and Central Asia",3,Both,12,35-39 years,302,Diarrheal diseases,183,Clostridium difficile,1,Number,1991,184.8766743,184.8766743,83.71255469
1,Deaths,,"Central Europe, Eastern Europe, and Central Asia",3,Both,12,35-39 years,302,Diarrheal diseases,183,Clostridium difficile,1,Number,1992,204.0546398,204.0546398,92.93971966
1,Deaths,,"Central Europe, Eastern Europe, and Central Asia",3,Both,12,35-39 years,302,Diarrheal diseases,183,Clostridium difficile,1,Number,1993,225.2135808,225.2135808,109.95607
1,Deaths,,"Central Europe, Eastern Europe, and Central Asia",3,Both,12,35-39 years,302,Diarrheal diseases,183,Clostridium difficile,1,Number,1994,253.8646055,253.8646055,121.1858702
1,Deaths,,"Central Europe, Eastern Europe, and Central Asia",3,Both,12,35-39 years,302,Diarrheal diseases,183,Clostridium difficile,1,Number,1995,260.5351242,260.5351242,122.2238013
1,Deaths,,"Central Europe, Eastern Europe, and Central Asia",3,Both,12,35-39 years,302,Diarrheal diseases,183,Clostridium difficile,1,Number,1996,232.4665925,232.4665925,114.2915179
1,Deaths,,"Central Europe, Eastern Europe, and Central Asia",3,Both,12,35-39 years,302,Diarrheal diseases,183,Clostridium difficile,1,Number,1997,219.7137018,219.7137018,103.5958265
1,Deaths,,"Central Europe, Eastern Europe, and Central Asia",3,Both,12,35-39 years,302,Diarrheal diseases,183,Clostridium difficile,1,Number,1998,208.920607,208.920607,98.9706682
1,Deaths,,"Central Europe, Eastern Europe, and Central Asia",3,Both,12,35-39 years,302,Diarrheal diseases,183,Clostridium difficile,1,Number,1999,216.6776515,216.6776515,107.0381637
1,Deaths,,"Central Europe, Eastern Europe, and Central Asia",3,Both,12,35-39 years,302,Diarrheal diseases,183,Clostridium difficile,1,Number,2000,220.3935657,220.3935657,106.1151604
1,Deaths,,"Central Europe, Eastern Europe, and Central Asia",3,Both,12,35-39 years,302,Diarrheal diseases,183,Clostridium difficile,1,Number,2001,216.1483664,216.1483664,98.41942734
1,Deaths,,"Central Europe, Eastern Europe, and Central Asia",3,Both,12,35-39 years,302,Diarrheal diseases,183,Clostridium difficile,1,Number,2002,207.9984567,207.9984567,103.8164423
1,Deaths,,"Central Europe, Eastern Europe, and Central Asia",3,Both,12,35-39 years,302,Diarrheal diseases,183,Clostridium difficile,1,Number,2003,208.8305443,208.8305443,105.8815459
1,Deaths,,"Central Europe, Eastern Europe, and Central Asia",3,Both,12,35-39 years,302,Diarrheal diseases,183,Clostridium difficile,1,Number,2004,220.5557149,220.5557149,104.4103829
1,Deaths,,"Central Europe, Eastern Europe, and Central Asia",3,Both,12,35-39 years,302,Diarrheal diseases,183,Clostridium difficile,1,Number,2005,223.7005771,223.7005771,107.4305889
1,Deaths,,"Central Europe, Eastern Europe, and Central Asia",3,Both,12,35-39 years,302,Diarrheal diseases,183,Clostridium difficile,1,Number,2006,213.7029734,213.7029734,107.494246
1,Deaths,,"Central Europe, Eastern Europe, and Central Asia",3,Both,12,35-39 years,302,Diarrheal diseases,183,Clostridium difficile,1,Number,2007,220.3677609,220.3677609,103.5707316
1,Deaths,,"Central Europe, Eastern Europe, and Central Asia",3,Both,12,35-39 years,302,Diarrheal diseases,183,Clostridium difficile,1,Number,2008,217.3097318,217.3097318,107.9142119
1,Deaths,,"Central Europe, Eastern Europe, and Central Asia",3,Both,12,35-39 years,302,Diarrheal diseases,183,Clostridium difficile,1,Number,2009,216.1837395,216.1837395,107.3032642
1,Deaths,,"Central Europe, Eastern Europe, and Central Asia",3,Both,12,35-39 years,302,Diarrheal diseases,183,Clostridium difficile,1,Number,2010,224.8558767,224.8558767,113.557091
1,Deaths,,"Central Europe, Eastern Europe, and Central Asia",3,Both,12,35-39 years,302,Diarrheal diseases,183,Clostridium difficile,1,Number,2011,222.2658399,222.2658399,117.057118
1,Deaths,,"Central Europe, Eastern Europe, and Central Asia",3,Both,12,35-39 years,302,Diarrheal diseases,183,Clostridium difficile,1,Number,2012,225.1955128,225.1955128,122.5331753
1,Deaths,,"Central Europe, Eastern Europe, and Central Asia",3,Both,12,35-39 years,302,Diarrheal diseases,183,Clostridium difficile,1,Number,2013,235.5779573,235.5779573,128.5199219
1,Deaths,,"Central Europe, Eastern Europe, and Central Asia",3,Both,12,35-39 years,302,Diarrheal diseases,183,Clostridium difficile,1,Number,2014,244.5050563,244.5050563,133.1895064
1,Deaths,,"Central Europe, Eastern Europe, and Central Asia",3,Both,12,35-39 years,302,Diarrheal diseases,183,Clostridium difficile,1,Number,2015,258.0700449,258.0700449,146.2157642
1,Deaths,,"Central Europe, Eastern Europe, and Central Asia",3,Both,12,35-39 years,302,Diarrheal diseases,183,Clostridium difficile,1,Number,2016,255.8401906,255.8401906,142.1107969
1,Deaths,,"Central Europe, Eastern Europe, and Central Asia",3,Both,12,35-39 years,302,Diarrheal diseases,183,Clostridium difficile,1,Number,2017,260.3620602,260.3620602,142.3393294
1,Deaths,,"Central Europe, Eastern Europe, and Central Asia",3,Both,12,35-39 years,302,Diarrheal diseases,183,Clostridium difficile,1,Number,2018,267.997459,267.997459,153.6155694
1,Deaths,,"Central Europe, Eastern Europe, and Central Asia",3,Both,12,35-39 years,302,Diarrheal diseases,183,Clostridium difficile,1,Number,2019,275.0467216,275.0467216,159.1264653
1,Deaths,,"Central Europe, Eastern Europe, and Central Asia",3,Both,12,35-39 years,302,Diarrheal diseases,183,Clostridium difficile,1,Number,2020,254.1612156,254.1612156,144.0226996
1,Deaths,,"Central Europe, Eastern Europe, and Central Asia",3,Both,12,35-39 years,302,Diarrheal diseases,183,Clostridium difficile,1,Number,2021,259.4318534,259.4318534,139.9638024
1,Deaths,,"Central Europe, Eastern Europe, and Central Asia",3,Both,13,40-44 years,302,Diarrheal diseases,183,Clostridium difficile,1,Number,1990,219.4090984,219.4090984,105.8762357
1,Deaths,,"Central Europe, Eastern Europe, and Central Asia",3,Both,13,40-44 years,302,Diarrheal diseases,183,Clostridium difficile,1,Number,1991,254.9688258,254.9688258,111.1496369
1,Deaths,,"Central Europe, Eastern Europe, and Central Asia",3,Both,13,40-44 years,302,Diarrheal diseases,183,Clostridium difficile,1,Number,1992,290.6228212,290.6228212,128.8309965
1,Deaths,,"Central Europe, Eastern Europe, and Central Asia",3,Both,13,40-44 years,302,Diarrheal diseases,183,Clostridium difficile,1,Number,1993,332.8133246,332.8133246,153.4573374
1,Deaths,,"Central Europe, Eastern Europe, and Central Asia",3,Both,13,40-44 years,302,Diarrheal diseases,183,Clostridium difficile,1,Number,1994,382.5078051,382.5078051,169.0257186
1,Deaths,,"Central Europe, Eastern Europe, and Central Asia",3,Both,13,40-44 years,302,Diarrheal diseases,183,Clostridium difficile,1,Number,1995,381.8076841,381.8076841,184.7924381
1,Deaths,,"Central Europe, Eastern Europe, and Central Asia",3,Both,13,40-44 years,302,Diarrheal diseases,183,Clostridium difficile,1,Number,1996,352.6754348,352.6754348,163.3799139
1,Deaths,,"Central Europe, Eastern Europe, and Central Asia",3,Both,13,40-44 years,302,Diarrheal diseases,183,Clostridium difficile,1,Number,1997,336.380535,336.380535,150.8743556
1,Deaths,,"Central Europe, Eastern Europe, and Central Asia",3,Both,13,40-44 years,302,Diarrheal diseases,183,Clostridium difficile,1,Number,1998,318.7620761,318.7620761,158.5696991
1,Deaths,,"Central Europe, Eastern Europe, and Central Asia",3,Both,13,40-44 years,302,Diarrheal diseases,183,Clostridium difficile,1,Number,1999,353.2816456,353.2816456,163.9227098
1,Deaths,,"Central Europe, Eastern Europe, and Central Asia",3,Both,13,40-44 years,302,Diarrheal diseases,183,Clostridium difficile,1,Number,2000,364.1741152,364.1741152,178.874002
1,Deaths,,"Central Europe, Eastern Europe, and Central Asia",3,Both,13,40-44 years,302,Diarrheal diseases,183,Clostridium difficile,1,Number,2001,374.5677956,374.5677956,171.8613989
1,Deaths,,"Central Europe, Eastern Europe, and Central Asia",3,Both,13,40-44 years,302,Diarrheal diseases,183,Clostridium difficile,1,Number,2002,378.4843074,378.4843074,184.5029931
1,Deaths,,"Central Europe, Eastern Europe, and Central Asia",3,Both,13,40-44 years,302,Diarrheal diseases,183,Clostridium difficile,1,Number,2003,390.8586634,390.8586634,183.8959258
1,Deaths,,"Central Europe, Eastern Europe, and Central Asia",3,Both,13,40-44 years,302,Diarrheal diseases,183,Clostridium difficile,1,Number,2004,389.5438853,389.5438853,193.6282077
1,Deaths,,"Central Europe, Eastern Europe, and Central Asia",3,Both,13,40-44 years,302,Diarrheal diseases,183,Clostridium difficile,1,Number,2005,386.9432785,386.9432785,182.9008461
1,Deaths,,"Central Europe, Eastern Europe, and Central Asia",3,Both,13,40-44 years,302,Diarrheal diseases,183,Clostridium difficile,1,Number,2006,351.0579876,351.0579876,166.8242215
1,Deaths,,"Central Europe, Eastern Europe, and Central Asia",3,Both,13,40-44 years,302,Diarrheal diseases,183,Clostridium difficile,1,Number,2007,331.2384682,331.2384682,160.5462043
1,Deaths,,"Central Europe, Eastern Europe, and Central Asia",3,Both,13,40-44 years,302,Diarrheal diseases,183,Clostridium difficile,1,Number,2008,317.4511579,317.4511579,154.0838601
1,Deaths,,"Central Europe, Eastern Europe, and Central Asia",3,Both,13,40-44 years,302,Diarrheal diseases,183,Clostridium difficile,1,Number,2009,306.3861319,306.3861319,141.442941
1,Deaths,,"Central Europe, Eastern Europe, and Central Asia",3,Both,13,40-44 years,302,Diarrheal diseases,183,Clostridium difficile,1,Number,2010,297.4448831,297.4448831,152.7191133
1,Deaths,,"Central Europe, Eastern Europe, and Central Asia",3,Both,13,40-44 years,302,Diarrheal diseases,183,Clostridium difficile,1,Number,2011,290.7131586,290.7131586,150.6045424
1,Deaths,,"Central Europe, Eastern Europe, and Central Asia",3,Both,13,40-44 years,302,Diarrheal diseases,183,Clostridium difficile,1,Number,2012,296.8476811,296.8476811,152.0873733
1,Deaths,,"Central Europe, Eastern Europe, and Central Asia",3,Both,13,40-44 years,302,Diarrheal diseases,183,Clostridium difficile,1,Number,2013,305.8079821,305.8079821,159.7794904
1,Deaths,,"Central Europe, Eastern Europe, and Central Asia",3,Both,13,40-44 years,302,Diarrheal diseases,183,Clostridium difficile,1,Number,2014,321.2160261,321.2160261,166.8272841
1,Deaths,,"Central Europe, Eastern Europe, and Central Asia",3,Both,13,40-44 years,302,Diarrheal diseases,183,Clostridium difficile,1,Number,2015,342.9918846,342.9918846,190.5021289
1,Deaths,,"Central Europe, Eastern Europe, and Central Asia",3,Both,13,40-44 years,302,Diarrheal diseases,183,Clostridium difficile,1,Number,2016,350.9771127,350.9771127,188.4253103
1,Deaths,,"Central Europe, Eastern Europe, and Central Asia",3,Both,13,40-44 years,302,Diarrheal diseases,183,Clostridium difficile,1,Number,2017,359.1714993,359.1714993,194.6818573
1,Deaths,,"Central Europe, Eastern Europe, and Central Asia",3,Both,13,40-44 years,302,Diarrheal diseases,183,Clostridium difficile,1,Number,2018,375.8691794,375.8691794,209.9786266
1,Deaths,,"Central Europe, Eastern Europe, and Central Asia",3,Both,13,40-44 years,302,Diarrheal diseases,183,Clostridium difficile,1,Number,2019,382.9986978,382.9986978,225.4232445
1,Deaths,,"Central Europe, Eastern Europe, and Central Asia",3,Both,13,40-44 years,302,Diarrheal diseases,183,Clostridium difficile,1,Number,2020,358.9570265,358.9570265,207.5834179
1,Deaths,,"Central Europe, Eastern Europe, and Central Asia",3,Both,13,40-44 years,302,Diarrheal diseases,183,Clostridium difficile,1,Number,2021,361.988348,361.988348,195.4910275
1,Deaths,,"Central Europe, Eastern Europe, and Central Asia",3,Both,14,45-49 years,302,Diarrheal diseases,183,Clostridium difficile,1,Number,1990,287.1112113,287.1112113,130.4589857
1,Deaths,,"Central Europe, Eastern Europe, and Central Asia",3,Both,14,45-49 years,302,Diarrheal diseases,183,Clostridium difficile,1,Number,1991,267.1907844,267.1907844,127.9461261
1,Deaths,,"Central Europe, Eastern Europe, and Central Asia",3,Both,14,45-49 years,302,Diarrheal diseases,183,Clostridium difficile,1,Number,1992,283.9715009,283.9715009,136.8679323
1,Deaths,,"Central Europe, Eastern Europe, and Central Asia",3,Both,14,45-49 years,302,Diarrheal diseases,183,Clostridium difficile,1,Number,1993,333.9544127,333.9544127,160.2428955
1,Deaths,,"Central Europe, Eastern Europe, and Central Asia",3,Both,14,45-49 years,302,Diarrheal diseases,183,Clostridium difficile,1,Number,1994,418.3005022,418.3005022,192.3562079
1,Deaths,,"Central Europe, Eastern Europe, and Central Asia",3,Both,14,45-49 years,302,Diarrheal diseases,183,Clostridium difficile,1,Number,1995,470.2686654,470.2686654,225.8085163
1,Deaths,,"Central Europe, Eastern Europe, and Central Asia",3,Both,14,45-49 years,302,Diarrheal diseases,183,Clostridium difficile,1,Number,1996,468.7853186,468.7853186,217.832578
1,Deaths,,"Central Europe, Eastern Europe, and Central Asia",3,Both,14,45-49 years,302,Diarrheal diseases,183,Clostridium difficile,1,Number,1997,455.7050449,455.7050449,217.6079383
1,Deaths,,"Central Europe, Eastern Europe, and Central Asia",3,Both,14,45-49 years,302,Diarrheal diseases,183,Clostridium difficile,1,Number,1998,454.9391558,454.9391558,221.3151505
1,Deaths,,"Central Europe, Eastern Europe, and Central Asia",3,Both,14,45-49 years,302,Diarrheal diseases,183,Clostridium difficile,1,Number,1999,498.3003089,498.3003089,238.4918042
1,Deaths,,"Central Europe, Eastern Europe, and Central Asia",3,Both,14,45-49 years,302,Diarrheal diseases,183,Clostridium difficile,1,Number,2000,527.3556223,527.3556223,250.0132624
1,Deaths,,"Central Europe, Eastern Europe, and Central Asia",3,Both,14,45-49 years,302,Diarrheal diseases,183,Clostridium difficile,1,Number,2001,529.2786433,529.2786433,257.8445583
1,Deaths,,"Central Europe, Eastern Europe, and Central Asia",3,Both,14,45-49 years,302,Diarrheal diseases,183,Clostridium difficile,1,Number,2002,546.7871809,546.7871809,270.1383786
1,Deaths,,"Central Europe, Eastern Europe, and Central Asia",3,Both,14,45-49 years,302,Diarrheal diseases,183,Clostridium difficile,1,Number,2003,562.3559468,562.3559468,283.7480747
1,Deaths,,"Central Europe, Eastern Europe, and Central Asia",3,Both,14,45-49 years,302,Diarrheal diseases,183,Clostridium difficile,1,Number,2004,585.8778084,585.8778084,291.3484302
1,Deaths,,"Central Europe, Eastern Europe, and Central Asia",3,Both,14,45-49 years,302,Diarrheal diseases,183,Clostridium difficile,1,Number,2005,598.6439946,598.6439946,287.1326785
1,Deaths,,"Central Europe, Eastern Europe, and Central Asia",3,Both,14,45-49 years,302,Diarrheal diseases,183,Clostridium difficile,1,Number,2006,561.5279352,561.5279352,276.2025032
1,Deaths,,"Central Europe, Eastern Europe, and Central Asia",3,Both,14,45-49 years,302,Diarrheal diseases,183,Clostridium difficile,1,Number,2007,546.7370535,546.7370535,274.8662324
1,Deaths,,"Central Europe, Eastern Europe, and Central Asia",3,Both,14,45-49 years,302,Diarrheal diseases,183,Clostridium difficile,1,Number,2008,535.3809719,535.3809719,263.5647779
1,Deaths,,"Central Europe, Eastern Europe, and Central Asia",3,Both,14,45-49 years,302,Diarrheal diseases,183,Clostridium difficile,1,Number,2009,499.3566581,499.3566581,253.5573628
1,Deaths,,"Central Europe, Eastern Europe, and Central Asia",3,Both,14,45-49 years,302,Diarrheal diseases,183,Clostridium difficile,1,Number,2010,484.0076808,484.0076808,248.9067981
1,Deaths,,"Central Europe, Eastern Europe, and Central Asia",3,Both,14,45-49 years,302,Diarrheal diseases,183,Clostridium difficile,1,Number,2011,453.0220797,453.0220797,229.969869
1,Deaths,,"Central Europe, Eastern Europe, and Central Asia",3,Both,14,45-49 years,302,Diarrheal diseases,183,Clostridium difficile,1,Number,2012,430.0997985,430.0997985,229.3762264
1,Deaths,,"Central Europe, Eastern Europe, and Central Asia",3,Both,14,45-49 years,302,Diarrheal diseases,183,Clostridium difficile,1,Number,2013,438.9939837,438.9939837,215.0877422
1,Deaths,,"Central Europe, Eastern Europe, and Central Asia",3,Both,14,45-49 years,302,Diarrheal diseases,183,Clostridium difficile,1,Number,2014,427.5458908,427.5458908,232.4913257
1,Deaths,,"Central Europe, Eastern Europe, and Central Asia",3,Both,14,45-49 years,302,Diarrheal diseases,183,Clostridium difficile,1,Number,2015,458.9452179,458.9452179,245.1275316
1,Deaths,,"Central Europe, Eastern Europe, and Central Asia",3,Both,14,45-49 years,302,Diarrheal diseases,183,Clostridium difficile,1,Number,2016,449.371463,449.371463,255.2801573
1,Deaths,,"Central Europe, Eastern Europe, and Central Asia",3,Both,14,45-49 years,302,Diarrheal diseases,183,Clostridium difficile,1,Number,2017,462.4971374,462.4971374,261.110662
1,Deaths,,"Central Europe, Eastern Europe, and Central Asia",3,Both,14,45-49 years,302,Diarrheal diseases,183,Clostridium difficile,1,Number,2018,483.6995901,483.6995901,275.8636139
1,Deaths,,"Central Europe, Eastern Europe, and Central Asia",3,Both,14,45-49 years,302,Diarrheal diseases,183,Clostridium difficile,1,Number,2019,506.8301293,506.8301293,282.3703727
1,Deaths,,"Central Europe, Eastern Europe, and Central Asia",3,Both,14,45-49 years,302,Diarrheal diseases,183,Clostridium difficile,1,Number,2020,466.1907864,466.1907864,277.3810791
1,Deaths,,"Central Europe, Eastern Europe, and Central Asia",3,Both,14,45-49 years,302,Diarrheal diseases,183,Clostridium difficile,1,Number,2021,474.4480777,474.4480777,262.3196876
1,Deaths,,"Central Europe, Eastern Europe, and Central Asia",3,Both,6,5-9 years,302,Diarrheal diseases,183,Clostridium difficile,1,Number,1990,60.08079577,60.08079577,25.85629252
1,Deaths,,"Central Europe, Eastern Europe, and Central Asia",3,Both,6,5-9 years,302,Diarrheal diseases,183,Clostridium difficile,1,Number,1991,59.43183147,59.43183147,27.54575051
1,Deaths,,"Central Europe, Eastern Europe, and Central Asia",3,Both,6,5-9 years,302,Diarrheal diseases,183,Clostridium difficile,1,Number,1992,64.55054916,64.55054916,28.48933154
1,Deaths,,"Central Europe, Eastern Europe, and Central Asia",3,Both,6,5-9 years,302,Diarrheal diseases,183,Clostridium difficile,1,Number,1993,71.52126029,71.52126029,33.59341165
1,Deaths,,"Central Europe, Eastern Europe, and Central Asia",3,Both,6,5-9 years,302,Diarrheal diseases,183,Clostridium difficile,1,Number,1994,65.43189442,65.43189442,30.44955742
1,Deaths,,"Central Europe, Eastern Europe, and Central Asia",3,Both,6,5-9 years,302,Diarrheal diseases,183,Clostridium difficile,1,Number,1995,67.87264335,67.87264335,31.4960056
1,Deaths,,"Central Europe, Eastern Europe, and Central Asia",3,Both,6,5-9 years,302,Diarrheal diseases,183,Clostridium difficile,1,Number,1996,62.08623741,62.08623741,29.38090427
1,Deaths,,"Central Europe, Eastern Europe, and Central Asia",3,Both,6,5-9 years,302,Diarrheal diseases,183,Clostridium difficile,1,Number,1997,60.47141291,60.47141291,28.84606555
1,Deaths,,"Central Europe, Eastern Europe, and Central Asia",3,Both,6,5-9 years,302,Diarrheal diseases,183,Clostridium difficile,1,Number,1998,58.09054554,58.09054554,27.30384868
1,Deaths,,"Central Europe, Eastern Europe, and Central Asia",3,Both,6,5-9 years,302,Diarrheal diseases,183,Clostridium difficile,1,Number,1999,58.77624745,58.77624745,26.57775394
1,Deaths,,"Central Europe, Eastern Europe, and Central Asia",3,Both,6,5-9 years,302,Diarrheal diseases,183,Clostridium difficile,1,Number,2000,52.52966177,52.52966177,24.04957192
1,Deaths,,"Central Europe, Eastern Europe, and Central Asia",3,Both,6,5-9 years,302,Diarrheal diseases,183,Clostridium difficile,1,Number,2001,48.10739514,48.10739514,23.16011631
1,Deaths,,"Central Europe, Eastern Europe, and Central Asia",3,Both,6,5-9 years,302,Diarrheal diseases,183,Clostridium difficile,1,Number,2002,43.99716488,43.99716488,20.73717514
1,Deaths,,"Central Europe, Eastern Europe, and Central Asia",3,Both,6,5-9 years,302,Diarrheal diseases,183,Clostridium difficile,1,Number,2003,39.94807373,39.94807373,18.42326271
1,Deaths,,"Central Europe, Eastern Europe, and Central Asia",3,Both,6,5-9 years,302,Diarrheal diseases,183,Clostridium difficile,1,Number,2004,38.81523559,38.81523559,18.32072655
1,Deaths,,"Central Europe, Eastern Europe, and Central Asia",3,Both,6,5-9 years,302,Diarrheal diseases,183,Clostridium difficile,1,Number,2005,35.93646222,35.93646222,17.17259966
1,Deaths,,"Central Europe, Eastern Europe, and Central Asia",3,Both,6,5-9 years,302,Diarrheal diseases,183,Clostridium difficile,1,Number,2006,33.59423373,33.59423373,15.52998173
1,Deaths,,"Central Europe, Eastern Europe, and Central Asia",3,Both,6,5-9 years,302,Diarrheal diseases,183,Clostridium difficile,1,Number,2007,32.22313161,32.22313161,14.83180557
1,Deaths,,"Central Europe, Eastern Europe, and Central Asia",3,Both,6,5-9 years,302,Diarrheal diseases,183,Clostridium difficile,1,Number,2008,30.82654233,30.82654233,14.69700713
1,Deaths,,"Central Europe, Eastern Europe, and Central Asia",3,Both,6,5-9 years,302,Diarrheal diseases,183,Clostridium difficile,1,Number,2009,31.59054767,31.59054767,14.98239147
1,Deaths,,"Central Europe, Eastern Europe, and Central Asia",3,Both,6,5-9 years,302,Diarrheal diseases,183,Clostridium difficile,1,Number,2010,31.64937402,31.64937402,15.74495939
1,Deaths,,"Central Europe, Eastern Europe, and Central Asia",3,Both,6,5-9 years,302,Diarrheal diseases,183,Clostridium difficile,1,Number,2011,32.17402943,32.17402943,15.95580528
1,Deaths,,"Central Europe, Eastern Europe, and Central Asia",3,Both,6,5-9 years,302,Diarrheal diseases,183,Clostridium difficile,1,Number,2012,32.50243144,32.50243144,16.34787336
1,Deaths,,"Central Europe, Eastern Europe, and Central Asia",3,Both,6,5-9 years,302,Diarrheal diseases,183,Clostridium difficile,1,Number,2013,33.19720917,33.19720917,16.53364775
1,Deaths,,"Central Europe, Eastern Europe, and Central Asia",3,Both,6,5-9 years,302,Diarrheal diseases,183,Clostridium difficile,1,Number,2014,34.11878417,34.11878417,16.97164106
1,Deaths,,"Central Europe, Eastern Europe, and Central Asia",3,Both,6,5-9 years,302,Diarrheal diseases,183,Clostridium difficile,1,Number,2015,33.55096252,33.55096252,17.12159017
1,Deaths,,"Central Europe, Eastern Europe, and Central Asia",3,Both,6,5-9 years,302,Diarrheal diseases,183,Clostridium difficile,1,Number,2016,33.53964532,33.53964532,16.95016864
1,Deaths,,"Central Europe, Eastern Europe, and Central Asia",3,Both,6,5-9 years,302,Diarrheal diseases,183,Clostridium difficile,1,Number,2017,33.36605236,33.36605236,17.08135277
1,Deaths,,"Central Europe, Eastern Europe, and Central Asia",3,Both,6,5-9 years,302,Diarrheal diseases,183,Clostridium difficile,1,Number,2018,32.32708194,32.32708194,17.24837088
1,Deaths,,"Central Europe, Eastern Europe, and Central Asia",3,Both,6,5-9 years,302,Diarrheal diseases,183,Clostridium difficile,1,Number,2019,33.5591239,33.5591239,17.07179803
1,Deaths,,"Central Europe, Eastern Europe, and Central Asia",3,Both,6,5-9 years,302,Diarrheal diseases,183,Clostridium difficile,1,Number,2020,33.77814194,33.77814194,17.19012196
1,Deaths,,"Central Europe, Eastern Europe, and Central Asia",3,Both,6,5-9 years,302,Diarrheal diseases,183,Clostridium difficile,1,Number,2021,27.22619549,27.22619549,14.75630822
1,Deaths,,"Central Europe, Eastern Europe, and Central Asia",3,Both,15,50-54 years,302,Diarrheal diseases,183,Clostridium difficile,1,Number,1990,686.9719524,686.9719524,317.0710422
1,Deaths,,"Central Europe, Eastern Europe, and Central Asia",3,Both,15,50-54 years,302,Diarrheal diseases,183,Clostridium difficile,1,Number,1991,694.8360263,694.8360263,320.0735267
1,Deaths,,"Central Europe, Eastern Europe, and Central Asia",3,Both,15,50-54 years,302,Diarrheal diseases,183,Clostridium difficile,1,Number,1992,714.2408973,714.2408973,328.4942752
1,Deaths,,"Central Europe, Eastern Europe, and Central Asia",3,Both,15,50-54 years,302,Diarrheal diseases,183,Clostridium difficile,1,Number,1993,716.226614,716.226614,335.9552349
1,Deaths,,"Central Europe, Eastern Europe, and Central Asia",3,Both,15,50-54 years,302,Diarrheal diseases,183,Clostridium difficile,1,Number,1994,701.8238568,701.8238568,323.7411863
1,Deaths,,"Central Europe, Eastern Europe, and Central Asia",3,Both,15,50-54 years,302,Diarrheal diseases,183,Clostridium difficile,1,Number,1995,626.6922138,626.6922138,302.3904607
1,Deaths,,"Central Europe, Eastern Europe, and Central Asia",3,Both,15,50-54 years,302,Diarrheal diseases,183,Clostridium difficile,1,Number,1996,535.321963,535.321963,250.8734077
1,Deaths,,"Central Europe, Eastern Europe, and Central Asia",3,Both,15,50-54 years,302,Diarrheal diseases,183,Clostridium difficile,1,Number,1997,500.6390531,500.6390531,245.9876893
1,Deaths,,"Central Europe, Eastern Europe, and Central Asia",3,Both,15,50-54 years,302,Diarrheal diseases,183,Clostridium difficile,1,Number,1998,523.119797,523.119797,252.5414496
1,Deaths,,"Central Europe, Eastern Europe, and Central Asia",3,Both,15,50-54 years,302,Diarrheal diseases,183,Clostridium difficile,1,Number,1999,622.2510638,622.2510638,294.8461708
1,Deaths,,"Central Europe, Eastern Europe, and Central Asia",3,Both,15,50-54 years,302,Diarrheal diseases,183,Clostridium difficile,1,Number,2000,720.3030293,720.3030293,349.5814727
1,Deaths,,"Central Europe, Eastern Europe, and Central Asia",3,Both,15,50-54 years,302,Diarrheal diseases,183,Clostridium difficile,1,Number,2001,801.0431381,801.0431381,366.1067525
1,Deaths,,"Central Europe, Eastern Europe, and Central Asia",3,Both,15,50-54 years,302,Diarrheal diseases,183,Clostridium difficile,1,Number,2002,846.2993107,846.2993107,406.3996346
1,Deaths,,"Central Europe, Eastern Europe, and Central Asia",3,Both,15,50-54 years,302,Diarrheal diseases,183,Clostridium difficile,1,Number,2003,886.7376673,886.7376673,434.5819245
1,Deaths,,"Central Europe, Eastern Europe, and Central Asia",3,Both,15,50-54 years,302,Diarrheal diseases,183,Clostridium difficile,1,Number,2004,906.7523708,906.7523708,452.3740963
1,Deaths,,"Central Europe, Eastern Europe, and Central Asia",3,Both,15,50-54 years,302,Diarrheal diseases,183,Clostridium difficile,1,Number,2005,926.4590135,926.4590135,435.7892948
1,Deaths,,"Central Europe, Eastern Europe, and Central Asia",3,Both,15,50-54 years,302,Diarrheal diseases,183,Clostridium difficile,1,Number,2006,853.9010663,853.9010663,437.0760293
1,Deaths,,"Central Europe, Eastern Europe, and Central Asia",3,Both,15,50-54 years,302,Diarrheal diseases,183,Clostridium difficile,1,Number,2007,847.9421608,847.9421608,429.8399718
1,Deaths,,"Central Europe, Eastern Europe, and Central Asia",3,Both,15,50-54 years,302,Diarrheal diseases,183,Clostridium difficile,1,Number,2008,860.0434682,860.0434682,424.5343796
1,Deaths,,"Central Europe, Eastern Europe, and Central Asia",3,Both,15,50-54 years,302,Diarrheal diseases,183,Clostridium difficile,1,Number,2009,838.0750676,838.0750676,428.0690655
1,Deaths,,"Central Europe, Eastern Europe, and Central Asia",3,Both,15,50-54 years,302,Diarrheal diseases,183,Clostridium difficile,1,Number,2010,848.5197724,848.5197724,432.0739122
1,Deaths,,"Central Europe, Eastern Europe, and Central Asia",3,Both,15,50-54 years,302,Diarrheal diseases,183,Clostridium difficile,1,Number,2011,806.4477138,806.4477138,438.8424161
1,Deaths,,"Central Europe, Eastern Europe, and Central Asia",3,Both,15,50-54 years,302,Diarrheal diseases,183,Clostridium difficile,1,Number,2012,799.939112,799.939112,441.3355618
1,Deaths,,"Central Europe, Eastern Europe, and Central Asia",3,Both,15,50-54 years,302,Diarrheal diseases,183,Clostridium difficile,1,Number,2013,814.2578366,814.2578366,429.4780521
1,Deaths,,"Central Europe, Eastern Europe, and Central Asia",3,Both,15,50-54 years,302,Diarrheal diseases,183,Clostridium difficile,1,Number,2014,803.8361657,803.8361657,435.7282408
1,Deaths,,"Central Europe, Eastern Europe, and Central Asia",3,Both,15,50-54 years,302,Diarrheal diseases,183,Clostridium difficile,1,Number,2015,832.1444501,832.1444501,446.9206931
1,Deaths,,"Central Europe, Eastern Europe, and Central Asia",3,Both,15,50-54 years,302,Diarrheal diseases,183,Clostridium difficile,1,Number,2016,791.8182423,791.8182423,432.0285827
1,Deaths,,"Central Europe, Eastern Europe, and Central Asia",3,Both,15,50-54 years,302,Diarrheal diseases,183,Clostridium difficile,1,Number,2017,764.0745111,764.0745111,430.5992977
1,Deaths,,"Central Europe, Eastern Europe, and Central Asia",3,Both,15,50-54 years,302,Diarrheal diseases,183,Clostridium difficile,1,Number,2018,771.9968532,771.9968532,428.5135395
1,Deaths,,"Central Europe, Eastern Europe, and Central Asia",3,Both,15,50-54 years,302,Diarrheal diseases,183,Clostridium difficile,1,Number,2019,767.1366446,767.1366446,437.7541139
1,Deaths,,"Central Europe, Eastern Europe, and Central Asia",3,Both,15,50-54 years,302,Diarrheal diseases,183,Clostridium difficile,1,Number,2020,721.0211303,721.0211303,404.3062901
1,Deaths,,"Central Europe, Eastern Europe, and Central Asia",3,Both,15,50-54 years,302,Diarrheal diseases,183,Clostridium difficile,1,Number,2021,702.8854262,702.8854262,407.1192733
1,Deaths,,"Central Europe, Eastern Europe, and Central Asia",3,Both,16,55-59 years,302,Diarrheal diseases,183,Clostridium difficile,1,Number,1990,925.2710976,925.2710976,401.6381338
1,Deaths,,"Central Europe, Eastern Europe, and Central Asia",3,Both,16,55-59 years,302,Diarrheal diseases,183,Clostridium difficile,1,Number,1991,907.3648485,907.3648485,391.1159791
1,Deaths,,"Central Europe, Eastern Europe, and Central Asia",3,Both,16,55-59 years,302,Diarrheal diseases,183,Clostridium difficile,1,Number,1992,968.8196993,968.8196993,408.1506946
1,Deaths,,"Central Europe, Eastern Europe, and Central Asia",3,Both,16,55-59 years,302,Diarrheal diseases,183,Clostridium difficile,1,Number,1993,1067.047225,1067.047225,461.3746731
1,Deaths,,"Central Europe, Eastern Europe, and Central Asia",3,Both,16,55-59 years,302,Diarrheal diseases,183,Clostridium difficile,1,Number,1994,1183.544032,1183.544032,552.3611496
1,Deaths,,"Central Europe, Eastern Europe, and Central Asia",3,Both,16,55-59 years,302,Diarrheal diseases,183,Clostridium difficile,1,Number,1995,1248.420988,1248.420988,567.7107048
1,Deaths,,"Central Europe, Eastern Europe, and Central Asia",3,Both,16,55-59 years,302,Diarrheal diseases,183,Clostridium difficile,1,Number,1996,1155.535819,1155.535819,513.8621587
1,Deaths,,"Central Europe, Eastern Europe, and Central Asia",3,Both,16,55-59 years,302,Diarrheal diseases,183,Clostridium difficile,1,Number,1997,1057.248044,1057.248044,478.2035993
1,Deaths,,"Central Europe, Eastern Europe, and Central Asia",3,Both,16,55-59 years,302,Diarrheal diseases,183,Clostridium difficile,1,Number,1998,957.6462137,957.6462137,410.4926581
1,Deaths,,"Central Europe, Eastern Europe, and Central Asia",3,Both,16,55-59 years,302,Diarrheal diseases,183,Clostridium difficile,1,Number,1999,906.207017,906.207017,383.611571
1,Deaths,,"Central Europe, Eastern Europe, and Central Asia",3,Both,16,55-59 years,302,Diarrheal diseases,183,Clostridium difficile,1,Number,2000,819.2274306,819.2274306,354.8107912
1,Deaths,,"Central Europe, Eastern Europe, and Central Asia",3,Both,16,55-59 years,302,Diarrheal diseases,183,Clostridium difficile,1,Number,2001,730.6013899,730.6013899,335.974729
1,Deaths,,"Central Europe, Eastern Europe, and Central Asia",3,Both,16,55-59 years,302,Diarrheal diseases,183,Clostridium difficile,1,Number,2002,750.9115182,750.9115182,338.3061915
1,Deaths,,"Central Europe, Eastern Europe, and Central Asia",3,Both,16,55-59 years,302,Diarrheal diseases,183,Clostridium difficile,1,Number,2003,807.6676398,807.6676398,375.5620906
1,Deaths,,"Central Europe, Eastern Europe, and Central Asia",3,Both,16,55-59 years,302,Diarrheal diseases,183,Clostridium difficile,1,Number,2004,906.3377575,906.3377575,429.253247
1,Deaths,,"Central Europe, Eastern Europe, and Central Asia",3,Both,16,55-59 years,302,Diarrheal diseases,183,Clostridium difficile,1,Number,2005,1016.166338,1016.166338,463.8508729
1,Deaths,,"Central Europe, Eastern Europe, and Central Asia",3,Both,16,55-59 years,302,Diarrheal diseases,183,Clostridium difficile,1,Number,2006,1019.144467,1019.144467,499.504221
1,Deaths,,"Central Europe, Eastern Europe, and Central Asia",3,Both,16,55-59 years,302,Diarrheal diseases,183,Clostridium difficile,1,Number,2007,1061.726058,1061.726058,495.9175577
1,Deaths,,"Central Europe, Eastern Europe, and Central Asia",3,Both,16,55-59 years,302,Diarrheal diseases,183,Clostridium difficile,1,Number,2008,1100.840369,1100.840369,515.2100332
1,Deaths,,"Central Europe, Eastern Europe, and Central Asia",3,Both,16,55-59 years,302,Diarrheal diseases,183,Clostridium difficile,1,Number,2009,1093.67289,1093.67289,525.6078267
1,Deaths,,"Central Europe, Eastern Europe, and Central Asia",3,Both,16,55-59 years,302,Diarrheal diseases,183,Clostridium difficile,1,Number,2010,1123.357819,1123.357819,541.0849783
1,Deaths,,"Central Europe, Eastern Europe, and Central Asia",3,Both,16,55-59 years,302,Diarrheal diseases,183,Clostridium difficile,1,Number,2011,1106.003145,1106.003145,531.523846
1,Deaths,,"Central Europe, Eastern Europe, and Central Asia",3,Both,16,55-59 years,302,Diarrheal diseases,183,Clostridium difficile,1,Number,2012,1107.807548,1107.807548,556.8927837
1,Deaths,,"Central Europe, Eastern Europe, and Central Asia",3,Both,16,55-59 years,302,Diarrheal diseases,183,Clostridium difficile,1,Number,2013,1143.485798,1143.485798,570.3213838
1,Deaths,,"Central Europe, Eastern Europe, and Central Asia",3,Both,16,55-59 years,302,Diarrheal diseases,183,Clostridium difficile,1,Number,2014,1186.577809,1186.577809,590.214968
1,Deaths,,"Central Europe, Eastern Europe, and Central Asia",3,Both,16,55-59 years,302,Diarrheal diseases,183,Clostridium difficile,1,Number,2015,1265.05206,1265.05206,645.3005249
1,Deaths,,"Central Europe, Eastern Europe, and Central Asia",3,Both,16,55-59 years,302,Diarrheal diseases,183,Clostridium difficile,1,Number,2016,1254.270848,1254.270848,658.6844044
1,Deaths,,"Central Europe, Eastern Europe, and Central Asia",3,Both,16,55-59 years,302,Diarrheal diseases,183,Clostridium difficile,1,Number,2017,1246.243214,1246.243214,695.0298948
1,Deaths,,"Central Europe, Eastern Europe, and Central Asia",3,Both,16,55-59 years,302,Diarrheal diseases,183,Clostridium difficile,1,Number,2018,1269.711812,1269.711812,703.8381054
1,Deaths,,"Central Europe, Eastern Europe, and Central Asia",3,Both,16,55-59 years,302,Diarrheal diseases,183,Clostridium difficile,1,Number,2019,1260.71009,1260.71009,691.5376838
1,Deaths,,"Central Europe, Eastern Europe, and Central Asia",3,Both,16,55-59 years,302,Diarrheal diseases,183,Clostridium difficile,1,Number,2020,1115.075344,1115.075344,650.7575605
1,Deaths,,"Central Europe, Eastern Europe, and Central Asia",3,Both,16,55-59 years,302,Diarrheal diseases,183,Clostridium difficile,1,Number,2021,1091.445503,1091.445503,571.7364668
1,Deaths,,"Central Europe, Eastern Europe, and Central Asia",3,Both,17,60-64 years,302,Diarrheal diseases,183,Clostridium difficile,1,Number,1990,1460.015753,1460.015753,642.4880176
1,Deaths,,"Central Europe, Eastern Europe, and Central Asia",3,Both,17,60-64 years,302,Diarrheal diseases,183,Clostridium difficile,1,Number,1991,1469.88188,1469.88188,646.0670504
1,Deaths,,"Central Europe, Eastern Europe, and Central Asia",3,Both,17,60-64 years,302,Diarrheal diseases,183,Clostridium difficile,1,Number,1992,1474.479127,1474.479127,668.0457237
1,Deaths,,"Central Europe, Eastern Europe, and Central Asia",3,Both,17,60-64 years,302,Diarrheal diseases,183,Clostridium difficile,1,Number,1993,1523.573543,1523.573543,665.2015577
1,Deaths,,"Central Europe, Eastern Europe, and Central Asia",3,Both,17,60-64 years,302,Diarrheal diseases,183,Clostridium difficile,1,Number,1994,1511.196261,1511.196261,682.2882048
1,Deaths,,"Central Europe, Eastern Europe, and Central Asia",3,Both,17,60-64 years,302,Diarrheal diseases,183,Clostridium difficile,1,Number,1995,1440.168013,1440.168013,676.3559093
1,Deaths,,"Central Europe, Eastern Europe, and Central Asia",3,Both,17,60-64 years,302,Diarrheal diseases,183,Clostridium difficile,1,Number,1996,1336.892167,1336.892167,595.7090198
1,Deaths,,"Central Europe, Eastern Europe, and Central Asia",3,Both,17,60-64 years,302,Diarrheal diseases,183,Clostridium difficile,1,Number,1997,1287.378425,1287.378425,626.1668337
1,Deaths,,"Central Europe, Eastern Europe, and Central Asia",3,Both,17,60-64 years,302,Diarrheal diseases,183,Clostridium difficile,1,Number,1998,1302.342516,1302.342516,626.2771106
1,Deaths,,"Central Europe, Eastern Europe, and Central Asia",3,Both,17,60-64 years,302,Diarrheal diseases,183,Clostridium difficile,1,Number,1999,1486.915108,1486.915108,636.2201685
1,Deaths,,"Central Europe, Eastern Europe, and Central Asia",3,Both,17,60-64 years,302,Diarrheal diseases,183,Clostridium difficile,1,Number,2000,1510.395854,1510.395854,719.0551555
1,Deaths,,"Central Europe, Eastern Europe, and Central Asia",3,Both,17,60-64 years,302,Diarrheal diseases,183,Clostridium difficile,1,Number,2001,1484.947078,1484.947078,700.1565444
1,Deaths,,"Central Europe, Eastern Europe, and Central Asia",3,Both,17,60-64 years,302,Diarrheal diseases,183,Clostridium difficile,1,Number,2002,1441.514748,1441.514748,686.7785644
1,Deaths,,"Central Europe, Eastern Europe, and Central Asia",3,Both,17,60-64 years,302,Diarrheal diseases,183,Clostridium difficile,1,Number,2003,1322.75848,1322.75848,612.2402434
1,Deaths,,"Central Europe, Eastern Europe, and Central Asia",3,Both,17,60-64 years,302,Diarrheal diseases,183,Clostridium difficile,1,Number,2004,1179.701353,1179.701353,529.9652981
1,Deaths,,"Central Europe, Eastern Europe, and Central Asia",3,Both,17,60-64 years,302,Diarrheal diseases,183,Clostridium difficile,1,Number,2005,1009.494151,1009.494151,463.1927451
1,Deaths,,"Central Europe, Eastern Europe, and Central Asia",3,Both,17,60-64 years,302,Diarrheal diseases,183,Clostridium difficile,1,Number,2006,855.2469578,855.2469578,436.1910811
1,Deaths,,"Central Europe, Eastern Europe, and Central Asia",3,Both,17,60-64 years,302,Diarrheal diseases,183,Clostridium difficile,1,Number,2007,846.6088908,846.6088908,435.1578762
1,Deaths,,"Central Europe, Eastern Europe, and Central Asia",3,Both,17,60-64 years,302,Diarrheal diseases,183,Clostridium difficile,1,Number,2008,910.7654484,910.7654484,461.2272494
1,Deaths,,"Central Europe, Eastern Europe, and Central Asia",3,Both,17,60-64 years,302,Diarrheal diseases,183,Clostridium difficile,1,Number,2009,1013.480176,1013.480176,507.8605233
1,Deaths,,"Central Europe, Eastern Europe, and Central Asia",3,Both,17,60-64 years,302,Diarrheal diseases,183,Clostridium difficile,1,Number,2010,1175.022128,1175.022128,575.1171584
1,Deaths,,"Central Europe, Eastern Europe, and Central Asia",3,Both,17,60-64 years,302,Diarrheal diseases,183,Clostridium difficile,1,Number,2011,1245.884619,1245.884619,631.1448085
1,Deaths,,"Central Europe, Eastern Europe, and Central Asia",3,Both,17,60-64 years,302,Diarrheal diseases,183,Clostridium difficile,1,Number,2012,1314.469725,1314.469725,666.4711911
1,Deaths,,"Central Europe, Eastern Europe, and Central Asia",3,Both,17,60-64 years,302,Diarrheal diseases,183,Clostridium difficile,1,Number,2013,1364.552297,1364.552297,728.0728596
1,Deaths,,"Central Europe, Eastern Europe, and Central Asia",3,Both,17,60-64 years,302,Diarrheal diseases,183,Clostridium difficile,1,Number,2014,1423.002957,1423.002957,767.0495816
1,Deaths,,"Central Europe, Eastern Europe, and Central Asia",3,Both,17,60-64 years,302,Diarrheal diseases,183,Clostridium difficile,1,Number,2015,1528.750652,1528.750652,858.4217074
1,Deaths,,"Central Europe, Eastern Europe, and Central Asia",3,Both,17,60-64 years,302,Diarrheal diseases,183,Clostridium difficile,1,Number,2016,1565.518981,1565.518981,869.0843865
1,Deaths,,"Central Europe, Eastern Europe, and Central Asia",3,Both,17,60-64 years,302,Diarrheal diseases,183,Clostridium difficile,1,Number,2017,1613.161254,1613.161254,910.2382669
1,Deaths,,"Central Europe, Eastern Europe, and Central Asia",3,Both,17,60-64 years,302,Diarrheal diseases,183,Clostridium difficile,1,Number,2018,1695.925462,1695.925462,941.4624032
1,Deaths,,"Central Europe, Eastern Europe, and Central Asia",3,Both,17,60-64 years,302,Diarrheal diseases,183,Clostridium difficile,1,Number,2019,1720.738369,1720.738369,983.9034675
1,Deaths,,"Central Europe, Eastern Europe, and Central Asia",3,Both,17,60-64 years,302,Diarrheal diseases,183,Clostridium difficile,1,Number,2020,1601.572595,1601.572595,941.9151113
1,Deaths,,"Central Europe, Eastern Europe, and Central Asia",3,Both,17,60-64 years,302,Diarrheal diseases,183,Clostridium difficile,1,Number,2021,1584.128118,1584.128118,932.7200994
1,Deaths,,"Central Europe, Eastern Europe, and Central Asia",3,Both,18,65-69 years,302,Diarrheal diseases,183,Clostridium difficile,1,Number,1990,1461.533501,1461.533501,688.3170727
1,Deaths,,"Central Europe, Eastern Europe, and Central Asia",3,Both,18,65-69 years,302,Diarrheal diseases,183,Clostridium difficile,1,Number,1991,1531.330432,1531.330432,729.1360937
1,Deaths,,"Central Europe, Eastern Europe, and Central Asia",3,Both,18,65-69 years,302,Diarrheal diseases,183,Clostridium difficile,1,Number,1992,1668.376329,1668.376329,787.3840357
1,Deaths,,"Central Europe, Eastern Europe, and Central Asia",3,Both,18,65-69 years,302,Diarrheal diseases,183,Clostridium difficile,1,Number,1993,1813.785243,1813.785243,863.4298763
1,Deaths,,"Central Europe, Eastern Europe, and Central Asia",3,Both,18,65-69 years,302,Diarrheal diseases,183,Clostridium difficile,1,Number,1994,1975.933259,1975.933259,952.2417508
1,Deaths,,"Central Europe, Eastern Europe, and Central Asia",3,Both,18,65-69 years,302,Diarrheal diseases,183,Clostridium difficile,1,Number,1995,2048.937383,2048.937383,957.1502247
1,Deaths,,"Central Europe, Eastern Europe, and Central Asia",3,Both,18,65-69 years,302,Diarrheal diseases,183,Clostridium difficile,1,Number,1996,1934.291471,1934.291471,922.0238862
1,Deaths,,"Central Europe, Eastern Europe, and Central Asia",3,Both,18,65-69 years,302,Diarrheal diseases,183,Clostridium difficile,1,Number,1997,1863.356437,1863.356437,886.0256814
1,Deaths,,"Central Europe, Eastern Europe, and Central Asia",3,Both,18,65-69 years,302,Diarrheal diseases,183,Clostridium difficile,1,Number,1998,1791.390312,1791.390312,829.760626
1,Deaths,,"Central Europe, Eastern Europe, and Central Asia",3,Both,18,65-69 years,302,Diarrheal diseases,183,Clostridium difficile,1,Number,1999,1743.902675,1743.902675,820.7425828
1,Deaths,,"Central Europe, Eastern Europe, and Central Asia",3,Both,18,65-69 years,302,Diarrheal diseases,183,Clostridium difficile,1,Number,2000,1661.752585,1661.752585,812.9877973
1,Deaths,,"Central Europe, Eastern Europe, and Central Asia",3,Both,18,65-69 years,302,Diarrheal diseases,183,Clostridium difficile,1,Number,2001,1569.170675,1569.170675,786.4269565
1,Deaths,,"Central Europe, Eastern Europe, and Central Asia",3,Both,18,65-69 years,302,Diarrheal diseases,183,Clostridium difficile,1,Number,2002,1618.170621,1618.170621,799.1698663
1,Deaths,,"Central Europe, Eastern Europe, and Central Asia",3,Both,18,65-69 years,302,Diarrheal diseases,183,Clostridium difficile,1,Number,2003,1672.920742,1672.920742,809.7009317
1,Deaths,,"Central Europe, Eastern Europe, and Central Asia",3,Both,18,65-69 years,302,Diarrheal diseases,183,Clostridium difficile,1,Number,2004,1761.71901,1761.71901,831.4514444
1,Deaths,,"Central Europe, Eastern Europe, and Central Asia",3,Both,18,65-69 years,302,Diarrheal diseases,183,Clostridium difficile,1,Number,2005,1728.268695,1728.268695,851.7914837
1,Deaths,,"Central Europe, Eastern Europe, and Central Asia",3,Both,18,65-69 years,302,Diarrheal diseases,183,Clostridium difficile,1,Number,2006,1632.432417,1632.432417,797.9229645
1,Deaths,,"Central Europe, Eastern Europe, and Central Asia",3,Both,18,65-69 years,302,Diarrheal diseases,183,Clostridium difficile,1,Number,2007,1532.674728,1532.674728,765.3846472
1,Deaths,,"Central Europe, Eastern Europe, and Central Asia",3,Both,18,65-69 years,302,Diarrheal diseases,183,Clostridium difficile,1,Number,2008,1372.085554,1372.085554,718.5243826
1,Deaths,,"Central Europe, Eastern Europe, and Central Asia",3,Both,18,65-69 years,302,Diarrheal diseases,183,Clostridium difficile,1,Number,2009,1228.115308,1228.115308,621.6698175
1,Deaths,,"Central Europe, Eastern Europe, and Central Asia",3,Both,18,65-69 years,302,Diarrheal diseases,183,Clostridium difficile,1,Number,2010,1119.227435,1119.227435,549.1221578
1,Deaths,,"Central Europe, Eastern Europe, and Central Asia",3,Both,18,65-69 years,302,Diarrheal diseases,183,Clostridium difficile,1,Number,2011,985.7954755,985.7954755,532.2334424
1,Deaths,,"Central Europe, Eastern Europe, and Central Asia",3,Both,18,65-69 years,302,Diarrheal diseases,183,Clostridium difficile,1,Number,2012,1011.757756,1011.757756,538.3475795
1,Deaths,,"Central Europe, Eastern Europe, and Central Asia",3,Both,18,65-69 years,302,Diarrheal diseases,183,Clostridium difficile,1,Number,2013,1087.578121,1087.578121,611.6909617
1,Deaths,,"Central Europe, Eastern Europe, and Central Asia",3,Both,18,65-69 years,302,Diarrheal diseases,183,Clostridium difficile,1,Number,2014,1259.563629,1259.563629,710.0747563
1,Deaths,,"Central Europe, Eastern Europe, and Central Asia",3,Both,18,65-69 years,302,Diarrheal diseases,183,Clostridium difficile,1,Number,2015,1529.587033,1529.587033,864.3051493
1,Deaths,,"Central Europe, Eastern Europe, and Central Asia",3,Both,18,65-69 years,302,Diarrheal diseases,183,Clostridium difficile,1,Number,2016,1700.971761,1700.971761,947.8632256
1,Deaths,,"Central Europe, Eastern Europe, and Central Asia",3,Both,18,65-69 years,302,Diarrheal diseases,183,Clostridium difficile,1,Number,2017,1797.646767,1797.646767,1057.414529
1,Deaths,,"Central Europe, Eastern Europe, and Central Asia",3,Both,18,65-69 years,302,Diarrheal diseases,183,Clostridium difficile,1,Number,2018,1932.893366,1932.893366,1117.121972
1,Deaths,,"Central Europe, Eastern Europe, and Central Asia",3,Both,18,65-69 years,302,Diarrheal diseases,183,Clostridium difficile,1,Number,2019,1970.286342,1970.286342,1178.739599
1,Deaths,,"Central Europe, Eastern Europe, and Central Asia",3,Both,18,65-69 years,302,Diarrheal diseases,183,Clostridium difficile,1,Number,2020,1898.31658,1898.31658,1120.11943
1,Deaths,,"Central Europe, Eastern Europe, and Central Asia",3,Both,18,65-69 years,302,Diarrheal diseases,183,Clostridium difficile,1,Number,2021,1942.373789,1942.373789,1081.059423
1,Deaths,,"Central Europe, Eastern Europe, and Central Asia",3,Both,19,70-74 years,302,Diarrheal diseases,183,Clostridium difficile,1,Number,1990,1160.410105,1160.410105,508.6075263
1,Deaths,,"Central Europe, Eastern Europe, and Central Asia",3,Both,19,70-74 years,302,Diarrheal diseases,183,Clostridium difficile,1,Number,1991,1194.187333,1194.187333,500.1694328
1,Deaths,,"Central Europe, Eastern Europe, and Central Asia",3,Both,19,70-74 years,302,Diarrheal diseases,183,Clostridium difficile,1,Number,1992,1270.516251,1270.516251,572.4524726
1,Deaths,,"Central Europe, Eastern Europe, and Central Asia",3,Both,19,70-74 years,302,Diarrheal diseases,183,Clostridium difficile,1,Number,1993,1420.317059,1420.317059,639.6442107
1,Deaths,,"Central Europe, Eastern Europe, and Central Asia",3,Both,19,70-74 years,302,Diarrheal diseases,183,Clostridium difficile,1,Number,1994,1543.348467,1543.348467,723.7260675
1,Deaths,,"Central Europe, Eastern Europe, and Central Asia",3,Both,19,70-74 years,302,Diarrheal diseases,183,Clostridium difficile,1,Number,1995,1650.398652,1650.398652,771.0565173
1,Deaths,,"Central Europe, Eastern Europe, and Central Asia",3,Both,19,70-74 years,302,Diarrheal diseases,183,Clostridium difficile,1,Number,1996,1702.595741,1702.595741,755.2951671
1,Deaths,,"Central Europe, Eastern Europe, and Central Asia",3,Both,19,70-74 years,302,Diarrheal diseases,183,Clostridium difficile,1,Number,1997,1795.631318,1795.631318,791.5758577
1,Deaths,,"Central Europe, Eastern Europe, and Central Asia",3,Both,19,70-74 years,302,Diarrheal diseases,183,Clostridium difficile,1,Number,1998,1855.983074,1855.983074,820.6843383
1,Deaths,,"Central Europe, Eastern Europe, and Central Asia",3,Both,19,70-74 years,302,Diarrheal diseases,183,Clostridium difficile,1,Number,1999,1974.79078,1974.79078,893.196051
1,Deaths,,"Central Europe, Eastern Europe, and Central Asia",3,Both,19,70-74 years,302,Diarrheal diseases,183,Clostridium difficile,1,Number,2000,2004.30686,2004.30686,931.6285791
1,Deaths,,"Central Europe, Eastern Europe, and Central Asia",3,Both,19,70-74 years,302,Diarrheal diseases,183,Clostridium difficile,1,Number,2001,1935.121189,1935.121189,936.5199503
1,Deaths,,"Central Europe, Eastern Europe, and Central Asia",3,Both,19,70-74 years,302,Diarrheal diseases,183,Clostridium difficile,1,Number,2002,1930.505223,1930.505223,895.6362841
1,Deaths,,"Central Europe, Eastern Europe, and Central Asia",3,Both,19,70-74 years,302,Diarrheal diseases,183,Clostridium difficile,1,Number,2003,1877.094825,1877.094825,836.6973273
1,Deaths,,"Central Europe, Eastern Europe, and Central Asia",3,Both,19,70-74 years,302,Diarrheal diseases,183,Clostridium difficile,1,Number,2004,1746.666701,1746.666701,773.2841633
1,Deaths,,"Central Europe, Eastern Europe, and Central Asia",3,Both,19,70-74 years,302,Diarrheal diseases,183,Clostridium difficile,1,Number,2005,1549.626488,1549.626488,785.9928063
1,Deaths,,"Central Europe, Eastern Europe, and Central Asia",3,Both,19,70-74 years,302,Diarrheal diseases,183,Clostridium difficile,1,Number,2006,1500.15019,1500.15019,697.1160616
1,Deaths,,"Central Europe, Eastern Europe, and Central Asia",3,Both,19,70-74 years,302,Diarrheal diseases,183,Clostridium difficile,1,Number,2007,1512.164681,1512.164681,698.9531928
1,Deaths,,"Central Europe, Eastern Europe, and Central Asia",3,Both,19,70-74 years,302,Diarrheal diseases,183,Clostridium difficile,1,Number,2008,1530.52265,1530.52265,739.0655198
1,Deaths,,"Central Europe, Eastern Europe, and Central Asia",3,Both,19,70-74 years,302,Diarrheal diseases,183,Clostridium difficile,1,Number,2009,1582.810967,1582.810967,785.0016647
1,Deaths,,"Central Europe, Eastern Europe, and Central Asia",3,Both,19,70-74 years,302,Diarrheal diseases,183,Clostridium difficile,1,Number,2010,1625.097628,1625.097628,862.5995313
1,Deaths,,"Central Europe, Eastern Europe, and Central Asia",3,Both,19,70-74 years,302,Diarrheal diseases,183,Clostridium difficile,1,Number,2011,1607.080705,1607.080705,823.009383
1,Deaths,,"Central Europe, Eastern Europe, and Central Asia",3,Both,19,70-74 years,302,Diarrheal diseases,183,Clostridium difficile,1,Number,2012,1544.482258,1544.482258,818.9980402
1,Deaths,,"Central Europe, Eastern Europe, and Central Asia",3,Both,19,70-74 years,302,Diarrheal diseases,183,Clostridium difficile,1,Number,2013,1427.614898,1427.614898,774.6310012
1,Deaths,,"Central Europe, Eastern Europe, and Central Asia",3,Both,19,70-74 years,302,Diarrheal diseases,183,Clostridium difficile,1,Number,2014,1328.646426,1328.646426,697.6920858
1,Deaths,,"Central Europe, Eastern Europe, and Central Asia",3,Both,19,70-74 years,302,Diarrheal diseases,183,Clostridium difficile,1,Number,2015,1267.812349,1267.812349,679.1024914
1,Deaths,,"Central Europe, Eastern Europe, and Central Asia",3,Both,19,70-74 years,302,Diarrheal diseases,183,Clostridium difficile,1,Number,2016,1188.977005,1188.977005,639.5984288
1,Deaths,,"Central Europe, Eastern Europe, and Central Asia",3,Both,19,70-74 years,302,Diarrheal diseases,183,Clostridium difficile,1,Number,2017,1227.116797,1227.116797,657.6309688
1,Deaths,,"Central Europe, Eastern Europe, and Central Asia",3,Both,19,70-74 years,302,Diarrheal diseases,183,Clostridium difficile,1,Number,2018,1301.312848,1301.312848,773.1156539
1,Deaths,,"Central Europe, Eastern Europe, and Central Asia",3,Both,19,70-74 years,302,Diarrheal diseases,183,Clostridium difficile,1,Number,2019,1486.443967,1486.443967,871.3048578
1,Deaths,,"Central Europe, Eastern Europe, and Central Asia",3,Both,19,70-74 years,302,Diarrheal diseases,183,Clostridium difficile,1,Number,2020,1616.59788,1616.59788,927.8433687
1,Deaths,,"Central Europe, Eastern Europe, and Central Asia",3,Both,19,70-74 years,302,Diarrheal diseases,183,Clostridium difficile,1,Number,2021,1736.003251,1736.003251,1032.67382
1,Deaths,,"Central Europe, Eastern Europe, and Central Asia",3,Both,20,75-79 years,302,Diarrheal diseases,183,Clostridium difficile,1,Number,1990,1848.024196,1848.024196,820.1708199
1,Deaths,,"Central Europe, Eastern Europe, and Central Asia",3,Both,20,75-79 years,302,Diarrheal diseases,183,Clostridium difficile,1,Number,1991,1746.304711,1746.304711,726.9753434
1,Deaths,,"Central Europe, Eastern Europe, and Central Asia",3,Both,20,75-79 years,302,Diarrheal diseases,183,Clostridium difficile,1,Number,1992,1622.606467,1622.606467,672.8451938
1,Deaths,,"Central Europe, Eastern Europe, and Central Asia",3,Both,20,75-79 years,302,Diarrheal diseases,183,Clostridium difficile,1,Number,1993,1476.73595,1476.73595,627.0999496
1,Deaths,,"Central Europe, Eastern Europe, and Central Asia",3,Both,20,75-79 years,302,Diarrheal diseases,183,Clostridium difficile,1,Number,1994,1388.635159,1388.635159,641.7228508
1,Deaths,,"Central Europe, Eastern Europe, and Central Asia",3,Both,20,75-79 years,302,Diarrheal diseases,183,Clostridium difficile,1,Number,1995,1350.579527,1350.579527,587.4519238
1,Deaths,,"Central Europe, Eastern Europe, and Central Asia",3,Both,20,75-79 years,302,Diarrheal diseases,183,Clostridium difficile,1,Number,1996,1315.583373,1315.583373,576.3637671
1,Deaths,,"Central Europe, Eastern Europe, and Central Asia",3,Both,20,75-79 years,302,Diarrheal diseases,183,Clostridium difficile,1,Number,1997,1396.013133,1396.013133,605.7883647
1,Deaths,,"Central Europe, Eastern Europe, and Central Asia",3,Both,20,75-79 years,302,Diarrheal diseases,183,Clostridium difficile,1,Number,1998,1490.560866,1490.560866,668.4724483
1,Deaths,,"Central Europe, Eastern Europe, and Central Asia",3,Both,20,75-79 years,302,Diarrheal diseases,183,Clostridium difficile,1,Number,1999,1608.328143,1608.328143,749.571324
1,Deaths,,"Central Europe, Eastern Europe, and Central Asia",3,Both,20,75-79 years,302,Diarrheal diseases,183,Clostridium difficile,1,Number,2000,1708.539953,1708.539953,818.5250108
1,Deaths,,"Central Europe, Eastern Europe, and Central Asia",3,Both,20,75-79 years,302,Diarrheal diseases,183,Clostridium difficile,1,Number,2001,1759.497903,1759.497903,838.2731481
1,Deaths,,"Central Europe, Eastern Europe, and Central Asia",3,Both,20,75-79 years,302,Diarrheal diseases,183,Clostridium difficile,1,Number,2002,1906.862167,1906.862167,890.5687215
1,Deaths,,"Central Europe, Eastern Europe, and Central Asia",3,Both,20,75-79 years,302,Diarrheal diseases,183,Clostridium difficile,1,Number,2003,1981.878565,1981.878565,936.8009013
1,Deaths,,"Central Europe, Eastern Europe, and Central Asia",3,Both,20,75-79 years,302,Diarrheal diseases,183,Clostridium difficile,1,Number,2004,2038.189035,2038.189035,950.8228784
1,Deaths,,"Central Europe, Eastern Europe, and Central Asia",3,Both,20,75-79 years,302,Diarrheal diseases,183,Clostridium difficile,1,Number,2005,1985.800691,1985.800691,956.2693515
1,Deaths,,"Central Europe, Eastern Europe, and Central Asia",3,Both,20,75-79 years,302,Diarrheal diseases,183,Clostridium difficile,1,Number,2006,1919.095348,1919.095348,933.86056
1,Deaths,,"Central Europe, Eastern Europe, and Central Asia",3,Both,20,75-79 years,302,Diarrheal diseases,183,Clostridium difficile,1,Number,2007,1828.109942,1828.109942,930.4216414
1,Deaths,,"Central Europe, Eastern Europe, and Central Asia",3,Both,20,75-79 years,302,Diarrheal diseases,183,Clostridium difficile,1,Number,2008,1814.166606,1814.166606,861.8620862
1,Deaths,,"Central Europe, Eastern Europe, and Central Asia",3,Both,20,75-79 years,302,Diarrheal diseases,183,Clostridium difficile,1,Number,2009,1684.669855,1684.669855,861.6742703
1,Deaths,,"Central Europe, Eastern Europe, and Central Asia",3,Both,20,75-79 years,302,Diarrheal diseases,183,Clostridium difficile,1,Number,2010,1662.055958,1662.055958,842.107387
1,Deaths,,"Central Europe, Eastern Europe, and Central Asia",3,Both,20,75-79 years,302,Diarrheal diseases,183,Clostridium difficile,1,Number,2011,1641.931407,1641.931407,799.7983893
1,Deaths,,"Central Europe, Eastern Europe, and Central Asia",3,Both,20,75-79 years,302,Diarrheal diseases,183,Clostridium difficile,1,Number,2012,1675.571849,1675.571849,876.139989
1,Deaths,,"Central Europe, Eastern Europe, and Central Asia",3,Both,20,75-79 years,302,Diarrheal diseases,183,Clostridium difficile,1,Number,2013,1766.063506,1766.063506,925.6894182
1,Deaths,,"Central Europe, Eastern Europe, and Central Asia",3,Both,20,75-79 years,302,Diarrheal diseases,183,Clostridium difficile,1,Number,2014,1868.621238,1868.621238,1036.323202
1,Deaths,,"Central Europe, Eastern Europe, and Central Asia",3,Both,20,75-79 years,302,Diarrheal diseases,183,Clostridium difficile,1,Number,2015,2074.432775,2074.432775,1165.437683
1,Deaths,,"Central Europe, Eastern Europe, and Central Asia",3,Both,20,75-79 years,302,Diarrheal diseases,183,Clostridium difficile,1,Number,2016,2121.043797,2121.043797,1166.830978
1,Deaths,,"Central Europe, Eastern Europe, and Central Asia",3,Both,20,75-79 years,302,Diarrheal diseases,183,Clostridium difficile,1,Number,2017,2093.968904,2093.968904,1198.176061
1,Deaths,,"Central Europe, Eastern Europe, and Central Asia",3,Both,20,75-79 years,302,Diarrheal diseases,183,Clostridium difficile,1,Number,2018,1985.32332,1985.32332,1111.991819
1,Deaths,,"Central Europe, Eastern Europe, and Central Asia",3,Both,20,75-79 years,302,Diarrheal diseases,183,Clostridium difficile,1,Number,2019,1799.01239,1799.01239,1001.785354
1,Deaths,,"Central Europe, Eastern Europe, and Central Asia",3,Both,20,75-79 years,302,Diarrheal diseases,183,Clostridium difficile,1,Number,2020,1508.328999,1508.328999,871.883188
1,Deaths,,"Central Europe, Eastern Europe, and Central Asia",3,Both,20,75-79 years,302,Diarrheal diseases,183,Clostridium difficile,1,Number,2021,1387.702818,1387.702818,818.5929173
1,Deaths,,"Central Europe, Eastern Europe, and Central Asia",3,Both,30,80-84 years,302,Diarrheal diseases,183,Clostridium difficile,1,Number,1990,1700.047529,1700.047529,630.2265893
1,Deaths,,"Central Europe, Eastern Europe, and Central Asia",3,Both,30,80-84 years,302,Diarrheal diseases,183,Clostridium difficile,1,Number,1991,1653.080451,1653.080451,691.1164765
1,Deaths,,"Central Europe, Eastern Europe, and Central Asia",3,Both,30,80-84 years,302,Diarrheal diseases,183,Clostridium difficile,1,Number,1992,1663.160181,1663.160181,702.0567714
1,Deaths,,"Central Europe, Eastern Europe, and Central Asia",3,Both,30,80-84 years,302,Diarrheal diseases,183,Clostridium difficile,1,Number,1993,1697.450487,1697.450487,728.6277418
1,Deaths,,"Central Europe, Eastern Europe, and Central Asia",3,Both,30,80-84 years,302,Diarrheal diseases,183,Clostridium difficile,1,Number,1994,1749.049398,1749.049398,729.5233464
1,Deaths,,"Central Europe, Eastern Europe, and Central Asia",3,Both,30,80-84 years,302,Diarrheal diseases,183,Clostridium difficile,1,Number,1995,1733.940103,1733.940103,699.3498919
1,Deaths,,"Central Europe, Eastern Europe, and Central Asia",3,Both,30,80-84 years,302,Diarrheal diseases,183,Clostridium difficile,1,Number,1996,1544.16872,1544.16872,644.6799266
1,Deaths,,"Central Europe, Eastern Europe, and Central Asia",3,Both,30,80-84 years,302,Diarrheal diseases,183,Clostridium difficile,1,Number,1997,1401.615386,1401.615386,587.5993494
1,Deaths,,"Central Europe, Eastern Europe, and Central Asia",3,Both,30,80-84 years,302,Diarrheal diseases,183,Clostridium difficile,1,Number,1998,1297.485263,1297.485263,481.0094545
1,Deaths,,"Central Europe, Eastern Europe, and Central Asia",3,Both,30,80-84 years,302,Diarrheal diseases,183,Clostridium difficile,1,Number,1999,1234.440442,1234.440442,498.9004934
1,Deaths,,"Central Europe, Eastern Europe, and Central Asia",3,Both,30,80-84 years,302,Diarrheal diseases,183,Clostridium difficile,1,Number,2000,1163.573701,1163.573701,521.4841489
1,Deaths,,"Central Europe, Eastern Europe, and Central Asia",3,Both,30,80-84 years,302,Diarrheal diseases,183,Clostridium difficile,1,Number,2001,1170.248976,1170.248976,507.9793989
1,Deaths,,"Central Europe, Eastern Europe, and Central Asia",3,Both,30,80-84 years,302,Diarrheal diseases,183,Clostridium difficile,1,Number,2002,1260.328222,1260.328222,546.6639613
1,Deaths,,"Central Europe, Eastern Europe, and Central Asia",3,Both,30,80-84 years,302,Diarrheal diseases,183,Clostridium difficile,1,Number,2003,1342.56383,1342.56383,609.1424943
1,Deaths,,"Central Europe, Eastern Europe, and Central Asia",3,Both,30,80-84 years,302,Diarrheal diseases,183,Clostridium difficile,1,Number,2004,1395.465663,1395.465663,646.0762237
1,Deaths,,"Central Europe, Eastern Europe, and Central Asia",3,Both,30,80-84 years,302,Diarrheal diseases,183,Clostridium difficile,1,Number,2005,1484.988322,1484.988322,617.6883403
1,Deaths,,"Central Europe, Eastern Europe, and Central Asia",3,Both,30,80-84 years,302,Diarrheal diseases,183,Clostridium difficile,1,Number,2006,1515.787601,1515.787601,660.1511053
1,Deaths,,"Central Europe, Eastern Europe, and Central Asia",3,Both,30,80-84 years,302,Diarrheal diseases,183,Clostridium difficile,1,Number,2007,1586.401312,1586.401312,708.9723359
1,Deaths,,"Central Europe, Eastern Europe, and Central Asia",3,Both,30,80-84 years,302,Diarrheal diseases,183,Clostridium difficile,1,Number,2008,1699.467941,1699.467941,701.6711548
1,Deaths,,"Central Europe, Eastern Europe, and Central Asia",3,Both,30,80-84 years,302,Diarrheal diseases,183,Clostridium difficile,1,Number,2009,1725.459757,1725.459757,786.1935887
1,Deaths,,"Central Europe, Eastern Europe, and Central Asia",3,Both,30,80-84 years,302,Diarrheal diseases,183,Clostridium difficile,1,Number,2010,1787.311876,1787.311876,840.762718
1,Deaths,,"Central Europe, Eastern Europe, and Central Asia",3,Both,30,80-84 years,302,Diarrheal diseases,183,Clostridium difficile,1,Number,2011,1789.466012,1789.466012,853.9916732
1,Deaths,,"Central Europe, Eastern Europe, and Central Asia",3,Both,30,80-84 years,302,Diarrheal diseases,183,Clostridium difficile,1,Number,2012,1834.66866,1834.66866,844.023422
1,Deaths,,"Central Europe, Eastern Europe, and Central Asia",3,Both,30,80-84 years,302,Diarrheal diseases,183,Clostridium difficile,1,Number,2013,1825.804127,1825.804127,865.0037435
1,Deaths,,"Central Europe, Eastern Europe, and Central Asia",3,Both,30,80-84 years,302,Diarrheal diseases,183,Clostridium difficile,1,Number,2014,1777.457283,1777.457283,878.0537675
1,Deaths,,"Central Europe, Eastern Europe, and Central Asia",3,Both,30,80-84 years,302,Diarrheal diseases,183,Clostridium difficile,1,Number,2015,1838.408414,1838.408414,953.3661498
1,Deaths,,"Central Europe, Eastern Europe, and Central Asia",3,Both,30,80-84 years,302,Diarrheal diseases,183,Clostridium difficile,1,Number,2016,1891.754546,1891.754546,939.1787372
1,Deaths,,"Central Europe, Eastern Europe, and Central Asia",3,Both,30,80-84 years,302,Diarrheal diseases,183,Clostridium difficile,1,Number,2017,2018.901389,2018.901389,1023.380936
1,Deaths,,"Central Europe, Eastern Europe, and Central Asia",3,Both,30,80-84 years,302,Diarrheal diseases,183,Clostridium difficile,1,Number,2018,2111.425071,2111.425071,1165.136204
1,Deaths,,"Central Europe, Eastern Europe, and Central Asia",3,Both,30,80-84 years,302,Diarrheal diseases,183,Clostridium difficile,1,Number,2019,2315.739834,2315.739834,1203.026993
1,Deaths,,"Central Europe, Eastern Europe, and Central Asia",3,Both,30,80-84 years,302,Diarrheal diseases,183,Clostridium difficile,1,Number,2020,2136.638263,2136.638263,1259.240795
1,Deaths,,"Central Europe, Eastern Europe, and Central Asia",3,Both,30,80-84 years,302,Diarrheal diseases,183,Clostridium difficile,1,Number,2021,2181.175632,2181.175632,1209.630515
1,Deaths,,"Central Europe, Eastern Europe, and Central Asia",3,Both,31,85-89 years,302,Diarrheal diseases,183,Clostridium difficile,1,Number,1990,1016.688212,1016.688212,343.8109288
1,Deaths,,"Central Europe, Eastern Europe, and Central Asia",3,Both,31,85-89 years,302,Diarrheal diseases,183,Clostridium difficile,1,Number,1991,1009.088993,1009.088993,365.6221775
1,Deaths,,"Central Europe, Eastern Europe, and Central Asia",3,Both,31,85-89 years,302,Diarrheal diseases,183,Clostridium difficile,1,Number,1992,1012.309696,1012.309696,402.078589
1,Deaths,,"Central Europe, Eastern Europe, and Central Asia",3,Both,31,85-89 years,302,Diarrheal diseases,183,Clostridium difficile,1,Number,1993,1053.743466,1053.743466,400.2455608
1,Deaths,,"Central Europe, Eastern Europe, and Central Asia",3,Both,31,85-89 years,302,Diarrheal diseases,183,Clostridium difficile,1,Number,1994,1091.068489,1091.068489,410.1226202
1,Deaths,,"Central Europe, Eastern Europe, and Central Asia",3,Both,31,85-89 years,302,Diarrheal diseases,183,Clostridium difficile,1,Number,1995,1094.247879,1094.247879,411.7416411
1,Deaths,,"Central Europe, Eastern Europe, and Central Asia",3,Both,31,85-89 years,302,Diarrheal diseases,183,Clostridium difficile,1,Number,1996,1074.983459,1074.983459,393.54042
1,Deaths,,"Central Europe, Eastern Europe, and Central Asia",3,Both,31,85-89 years,302,Diarrheal diseases,183,Clostridium difficile,1,Number,1997,1049.73706,1049.73706,406.4766311
1,Deaths,,"Central Europe, Eastern Europe, and Central Asia",3,Both,31,85-89 years,302,Diarrheal diseases,183,Clostridium difficile,1,Number,1998,1084.72312,1084.72312,383.6274165
1,Deaths,,"Central Europe, Eastern Europe, and Central Asia",3,Both,31,85-89 years,302,Diarrheal diseases,183,Clostridium difficile,1,Number,1999,1132.191134,1132.191134,372.6869149
1,Deaths,,"Central Europe, Eastern Europe, and Central Asia",3,Both,31,85-89 years,302,Diarrheal diseases,183,Clostridium difficile,1,Number,2000,1059.290324,1059.290324,444.0020948
1,Deaths,,"Central Europe, Eastern Europe, and Central Asia",3,Both,31,85-89 years,302,Diarrheal diseases,183,Clostridium difficile,1,Number,2001,989.7684284,989.7684284,371.2743139
1,Deaths,,"Central Europe, Eastern Europe, and Central Asia",3,Both,31,85-89 years,302,Diarrheal diseases,183,Clostridium difficile,1,Number,2002,949.7214701,949.7214701,316.8552024
1,Deaths,,"Central Europe, Eastern Europe, and Central Asia",3,Both,31,85-89 years,302,Diarrheal diseases,183,Clostridium difficile,1,Number,2003,817.137051,817.137051,341.732064
1,Deaths,,"Central Europe, Eastern Europe, and Central Asia",3,Both,31,85-89 years,302,Diarrheal diseases,183,Clostridium difficile,1,Number,2004,799.4140251,799.4140251,311.4165171
1,Deaths,,"Central Europe, Eastern Europe, and Central Asia",3,Both,31,85-89 years,302,Diarrheal diseases,183,Clostridium difficile,1,Number,2005,769.1704366,769.1704366,268.685663
1,Deaths,,"Central Europe, Eastern Europe, and Central Asia",3,Both,31,85-89 years,302,Diarrheal diseases,183,Clostridium difficile,1,Number,2006,736.1876966,736.1876966,302.2215768
1,Deaths,,"Central Europe, Eastern Europe, and Central Asia",3,Both,31,85-89 years,302,Diarrheal diseases,183,Clostridium difficile,1,Number,2007,778.2779975,778.2779975,315.7699797
1,Deaths,,"Central Europe, Eastern Europe, and Central Asia",3,Both,31,85-89 years,302,Diarrheal diseases,183,Clostridium difficile,1,Number,2008,842.3215692,842.3215692,349.3471235
1,Deaths,,"Central Europe, Eastern Europe, and Central Asia",3,Both,31,85-89 years,302,Diarrheal diseases,183,Clostridium difficile,1,Number,2009,880.8640807,880.8640807,406.5528139
1,Deaths,,"Central Europe, Eastern Europe, and Central Asia",3,Both,31,85-89 years,302,Diarrheal diseases,183,Clostridium difficile,1,Number,2010,979.8812332,979.8812332,427.1440813
1,Deaths,,"Central Europe, Eastern Europe, and Central Asia",3,Both,31,85-89 years,302,Diarrheal diseases,183,Clostridium difficile,1,Number,2011,1035.73109,1035.73109,471.7271163
1,Deaths,,"Central Europe, Eastern Europe, and Central Asia",3,Both,31,85-89 years,302,Diarrheal diseases,183,Clostridium difficile,1,Number,2012,1174.582997,1174.582997,497.5470409
1,Deaths,,"Central Europe, Eastern Europe, and Central Asia",3,Both,31,85-89 years,302,Diarrheal diseases,183,Clostridium difficile,1,Number,2013,1239.995829,1239.995829,583.9568091
1,Deaths,,"Central Europe, Eastern Europe, and Central Asia",3,Both,31,85-89 years,302,Diarrheal diseases,183,Clostridium difficile,1,Number,2014,1352.587729,1352.587729,629.7555833
1,Deaths,,"Central Europe, Eastern Europe, and Central Asia",3,Both,31,85-89 years,302,Diarrheal diseases,183,Clostridium difficile,1,Number,2015,1468.946284,1468.946284,740.7607003
1,Deaths,,"Central Europe, Eastern Europe, and Central Asia",3,Both,31,85-89 years,302,Diarrheal diseases,183,Clostridium difficile,1,Number,2016,1570.329362,1570.329362,737.1189617
1,Deaths,,"Central Europe, Eastern Europe, and Central Asia",3,Both,31,85-89 years,302,Diarrheal diseases,183,Clostridium difficile,1,Number,2017,1613.608297,1613.608297,774.8858691
1,Deaths,,"Central Europe, Eastern Europe, and Central Asia",3,Both,31,85-89 years,302,Diarrheal diseases,183,Clostridium difficile,1,Number,2018,1577.43313,1577.43313,821.7535484
1,Deaths,,"Central Europe, Eastern Europe, and Central Asia",3,Both,31,85-89 years,302,Diarrheal diseases,183,Clostridium difficile,1,Number,2019,1499.195194,1499.195194,830.3559603
1,Deaths,,"Central Europe, Eastern Europe, and Central Asia",3,Both,31,85-89 years,302,Diarrheal diseases,183,Clostridium difficile,1,Number,2020,1423.046112,1423.046112,788.0358429
1,Deaths,,"Central Europe, Eastern Europe, and Central Asia",3,Both,31,85-89 years,302,Diarrheal diseases,183,Clostridium difficile,1,Number,2021,1455.199148,1455.199148,712.2896523
1,Deaths,,"Central Europe, Eastern Europe, and Central Asia",3,Both,32,90-94 years,302,Diarrheal diseases,183,Clostridium difficile,1,Number,1990,317.9185628,317.9185628,122.3973943
1,Deaths,,"Central Europe, Eastern Europe, and Central Asia",3,Both,32,90-94 years,302,Diarrheal diseases,183,Clostridium difficile,1,Number,1991,342.830361,342.830361,123.2607076
1,Deaths,,"Central Europe, Eastern Europe, and Central Asia",3,Both,32,90-94 years,302,Diarrheal diseases,183,Clostridium difficile,1,Number,1992,342.2181403,342.2181403,144.8067563
1,Deaths,,"Central Europe, Eastern Europe, and Central Asia",3,Both,32,90-94 years,302,Diarrheal diseases,183,Clostridium difficile,1,Number,1993,364.7192729,364.7192729,153.192161
1,Deaths,,"Central Europe, Eastern Europe, and Central Asia",3,Both,32,90-94 years,302,Diarrheal diseases,183,Clostridium difficile,1,Number,1994,380.1333955,380.1333955,165.1067576
1,Deaths,,"Central Europe, Eastern Europe, and Central Asia",3,Both,32,90-94 years,302,Diarrheal diseases,183,Clostridium difficile,1,Number,1995,403.6972359,403.6972359,156.9480899
1,Deaths,,"Central Europe, Eastern Europe, and Central Asia",3,Both,32,90-94 years,302,Diarrheal diseases,183,Clostridium difficile,1,Number,1996,394.6553052,394.6553052,151.1536659
1,Deaths,,"Central Europe, Eastern Europe, and Central Asia",3,Both,32,90-94 years,302,Diarrheal diseases,183,Clostridium difficile,1,Number,1997,401.9679792,401.9679792,155.6925171
1,Deaths,,"Central Europe, Eastern Europe, and Central Asia",3,Both,32,90-94 years,302,Diarrheal diseases,183,Clostridium difficile,1,Number,1998,408.9906356,408.9906356,150.7947864
1,Deaths,,"Central Europe, Eastern Europe, and Central Asia",3,Both,32,90-94 years,302,Diarrheal diseases,183,Clostridium difficile,1,Number,1999,419.2690924,419.2690924,160.0352674
1,Deaths,,"Central Europe, Eastern Europe, and Central Asia",3,Both,32,90-94 years,302,Diarrheal diseases,183,Clostridium difficile,1,Number,2000,421.2021592,421.2021592,169.0685409
1,Deaths,,"Central Europe, Eastern Europe, and Central Asia",3,Both,32,90-94 years,302,Diarrheal diseases,183,Clostridium difficile,1,Number,2001,403.2568408,403.2568408,176.3784045
1,Deaths,,"Central Europe, Eastern Europe, and Central Asia",3,Both,32,90-94 years,302,Diarrheal diseases,183,Clostridium difficile,1,Number,2002,410.5126883,410.5126883,166.3113752
1,Deaths,,"Central Europe, Eastern Europe, and Central Asia",3,Both,32,90-94 years,302,Diarrheal diseases,183,Clostridium difficile,1,Number,2003,398.5173889,398.5173889,166.2343147
1,Deaths,,"Central Europe, Eastern Europe, and Central Asia",3,Both,32,90-94 years,302,Diarrheal diseases,183,Clostridium difficile,1,Number,2004,372.4922151,372.4922151,155.9549421
1,Deaths,,"Central Europe, Eastern Europe, and Central Asia",3,Both,32,90-94 years,302,Diarrheal diseases,183,Clostridium difficile,1,Number,2005,359.697673,359.697673,132.1324132
1,Deaths,,"Central Europe, Eastern Europe, and Central Asia",3,Both,32,90-94 years,302,Diarrheal diseases,183,Clostridium difficile,1,Number,2006,327.1121151,327.1121151,131.3614304
1,Deaths,,"Central Europe, Eastern Europe, and Central Asia",3,Both,32,90-94 years,302,Diarrheal diseases,183,Clostridium difficile,1,Number,2007,306.4212227,306.4212227,126.5602085
1,Deaths,,"Central Europe, Eastern Europe, and Central Asia",3,Both,32,90-94 years,302,Diarrheal diseases,183,Clostridium difficile,1,Number,2008,287.3221562,287.3221562,119.2043196
1,Deaths,,"Central Europe, Eastern Europe, and Central Asia",3,Both,32,90-94 years,302,Diarrheal diseases,183,Clostridium difficile,1,Number,2009,279.9921066,279.9921066,138.1512207
1,Deaths,,"Central Europe, Eastern Europe, and Central Asia",3,Both,32,90-94 years,302,Diarrheal diseases,183,Clostridium difficile,1,Number,2010,303.7812113,303.7812113,137.4205362
1,Deaths,,"Central Europe, Eastern Europe, and Central Asia",3,Both,32,90-94 years,302,Diarrheal diseases,183,Clostridium difficile,1,Number,2011,325.3235617,325.3235617,149.9619576
1,Deaths,,"Central Europe, Eastern Europe, and Central Asia",3,Both,32,90-94 years,302,Diarrheal diseases,183,Clostridium difficile,1,Number,2012,369.5360202,369.5360202,171.3553207
1,Deaths,,"Central Europe, Eastern Europe, and Central Asia",3,Both,32,90-94 years,302,Diarrheal diseases,183,Clostridium difficile,1,Number,2013,412.9914701,412.9914701,216.7234526
1,Deaths,,"Central Europe, Eastern Europe, and Central Asia",3,Both,32,90-94 years,302,Diarrheal diseases,183,Clostridium difficile,1,Number,2014,479.2880836,479.2880836,239.8956735
1,Deaths,,"Central Europe, Eastern Europe, and Central Asia",3,Both,32,90-94 years,302,Diarrheal diseases,183,Clostridium difficile,1,Number,2015,568.1955444,568.1955444,291.4202696
1,Deaths,,"Central Europe, Eastern Europe, and Central Asia",3,Both,32,90-94 years,302,Diarrheal diseases,183,Clostridium difficile,1,Number,2016,647.7559452,647.7559452,321.9498668
1,Deaths,,"Central Europe, Eastern Europe, and Central Asia",3,Both,32,90-94 years,302,Diarrheal diseases,183,Clostridium difficile,1,Number,2017,734.1653288,734.1653288,376.8189612
1,Deaths,,"Central Europe, Eastern Europe, and Central Asia",3,Both,32,90-94 years,302,Diarrheal diseases,183,Clostridium difficile,1,Number,2018,807.260876,807.260876,398.427583
1,Deaths,,"Central Europe, Eastern Europe, and Central Asia",3,Both,32,90-94 years,302,Diarrheal diseases,183,Clostridium difficile,1,Number,2019,835.0152384,835.0152384,449.3496554
1,Deaths,,"Central Europe, Eastern Europe, and Central Asia",3,Both,32,90-94 years,302,Diarrheal diseases,183,Clostridium difficile,1,Number,2020,804.0058682,804.0058682,410.9429837
1,Deaths,,"Central Europe, Eastern Europe, and Central Asia",3,Both,32,90-94 years,302,Diarrheal diseases,183,Clostridium difficile,1,Number,2021,766.0931251,766.0931251,395.862746
1,Deaths,,"Central Europe, Eastern Europe, and Central Asia",3,Both,235,95+ years,302,Diarrheal diseases,183,Clostridium difficile,1,Number,1990,80.43532698,80.43532698,24.49677383
1,Deaths,,"Central Europe, Eastern Europe, and Central Asia",3,Both,235,95+ years,302,Diarrheal diseases,183,Clostridium difficile,1,Number,1991,78.45034062,78.45034062,28.55715927
1,Deaths,,"Central Europe, Eastern Europe, and Central Asia",3,Both,235,95+ years,302,Diarrheal diseases,183,Clostridium difficile,1,Number,1992,81.04887886,81.04887886,29.68824865
1,Deaths,,"Central Europe, Eastern Europe, and Central Asia",3,Both,235,95+ years,302,Diarrheal diseases,183,Clostridium difficile,1,Number,1993,85.56624652,85.56624652,26.63320637
1,Deaths,,"Central Europe, Eastern Europe, and Central Asia",3,Both,235,95+ years,302,Diarrheal diseases,183,Clostridium difficile,1,Number,1994,85.37990642,85.37990642,30.30606498
1,Deaths,,"Central Europe, Eastern Europe, and Central Asia",3,Both,235,95+ years,302,Diarrheal diseases,183,Clostridium difficile,1,Number,1995,90.07993058,90.07993058,24.46682929
1,Deaths,,"Central Europe, Eastern Europe, and Central Asia",3,Both,235,95+ years,302,Diarrheal diseases,183,Clostridium difficile,1,Number,1996,86.65744738,86.65744738,29.02461958
1,Deaths,,"Central Europe, Eastern Europe, and Central Asia",3,Both,235,95+ years,302,Diarrheal diseases,183,Clostridium difficile,1,Number,1997,82.93966128,82.93966128,28.50010693
1,Deaths,,"Central Europe, Eastern Europe, and Central Asia",3,Both,235,95+ years,302,Diarrheal diseases,183,Clostridium difficile,1,Number,1998,82.89283712,82.89283712,33.22436391
1,Deaths,,"Central Europe, Eastern Europe, and Central Asia",3,Both,235,95+ years,302,Diarrheal diseases,183,Clostridium difficile,1,Number,1999,99.30716118,99.30716118,30.03488711
1,Deaths,,"Central Europe, Eastern Europe, and Central Asia",3,Both,235,95+ years,302,Diarrheal diseases,183,Clostridium difficile,1,Number,2000,98.54512138,98.54512138,34.807097
1,Deaths,,"Central Europe, Eastern Europe, and Central Asia",3,Both,235,95+ years,302,Diarrheal diseases,183,Clostridium difficile,1,Number,2001,93.79156005,93.79156005,33.73453686
1,Deaths,,"Central Europe, Eastern Europe, and Central Asia",3,Both,235,95+ years,302,Diarrheal diseases,183,Clostridium difficile,1,Number,2002,95.17174183,95.17174183,35.51769488
1,Deaths,,"Central Europe, Eastern Europe, and Central Asia",3,Both,235,95+ years,302,Diarrheal diseases,183,Clostridium difficile,1,Number,2003,92.37452625,92.37452625,36.41424573
1,Deaths,,"Central Europe, Eastern Europe, and Central Asia",3,Both,235,95+ years,302,Diarrheal diseases,183,Clostridium difficile,1,Number,2004,92.4428118,92.4428118,32.29417439
1,Deaths,,"Central Europe, Eastern Europe, and Central Asia",3,Both,235,95+ years,302,Diarrheal diseases,183,Clostridium difficile,1,Number,2005,88.5750862,88.5750862,30.29787271
1,Deaths,,"Central Europe, Eastern Europe, and Central Asia",3,Both,235,95+ years,302,Diarrheal diseases,183,Clostridium difficile,1,Number,2006,89.49865426,89.49865426,30.07868909
1,Deaths,,"Central Europe, Eastern Europe, and Central Asia",3,Both,235,95+ years,302,Diarrheal diseases,183,Clostridium difficile,1,Number,2007,88.38590756,88.38590756,35.16951851
1,Deaths,,"Central Europe, Eastern Europe, and Central Asia",3,Both,235,95+ years,302,Diarrheal diseases,183,Clostridium difficile,1,Number,2008,91.9060075,91.9060075,37.81914735
1,Deaths,,"Central Europe, Eastern Europe, and Central Asia",3,Both,235,95+ years,302,Diarrheal diseases,183,Clostridium difficile,1,Number,2009,97.81114742,97.81114742,36.34722333
1,Deaths,,"Central Europe, Eastern Europe, and Central Asia",3,Both,235,95+ years,302,Diarrheal diseases,183,Clostridium difficile,1,Number,2010,100.6572875,100.6572875,39.17324447
1,Deaths,,"Central Europe, Eastern Europe, and Central Asia",3,Both,235,95+ years,302,Diarrheal diseases,183,Clostridium difficile,1,Number,2011,97.44493747,97.44493747,41.18346757
1,Deaths,,"Central Europe, Eastern Europe, and Central Asia",3,Both,235,95+ years,302,Diarrheal diseases,183,Clostridium difficile,1,Number,2012,100.6559437,100.6559437,40.38087037
1,Deaths,,"Central Europe, Eastern Europe, and Central Asia",3,Both,235,95+ years,302,Diarrheal diseases,183,Clostridium difficile,1,Number,2013,104.8912289,104.8912289,39.27225662
1,Deaths,,"Central Europe, Eastern Europe, and Central Asia",3,Both,235,95+ years,302,Diarrheal diseases,183,Clostridium difficile,1,Number,2014,111.3569827,111.3569827,50.18394288
1,Deaths,,"Central Europe, Eastern Europe, and Central Asia",3,Both,235,95+ years,302,Diarrheal diseases,183,Clostridium difficile,1,Number,2015,130.275177,130.275177,60.21022242
1,Deaths,,"Central Europe, Eastern Europe, and Central Asia",3,Both,235,95+ years,302,Diarrheal diseases,183,Clostridium difficile,1,Number,2016,147.8362522,147.8362522,67.49662445
1,Deaths,,"Central Europe, Eastern Europe, and Central Asia",3,Both,235,95+ years,302,Diarrheal diseases,183,Clostridium difficile,1,Number,2017,166.8317441,166.8317441,80.49408175
1,Deaths,,"Central Europe, Eastern Europe, and Central Asia",3,Both,235,95+ years,302,Diarrheal diseases,183,Clostridium difficile,1,Number,2018,184.2376881,184.2376881,93.03375232
1,Deaths,,"Central Europe, Eastern Europe, and Central Asia",3,Both,235,95+ years,302,Diarrheal diseases,183,Clostridium difficile,1,Number,2019,211.5111943,211.5111943,99.24656264
1,Deaths,,"Central Europe, Eastern Europe, and Central Asia",3,Both,235,95+ years,302,Diarrheal diseases,183,Clostridium difficile,1,Number,2020,210.6005602,210.6005602,97.78364756
1,Deaths,,"Central Europe, Eastern Europe, and Central Asia",3,Both,235,95+ years,302,Diarrheal diseases,183,Clostridium difficile,1,Number,2021,218.4499659,218.4499659,98.45599849
1,Deaths,,"Central Europe, Eastern Europe, and Central Asia",3,Both,1,<5 years,302,Diarrheal diseases,183,Clostridium difficile,1,Number,1990,1377.208726,1377.208726,575.5279935
1,Deaths,,"Central Europe, Eastern Europe, and Central Asia",3,Both,1,<5 years,302,Diarrheal diseases,183,Clostridium difficile,1,Number,1991,1278.466802,1278.466802,526.0641057
1,Deaths,,"Central Europe, Eastern Europe, and Central Asia",3,Both,1,<5 years,302,Diarrheal diseases,183,Clostridium difficile,1,Number,1992,1202.474699,1202.474699,527.8672197
1,Deaths,,"Central Europe, Eastern Europe, and Central Asia",3,Both,1,<5 years,302,Diarrheal diseases,183,Clostridium difficile,1,Number,1993,1157.229186,1157.229186,503.4125998
1,Deaths,,"Central Europe, Eastern Europe, and Central Asia",3,Both,1,<5 years,302,Diarrheal diseases,183,Clostridium difficile,1,Number,1994,1113.392773,1113.392773,486.191803
1,Deaths,,"Central Europe, Eastern Europe, and Central Asia",3,Both,1,<5 years,302,Diarrheal diseases,183,Clostridium difficile,1,Number,1995,1050.565045,1050.565045,464.9079822
1,Deaths,,"Central Europe, Eastern Europe, and Central Asia",3,Both,1,<5 years,302,Diarrheal diseases,183,Clostridium difficile,1,Number,1996,980.8042149,980.8042149,422.5665161
1,Deaths,,"Central Europe, Eastern Europe, and Central Asia",3,Both,1,<5 years,302,Diarrheal diseases,183,Clostridium difficile,1,Number,1997,948.8100709,948.8100709,401.5263974
1,Deaths,,"Central Europe, Eastern Europe, and Central Asia",3,Both,1,<5 years,302,Diarrheal diseases,183,Clostridium difficile,1,Number,1998,883.6458419,883.6458419,388.7134777
1,Deaths,,"Central Europe, Eastern Europe, and Central Asia",3,Both,1,<5 years,302,Diarrheal diseases,183,Clostridium difficile,1,Number,1999,843.1878651,843.1878651,352.069194
1,Deaths,,"Central Europe, Eastern Europe, and Central Asia",3,Both,1,<5 years,302,Diarrheal diseases,183,Clostridium difficile,1,Number,2000,806.6371417,806.6371417,339.2653566
1,Deaths,,"Central Europe, Eastern Europe, and Central Asia",3,Both,1,<5 years,302,Diarrheal diseases,183,Clostridium difficile,1,Number,2001,773.0254654,773.0254654,348.7482022
1,Deaths,,"Central Europe, Eastern Europe, and Central Asia",3,Both,1,<5 years,302,Diarrheal diseases,183,Clostridium difficile,1,Number,2002,748.2715789,748.2715789,325.0170492
1,Deaths,,"Central Europe, Eastern Europe, and Central Asia",3,Both,1,<5 years,302,Diarrheal diseases,183,Clostridium difficile,1,Number,2003,722.0262983,722.0262983,306.8948231
1,Deaths,,"Central Europe, Eastern Europe, and Central Asia",3,Both,1,<5 years,302,Diarrheal diseases,183,Clostridium difficile,1,Number,2004,730.5598832,730.5598832,321.5067395
1,Deaths,,"Central Europe, Eastern Europe, and Central Asia",3,Both,1,<5 years,302,Diarrheal diseases,183,Clostridium difficile,1,Number,2005,704.7129978,704.7129978,306.0451514
1,Deaths,,"Central Europe, Eastern Europe, and Central Asia",3,Both,1,<5 years,302,Diarrheal diseases,183,Clostridium difficile,1,Number,2006,682.0085616,682.0085616,294.4262121
1,Deaths,,"Central Europe, Eastern Europe, and Central Asia",3,Both,1,<5 years,302,Diarrheal diseases,183,Clostridium difficile,1,Number,2007,664.1959687,664.1959687,296.4674173
1,Deaths,,"Central Europe, Eastern Europe, and Central Asia",3,Both,1,<5 years,302,Diarrheal diseases,183,Clostridium difficile,1,Number,2008,665.9194844,665.9194844,274.4808061
1,Deaths,,"Central Europe, Eastern Europe, and Central Asia",3,Both,1,<5 years,302,Diarrheal diseases,183,Clostridium difficile,1,Number,2009,666.6163118,666.6163118,286.11316
1,Deaths,,"Central Europe, Eastern Europe, and Central Asia",3,Both,1,<5 years,302,Diarrheal diseases,183,Clostridium difficile,1,Number,2010,657.9018672,657.9018672,291.6531614
1,Deaths,,"Central Europe, Eastern Europe, and Central Asia",3,Both,1,<5 years,302,Diarrheal diseases,183,Clostridium difficile,1,Number,2011,663.3290444,663.3290444,294.5358387
1,Deaths,,"Central Europe, Eastern Europe, and Central Asia",3,Both,1,<5 years,302,Diarrheal diseases,183,Clostridium difficile,1,Number,2012,669.0017556,669.0017556,307.6074561
1,Deaths,,"Central Europe, Eastern Europe, and Central Asia",3,Both,1,<5 years,302,Diarrheal diseases,183,Clostridium difficile,1,Number,2013,674.0188417,674.0188417,307.1462233
1,Deaths,,"Central Europe, Eastern Europe, and Central Asia",3,Both,1,<5 years,302,Diarrheal diseases,183,Clostridium difficile,1,Number,2014,654.4554026,654.4554026,310.3371118
1,Deaths,,"Central Europe, Eastern Europe, and Central Asia",3,Both,1,<5 years,302,Diarrheal diseases,183,Clostridium difficile,1,Number,2015,650.7812418,650.7812418,316.8707116
1,Deaths,,"Central Europe, Eastern Europe, and Central Asia",3,Both,1,<5 years,302,Diarrheal diseases,183,Clostridium difficile,1,Number,2016,640.5935269,640.5935269,303.1941432
1,Deaths,,"Central Europe, Eastern Europe, and Central Asia",3,Both,1,<5 years,302,Diarrheal diseases,183,Clostridium difficile,1,Number,2017,622.8233298,622.8233298,291.9613935
1,Deaths,,"Central Europe, Eastern Europe, and Central Asia",3,Both,1,<5 years,302,Diarrheal diseases,183,Clostridium difficile,1,Number,2018,601.2029638,601.2029638,280.59772
1,Deaths,,"Central Europe, Eastern Europe, and Central Asia",3,Both,1,<5 years,302,Diarrheal diseases,183,Clostridium difficile,1,Number,2019,604.2397774,604.2397774,287.3667201
1,Deaths,,"Central Europe, Eastern Europe, and Central Asia",3,Both,1,<5 years,302,Diarrheal diseases,183,Clostridium difficile,1,Number,2020,536.878016,536.878016,262.2860891
1,Deaths,,"Central Europe, Eastern Europe, and Central Asia",3,Both,1,<5 years,302,Diarrheal diseases,183,Clostridium difficile,1,Number,2021,470.7764674,470.7764674,218.0044832
1,Deaths,,Global,3,Both,7,10-14 years,302,Diarrheal diseases,183,Clostridium difficile,1,Number,1990,1258.310504,1258.310504,554.2683494
1,Deaths,,Global,3,Both,7,10-14 years,302,Diarrheal diseases,183,Clostridium difficile,1,Number,1991,1260.808588,1260.808588,554.2620478
1,Deaths,,Global,3,Both,7,10-14 years,302,Diarrheal diseases,183,Clostridium difficile,1,Number,1992,1243.470936,1243.470936,570.8403662
1,Deaths,,Global,3,Both,7,10-14 years,302,Diarrheal diseases,183,Clostridium difficile,1,Number,1993,1271.49572,1271.49572,550.0514491
1,Deaths,,Global,3,Both,7,10-14 years,302,Diarrheal diseases,183,Clostridium difficile,1,Number,1994,1450.951191,1450.951191,647.2836023
1,Deaths,,Global,3,Both,7,10-14 years,302,Diarrheal diseases,183,Clostridium difficile,1,Number,1995,1280.534487,1280.534487,610.4012441
1,Deaths,,Global,3,Both,7,10-14 years,302,Diarrheal diseases,183,Clostridium difficile,1,Number,1996,1294.052875,1294.052875,588.0480666
1,Deaths,,Global,3,Both,7,10-14 years,302,Diarrheal diseases,183,Clostridium difficile,1,Number,1997,1260.789167,1260.789167,586.3336164
1,Deaths,,Global,3,Both,7,10-14 years,302,Diarrheal diseases,183,Clostridium difficile,1,Number,1998,1280.846046,1280.846046,591.3388987
1,Deaths,,Global,3,Both,7,10-14 years,302,Diarrheal diseases,183,Clostridium difficile,1,Number,1999,1288.591391,1288.591391,603.1710666
1,Deaths,,Global,3,Both,7,10-14 years,302,Diarrheal diseases,183,Clostridium difficile,1,Number,2000,1302.354812,1302.354812,600.2864232
1,Deaths,,Global,3,Both,7,10-14 years,302,Diarrheal diseases,183,Clostridium difficile,1,Number,2001,1275.402606,1275.402606,597.5570882
1,Deaths,,Global,3,Both,7,10-14 years,302,Diarrheal diseases,183,Clostridium difficile,1,Number,2002,1200.376053,1200.376053,603.6876109
1,Deaths,,Global,3,Both,7,10-14 years,302,Diarrheal diseases,183,Clostridium difficile,1,Number,2003,1159.369198,1159.369198,571.3322151
1,Deaths,,Global,3,Both,7,10-14 years,302,Diarrheal diseases,183,Clostridium difficile,1,Number,2004,1168.409613,1168.409613,588.1564058
1,Deaths,,Global,3,Both,7,10-14 years,302,Diarrheal diseases,183,Clostridium difficile,1,Number,2005,1245.861772,1245.861772,640.8019318
1,Deaths,,Global,3,Both,7,10-14 years,302,Diarrheal diseases,183,Clostridium difficile,1,Number,2006,1270.95906,1270.95906,676.3610119
1,Deaths,,Global,3,Both,7,10-14 years,302,Diarrheal diseases,183,Clostridium difficile,1,Number,2007,1277.314899,1277.314899,687.6937521
1,Deaths,,Global,3,Both,7,10-14 years,302,Diarrheal diseases,183,Clostridium difficile,1,Number,2008,1300.505013,1300.505013,685.5207325
1,Deaths,,Global,3,Both,7,10-14 years,302,Diarrheal diseases,183,Clostridium difficile,1,Number,2009,1360.67888,1360.67888,728.9217443
1,Deaths,,Global,3,Both,7,10-14 years,302,Diarrheal diseases,183,Clostridium difficile,1,Number,2010,1460.008325,1460.008325,781.4612716
1,Deaths,,Global,3,Both,7,10-14 years,302,Diarrheal diseases,183,Clostridium difficile,1,Number,2011,1584.245644,1584.245644,821.3794321
1,Deaths,,Global,3,Both,7,10-14 years,302,Diarrheal diseases,183,Clostridium difficile,1,Number,2012,1544.540906,1544.540906,840.4772252
1,Deaths,,Global,3,Both,7,10-14 years,302,Diarrheal diseases,183,Clostridium difficile,1,Number,2013,1519.162842,1519.162842,829.5803306
1,Deaths,,Global,3,Both,7,10-14 years,302,Diarrheal diseases,183,Clostridium difficile,1,Number,2014,1547.701917,1547.701917,870.041986
1,Deaths,,Global,3,Both,7,10-14 years,302,Diarrheal diseases,183,Clostridium difficile,1,Number,2015,1561.708227,1561.708227,900.2873967
1,Deaths,,Global,3,Both,7,10-14 years,302,Diarrheal diseases,183,Clostridium difficile,1,Number,2016,1542.122408,1542.122408,868.0131499
1,Deaths,,Global,3,Both,7,10-14 years,302,Diarrheal diseases,183,Clostridium difficile,1,Number,2017,1558.85576,1558.85576,895.6020778
1,Deaths,,Global,3,Both,7,10-14 years,302,Diarrheal diseases,183,Clostridium difficile,1,Number,2018,1542.930724,1542.930724,848.0321432
1,Deaths,,Global,3,Both,7,10-14 years,302,Diarrheal diseases,183,Clostridium difficile,1,Number,2019,1486.673273,1486.673273,837.016443
1,Deaths,,Global,3,Both,7,10-14 years,302,Diarrheal diseases,183,Clostridium difficile,1,Number,2020,1379.733456,1379.733456,791.5681865
1,Deaths,,Global,3,Both,7,10-14 years,302,Diarrheal diseases,183,Clostridium difficile,1,Number,2021,1323.200154,1323.200154,753.8538764
1,Deaths,,Global,3,Both,8,15-19 years,302,Diarrheal diseases,183,Clostridium difficile,1,Number,1990,1964.832563,1964.832563,816.4938537
1,Deaths,,Global,3,Both,8,15-19 years,302,Diarrheal diseases,183,Clostridium difficile,1,Number,1991,1865.988554,1865.988554,847.5078705
1,Deaths,,Global,3,Both,8,15-19 years,302,Diarrheal diseases,183,Clostridium difficile,1,Number,1992,1794.639945,1794.639945,816.9914547
1,Deaths,,Global,3,Both,8,15-19 years,302,Diarrheal diseases,183,Clostridium difficile,1,Number,1993,1772.542557,1772.542557,812.4346695
1,Deaths,,Global,3,Both,8,15-19 years,302,Diarrheal diseases,183,Clostridium difficile,1,Number,1994,4238.045206,4238.045206,942.5217411
1,Deaths,,Global,3,Both,8,15-19 years,302,Diarrheal diseases,183,Clostridium difficile,1,Number,1995,1811.801227,1811.801227,836.7366381
1,Deaths,,Global,3,Both,8,15-19 years,302,Diarrheal diseases,183,Clostridium difficile,1,Number,1996,1827.748323,1827.748323,857.2745279
1,Deaths,,Global,3,Both,8,15-19 years,302,Diarrheal diseases,183,Clostridium difficile,1,Number,1997,1908.765811,1908.765811,866.8942006
1,Deaths,,Global,3,Both,8,15-19 years,302,Diarrheal diseases,183,Clostridium difficile,1,Number,1998,1954.643846,1954.643846,955.3670077
1,Deaths,,Global,3,Both,8,15-19 years,302,Diarrheal diseases,183,Clostridium difficile,1,Number,1999,2024.165374,2024.165374,950.6478396
1,Deaths,,Global,3,Both,8,15-19 years,302,Diarrheal diseases,183,Clostridium difficile,1,Number,2000,1996.393485,1996.393485,973.1822373
1,Deaths,,Global,3,Both,8,15-19 years,302,Diarrheal diseases,183,Clostridium difficile,1,Number,2001,1871.732153,1871.732153,914.9124398
1,Deaths,,Global,3,Both,8,15-19 years,302,Diarrheal diseases,183,Clostridium difficile,1,Number,2002,1842.764068,1842.764068,921.3796019
1,Deaths,,Global,3,Both,8,15-19 years,302,Diarrheal diseases,183,Clostridium difficile,1,Number,2003,1877.439645,1877.439645,900.721881
1,Deaths,,Global,3,Both,8,15-19 years,302,Diarrheal diseases,183,Clostridium difficile,1,Number,2004,1950.987859,1950.987859,945.0340817
1,Deaths,,Global,3,Both,8,15-19 years,302,Diarrheal diseases,183,Clostridium difficile,1,Number,2005,2005.267398,2005.267398,1022.622598
1,Deaths,,Global,3,Both,8,15-19 years,302,Diarrheal diseases,183,Clostridium difficile,1,Number,2006,2065.965835,2065.965835,1062.338713
1,Deaths,,Global,3,Both,8,15-19 years,302,Diarrheal diseases,183,Clostridium difficile,1,Number,2007,2037.905293,2037.905293,1070.365558
1,Deaths,,Global,3,Both,8,15-19 years,302,Diarrheal diseases,183,Clostridium difficile,1,Number,2008,2091.942189,2091.942189,1059.174449
1,Deaths,,Global,3,Both,8,15-19 years,302,Diarrheal diseases,183,Clostridium difficile,1,Number,2009,2173.146062,2173.146062,1128.900398
1,Deaths,,Global,3,Both,8,15-19 years,302,Diarrheal diseases,183,Clostridium difficile,1,Number,2010,2202.426521,2202.426521,1212.845266
1,Deaths,,Global,3,Both,8,15-19 years,302,Diarrheal diseases,183,Clostridium difficile,1,Number,2011,2362.899662,2362.899662,1326.089322
1,Deaths,,Global,3,Both,8,15-19 years,302,Diarrheal diseases,183,Clostridium difficile,1,Number,2012,2479.554131,2479.554131,1397.496468
1,Deaths,,Global,3,Both,8,15-19 years,302,Diarrheal diseases,183,Clostridium difficile,1,Number,2013,2533.825205,2533.825205,1323.747917
1,Deaths,,Global,3,Both,8,15-19 years,302,Diarrheal diseases,183,Clostridium difficile,1,Number,2014,2706.746209,2706.746209,1348.512552
1,Deaths,,Global,3,Both,8,15-19 years,302,Diarrheal diseases,183,Clostridium difficile,1,Number,2015,2597.470778,2597.470778,1336.008126
1,Deaths,,Global,3,Both,8,15-19 years,302,Diarrheal diseases,183,Clostridium difficile,1,Number,2016,2549.574039,2549.574039,1351.005216
1,Deaths,,Global,3,Both,8,15-19 years,302,Diarrheal diseases,183,Clostridium difficile,1,Number,2017,2609.145354,2609.145354,1394.115192
1,Deaths,,Global,3,Both,8,15-19 years,302,Diarrheal diseases,183,Clostridium difficile,1,Number,2018,2522.904637,2522.904637,1333.631945
1,Deaths,,Global,3,Both,8,15-19 years,302,Diarrheal diseases,183,Clostridium difficile,1,Number,2019,2357.935733,2357.935733,1288.730004
1,Deaths,,Global,3,Both,8,15-19 years,302,Diarrheal diseases,183,Clostridium difficile,1,Number,2020,2198.675879,2198.675879,1271.435283
1,Deaths,,Global,3,Both,8,15-19 years,302,Diarrheal diseases,183,Clostridium difficile,1,Number,2021,2250.020587,2250.020587,1270.727919
1,Deaths,,Global,3,Both,9,20-24 years,302,Diarrheal diseases,183,Clostridium difficile,1,Number,1990,1798.990575,1798.990575,753.7876218
1,Deaths,,Global,3,Both,9,20-24 years,302,Diarrheal diseases,183,Clostridium difficile,1,Number,1991,1771.211172,1771.211172,786.5754803
1,Deaths,,Global,3,Both,9,20-24 years,302,Diarrheal diseases,183,Clostridium difficile,1,Number,1992,1781.832734,1781.832734,768.4524397
1,Deaths,,Global,3,Both,9,20-24 years,302,Diarrheal diseases,183,Clostridium difficile,1,Number,1993,1752.538361,1752.538361,803.5040167
1,Deaths,,Global,3,Both,9,20-24 years,302,Diarrheal diseases,183,Clostridium difficile,1,Number,1994,2396.905001,2396.905001,905.1073024
1,Deaths,,Global,3,Both,9,20-24 years,302,Diarrheal diseases,183,Clostridium difficile,1,Number,1995,1791.274383,1791.274383,830.393526
1,Deaths,,Global,3,Both,9,20-24 years,302,Diarrheal diseases,183,Clostridium difficile,1,Number,1996,1797.833487,1797.833487,824.2910332
1,Deaths,,Global,3,Both,9,20-24 years,302,Diarrheal diseases,183,Clostridium difficile,1,Number,1997,1793.897647,1793.897647,847.1172726
1,Deaths,,Global,3,Both,9,20-24 years,302,Diarrheal diseases,183,Clostridium difficile,1,Number,1998,1855.344283,1855.344283,876.5906057
1,Deaths,,Global,3,Both,9,20-24 years,302,Diarrheal diseases,183,Clostridium difficile,1,Number,1999,1873.508837,1873.508837,879.9645182
1,Deaths,,Global,3,Both,9,20-24 years,302,Diarrheal diseases,183,Clostridium difficile,1,Number,2000,1876.402281,1876.402281,861.7731551
1,Deaths,,Global,3,Both,9,20-24 years,302,Diarrheal diseases,183,Clostridium difficile,1,Number,2001,1800.468746,1800.468746,889.6592553
1,Deaths,,Global,3,Both,9,20-24 years,302,Diarrheal diseases,183,Clostridium difficile,1,Number,2002,1819.203664,1819.203664,890.5913667
1,Deaths,,Global,3,Both,9,20-24 years,302,Diarrheal diseases,183,Clostridium difficile,1,Number,2003,1781.132611,1781.132611,905.39707
1,Deaths,,Global,3,Both,9,20-24 years,302,Diarrheal diseases,183,Clostridium difficile,1,Number,2004,1868.24779,1868.24779,908.7632452
1,Deaths,,Global,3,Both,9,20-24 years,302,Diarrheal diseases,183,Clostridium difficile,1,Number,2005,1967.94523,1967.94523,1003.846375
1,Deaths,,Global,3,Both,9,20-24 years,302,Diarrheal diseases,183,Clostridium difficile,1,Number,2006,2091.754041,2091.754041,1065.534077
1,Deaths,,Global,3,Both,9,20-24 years,302,Diarrheal diseases,183,Clostridium difficile,1,Number,2007,2131.616583,2131.616583,1126.003173
1,Deaths,,Global,3,Both,9,20-24 years,302,Diarrheal diseases,183,Clostridium difficile,1,Number,2008,2156.44321,2156.44321,1195.667936
1,Deaths,,Global,3,Both,9,20-24 years,302,Diarrheal diseases,183,Clostridium difficile,1,Number,2009,2307.04464,2307.04464,1214.267798
1,Deaths,,Global,3,Both,9,20-24 years,302,Diarrheal diseases,183,Clostridium difficile,1,Number,2010,2345.12062,2345.12062,1342.952091
1,Deaths,,Global,3,Both,9,20-24 years,302,Diarrheal diseases,183,Clostridium difficile,1,Number,2011,2487.253504,2487.253504,1391.264919
1,Deaths,,Global,3,Both,9,20-24 years,302,Diarrheal diseases,183,Clostridium difficile,1,Number,2012,2625.633144,2625.633144,1472.053067
1,Deaths,,Global,3,Both,9,20-24 years,302,Diarrheal diseases,183,Clostridium difficile,1,Number,2013,2550.775116,2550.775116,1480.129566
1,Deaths,,Global,3,Both,9,20-24 years,302,Diarrheal diseases,183,Clostridium difficile,1,Number,2014,2516.890883,2516.890883,1412.677203
1,Deaths,,Global,3,Both,9,20-24 years,302,Diarrheal diseases,183,Clostridium difficile,1,Number,2015,2555.03758,2555.03758,1303.02978
1,Deaths,,Global,3,Both,9,20-24 years,302,Diarrheal diseases,183,Clostridium difficile,1,Number,2016,2521.346332,2521.346332,1381.64355
1,Deaths,,Global,3,Both,9,20-24 years,302,Diarrheal diseases,183,Clostridium difficile,1,Number,2017,2531.762528,2531.762528,1454.501173
1,Deaths,,Global,3,Both,9,20-24 years,302,Diarrheal diseases,183,Clostridium difficile,1,Number,2018,2426.318515,2426.318515,1411.130246
1,Deaths,,Global,3,Both,9,20-24 years,302,Diarrheal diseases,183,Clostridium difficile,1,Number,2019,2387.736706,2387.736706,1342.522646
1,Deaths,,Global,3,Both,9,20-24 years,302,Diarrheal diseases,183,Clostridium difficile,1,Number,2020,2302.372044,2302.372044,1310.694283
1,Deaths,,Global,3,Both,9,20-24 years,302,Diarrheal diseases,183,Clostridium difficile,1,Number,2021,2282.423709,2282.423709,1302.058701
1,Deaths,,Global,3,Both,10,25-29 years,302,Diarrheal diseases,183,Clostridium difficile,1,Number,1990,1553.981199,1553.981199,667.0397004
1,Deaths,,Global,3,Both,10,25-29 years,302,Diarrheal diseases,183,Clostridium difficile,1,Number,1991,1561.545381,1561.545381,705.988373
1,Deaths,,Global,3,Both,10,25-29 years,302,Diarrheal diseases,183,Clostridium difficile,1,Number,1992,1582.436425,1582.436425,707.0036108
1,Deaths,,Global,3,Both,10,25-29 years,302,Diarrheal diseases,183,Clostridium difficile,1,Number,1993,1595.718184,1595.718184,722.8945135
1,Deaths,,Global,3,Both,10,25-29 years,302,Diarrheal diseases,183,Clostridium difficile,1,Number,1994,1675.158052,1675.158052,761.0010739
1,Deaths,,Global,3,Both,10,25-29 years,302,Diarrheal diseases,183,Clostridium difficile,1,Number,1995,1614.777196,1614.777196,765.8555343
1,Deaths,,Global,3,Both,10,25-29 years,302,Diarrheal diseases,183,Clostridium difficile,1,Number,1996,1628.747248,1628.747248,746.2517146
1,Deaths,,Global,3,Both,10,25-29 years,302,Diarrheal diseases,183,Clostridium difficile,1,Number,1997,1609.0946,1609.0946,772.8881134
1,Deaths,,Global,3,Both,10,25-29 years,302,Diarrheal diseases,183,Clostridium difficile,1,Number,1998,1666.394259,1666.394259,800.4528471
1,Deaths,,Global,3,Both,10,25-29 years,302,Diarrheal diseases,183,Clostridium difficile,1,Number,1999,1693.714202,1693.714202,817.1519043
1,Deaths,,Global,3,Both,10,25-29 years,302,Diarrheal diseases,183,Clostridium difficile,1,Number,2000,1712.432737,1712.432737,835.7613505
1,Deaths,,Global,3,Both,10,25-29 years,302,Diarrheal diseases,183,Clostridium difficile,1,Number,2001,1721.642153,1721.642153,841.4678199
1,Deaths,,Global,3,Both,10,25-29 years,302,Diarrheal diseases,183,Clostridium difficile,1,Number,2002,1735.830981,1735.830981,838.940978
1,Deaths,,Global,3,Both,10,25-29 years,302,Diarrheal diseases,183,Clostridium difficile,1,Number,2003,1705.386324,1705.386324,845.8926074
1,Deaths,,Global,3,Both,10,25-29 years,302,Diarrheal diseases,183,Clostridium difficile,1,Number,2004,1722.824565,1722.824565,872.5685865
1,Deaths,,Global,3,Both,10,25-29 years,302,Diarrheal diseases,183,Clostridium difficile,1,Number,2005,1841.574334,1841.574334,920.6093424
1,Deaths,,Global,3,Both,10,25-29 years,302,Diarrheal diseases,183,Clostridium difficile,1,Number,2006,1887.154435,1887.154435,984.4154511
1,Deaths,,Global,3,Both,10,25-29 years,302,Diarrheal diseases,183,Clostridium difficile,1,Number,2007,1910.500838,1910.500838,1021.19815
1,Deaths,,Global,3,Both,10,25-29 years,302,Diarrheal diseases,183,Clostridium difficile,1,Number,2008,1997.773935,1997.773935,1057.624366
1,Deaths,,Global,3,Both,10,25-29 years,302,Diarrheal diseases,183,Clostridium difficile,1,Number,2009,2151.162618,2151.162618,1161.655234
1,Deaths,,Global,3,Both,10,25-29 years,302,Diarrheal diseases,183,Clostridium difficile,1,Number,2010,2287.465403,2287.465403,1257.859002
1,Deaths,,Global,3,Both,10,25-29 years,302,Diarrheal diseases,183,Clostridium difficile,1,Number,2011,2360.605124,2360.605124,1342.729772
1,Deaths,,Global,3,Both,10,25-29 years,302,Diarrheal diseases,183,Clostridium difficile,1,Number,2012,2478.205969,2478.205969,1432.052698
1,Deaths,,Global,3,Both,10,25-29 years,302,Diarrheal diseases,183,Clostridium difficile,1,Number,2013,2505.887417,2505.887417,1479.611055
1,Deaths,,Global,3,Both,10,25-29 years,302,Diarrheal diseases,183,Clostridium difficile,1,Number,2014,2439.809971,2439.809971,1423.664836
1,Deaths,,Global,3,Both,10,25-29 years,302,Diarrheal diseases,183,Clostridium difficile,1,Number,2015,2399.706192,2399.706192,1434.791436
1,Deaths,,Global,3,Both,10,25-29 years,302,Diarrheal diseases,183,Clostridium difficile,1,Number,2016,2459.576625,2459.576625,1451.517165
1,Deaths,,Global,3,Both,10,25-29 years,302,Diarrheal diseases,183,Clostridium difficile,1,Number,2017,2574.679071,2574.679071,1510.99517
1,Deaths,,Global,3,Both,10,25-29 years,302,Diarrheal diseases,183,Clostridium difficile,1,Number,2018,2465.99361,2465.99361,1466.554371
1,Deaths,,Global,3,Both,10,25-29 years,302,Diarrheal diseases,183,Clostridium difficile,1,Number,2019,2424.586997,2424.586997,1425.446744
1,Deaths,,Global,3,Both,10,25-29 years,302,Diarrheal diseases,183,Clostridium difficile,1,Number,2020,2338.995902,2338.995902,1395.533746
1,Deaths,,Global,3,Both,10,25-29 years,302,Diarrheal diseases,183,Clostridium difficile,1,Number,2021,2287.641649,2287.641649,1379.414157
1,Deaths,,Global,3,Both,11,30-34 years,302,Diarrheal diseases,183,Clostridium difficile,1,Number,1990,1555.899792,1555.899792,685.6044913
1,Deaths,,Global,3,Both,11,30-34 years,302,Diarrheal diseases,183,Clostridium difficile,1,Number,1991,1585.303531,1585.303531,693.0881992
1,Deaths,,Global,3,Both,11,30-34 years,302,Diarrheal diseases,183,Clostridium difficile,1,Number,1992,1591.823587,1591.823587,719.463009
1,Deaths,,Global,3,Both,11,30-34 years,302,Diarrheal diseases,183,Clostridium difficile,1,Number,1993,1634.412656,1634.412656,740.8006423
1,Deaths,,Global,3,Both,11,30-34 years,302,Diarrheal diseases,183,Clostridium difficile,1,Number,1994,1696.054072,1696.054072,802.6550438
1,Deaths,,Global,3,Both,11,30-34 years,302,Diarrheal diseases,183,Clostridium difficile,1,Number,1995,1691.075916,1691.075916,807.6407997
1,Deaths,,Global,3,Both,11,30-34 years,302,Diarrheal diseases,183,Clostridium difficile,1,Number,1996,1701.404333,1701.404333,791.3836472
1,Deaths,,Global,3,Both,11,30-34 years,302,Diarrheal diseases,183,Clostridium difficile,1,Number,1997,1703.663451,1703.663451,804.3487692
1,Deaths,,Global,3,Both,11,30-34 years,302,Diarrheal diseases,183,Clostridium difficile,1,Number,1998,1739.402092,1739.402092,844.9650115
1,Deaths,,Global,3,Both,11,30-34 years,302,Diarrheal diseases,183,Clostridium difficile,1,Number,1999,1767.402982,1767.402982,845.9650304
1,Deaths,,Global,3,Both,11,30-34 years,302,Diarrheal diseases,183,Clostridium difficile,1,Number,2000,1802.270283,1802.270283,844.2448118
1,Deaths,,Global,3,Both,11,30-34 years,302,Diarrheal diseases,183,Clostridium difficile,1,Number,2001,1795.677012,1795.677012,868.8926868
1,Deaths,,Global,3,Both,11,30-34 years,302,Diarrheal diseases,183,Clostridium difficile,1,Number,2002,1821.899014,1821.899014,895.8690745
1,Deaths,,Global,3,Both,11,30-34 years,302,Diarrheal diseases,183,Clostridium difficile,1,Number,2003,1860.726902,1860.726902,914.6665639
1,Deaths,,Global,3,Both,11,30-34 years,302,Diarrheal diseases,183,Clostridium difficile,1,Number,2004,1919.186829,1919.186829,959.0437632
1,Deaths,,Global,3,Both,11,30-34 years,302,Diarrheal diseases,183,Clostridium difficile,1,Number,2005,2004.393554,2004.393554,1024.90493
1,Deaths,,Global,3,Both,11,30-34 years,302,Diarrheal diseases,183,Clostridium difficile,1,Number,2006,2078.547466,2078.547466,1081.092607
1,Deaths,,Global,3,Both,11,30-34 years,302,Diarrheal diseases,183,Clostridium difficile,1,Number,2007,2106.268826,2106.268826,1135.872165
1,Deaths,,Global,3,Both,11,30-34 years,302,Diarrheal diseases,183,Clostridium difficile,1,Number,2008,2166.641457,2166.641457,1213.241184
1,Deaths,,Global,3,Both,11,30-34 years,302,Diarrheal diseases,183,Clostridium difficile,1,Number,2009,2336.043737,2336.043737,1266.426622
1,Deaths,,Global,3,Both,11,30-34 years,302,Diarrheal diseases,183,Clostridium difficile,1,Number,2010,2388.3724,2388.3724,1408.405691
1,Deaths,,Global,3,Both,11,30-34 years,302,Diarrheal diseases,183,Clostridium difficile,1,Number,2011,2494.020441,2494.020441,1475.601089
1,Deaths,,Global,3,Both,11,30-34 years,302,Diarrheal diseases,183,Clostridium difficile,1,Number,2012,2678.263071,2678.263071,1465.951937
1,Deaths,,Global,3,Both,11,30-34 years,302,Diarrheal diseases,183,Clostridium difficile,1,Number,2013,2672.549501,2672.549501,1571.648804
1,Deaths,,Global,3,Both,11,30-34 years,302,Diarrheal diseases,183,Clostridium difficile,1,Number,2014,2664.053946,2664.053946,1583.641015
1,Deaths,,Global,3,Both,11,30-34 years,302,Diarrheal diseases,183,Clostridium difficile,1,Number,2015,2766.959433,2766.959433,1581.043818
1,Deaths,,Global,3,Both,11,30-34 years,302,Diarrheal diseases,183,Clostridium difficile,1,Number,2016,2812.546112,2812.546112,1674.646512
1,Deaths,,Global,3,Both,11,30-34 years,302,Diarrheal diseases,183,Clostridium difficile,1,Number,2017,2969.160581,2969.160581,1743.049169
1,Deaths,,Global,3,Both,11,30-34 years,302,Diarrheal diseases,183,Clostridium difficile,1,Number,2018,2965.743428,2965.743428,1731.764422
1,Deaths,,Global,3,Both,11,30-34 years,302,Diarrheal diseases,183,Clostridium difficile,1,Number,2019,2936.833834,2936.833834,1753.928116
1,Deaths,,Global,3,Both,11,30-34 years,302,Diarrheal diseases,183,Clostridium difficile,1,Number,2020,2885.505167,2885.505167,1727.425788
1,Deaths,,Global,3,Both,11,30-34 years,302,Diarrheal diseases,183,Clostridium difficile,1,Number,2021,2876.903563,2876.903563,1696.756716
1,Deaths,,Global,3,Both,12,35-39 years,302,Diarrheal diseases,183,Clostridium difficile,1,Number,1990,2042.953202,2042.953202,900.3832023
1,Deaths,,Global,3,Both,12,35-39 years,302,Diarrheal diseases,183,Clostridium difficile,1,Number,1991,2069.469909,2069.469909,932.1737731
1,Deaths,,Global,3,Both,12,35-39 years,302,Diarrheal diseases,183,Clostridium difficile,1,Number,1992,2105.726163,2105.726163,936.6603794
1,Deaths,,Global,3,Both,12,35-39 years,302,Diarrheal diseases,183,Clostridium difficile,1,Number,1993,2101.651807,2101.651807,989.1014007
1,Deaths,,Global,3,Both,12,35-39 years,302,Diarrheal diseases,183,Clostridium difficile,1,Number,1994,2173.519677,2173.519677,1022.771763
1,Deaths,,Global,3,Both,12,35-39 years,302,Diarrheal diseases,183,Clostridium difficile,1,Number,1995,2185.164989,2185.164989,996.6663822
1,Deaths,,Global,3,Both,12,35-39 years,302,Diarrheal diseases,183,Clostridium difficile,1,Number,1996,2102.070281,2102.070281,1029.321011
1,Deaths,,Global,3,Both,12,35-39 years,302,Diarrheal diseases,183,Clostridium difficile,1,Number,1997,2141.048787,2141.048787,991.1128488
1,Deaths,,Global,3,Both,12,35-39 years,302,Diarrheal diseases,183,Clostridium difficile,1,Number,1998,2203.698487,2203.698487,1056.594915
1,Deaths,,Global,3,Both,12,35-39 years,302,Diarrheal diseases,183,Clostridium difficile,1,Number,1999,2238.109828,2238.109828,1103.073071
1,Deaths,,Global,3,Both,12,35-39 years,302,Diarrheal diseases,183,Clostridium difficile,1,Number,2000,2298.863786,2298.863786,1110.469706
1,Deaths,,Global,3,Both,12,35-39 years,302,Diarrheal diseases,183,Clostridium difficile,1,Number,2001,2388.914848,2388.914848,1114.08505
1,Deaths,,Global,3,Both,12,35-39 years,302,Diarrheal diseases,183,Clostridium difficile,1,Number,2002,2396.644344,2396.644344,1216.18149
1,Deaths,,Global,3,Both,12,35-39 years,302,Diarrheal diseases,183,Clostridium difficile,1,Number,2003,2389.398965,2389.398965,1227.349351
1,Deaths,,Global,3,Both,12,35-39 years,302,Diarrheal diseases,183,Clostridium difficile,1,Number,2004,2468.827028,2468.827028,1235.705269
1,Deaths,,Global,3,Both,12,35-39 years,302,Diarrheal diseases,183,Clostridium difficile,1,Number,2005,2633.900691,2633.900691,1332.954464
1,Deaths,,Global,3,Both,12,35-39 years,302,Diarrheal diseases,183,Clostridium difficile,1,Number,2006,2719.741695,2719.741695,1509.106833
1,Deaths,,Global,3,Both,12,35-39 years,302,Diarrheal diseases,183,Clostridium difficile,1,Number,2007,2887.111634,2887.111634,1502.497393
1,Deaths,,Global,3,Both,12,35-39 years,302,Diarrheal diseases,183,Clostridium difficile,1,Number,2008,2973.26303,2973.26303,1626.333465
1,Deaths,,Global,3,Both,12,35-39 years,302,Diarrheal diseases,183,Clostridium difficile,1,Number,2009,3139.987319,3139.987319,1723.510856
1,Deaths,,Global,3,Both,12,35-39 years,302,Diarrheal diseases,183,Clostridium difficile,1,Number,2010,3235.521257,3235.521257,1811.827611
1,Deaths,,Global,3,Both,12,35-39 years,302,Diarrheal diseases,183,Clostridium difficile,1,Number,2011,3249.464817,3249.464817,1894.080357
1,Deaths,,Global,3,Both,12,35-39 years,302,Diarrheal diseases,183,Clostridium difficile,1,Number,2012,3404.002793,3404.002793,2017.493954
1,Deaths,,Global,3,Both,12,35-39 years,302,Diarrheal diseases,183,Clostridium difficile,1,Number,2013,3485.550743,3485.550743,2123.876741
1,Deaths,,Global,3,Both,12,35-39 years,302,Diarrheal diseases,183,Clostridium difficile,1,Number,2014,3497.236122,3497.236122,2097.821121
1,Deaths,,Global,3,Both,12,35-39 years,302,Diarrheal diseases,183,Clostridium difficile,1,Number,2015,3541.826544,3541.826544,2185.870057
1,Deaths,,Global,3,Both,12,35-39 years,302,Diarrheal diseases,183,Clostridium difficile,1,Number,2016,3710.947026,3710.947026,2201.127466
1,Deaths,,Global,3,Both,12,35-39 years,302,Diarrheal diseases,183,Clostridium difficile,1,Number,2017,3886.760084,3886.760084,2352.667264
1,Deaths,,Global,3,Both,12,35-39 years,302,Diarrheal diseases,183,Clostridium difficile,1,Number,2018,3833.496688,3833.496688,2331.726303
1,Deaths,,Global,3,Both,12,35-39 years,302,Diarrheal diseases,183,Clostridium difficile,1,Number,2019,3805.161923,3805.161923,2346.761125
1,Deaths,,Global,3,Both,12,35-39 years,302,Diarrheal diseases,183,Clostridium difficile,1,Number,2020,3751.555644,3751.555644,2284.812652
1,Deaths,,Global,3,Both,12,35-39 years,302,Diarrheal diseases,183,Clostridium difficile,1,Number,2021,3792.337863,3792.337863,2234.603046
1,Deaths,,Global,3,Both,13,40-44 years,302,Diarrheal diseases,183,Clostridium difficile,1,Number,1990,2516.987745,2516.987745,1166.387196
1,Deaths,,Global,3,Both,13,40-44 years,302,Diarrheal diseases,183,Clostridium difficile,1,Number,1991,2688.247413,2688.247413,1147.416843
1,Deaths,,Global,3,Both,13,40-44 years,302,Diarrheal diseases,183,Clostridium difficile,1,Number,1992,2756.330563,2756.330563,1213.094709
1,Deaths,,Global,3,Both,13,40-44 years,302,Diarrheal diseases,183,Clostridium difficile,1,Number,1993,2859.957753,2859.957753,1265.725152
1,Deaths,,Global,3,Both,13,40-44 years,302,Diarrheal diseases,183,Clostridium difficile,1,Number,1994,2968.863846,2968.863846,1355.76833
1,Deaths,,Global,3,Both,13,40-44 years,302,Diarrheal diseases,183,Clostridium difficile,1,Number,1995,3020.480969,3020.480969,1413.607908
1,Deaths,,Global,3,Both,13,40-44 years,302,Diarrheal diseases,183,Clostridium difficile,1,Number,1996,2990.623061,2990.623061,1374.675855
1,Deaths,,Global,3,Both,13,40-44 years,302,Diarrheal diseases,183,Clostridium difficile,1,Number,1997,2984.676733,2984.676733,1347.025849
1,Deaths,,Global,3,Both,13,40-44 years,302,Diarrheal diseases,183,Clostridium difficile,1,Number,1998,2962.969155,2962.969155,1446.513519
1,Deaths,,Global,3,Both,13,40-44 years,302,Diarrheal diseases,183,Clostridium difficile,1,Number,1999,3011.877612,3011.877612,1401.784445
1,Deaths,,Global,3,Both,13,40-44 years,302,Diarrheal diseases,183,Clostridium difficile,1,Number,2000,2936.826666,2936.826666,1441.429779
1,Deaths,,Global,3,Both,13,40-44 years,302,Diarrheal diseases,183,Clostridium difficile,1,Number,2001,2988.886227,2988.886227,1432.565545
1,Deaths,,Global,3,Both,13,40-44 years,302,Diarrheal diseases,183,Clostridium difficile,1,Number,2002,3052.563317,3052.563317,1514.230548
1,Deaths,,Global,3,Both,13,40-44 years,302,Diarrheal diseases,183,Clostridium difficile,1,Number,2003,3159.474354,3159.474354,1533.30434
1,Deaths,,Global,3,Both,13,40-44 years,302,Diarrheal diseases,183,Clostridium difficile,1,Number,2004,3265.504808,3265.504808,1635.105152
1,Deaths,,Global,3,Both,13,40-44 years,302,Diarrheal diseases,183,Clostridium difficile,1,Number,2005,3499.617134,3499.617134,1766.024672
1,Deaths,,Global,3,Both,13,40-44 years,302,Diarrheal diseases,183,Clostridium difficile,1,Number,2006,3743.395833,3743.395833,1942.468673
1,Deaths,,Global,3,Both,13,40-44 years,302,Diarrheal diseases,183,Clostridium difficile,1,Number,2007,3918.003854,3918.003854,2081.343083
1,Deaths,,Global,3,Both,13,40-44 years,302,Diarrheal diseases,183,Clostridium difficile,1,Number,2008,4055.799392,4055.799392,2183.001734
1,Deaths,,Global,3,Both,13,40-44 years,302,Diarrheal diseases,183,Clostridium difficile,1,Number,2009,4233.37123,4233.37123,2246.685495
1,Deaths,,Global,3,Both,13,40-44 years,302,Diarrheal diseases,183,Clostridium difficile,1,Number,2010,4391.143086,4391.143086,2441.432609
1,Deaths,,Global,3,Both,13,40-44 years,302,Diarrheal diseases,183,Clostridium difficile,1,Number,2011,4609.154283,4609.154283,2580.135974
1,Deaths,,Global,3,Both,13,40-44 years,302,Diarrheal diseases,183,Clostridium difficile,1,Number,2012,4764.728935,4764.728935,2763.485561
1,Deaths,,Global,3,Both,13,40-44 years,302,Diarrheal diseases,183,Clostridium difficile,1,Number,2013,4936.282417,4936.282417,2843.722171
1,Deaths,,Global,3,Both,13,40-44 years,302,Diarrheal diseases,183,Clostridium difficile,1,Number,2014,4969.827165,4969.827165,2877.778951
1,Deaths,,Global,3,Both,13,40-44 years,302,Diarrheal diseases,183,Clostridium difficile,1,Number,2015,4969.66481,4969.66481,3039.373703
1,Deaths,,Global,3,Both,13,40-44 years,302,Diarrheal diseases,183,Clostridium difficile,1,Number,2016,5201.622855,5201.622855,3053.90258
1,Deaths,,Global,3,Both,13,40-44 years,302,Diarrheal diseases,183,Clostridium difficile,1,Number,2017,5482.949793,5482.949793,3211.323232
1,Deaths,,Global,3,Both,13,40-44 years,302,Diarrheal diseases,183,Clostridium difficile,1,Number,2018,5419.702974,5419.702974,3243.291955
1,Deaths,,Global,3,Both,13,40-44 years,302,Diarrheal diseases,183,Clostridium difficile,1,Number,2019,5275.660731,5275.660731,3297.673621
1,Deaths,,Global,3,Both,13,40-44 years,302,Diarrheal diseases,183,Clostridium difficile,1,Number,2020,5227.618751,5227.618751,3231.475529
1,Deaths,,Global,3,Both,13,40-44 years,302,Diarrheal diseases,183,Clostridium difficile,1,Number,2021,5294.349184,5294.349184,3115.184975
1,Deaths,,Global,3,Both,14,45-49 years,302,Diarrheal diseases,183,Clostridium difficile,1,Number,1990,3334.473913,3334.473913,1432.286005
1,Deaths,,Global,3,Both,14,45-49 years,302,Diarrheal diseases,183,Clostridium difficile,1,Number,1991,3279.564168,3279.564168,1496.50289
1,Deaths,,Global,3,Both,14,45-49 years,302,Diarrheal diseases,183,Clostridium difficile,1,Number,1992,3323.512164,3323.512164,1532.269376
1,Deaths,,Global,3,Both,14,45-49 years,302,Diarrheal diseases,183,Clostridium difficile,1,Number,1993,3427.024234,3427.024234,1576.663299
1,Deaths,,Global,3,Both,14,45-49 years,302,Diarrheal diseases,183,Clostridium difficile,1,Number,1994,3649.170228,3649.170228,1646.171025
1,Deaths,,Global,3,Both,14,45-49 years,302,Diarrheal diseases,183,Clostridium difficile,1,Number,1995,3696.672668,3696.672668,1728.180212
1,Deaths,,Global,3,Both,14,45-49 years,302,Diarrheal diseases,183,Clostridium difficile,1,Number,1996,3753.812409,3753.812409,1742.034214
1,Deaths,,Global,3,Both,14,45-49 years,302,Diarrheal diseases,183,Clostridium difficile,1,Number,1997,3802.741611,3802.741611,1749.275385
1,Deaths,,Global,3,Both,14,45-49 years,302,Diarrheal diseases,183,Clostridium difficile,1,Number,1998,3872.236507,3872.236507,1853.219763
1,Deaths,,Global,3,Both,14,45-49 years,302,Diarrheal diseases,183,Clostridium difficile,1,Number,1999,3940.028888,3940.028888,1876.239076
1,Deaths,,Global,3,Both,14,45-49 years,302,Diarrheal diseases,183,Clostridium difficile,1,Number,2000,4064.713047,4064.713047,1900.93846
1,Deaths,,Global,3,Both,14,45-49 years,302,Diarrheal diseases,183,Clostridium difficile,1,Number,2001,4057.108964,4057.108964,1988.490984
1,Deaths,,Global,3,Both,14,45-49 years,302,Diarrheal diseases,183,Clostridium difficile,1,Number,2002,4153.172501,4153.172501,2063.070391
1,Deaths,,Global,3,Both,14,45-49 years,302,Diarrheal diseases,183,Clostridium difficile,1,Number,2003,4197.555161,4197.555161,2123.468927
1,Deaths,,Global,3,Both,14,45-49 years,302,Diarrheal diseases,183,Clostridium difficile,1,Number,2004,4319.635461,4319.635461,2227.787986
1,Deaths,,Global,3,Both,14,45-49 years,302,Diarrheal diseases,183,Clostridium difficile,1,Number,2005,4618.090036,4618.090036,2336.300476
1,Deaths,,Global,3,Both,14,45-49 years,302,Diarrheal diseases,183,Clostridium difficile,1,Number,2006,4732.310144,4732.310144,2531.702571
1,Deaths,,Global,3,Both,14,45-49 years,302,Diarrheal diseases,183,Clostridium difficile,1,Number,2007,4888.54777,4888.54777,2645.498153
1,Deaths,,Global,3,Both,14,45-49 years,302,Diarrheal diseases,183,Clostridium difficile,1,Number,2008,5240.214543,5240.214543,2794.867584
1,Deaths,,Global,3,Both,14,45-49 years,302,Diarrheal diseases,183,Clostridium difficile,1,Number,2009,5616.626077,5616.626077,3131.910481
1,Deaths,,Global,3,Both,14,45-49 years,302,Diarrheal diseases,183,Clostridium difficile,1,Number,2010,6062.38006,6062.38006,3446.25033
1,Deaths,,Global,3,Both,14,45-49 years,302,Diarrheal diseases,183,Clostridium difficile,1,Number,2011,6494.963673,6494.963673,3570.688407
1,Deaths,,Global,3,Both,14,45-49 years,302,Diarrheal diseases,183,Clostridium difficile,1,Number,2012,6749.101795,6749.101795,3902.710031
1,Deaths,,Global,3,Both,14,45-49 years,302,Diarrheal diseases,183,Clostridium difficile,1,Number,2013,7033.329695,7033.329695,3938.739858
1,Deaths,,Global,3,Both,14,45-49 years,302,Diarrheal diseases,183,Clostridium difficile,1,Number,2014,6811.302381,6811.302381,4116.102781
1,Deaths,,Global,3,Both,14,45-49 years,302,Diarrheal diseases,183,Clostridium difficile,1,Number,2015,7081.558812,7081.558812,4137.562285
1,Deaths,,Global,3,Both,14,45-49 years,302,Diarrheal diseases,183,Clostridium difficile,1,Number,2016,7167.104332,7167.104332,4390.004519
1,Deaths,,Global,3,Both,14,45-49 years,302,Diarrheal diseases,183,Clostridium difficile,1,Number,2017,7470.811369,7470.811369,4526.793052
1,Deaths,,Global,3,Both,14,45-49 years,302,Diarrheal diseases,183,Clostridium difficile,1,Number,2018,7491.553537,7491.553537,4537.765127
1,Deaths,,Global,3,Both,14,45-49 years,302,Diarrheal diseases,183,Clostridium difficile,1,Number,2019,7556.651367,7556.651367,4455.446278
1,Deaths,,Global,3,Both,14,45-49 years,302,Diarrheal diseases,183,Clostridium difficile,1,Number,2020,7254.228134,7254.228134,4456.702385
1,Deaths,,Global,3,Both,14,45-49 years,302,Diarrheal diseases,183,Clostridium difficile,1,Number,2021,7216.980977,7216.980977,4276.313409
1,Deaths,,Global,3,Both,6,5-9 years,302,Diarrheal diseases,183,Clostridium difficile,1,Number,1990,2317.236246,2317.236246,960.1045841
1,Deaths,,Global,3,Both,6,5-9 years,302,Diarrheal diseases,183,Clostridium difficile,1,Number,1991,2283.146943,2283.146943,981.4804043
1,Deaths,,Global,3,Both,6,5-9 years,302,Diarrheal diseases,183,Clostridium difficile,1,Number,1992,2273.131656,2273.131656,992.7564439
1,Deaths,,Global,3,Both,6,5-9 years,302,Diarrheal diseases,183,Clostridium difficile,1,Number,1993,2259.884525,2259.884525,988.4482936
1,Deaths,,Global,3,Both,6,5-9 years,302,Diarrheal diseases,183,Clostridium difficile,1,Number,1994,2728.093015,2728.093015,1150.376974
1,Deaths,,Global,3,Both,6,5-9 years,302,Diarrheal diseases,183,Clostridium difficile,1,Number,1995,2262.221257,2262.221257,996.8978157
1,Deaths,,Global,3,Both,6,5-9 years,302,Diarrheal diseases,183,Clostridium difficile,1,Number,1996,2189.023592,2189.023592,989.7607555
1,Deaths,,Global,3,Both,6,5-9 years,302,Diarrheal diseases,183,Clostridium difficile,1,Number,1997,2121.192098,2121.192098,955.8264813
1,Deaths,,Global,3,Both,6,5-9 years,302,Diarrheal diseases,183,Clostridium difficile,1,Number,1998,2126.861598,2126.861598,955.6385945
1,Deaths,,Global,3,Both,6,5-9 years,302,Diarrheal diseases,183,Clostridium difficile,1,Number,1999,2000.215786,2000.215786,887.0273807
1,Deaths,,Global,3,Both,6,5-9 years,302,Diarrheal diseases,183,Clostridium difficile,1,Number,2000,1937.23363,1937.23363,863.956415
1,Deaths,,Global,3,Both,6,5-9 years,302,Diarrheal diseases,183,Clostridium difficile,1,Number,2001,1867.742036,1867.742036,891.1230313
1,Deaths,,Global,3,Both,6,5-9 years,302,Diarrheal diseases,183,Clostridium difficile,1,Number,2002,1796.054513,1796.054513,828.0907034
1,Deaths,,Global,3,Both,6,5-9 years,302,Diarrheal diseases,183,Clostridium difficile,1,Number,2003,1697.694552,1697.694552,806.2566166
1,Deaths,,Global,3,Both,6,5-9 years,302,Diarrheal diseases,183,Clostridium difficile,1,Number,2004,1747.904492,1747.904492,820.2118306
1,Deaths,,Global,3,Both,6,5-9 years,302,Diarrheal diseases,183,Clostridium difficile,1,Number,2005,1828.534318,1828.534318,923.6216057
1,Deaths,,Global,3,Both,6,5-9 years,302,Diarrheal diseases,183,Clostridium difficile,1,Number,2006,1898.435587,1898.435587,938.8390905
1,Deaths,,Global,3,Both,6,5-9 years,302,Diarrheal diseases,183,Clostridium difficile,1,Number,2007,1898.542794,1898.542794,949.6294997
1,Deaths,,Global,3,Both,6,5-9 years,302,Diarrheal diseases,183,Clostridium difficile,1,Number,2008,1920.282381,1920.282381,965.9146507
1,Deaths,,Global,3,Both,6,5-9 years,302,Diarrheal diseases,183,Clostridium difficile,1,Number,2009,1953.556737,1953.556737,984.1170758
1,Deaths,,Global,3,Both,6,5-9 years,302,Diarrheal diseases,183,Clostridium difficile,1,Number,2010,2008.439597,2008.439597,1012.748623
1,Deaths,,Global,3,Both,6,5-9 years,302,Diarrheal diseases,183,Clostridium difficile,1,Number,2011,2321.171175,2321.171175,1153.055728
1,Deaths,,Global,3,Both,6,5-9 years,302,Diarrheal diseases,183,Clostridium difficile,1,Number,2012,2383.097587,2383.097587,1194.421142
1,Deaths,,Global,3,Both,6,5-9 years,302,Diarrheal diseases,183,Clostridium difficile,1,Number,2013,2264.9106,2264.9106,1139.085056
1,Deaths,,Global,3,Both,6,5-9 years,302,Diarrheal diseases,183,Clostridium difficile,1,Number,2014,2133.073045,2133.073045,1080.349564
1,Deaths,,Global,3,Both,6,5-9 years,302,Diarrheal diseases,183,Clostridium difficile,1,Number,2015,2143.118566,2143.118566,1117.836676
1,Deaths,,Global,3,Both,6,5-9 years,302,Diarrheal diseases,183,Clostridium difficile,1,Number,2016,2148.984446,2148.984446,1140.738669
1,Deaths,,Global,3,Both,6,5-9 years,302,Diarrheal diseases,183,Clostridium difficile,1,Number,2017,2094.162689,2094.162689,1138.185158
1,Deaths,,Global,3,Both,6,5-9 years,302,Diarrheal diseases,183,Clostridium difficile,1,Number,2018,1979.15814,1979.15814,1055.600306
1,Deaths,,Global,3,Both,6,5-9 years,302,Diarrheal diseases,183,Clostridium difficile,1,Number,2019,1868.698875,1868.698875,978.416636
1,Deaths,,Global,3,Both,6,5-9 years,302,Diarrheal diseases,183,Clostridium difficile,1,Number,2020,1631.141745,1631.141745,883.8213245
1,Deaths,,Global,3,Both,6,5-9 years,302,Diarrheal diseases,183,Clostridium difficile,1,Number,2021,1562.295165,1562.295165,837.6357882
1,Deaths,,Global,3,Both,15,50-54 years,302,Diarrheal diseases,183,Clostridium difficile,1,Number,1990,5958.725135,5958.725135,2667.163073
1,Deaths,,Global,3,Both,15,50-54 years,302,Diarrheal diseases,183,Clostridium difficile,1,Number,1991,5916.425181,5916.425181,2675.520338
1,Deaths,,Global,3,Both,15,50-54 years,302,Diarrheal diseases,183,Clostridium difficile,1,Number,1992,5956.473464,5956.473464,2656.259306
1,Deaths,,Global,3,Both,15,50-54 years,302,Diarrheal diseases,183,Clostridium difficile,1,Number,1993,5872.246331,5872.246331,2768.392481
1,Deaths,,Global,3,Both,15,50-54 years,302,Diarrheal diseases,183,Clostridium difficile,1,Number,1994,5932.194517,5932.194517,2782.741944
1,Deaths,,Global,3,Both,15,50-54 years,302,Diarrheal diseases,183,Clostridium difficile,1,Number,1995,5800.320158,5800.320158,2777.613806
1,Deaths,,Global,3,Both,15,50-54 years,302,Diarrheal diseases,183,Clostridium difficile,1,Number,1996,5690.331279,5690.331279,2708.911323
1,Deaths,,Global,3,Both,15,50-54 years,302,Diarrheal diseases,183,Clostridium difficile,1,Number,1997,5655.210848,5655.210848,2745.204566
1,Deaths,,Global,3,Both,15,50-54 years,302,Diarrheal diseases,183,Clostridium difficile,1,Number,1998,5757.075401,5757.075401,2812.018312
1,Deaths,,Global,3,Both,15,50-54 years,302,Diarrheal diseases,183,Clostridium difficile,1,Number,1999,5821.18749,5821.18749,2825.575707
1,Deaths,,Global,3,Both,15,50-54 years,302,Diarrheal diseases,183,Clostridium difficile,1,Number,2000,5929.107235,5929.107235,2881.577559
1,Deaths,,Global,3,Both,15,50-54 years,302,Diarrheal diseases,183,Clostridium difficile,1,Number,2001,6285.37969,6285.37969,2912.876696
1,Deaths,,Global,3,Both,15,50-54 years,302,Diarrheal diseases,183,Clostridium difficile,1,Number,2002,6436.745418,6436.745418,3153.728344
1,Deaths,,Global,3,Both,15,50-54 years,302,Diarrheal diseases,183,Clostridium difficile,1,Number,2003,6604.443083,6604.443083,3302.95574
1,Deaths,,Global,3,Both,15,50-54 years,302,Diarrheal diseases,183,Clostridium difficile,1,Number,2004,6831.527823,6831.527823,3484.642253
1,Deaths,,Global,3,Both,15,50-54 years,302,Diarrheal diseases,183,Clostridium difficile,1,Number,2005,7541.047414,7541.047414,3645.659857
1,Deaths,,Global,3,Both,15,50-54 years,302,Diarrheal diseases,183,Clostridium difficile,1,Number,2006,7786.828154,7786.828154,4161.38467
1,Deaths,,Global,3,Both,15,50-54 years,302,Diarrheal diseases,183,Clostridium difficile,1,Number,2007,8058.549324,8058.549324,4371.14573
1,Deaths,,Global,3,Both,15,50-54 years,302,Diarrheal diseases,183,Clostridium difficile,1,Number,2008,8476.336707,8476.336707,4547.956363
1,Deaths,,Global,3,Both,15,50-54 years,302,Diarrheal diseases,183,Clostridium difficile,1,Number,2009,8800.229711,8800.229711,4846.95349
1,Deaths,,Global,3,Both,15,50-54 years,302,Diarrheal diseases,183,Clostridium difficile,1,Number,2010,9286.653093,9286.653093,5105.19373
1,Deaths,,Global,3,Both,15,50-54 years,302,Diarrheal diseases,183,Clostridium difficile,1,Number,2011,9632.392851,9632.392851,5630.398761
1,Deaths,,Global,3,Both,15,50-54 years,302,Diarrheal diseases,183,Clostridium difficile,1,Number,2012,10033.53802,10033.53802,6006.55083
1,Deaths,,Global,3,Both,15,50-54 years,302,Diarrheal diseases,183,Clostridium difficile,1,Number,2013,10766.78922,10766.78922,6230.774308
1,Deaths,,Global,3,Both,15,50-54 years,302,Diarrheal diseases,183,Clostridium difficile,1,Number,2014,11140.22249,11140.22249,6745.869322
1,Deaths,,Global,3,Both,15,50-54 years,302,Diarrheal diseases,183,Clostridium difficile,1,Number,2015,11986.10564,11986.10564,6981.952483
1,Deaths,,Global,3,Both,15,50-54 years,302,Diarrheal diseases,183,Clostridium difficile,1,Number,2016,12227.30432,12227.30432,7163.099478
1,Deaths,,Global,3,Both,15,50-54 years,302,Diarrheal diseases,183,Clostridium difficile,1,Number,2017,12410.10172,12410.10172,7460.826667
1,Deaths,,Global,3,Both,15,50-54 years,302,Diarrheal diseases,183,Clostridium difficile,1,Number,2018,12618.45073,12618.45073,7334.655609
1,Deaths,,Global,3,Both,15,50-54 years,302,Diarrheal diseases,183,Clostridium difficile,1,Number,2019,12282.82759,12282.82759,7443.089011
1,Deaths,,Global,3,Both,15,50-54 years,302,Diarrheal diseases,183,Clostridium difficile,1,Number,2020,12100.2509,12100.2509,7147.755304
1,Deaths,,Global,3,Both,15,50-54 years,302,Diarrheal diseases,183,Clostridium difficile,1,Number,2021,11817.36256,11817.36256,7241.680371
1,Deaths,,Global,3,Both,16,55-59 years,302,Diarrheal diseases,183,Clostridium difficile,1,Number,1990,8514.880892,8514.880892,3556.535118
1,Deaths,,Global,3,Both,16,55-59 years,302,Diarrheal diseases,183,Clostridium difficile,1,Number,1991,8378.746736,8378.746736,3656.232577
1,Deaths,,Global,3,Both,16,55-59 years,302,Diarrheal diseases,183,Clostridium difficile,1,Number,1992,8584.211503,8584.211503,3499.891981
1,Deaths,,Global,3,Both,16,55-59 years,302,Diarrheal diseases,183,Clostridium difficile,1,Number,1993,8516.249082,8516.249082,3672.140502
1,Deaths,,Global,3,Both,16,55-59 years,302,Diarrheal diseases,183,Clostridium difficile,1,Number,1994,8469.887726,8469.887726,4078.029319
1,Deaths,,Global,3,Both,16,55-59 years,302,Diarrheal diseases,183,Clostridium difficile,1,Number,1995,8490.805497,8490.805497,3938.359655
1,Deaths,,Global,3,Both,16,55-59 years,302,Diarrheal diseases,183,Clostridium difficile,1,Number,1996,8318.139638,8318.139638,3780.620832
1,Deaths,,Global,3,Both,16,55-59 years,302,Diarrheal diseases,183,Clostridium difficile,1,Number,1997,8174.341101,8174.341101,3664.40354
1,Deaths,,Global,3,Both,16,55-59 years,302,Diarrheal diseases,183,Clostridium difficile,1,Number,1998,8185.812321,8185.812321,3656.359628
1,Deaths,,Global,3,Both,16,55-59 years,302,Diarrheal diseases,183,Clostridium difficile,1,Number,1999,8159.781652,8159.781652,3467.864422
1,Deaths,,Global,3,Both,16,55-59 years,302,Diarrheal diseases,183,Clostridium difficile,1,Number,2000,7913.346423,7913.346423,3518.624527
1,Deaths,,Global,3,Both,16,55-59 years,302,Diarrheal diseases,183,Clostridium difficile,1,Number,2001,7747.225755,7747.225755,3701.81653
1,Deaths,,Global,3,Both,16,55-59 years,302,Diarrheal diseases,183,Clostridium difficile,1,Number,2002,7949.777329,7949.777329,3772.746892
1,Deaths,,Global,3,Both,16,55-59 years,302,Diarrheal diseases,183,Clostridium difficile,1,Number,2003,8133.234112,8133.234112,3828.303566
1,Deaths,,Global,3,Both,16,55-59 years,302,Diarrheal diseases,183,Clostridium difficile,1,Number,2004,8479.611197,8479.611197,4144.69688
1,Deaths,,Global,3,Both,16,55-59 years,302,Diarrheal diseases,183,Clostridium difficile,1,Number,2005,9300.209173,9300.209173,4450.708085
1,Deaths,,Global,3,Both,16,55-59 years,302,Diarrheal diseases,183,Clostridium difficile,1,Number,2006,9940.739031,9940.739031,5069.903123
1,Deaths,,Global,3,Both,16,55-59 years,302,Diarrheal diseases,183,Clostridium difficile,1,Number,2007,10447.86525,10447.86525,5346.507754
1,Deaths,,Global,3,Both,16,55-59 years,302,Diarrheal diseases,183,Clostridium difficile,1,Number,2008,11188.8401,11188.8401,5648.850855
1,Deaths,,Global,3,Both,16,55-59 years,302,Diarrheal diseases,183,Clostridium difficile,1,Number,2009,11713.22158,11713.22158,6229.347756
1,Deaths,,Global,3,Both,16,55-59 years,302,Diarrheal diseases,183,Clostridium difficile,1,Number,2010,12758.60806,12758.60806,6845.683099
1,Deaths,,Global,3,Both,16,55-59 years,302,Diarrheal diseases,183,Clostridium difficile,1,Number,2011,13696.16544,13696.16544,7284.276661
1,Deaths,,Global,3,Both,16,55-59 years,302,Diarrheal diseases,183,Clostridium difficile,1,Number,2012,14288.17982,14288.17982,7946.552865
1,Deaths,,Global,3,Both,16,55-59 years,302,Diarrheal diseases,183,Clostridium difficile,1,Number,2013,14719.59191,14719.59191,8094.384301
1,Deaths,,Global,3,Both,16,55-59 years,302,Diarrheal diseases,183,Clostridium difficile,1,Number,2014,14982.71085,14982.71085,8286.710003
1,Deaths,,Global,3,Both,16,55-59 years,302,Diarrheal diseases,183,Clostridium difficile,1,Number,2015,15743.35072,15743.35072,8807.546913
1,Deaths,,Global,3,Both,16,55-59 years,302,Diarrheal diseases,183,Clostridium difficile,1,Number,2016,16282.72563,16282.72563,9059.343207
1,Deaths,,Global,3,Both,16,55-59 years,302,Diarrheal diseases,183,Clostridium difficile,1,Number,2017,16703.79272,16703.79272,9913.019346
1,Deaths,,Global,3,Both,16,55-59 years,302,Diarrheal diseases,183,Clostridium difficile,1,Number,2018,17385.2383,17385.2383,10246.13348
1,Deaths,,Global,3,Both,16,55-59 years,302,Diarrheal diseases,183,Clostridium difficile,1,Number,2019,17784.9593,17784.9593,10338.96259
1,Deaths,,Global,3,Both,16,55-59 years,302,Diarrheal diseases,183,Clostridium difficile,1,Number,2020,17131.19656,17131.19656,10544.53182
1,Deaths,,Global,3,Both,16,55-59 years,302,Diarrheal diseases,183,Clostridium difficile,1,Number,2021,17485.88335,17485.88335,9816.055264
1,Deaths,,Global,3,Both,17,60-64 years,302,Diarrheal diseases,183,Clostridium difficile,1,Number,1990,11746.67386,11746.67386,5120.695097
1,Deaths,,Global,3,Both,17,60-64 years,302,Diarrheal diseases,183,Clostridium difficile,1,Number,1991,11686.37746,11686.37746,5292.376123
1,Deaths,,Global,3,Both,17,60-64 years,302,Diarrheal diseases,183,Clostridium difficile,1,Number,1992,11850.70803,11850.70803,5343.217979
1,Deaths,,Global,3,Both,17,60-64 years,302,Diarrheal diseases,183,Clostridium difficile,1,Number,1993,11960.79412,11960.79412,5353.482374
1,Deaths,,Global,3,Both,17,60-64 years,302,Diarrheal diseases,183,Clostridium difficile,1,Number,1994,12142.76264,12142.76264,5510.951538
1,Deaths,,Global,3,Both,17,60-64 years,302,Diarrheal diseases,183,Clostridium difficile,1,Number,1995,11996.24352,11996.24352,5574.741315
1,Deaths,,Global,3,Both,17,60-64 years,302,Diarrheal diseases,183,Clostridium difficile,1,Number,1996,11872.16011,11872.16011,5341.180599
1,Deaths,,Global,3,Both,17,60-64 years,302,Diarrheal diseases,183,Clostridium difficile,1,Number,1997,11579.41169,11579.41169,5497.80127
1,Deaths,,Global,3,Both,17,60-64 years,302,Diarrheal diseases,183,Clostridium difficile,1,Number,1998,11638.43558,11638.43558,5651.044942
1,Deaths,,Global,3,Both,17,60-64 years,302,Diarrheal diseases,183,Clostridium difficile,1,Number,1999,11655.13433,11655.13433,5245.175399
1,Deaths,,Global,3,Both,17,60-64 years,302,Diarrheal diseases,183,Clostridium difficile,1,Number,2000,11233.91162,11233.91162,5447.83832
1,Deaths,,Global,3,Both,17,60-64 years,302,Diarrheal diseases,183,Clostridium difficile,1,Number,2001,11284.33379,11284.33379,5399.635105
1,Deaths,,Global,3,Both,17,60-64 years,302,Diarrheal diseases,183,Clostridium difficile,1,Number,2002,11208.79791,11208.79791,5669.322388
1,Deaths,,Global,3,Both,17,60-64 years,302,Diarrheal diseases,183,Clostridium difficile,1,Number,2003,11340.04173,11340.04173,5586.895686
1,Deaths,,Global,3,Both,17,60-64 years,302,Diarrheal diseases,183,Clostridium difficile,1,Number,2004,11619.53106,11619.53106,5505.213504
1,Deaths,,Global,3,Both,17,60-64 years,302,Diarrheal diseases,183,Clostridium difficile,1,Number,2005,12015.85624,12015.85624,5959.005929
1,Deaths,,Global,3,Both,17,60-64 years,302,Diarrheal diseases,183,Clostridium difficile,1,Number,2006,12378.47692,12378.47692,6693.903637
1,Deaths,,Global,3,Both,17,60-64 years,302,Diarrheal diseases,183,Clostridium difficile,1,Number,2007,12952.42376,12952.42376,7208.537088
1,Deaths,,Global,3,Both,17,60-64 years,302,Diarrheal diseases,183,Clostridium difficile,1,Number,2008,13885.37655,13885.37655,7625.711194
1,Deaths,,Global,3,Both,17,60-64 years,302,Diarrheal diseases,183,Clostridium difficile,1,Number,2009,15144.77451,15144.77451,8172.029155
1,Deaths,,Global,3,Both,17,60-64 years,302,Diarrheal diseases,183,Clostridium difficile,1,Number,2010,16334.29098,16334.29098,8962.167034
1,Deaths,,Global,3,Both,17,60-64 years,302,Diarrheal diseases,183,Clostridium difficile,1,Number,2011,17723.1931,17723.1931,10126.59445
1,Deaths,,Global,3,Both,17,60-64 years,302,Diarrheal diseases,183,Clostridium difficile,1,Number,2012,19135.42202,19135.42202,10813.53043
1,Deaths,,Global,3,Both,17,60-64 years,302,Diarrheal diseases,183,Clostridium difficile,1,Number,2013,19317.60705,19317.60705,11503.96853
1,Deaths,,Global,3,Both,17,60-64 years,302,Diarrheal diseases,183,Clostridium difficile,1,Number,2014,19765.05969,19765.05969,11627.19997
1,Deaths,,Global,3,Both,17,60-64 years,302,Diarrheal diseases,183,Clostridium difficile,1,Number,2015,20848.3972,20848.3972,12827.86148
1,Deaths,,Global,3,Both,17,60-64 years,302,Diarrheal diseases,183,Clostridium difficile,1,Number,2016,21573.63627,21573.63627,12940.5106
1,Deaths,,Global,3,Both,17,60-64 years,302,Diarrheal diseases,183,Clostridium difficile,1,Number,2017,22575.82196,22575.82196,13292.23583
1,Deaths,,Global,3,Both,17,60-64 years,302,Diarrheal diseases,183,Clostridium difficile,1,Number,2018,23301.55747,23301.55747,13550.6124
1,Deaths,,Global,3,Both,17,60-64 years,302,Diarrheal diseases,183,Clostridium difficile,1,Number,2019,22774.13452,22774.13452,13991.94484
1,Deaths,,Global,3,Both,17,60-64 years,302,Diarrheal diseases,183,Clostridium difficile,1,Number,2020,22023.36537,22023.36537,13478.27965
1,Deaths,,Global,3,Both,17,60-64 years,302,Diarrheal diseases,183,Clostridium difficile,1,Number,2021,21390.76033,21390.76033,13360.39581
1,Deaths,,Global,3,Both,18,65-69 years,302,Diarrheal diseases,183,Clostridium difficile,1,Number,1990,13841.77755,13841.77755,6237.322836
1,Deaths,,Global,3,Both,18,65-69 years,302,Diarrheal diseases,183,Clostridium difficile,1,Number,1991,13807.22605,13807.22605,6438.140041
1,Deaths,,Global,3,Both,18,65-69 years,302,Diarrheal diseases,183,Clostridium difficile,1,Number,1992,13949.5945,13949.5945,6616.692936
1,Deaths,,Global,3,Both,18,65-69 years,302,Diarrheal diseases,183,Clostridium difficile,1,Number,1993,14378.90094,14378.90094,6604.514708
1,Deaths,,Global,3,Both,18,65-69 years,302,Diarrheal diseases,183,Clostridium difficile,1,Number,1994,14664.15341,14664.15341,7095.789786
1,Deaths,,Global,3,Both,18,65-69 years,302,Diarrheal diseases,183,Clostridium difficile,1,Number,1995,14789.95186,14789.95186,7085.749357
1,Deaths,,Global,3,Both,18,65-69 years,302,Diarrheal diseases,183,Clostridium difficile,1,Number,1996,14670.23336,14670.23336,7046.595064
1,Deaths,,Global,3,Both,18,65-69 years,302,Diarrheal diseases,183,Clostridium difficile,1,Number,1997,14725.21376,14725.21376,7072.862432
1,Deaths,,Global,3,Both,18,65-69 years,302,Diarrheal diseases,183,Clostridium difficile,1,Number,1998,14995.53573,14995.53573,7203.839717
1,Deaths,,Global,3,Both,18,65-69 years,302,Diarrheal diseases,183,Clostridium difficile,1,Number,1999,14579.3806,14579.3806,7224.686217
1,Deaths,,Global,3,Both,18,65-69 years,302,Diarrheal diseases,183,Clostridium difficile,1,Number,2000,14507.42259,14507.42259,7126.044794
1,Deaths,,Global,3,Both,18,65-69 years,302,Diarrheal diseases,183,Clostridium difficile,1,Number,2001,14524.34976,14524.34976,7364.073576
1,Deaths,,Global,3,Both,18,65-69 years,302,Diarrheal diseases,183,Clostridium difficile,1,Number,2002,14821.71263,14821.71263,7477.152568
1,Deaths,,Global,3,Both,18,65-69 years,302,Diarrheal diseases,183,Clostridium difficile,1,Number,2003,14795.53321,14795.53321,7581.416422
1,Deaths,,Global,3,Both,18,65-69 years,302,Diarrheal diseases,183,Clostridium difficile,1,Number,2004,15149.10085,15149.10085,7627.239939
1,Deaths,,Global,3,Both,18,65-69 years,302,Diarrheal diseases,183,Clostridium difficile,1,Number,2005,15769.12171,15769.12171,8455.630136
1,Deaths,,Global,3,Both,18,65-69 years,302,Diarrheal diseases,183,Clostridium difficile,1,Number,2006,16657.84601,16657.84601,8826.16925
1,Deaths,,Global,3,Both,18,65-69 years,302,Diarrheal diseases,183,Clostridium difficile,1,Number,2007,16874.39948,16874.39948,9205.548733
1,Deaths,,Global,3,Both,18,65-69 years,302,Diarrheal diseases,183,Clostridium difficile,1,Number,2008,17581.88615,17581.88615,9622.182088
1,Deaths,,Global,3,Both,18,65-69 years,302,Diarrheal diseases,183,Clostridium difficile,1,Number,2009,18493.42989,18493.42989,10403.55429
1,Deaths,,Global,3,Both,18,65-69 years,302,Diarrheal diseases,183,Clostridium difficile,1,Number,2010,19976.78553,19976.78553,11177.15835
1,Deaths,,Global,3,Both,18,65-69 years,302,Diarrheal diseases,183,Clostridium difficile,1,Number,2011,21044.44793,21044.44793,12425.40773
1,Deaths,,Global,3,Both,18,65-69 years,302,Diarrheal diseases,183,Clostridium difficile,1,Number,2012,22620.39912,22620.39912,12900.81271
1,Deaths,,Global,3,Both,18,65-69 years,302,Diarrheal diseases,183,Clostridium difficile,1,Number,2013,22315.31009,22315.31009,13694.33048
1,Deaths,,Global,3,Both,18,65-69 years,302,Diarrheal diseases,183,Clostridium difficile,1,Number,2014,22482.24332,22482.24332,13911.97666
1,Deaths,,Global,3,Both,18,65-69 years,302,Diarrheal diseases,183,Clostridium difficile,1,Number,2015,23939.4223,23939.4223,14530.48602
1,Deaths,,Global,3,Both,18,65-69 years,302,Diarrheal diseases,183,Clostridium difficile,1,Number,2016,25757.44263,25757.44263,15241.50643
1,Deaths,,Global,3,Both,18,65-69 years,302,Diarrheal diseases,183,Clostridium difficile,1,Number,2017,27244.00826,27244.00826,16972.97558
1,Deaths,,Global,3,Both,18,65-69 years,302,Diarrheal diseases,183,Clostridium difficile,1,Number,2018,29310.54339,29310.54339,17447.02108
1,Deaths,,Global,3,Both,18,65-69 years,302,Diarrheal diseases,183,Clostridium difficile,1,Number,2019,29009.18195,29009.18195,18304.10618
1,Deaths,,Global,3,Both,18,65-69 years,302,Diarrheal diseases,183,Clostridium difficile,1,Number,2020,28830.63431,28830.63431,17711.79972
1,Deaths,,Global,3,Both,18,65-69 years,302,Diarrheal diseases,183,Clostridium difficile,1,Number,2021,28431.98746,28431.98746,16872.99169
1,Deaths,,Global,3,Both,19,70-74 years,302,Diarrheal diseases,183,Clostridium difficile,1,Number,1990,13627.11453,13627.11453,6133.886263
1,Deaths,,Global,3,Both,19,70-74 years,302,Diarrheal diseases,183,Clostridium difficile,1,Number,1991,13700.77824,13700.77824,6252.201073
1,Deaths,,Global,3,Both,19,70-74 years,302,Diarrheal diseases,183,Clostridium difficile,1,Number,1992,14112.92623,14112.92623,6357.810645
1,Deaths,,Global,3,Both,19,70-74 years,302,Diarrheal diseases,183,Clostridium difficile,1,Number,1993,14356.37825,14356.37825,6597.002948
1,Deaths,,Global,3,Both,19,70-74 years,302,Diarrheal diseases,183,Clostridium difficile,1,Number,1994,14629.61149,14629.61149,7083.39325
1,Deaths,,Global,3,Both,19,70-74 years,302,Diarrheal diseases,183,Clostridium difficile,1,Number,1995,15004.4832,15004.4832,7202.107515
1,Deaths,,Global,3,Both,19,70-74 years,302,Diarrheal diseases,183,Clostridium difficile,1,Number,1996,15135.87207,15135.87207,6942.824806
1,Deaths,,Global,3,Both,19,70-74 years,302,Diarrheal diseases,183,Clostridium difficile,1,Number,1997,15137.90669,15137.90669,7048.869947
1,Deaths,,Global,3,Both,19,70-74 years,302,Diarrheal diseases,183,Clostridium difficile,1,Number,1998,15568.8542,15568.8542,7349.437785
1,Deaths,,Global,3,Both,19,70-74 years,302,Diarrheal diseases,183,Clostridium difficile,1,Number,1999,15535.49032,15535.49032,7412.727812
1,Deaths,,Global,3,Both,19,70-74 years,302,Diarrheal diseases,183,Clostridium difficile,1,Number,2000,15414.90693,15414.90693,7373.578119
1,Deaths,,Global,3,Both,19,70-74 years,302,Diarrheal diseases,183,Clostridium difficile,1,Number,2001,15385.86673,15385.86673,7746.798102
1,Deaths,,Global,3,Both,19,70-74 years,302,Diarrheal diseases,183,Clostridium difficile,1,Number,2002,15889.3378,15889.3378,7854.486627
1,Deaths,,Global,3,Both,19,70-74 years,302,Diarrheal diseases,183,Clostridium difficile,1,Number,2003,16193.98838,16193.98838,7987.198592
1,Deaths,,Global,3,Both,19,70-74 years,302,Diarrheal diseases,183,Clostridium difficile,1,Number,2004,16631.07078,16631.07078,8289.203041
1,Deaths,,Global,3,Both,19,70-74 years,302,Diarrheal diseases,183,Clostridium difficile,1,Number,2005,17132.0469,17132.0469,9138.773082
1,Deaths,,Global,3,Both,19,70-74 years,302,Diarrheal diseases,183,Clostridium difficile,1,Number,2006,18013.42455,18013.42455,9561.738936
1,Deaths,,Global,3,Both,19,70-74 years,302,Diarrheal diseases,183,Clostridium difficile,1,Number,2007,19177.18909,19177.18909,10065.74083
1,Deaths,,Global,3,Both,19,70-74 years,302,Diarrheal diseases,183,Clostridium difficile,1,Number,2008,19977.85906,19977.85906,10823.37069
1,Deaths,,Global,3,Both,19,70-74 years,302,Diarrheal diseases,183,Clostridium difficile,1,Number,2009,20675.53086,20675.53086,11644.14903
1,Deaths,,Global,3,Both,19,70-74 years,302,Diarrheal diseases,183,Clostridium difficile,1,Number,2010,21837.41414,21837.41414,12750.37033
1,Deaths,,Global,3,Both,19,70-74 years,302,Diarrheal diseases,183,Clostridium difficile,1,Number,2011,23473.86961,23473.86961,13476.98944
1,Deaths,,Global,3,Both,19,70-74 years,302,Diarrheal diseases,183,Clostridium difficile,1,Number,2012,24430.90853,24430.90853,14411.12868
1,Deaths,,Global,3,Both,19,70-74 years,302,Diarrheal diseases,183,Clostridium difficile,1,Number,2013,24388.24179,24388.24179,14686.33013
1,Deaths,,Global,3,Both,19,70-74 years,302,Diarrheal diseases,183,Clostridium difficile,1,Number,2014,23813.86552,23813.86552,14139.49734
1,Deaths,,Global,3,Both,19,70-74 years,302,Diarrheal diseases,183,Clostridium difficile,1,Number,2015,24074.39644,24074.39644,14551.2149
1,Deaths,,Global,3,Both,19,70-74 years,302,Diarrheal diseases,183,Clostridium difficile,1,Number,2016,25038.3014,25038.3014,15237.79567
1,Deaths,,Global,3,Both,19,70-74 years,302,Diarrheal diseases,183,Clostridium difficile,1,Number,2017,27644.34588,27644.34588,15999.98687
1,Deaths,,Global,3,Both,19,70-74 years,302,Diarrheal diseases,183,Clostridium difficile,1,Number,2018,27974.36264,27974.36264,17326.98984
1,Deaths,,Global,3,Both,19,70-74 years,302,Diarrheal diseases,183,Clostridium difficile,1,Number,2019,28518.41567,28518.41567,17376.15611
1,Deaths,,Global,3,Both,19,70-74 years,302,Diarrheal diseases,183,Clostridium difficile,1,Number,2020,28630.77226,28630.77226,17035.43947
1,Deaths,,Global,3,Both,19,70-74 years,302,Diarrheal diseases,183,Clostridium difficile,1,Number,2021,28235.87281,28235.87281,17722.97505
1,Deaths,,Global,3,Both,20,75-79 years,302,Diarrheal diseases,183,Clostridium difficile,1,Number,1990,14719.82176,14719.82176,6663.104297
1,Deaths,,Global,3,Both,20,75-79 years,302,Diarrheal diseases,183,Clostridium difficile,1,Number,1991,14452.59566,14452.59566,6507.643713
1,Deaths,,Global,3,Both,20,75-79 years,302,Diarrheal diseases,183,Clostridium difficile,1,Number,1992,14289.40514,14289.40514,6522.449611
1,Deaths,,Global,3,Both,20,75-79 years,302,Diarrheal diseases,183,Clostridium difficile,1,Number,1993,14012.99885,14012.99885,6522.431815
1,Deaths,,Global,3,Both,20,75-79 years,302,Diarrheal diseases,183,Clostridium difficile,1,Number,1994,13954.41574,13954.41574,6661.660553
1,Deaths,,Global,3,Both,20,75-79 years,302,Diarrheal diseases,183,Clostridium difficile,1,Number,1995,14358.76109,14358.76109,6564.077829
1,Deaths,,Global,3,Both,20,75-79 years,302,Diarrheal diseases,183,Clostridium difficile,1,Number,1996,14028.60336,14028.60336,6777.044434
1,Deaths,,Global,3,Both,20,75-79 years,302,Diarrheal diseases,183,Clostridium difficile,1,Number,1997,14186.90869,14186.90869,6694.546156
1,Deaths,,Global,3,Both,20,75-79 years,302,Diarrheal diseases,183,Clostridium difficile,1,Number,1998,14552.5084,14552.5084,6993.721742
1,Deaths,,Global,3,Both,20,75-79 years,302,Diarrheal diseases,183,Clostridium difficile,1,Number,1999,14770.40787,14770.40787,7119.897985
1,Deaths,,Global,3,Both,20,75-79 years,302,Diarrheal diseases,183,Clostridium difficile,1,Number,2000,14829.92874,14829.92874,7433.356675
1,Deaths,,Global,3,Both,20,75-79 years,302,Diarrheal diseases,183,Clostridium difficile,1,Number,2001,15237.34086,15237.34086,7533.556937
1,Deaths,,Global,3,Both,20,75-79 years,302,Diarrheal diseases,183,Clostridium difficile,1,Number,2002,15739.56958,15739.56958,7851.061772
1,Deaths,,Global,3,Both,20,75-79 years,302,Diarrheal diseases,183,Clostridium difficile,1,Number,2003,16166.30326,16166.30326,8169.187502
1,Deaths,,Global,3,Both,20,75-79 years,302,Diarrheal diseases,183,Clostridium difficile,1,Number,2004,16989.86061,16989.86061,8573.325699
1,Deaths,,Global,3,Both,20,75-79 years,302,Diarrheal diseases,183,Clostridium difficile,1,Number,2005,17943.32582,17943.32582,9468.439676
1,Deaths,,Global,3,Both,20,75-79 years,302,Diarrheal diseases,183,Clostridium difficile,1,Number,2006,19066.00933,19066.00933,10123.38131
1,Deaths,,Global,3,Both,20,75-79 years,302,Diarrheal diseases,183,Clostridium difficile,1,Number,2007,19592.22092,19592.22092,10832.16137
1,Deaths,,Global,3,Both,20,75-79 years,302,Diarrheal diseases,183,Clostridium difficile,1,Number,2008,20820.75884,20820.75884,11585.65123
1,Deaths,,Global,3,Both,20,75-79 years,302,Diarrheal diseases,183,Clostridium difficile,1,Number,2009,21960.46837,21960.46837,12366.02356
1,Deaths,,Global,3,Both,20,75-79 years,302,Diarrheal diseases,183,Clostridium difficile,1,Number,2010,23434.1019,23434.1019,13454.09453
1,Deaths,,Global,3,Both,20,75-79 years,302,Diarrheal diseases,183,Clostridium difficile,1,Number,2011,25227.06696,25227.06696,14051.75496
1,Deaths,,Global,3,Both,20,75-79 years,302,Diarrheal diseases,183,Clostridium difficile,1,Number,2012,25917.74481,25917.74481,15272.74496
1,Deaths,,Global,3,Both,20,75-79 years,302,Diarrheal diseases,183,Clostridium difficile,1,Number,2013,26740.37599,26740.37599,15935.5951
1,Deaths,,Global,3,Both,20,75-79 years,302,Diarrheal diseases,183,Clostridium difficile,1,Number,2014,26810.93574,26810.93574,16393.40168
1,Deaths,,Global,3,Both,20,75-79 years,302,Diarrheal diseases,183,Clostridium difficile,1,Number,2015,27283.42522,27283.42522,16806.14012
1,Deaths,,Global,3,Both,20,75-79 years,302,Diarrheal diseases,183,Clostridium difficile,1,Number,2016,27852.99318,27852.99318,17017.59518
1,Deaths,,Global,3,Both,20,75-79 years,302,Diarrheal diseases,183,Clostridium difficile,1,Number,2017,28844.47274,28844.47274,18159.3343
1,Deaths,,Global,3,Both,20,75-79 years,302,Diarrheal diseases,183,Clostridium difficile,1,Number,2018,29918.40261,29918.40261,17940.98552
1,Deaths,,Global,3,Both,20,75-79 years,302,Diarrheal diseases,183,Clostridium difficile,1,Number,2019,29907.20502,29907.20502,18055.09224
1,Deaths,,Global,3,Both,20,75-79 years,302,Diarrheal diseases,183,Clostridium difficile,1,Number,2020,28265.24724,28265.24724,17720.49939
1,Deaths,,Global,3,Both,20,75-79 years,302,Diarrheal diseases,183,Clostridium difficile,1,Number,2021,27602.23745,27602.23745,16994.78915
1,Deaths,,Global,3,Both,30,80-84 years,302,Diarrheal diseases,183,Clostridium difficile,1,Number,1990,12911.99028,12911.99028,5315.091148
1,Deaths,,Global,3,Both,30,80-84 years,302,Diarrheal diseases,183,Clostridium difficile,1,Number,1991,12396.01266,12396.01266,5764.650011
1,Deaths,,Global,3,Both,30,80-84 years,302,Diarrheal diseases,183,Clostridium difficile,1,Number,1992,12557.76004,12557.76004,5835.532209
1,Deaths,,Global,3,Both,30,80-84 years,302,Diarrheal diseases,183,Clostridium difficile,1,Number,1993,12668.48948,12668.48948,5855.722654
1,Deaths,,Global,3,Both,30,80-84 years,302,Diarrheal diseases,183,Clostridium difficile,1,Number,1994,12852.21334,12852.21334,6021.212924
1,Deaths,,Global,3,Both,30,80-84 years,302,Diarrheal diseases,183,Clostridium difficile,1,Number,1995,13089.69536,13089.69536,6011.770674
1,Deaths,,Global,3,Both,30,80-84 years,302,Diarrheal diseases,183,Clostridium difficile,1,Number,1996,12505.00075,12505.00075,6021.111597
1,Deaths,,Global,3,Both,30,80-84 years,302,Diarrheal diseases,183,Clostridium difficile,1,Number,1997,12328.47502,12328.47502,5776.663948
1,Deaths,,Global,3,Both,30,80-84 years,302,Diarrheal diseases,183,Clostridium difficile,1,Number,1998,12431.02728,12431.02728,5670.886298
1,Deaths,,Global,3,Both,30,80-84 years,302,Diarrheal diseases,183,Clostridium difficile,1,Number,1999,12372.79114,12372.79114,5455.784414
1,Deaths,,Global,3,Both,30,80-84 years,302,Diarrheal diseases,183,Clostridium difficile,1,Number,2000,11965.68466,11965.68466,5792.255282
1,Deaths,,Global,3,Both,30,80-84 years,302,Diarrheal diseases,183,Clostridium difficile,1,Number,2001,12157.99909,12157.99909,6084.943129
1,Deaths,,Global,3,Both,30,80-84 years,302,Diarrheal diseases,183,Clostridium difficile,1,Number,2002,12896.37544,12896.37544,6266.313445
1,Deaths,,Global,3,Both,30,80-84 years,302,Diarrheal diseases,183,Clostridium difficile,1,Number,2003,13466.37004,13466.37004,6667.556701
1,Deaths,,Global,3,Both,30,80-84 years,302,Diarrheal diseases,183,Clostridium difficile,1,Number,2004,14160.28906,14160.28906,7318.192945
1,Deaths,,Global,3,Both,30,80-84 years,302,Diarrheal diseases,183,Clostridium difficile,1,Number,2005,15434.25941,15434.25941,7612.741603
1,Deaths,,Global,3,Both,30,80-84 years,302,Diarrheal diseases,183,Clostridium difficile,1,Number,2006,16503.64263,16503.64263,8214.916357
1,Deaths,,Global,3,Both,30,80-84 years,302,Diarrheal diseases,183,Clostridium difficile,1,Number,2007,17135.25011,17135.25011,9164.143443
1,Deaths,,Global,3,Both,30,80-84 years,302,Diarrheal diseases,183,Clostridium difficile,1,Number,2008,18888.78514,18888.78514,9674.522401
1,Deaths,,Global,3,Both,30,80-84 years,302,Diarrheal diseases,183,Clostridium difficile,1,Number,2009,19934.20939,19934.20939,10826.02644
1,Deaths,,Global,3,Both,30,80-84 years,302,Diarrheal diseases,183,Clostridium difficile,1,Number,2010,21767.80716,21767.80716,11832.13387
1,Deaths,,Global,3,Both,30,80-84 years,302,Diarrheal diseases,183,Clostridium difficile,1,Number,2011,22988.0522,22988.0522,12880.23042
1,Deaths,,Global,3,Both,30,80-84 years,302,Diarrheal diseases,183,Clostridium difficile,1,Number,2012,24546.41768,24546.41768,13296.99619
1,Deaths,,Global,3,Both,30,80-84 years,302,Diarrheal diseases,183,Clostridium difficile,1,Number,2013,26257.94725,26257.94725,14313.61011
1,Deaths,,Global,3,Both,30,80-84 years,302,Diarrheal diseases,183,Clostridium difficile,1,Number,2014,27096.73829,27096.73829,15508.25367
1,Deaths,,Global,3,Both,30,80-84 years,302,Diarrheal diseases,183,Clostridium difficile,1,Number,2015,27330.93555,27330.93555,15948.47458
1,Deaths,,Global,3,Both,30,80-84 years,302,Diarrheal diseases,183,Clostridium difficile,1,Number,2016,28014.14905,28014.14905,15958.58447
1,Deaths,,Global,3,Both,30,80-84 years,302,Diarrheal diseases,183,Clostridium difficile,1,Number,2017,29499.82392,29499.82392,16609.26475
1,Deaths,,Global,3,Both,30,80-84 years,302,Diarrheal diseases,183,Clostridium difficile,1,Number,2018,29359.39714,29359.39714,17533.48781
1,Deaths,,Global,3,Both,30,80-84 years,302,Diarrheal diseases,183,Clostridium difficile,1,Number,2019,29533.35511,29533.35511,17246.20918
1,Deaths,,Global,3,Both,30,80-84 years,302,Diarrheal diseases,183,Clostridium difficile,1,Number,2020,28053.6205,28053.6205,17256.31609
1,Deaths,,Global,3,Both,30,80-84 years,302,Diarrheal diseases,183,Clostridium difficile,1,Number,2021,27552.2713,27552.2713,16621.16751
1,Deaths,,Global,3,Both,31,85-89 years,302,Diarrheal diseases,183,Clostridium difficile,1,Number,1990,8417.815574,8417.815574,3581.265245
1,Deaths,,Global,3,Both,31,85-89 years,302,Diarrheal diseases,183,Clostridium difficile,1,Number,1991,8384.235054,8384.235054,3684.760172
1,Deaths,,Global,3,Both,31,85-89 years,302,Diarrheal diseases,183,Clostridium difficile,1,Number,1992,8445.22977,8445.22977,3939.43346
1,Deaths,,Global,3,Both,31,85-89 years,302,Diarrheal diseases,183,Clostridium difficile,1,Number,1993,8684.513343,8684.513343,3873.255098
1,Deaths,,Global,3,Both,31,85-89 years,302,Diarrheal diseases,183,Clostridium difficile,1,Number,1994,8808.189141,8808.189141,4081.965887
1,Deaths,,Global,3,Both,31,85-89 years,302,Diarrheal diseases,183,Clostridium difficile,1,Number,1995,9117.67305,9117.67305,4040.999922
1,Deaths,,Global,3,Both,31,85-89 years,302,Diarrheal diseases,183,Clostridium difficile,1,Number,1996,9079.288261,9079.288261,3921.187616
1,Deaths,,Global,3,Both,31,85-89 years,302,Diarrheal diseases,183,Clostridium difficile,1,Number,1997,8917.382943,8917.382943,4093.287839
1,Deaths,,Global,3,Both,31,85-89 years,302,Diarrheal diseases,183,Clostridium difficile,1,Number,1998,9072.362308,9072.362308,4184.667757
1,Deaths,,Global,3,Both,31,85-89 years,302,Diarrheal diseases,183,Clostridium difficile,1,Number,1999,9164.972539,9164.972539,4081.907608
1,Deaths,,Global,3,Both,31,85-89 years,302,Diarrheal diseases,183,Clostridium difficile,1,Number,2000,8908.997419,8908.997419,4426.980136
1,Deaths,,Global,3,Both,31,85-89 years,302,Diarrheal diseases,183,Clostridium difficile,1,Number,2001,9414.022928,9414.022928,4145.517901
1,Deaths,,Global,3,Both,31,85-89 years,302,Diarrheal diseases,183,Clostridium difficile,1,Number,2002,9467.332154,9467.332154,4382.200167
1,Deaths,,Global,3,Both,31,85-89 years,302,Diarrheal diseases,183,Clostridium difficile,1,Number,2003,9522.057722,9522.057722,4687.019119
1,Deaths,,Global,3,Both,31,85-89 years,302,Diarrheal diseases,183,Clostridium difficile,1,Number,2004,9983.437405,9983.437405,4867.235708
1,Deaths,,Global,3,Both,31,85-89 years,302,Diarrheal diseases,183,Clostridium difficile,1,Number,2005,10741.38019,10741.38019,5012.831152
1,Deaths,,Global,3,Both,31,85-89 years,302,Diarrheal diseases,183,Clostridium difficile,1,Number,2006,11331.57675,11331.57675,5620.654764
1,Deaths,,Global,3,Both,31,85-89 years,302,Diarrheal diseases,183,Clostridium difficile,1,Number,2007,12052.4704,12052.4704,6130.434174
1,Deaths,,Global,3,Both,31,85-89 years,302,Diarrheal diseases,183,Clostridium difficile,1,Number,2008,13009.42771,13009.42771,6696.265744
1,Deaths,,Global,3,Both,31,85-89 years,302,Diarrheal diseases,183,Clostridium difficile,1,Number,2009,13606.80248,13606.80248,7444.740467
1,Deaths,,Global,3,Both,31,85-89 years,302,Diarrheal diseases,183,Clostridium difficile,1,Number,2010,14717.32213,14717.32213,8232.943707
1,Deaths,,Global,3,Both,31,85-89 years,302,Diarrheal diseases,183,Clostridium difficile,1,Number,2011,16037.66368,16037.66368,8428.116052
1,Deaths,,Global,3,Both,31,85-89 years,302,Diarrheal diseases,183,Clostridium difficile,1,Number,2012,17215.94928,17215.94928,9149.737314
1,Deaths,,Global,3,Both,31,85-89 years,302,Diarrheal diseases,183,Clostridium difficile,1,Number,2013,18763.67748,18763.67748,10696.68301
1,Deaths,,Global,3,Both,31,85-89 years,302,Diarrheal diseases,183,Clostridium difficile,1,Number,2014,20399.69648,20399.69648,11340.55803
1,Deaths,,Global,3,Both,31,85-89 years,302,Diarrheal diseases,183,Clostridium difficile,1,Number,2015,20679.62213,20679.62213,11847.19835
1,Deaths,,Global,3,Both,31,85-89 years,302,Diarrheal diseases,183,Clostridium difficile,1,Number,2016,21446.79492,21446.79492,11724.22356
1,Deaths,,Global,3,Both,31,85-89 years,302,Diarrheal diseases,183,Clostridium difficile,1,Number,2017,21807.00534,21807.00534,12588.37684
1,Deaths,,Global,3,Both,31,85-89 years,302,Diarrheal diseases,183,Clostridium difficile,1,Number,2018,22083.0663,22083.0663,12660.05167
1,Deaths,,Global,3,Both,31,85-89 years,302,Diarrheal diseases,183,Clostridium difficile,1,Number,2019,22272.56982,22272.56982,12793.90991
1,Deaths,,Global,3,Both,31,85-89 years,302,Diarrheal diseases,183,Clostridium difficile,1,Number,2020,21368.05401,21368.05401,12841.29851
1,Deaths,,Global,3,Both,31,85-89 years,302,Diarrheal diseases,183,Clostridium difficile,1,Number,2021,21622.58794,21622.58794,11959.28655
1,Deaths,,Global,3,Both,32,90-94 years,302,Diarrheal diseases,183,Clostridium difficile,1,Number,1990,3181.562849,3181.562849,1413.39288
1,Deaths,,Global,3,Both,32,90-94 years,302,Diarrheal diseases,183,Clostridium difficile,1,Number,1991,3244.324108,3244.324108,1430.928295
1,Deaths,,Global,3,Both,32,90-94 years,302,Diarrheal diseases,183,Clostridium difficile,1,Number,1992,3303.420759,3303.420759,1552.507575
1,Deaths,,Global,3,Both,32,90-94 years,302,Diarrheal diseases,183,Clostridium difficile,1,Number,1993,3424.724646,3424.724646,1627.147409
1,Deaths,,Global,3,Both,32,90-94 years,302,Diarrheal diseases,183,Clostridium difficile,1,Number,1994,3614.913441,3614.913441,1717.617208
1,Deaths,,Global,3,Both,32,90-94 years,302,Diarrheal diseases,183,Clostridium difficile,1,Number,1995,3850.838114,3850.838114,1744.021529
1,Deaths,,Global,3,Both,32,90-94 years,302,Diarrheal diseases,183,Clostridium difficile,1,Number,1996,3930.353971,3930.353971,1723.218521
1,Deaths,,Global,3,Both,32,90-94 years,302,Diarrheal diseases,183,Clostridium difficile,1,Number,1997,4009.618393,4009.618393,1842.587854
1,Deaths,,Global,3,Both,32,90-94 years,302,Diarrheal diseases,183,Clostridium difficile,1,Number,1998,4193.866673,4193.866673,1858.76653
1,Deaths,,Global,3,Both,32,90-94 years,302,Diarrheal diseases,183,Clostridium difficile,1,Number,1999,4208.712053,4208.712053,1906.263752
1,Deaths,,Global,3,Both,32,90-94 years,302,Diarrheal diseases,183,Clostridium difficile,1,Number,2000,4242.163833,4242.163833,1948.872451
1,Deaths,,Global,3,Both,32,90-94 years,302,Diarrheal diseases,183,Clostridium difficile,1,Number,2001,4322.248703,4322.248703,2077.504376
1,Deaths,,Global,3,Both,32,90-94 years,302,Diarrheal diseases,183,Clostridium difficile,1,Number,2002,4534.649328,4534.649328,2136.253393
1,Deaths,,Global,3,Both,32,90-94 years,302,Diarrheal diseases,183,Clostridium difficile,1,Number,2003,4695.154368,4695.154368,2263.592871
1,Deaths,,Global,3,Both,32,90-94 years,302,Diarrheal diseases,183,Clostridium difficile,1,Number,2004,4861.636805,4861.636805,2418.888898
1,Deaths,,Global,3,Both,32,90-94 years,302,Diarrheal diseases,183,Clostridium difficile,1,Number,2005,5207.1614,5207.1614,2518.041293
1,Deaths,,Global,3,Both,32,90-94 years,302,Diarrheal diseases,183,Clostridium difficile,1,Number,2006,5429.140536,5429.140536,2790.465528
1,Deaths,,Global,3,Both,32,90-94 years,302,Diarrheal diseases,183,Clostridium difficile,1,Number,2007,5736.377742,5736.377742,2974.818318
1,Deaths,,Global,3,Both,32,90-94 years,302,Diarrheal diseases,183,Clostridium difficile,1,Number,2008,6094.23567,6094.23567,3081.91213
1,Deaths,,Global,3,Both,32,90-94 years,302,Diarrheal diseases,183,Clostridium difficile,1,Number,2009,6312.243089,6312.243089,3354.896399
1,Deaths,,Global,3,Both,32,90-94 years,302,Diarrheal diseases,183,Clostridium difficile,1,Number,2010,6978.66493,6978.66493,3663.221372
1,Deaths,,Global,3,Both,32,90-94 years,302,Diarrheal diseases,183,Clostridium difficile,1,Number,2011,7563.732736,7563.732736,3987.688626
1,Deaths,,Global,3,Both,32,90-94 years,302,Diarrheal diseases,183,Clostridium difficile,1,Number,2012,8262.940788,8262.940788,4398.800826
1,Deaths,,Global,3,Both,32,90-94 years,302,Diarrheal diseases,183,Clostridium difficile,1,Number,2013,9110.63283,9110.63283,5283.706808
1,Deaths,,Global,3,Both,32,90-94 years,302,Diarrheal diseases,183,Clostridium difficile,1,Number,2014,9868.842029,9868.842029,5628.160773
1,Deaths,,Global,3,Both,32,90-94 years,302,Diarrheal diseases,183,Clostridium difficile,1,Number,2015,10065.18871,10065.18871,5709.757794
1,Deaths,,Global,3,Both,32,90-94 years,302,Diarrheal diseases,183,Clostridium difficile,1,Number,2016,10355.38383,10355.38383,5777.051043
1,Deaths,,Global,3,Both,32,90-94 years,302,Diarrheal diseases,183,Clostridium difficile,1,Number,2017,10727.73679,10727.73679,6139.112754
1,Deaths,,Global,3,Both,32,90-94 years,302,Diarrheal diseases,183,Clostridium difficile,1,Number,2018,11229.04956,11229.04956,6170.810441
1,Deaths,,Global,3,Both,32,90-94 years,302,Diarrheal diseases,183,Clostridium difficile,1,Number,2019,11374.74989,11374.74989,6645.995336
1,Deaths,,Global,3,Both,32,90-94 years,302,Diarrheal diseases,183,Clostridium difficile,1,Number,2020,11267.20846,11267.20846,6430.067851
1,Deaths,,Global,3,Both,32,90-94 years,302,Diarrheal diseases,183,Clostridium difficile,1,Number,2021,11136.1307,11136.1307,6180.746176
1,Deaths,,Global,3,Both,235,95+ years,302,Diarrheal diseases,183,Clostridium difficile,1,Number,1990,887.5781266,887.5781266,364.9749229
1,Deaths,,Global,3,Both,235,95+ years,302,Diarrheal diseases,183,Clostridium difficile,1,Number,1991,872.5969068,872.5969068,373.975225
1,Deaths,,Global,3,Both,235,95+ years,302,Diarrheal diseases,183,Clostridium difficile,1,Number,1992,891.0464145,891.0464145,391.551901
1,Deaths,,Global,3,Both,235,95+ years,302,Diarrheal diseases,183,Clostridium difficile,1,Number,1993,934.1344437,934.1344437,390.8190666
1,Deaths,,Global,3,Both,235,95+ years,302,Diarrheal diseases,183,Clostridium difficile,1,Number,1994,963.0683197,963.0683197,418.5376922
1,Deaths,,Global,3,Both,235,95+ years,302,Diarrheal diseases,183,Clostridium difficile,1,Number,1995,1027.023172,1027.023172,427.1404733
1,Deaths,,Global,3,Both,235,95+ years,302,Diarrheal diseases,183,Clostridium difficile,1,Number,1996,1046.568708,1046.568708,460.0018877
1,Deaths,,Global,3,Both,235,95+ years,302,Diarrheal diseases,183,Clostridium difficile,1,Number,1997,1115.692255,1115.692255,475.7527937
1,Deaths,,Global,3,Both,235,95+ years,302,Diarrheal diseases,183,Clostridium difficile,1,Number,1998,1167.428369,1167.428369,525.9585492
1,Deaths,,Global,3,Both,235,95+ years,302,Diarrheal diseases,183,Clostridium difficile,1,Number,1999,1240.44958,1240.44958,517.5807314
1,Deaths,,Global,3,Both,235,95+ years,302,Diarrheal diseases,183,Clostridium difficile,1,Number,2000,1263.592083,1263.592083,561.9913385
1,Deaths,,Global,3,Both,235,95+ years,302,Diarrheal diseases,183,Clostridium difficile,1,Number,2001,1337.664693,1337.664693,608.1564791
1,Deaths,,Global,3,Both,235,95+ years,302,Diarrheal diseases,183,Clostridium difficile,1,Number,2002,1448.361905,1448.361905,646.1058894
1,Deaths,,Global,3,Both,235,95+ years,302,Diarrheal diseases,183,Clostridium difficile,1,Number,2003,1526.366692,1526.366692,708.2358294
1,Deaths,,Global,3,Both,235,95+ years,302,Diarrheal diseases,183,Clostridium difficile,1,Number,2004,1626.612484,1626.612484,754.8414178
1,Deaths,,Global,3,Both,235,95+ years,302,Diarrheal diseases,183,Clostridium difficile,1,Number,2005,1768.31314,1768.31314,827.3765769
1,Deaths,,Global,3,Both,235,95+ years,302,Diarrheal diseases,183,Clostridium difficile,1,Number,2006,1937.333956,1937.333956,890.4085455
1,Deaths,,Global,3,Both,235,95+ years,302,Diarrheal diseases,183,Clostridium difficile,1,Number,2007,2037.057875,2037.057875,1011.699482
1,Deaths,,Global,3,Both,235,95+ years,302,Diarrheal diseases,183,Clostridium difficile,1,Number,2008,2169.727414,2169.727414,1060.957676
1,Deaths,,Global,3,Both,235,95+ years,302,Diarrheal diseases,183,Clostridium difficile,1,Number,2009,2343.03702,2343.03702,1110.978029
1,Deaths,,Global,3,Both,235,95+ years,302,Diarrheal diseases,183,Clostridium difficile,1,Number,2010,2548.17668,2548.17668,1249.717778
1,Deaths,,Global,3,Both,235,95+ years,302,Diarrheal diseases,183,Clostridium difficile,1,Number,2011,2728.014304,2728.014304,1367.306281
1,Deaths,,Global,3,Both,235,95+ years,302,Diarrheal diseases,183,Clostridium difficile,1,Number,2012,2994.537441,2994.537441,1483.491279
1,Deaths,,Global,3,Both,235,95+ years,302,Diarrheal diseases,183,Clostridium difficile,1,Number,2013,3366.739966,3366.739966,1676.04005
1,Deaths,,Global,3,Both,235,95+ years,302,Diarrheal diseases,183,Clostridium difficile,1,Number,2014,3511.664126,3511.664126,1815.13927
1,Deaths,,Global,3,Both,235,95+ years,302,Diarrheal diseases,183,Clostridium difficile,1,Number,2015,3535.243865,3535.243865,1849.352529
1,Deaths,,Global,3,Both,235,95+ years,302,Diarrheal diseases,183,Clostridium difficile,1,Number,2016,3604.392254,3604.392254,1902.992679
1,Deaths,,Global,3,Both,235,95+ years,302,Diarrheal diseases,183,Clostridium difficile,1,Number,2017,3797.285926,3797.285926,2031.403631
1,Deaths,,Global,3,Both,235,95+ years,302,Diarrheal diseases,183,Clostridium difficile,1,Number,2018,3950.893087,3950.893087,2152.224306
1,Deaths,,Global,3,Both,235,95+ years,302,Diarrheal diseases,183,Clostridium difficile,1,Number,2019,4197.232502,4197.232502,2195.283128
1,Deaths,,Global,3,Both,235,95+ years,302,Diarrheal diseases,183,Clostridium difficile,1,Number,2020,4100.798833,4100.798833,2165.174494
1,Deaths,,Global,3,Both,235,95+ years,302,Diarrheal diseases,183,Clostridium difficile,1,Number,2021,4019.725455,4019.725455,2046.812059
1,Deaths,,Global,3,Both,1,<5 years,302,Diarrheal diseases,183,Clostridium difficile,1,Number,1990,64452.92588,64452.92588,27763.28473
1,Deaths,,Global,3,Both,1,<5 years,302,Diarrheal diseases,183,Clostridium difficile,1,Number,1991,64067.68184,64067.68184,27265.15576
1,Deaths,,Global,3,Both,1,<5 years,302,Diarrheal diseases,183,Clostridium difficile,1,Number,1992,61438.83709,61438.83709,27411.65527
1,Deaths,,Global,3,Both,1,<5 years,302,Diarrheal diseases,183,Clostridium difficile,1,Number,1993,60375.14584,60375.14584,27158.17069
1,Deaths,,Global,3,Both,1,<5 years,302,Diarrheal diseases,183,Clostridium difficile,1,Number,1994,59170.39429,59170.39429,26796.90858
1,Deaths,,Global,3,Both,1,<5 years,302,Diarrheal diseases,183,Clostridium difficile,1,Number,1995,58305.14149,58305.14149,27151.76798
1,Deaths,,Global,3,Both,1,<5 years,302,Diarrheal diseases,183,Clostridium difficile,1,Number,1996,58259.37735,58259.37735,25535.34309
1,Deaths,,Global,3,Both,1,<5 years,302,Diarrheal diseases,183,Clostridium difficile,1,Number,1997,56969.12918,56969.12918,24413.95684
1,Deaths,,Global,3,Both,1,<5 years,302,Diarrheal diseases,183,Clostridium difficile,1,Number,1998,56059.84813,56059.84813,26013.39194
1,Deaths,,Global,3,Both,1,<5 years,302,Diarrheal diseases,183,Clostridium difficile,1,Number,1999,55046.73015,55046.73015,24676.15427
1,Deaths,,Global,3,Both,1,<5 years,302,Diarrheal diseases,183,Clostridium difficile,1,Number,2000,54166.94152,54166.94152,23983.22771
1,Deaths,,Global,3,Both,1,<5 years,302,Diarrheal diseases,183,Clostridium difficile,1,Number,2001,52141.18967,52141.18967,24845.91282
1,Deaths,,Global,3,Both,1,<5 years,302,Diarrheal diseases,183,Clostridium difficile,1,Number,2002,53317.82309,53317.82309,24378.55089
1,Deaths,,Global,3,Both,1,<5 years,302,Diarrheal diseases,183,Clostridium difficile,1,Number,2003,52493.00289,52493.00289,23877.32559
1,Deaths,,Global,3,Both,1,<5 years,302,Diarrheal diseases,183,Clostridium difficile,1,Number,2004,51623.95441,51623.95441,24776.13341
1,Deaths,,Global,3,Both,1,<5 years,302,Diarrheal diseases,183,Clostridium difficile,1,Number,2005,52205.67233,52205.67233,25532.26104
1,Deaths,,Global,3,Both,1,<5 years,302,Diarrheal diseases,183,Clostridium difficile,1,Number,2006,54058.70875,54058.70875,26320.93827
1,Deaths,,Global,3,Both,1,<5 years,302,Diarrheal diseases,183,Clostridium difficile,1,Number,2007,54508.14776,54508.14776,27096.49439
1,Deaths,,Global,3,Both,1,<5 years,302,Diarrheal diseases,183,Clostridium difficile,1,Number,2008,55925.90146,55925.90146,26147.10619
1,Deaths,,Global,3,Both,1,<5 years,302,Diarrheal diseases,183,Clostridium difficile,1,Number,2009,57395.25964,57395.25964,28276.02863
1,Deaths,,Global,3,Both,1,<5 years,302,Diarrheal diseases,183,Clostridium difficile,1,Number,2010,59479.10109,59479.10109,29874.7012
1,Deaths,,Global,3,Both,1,<5 years,302,Diarrheal diseases,183,Clostridium difficile,1,Number,2011,63409.07074,63409.07074,32038.17252
1,Deaths,,Global,3,Both,1,<5 years,302,Diarrheal diseases,183,Clostridium difficile,1,Number,2012,65242.68028,65242.68028,33850.25642
1,Deaths,,Global,3,Both,1,<5 years,302,Diarrheal diseases,183,Clostridium difficile,1,Number,2013,64058.07345,64058.07345,33558.78446
1,Deaths,,Global,3,Both,1,<5 years,302,Diarrheal diseases,183,Clostridium difficile,1,Number,2014,60882.67966,60882.67966,32565.62106
1,Deaths,,Global,3,Both,1,<5 years,302,Diarrheal diseases,183,Clostridium difficile,1,Number,2015,60180.3309,60180.3309,33489.11503
1,Deaths,,Global,3,Both,1,<5 years,302,Diarrheal diseases,183,Clostridium difficile,1,Number,2016,59521.04827,59521.04827,32702.44265
1,Deaths,,Global,3,Both,1,<5 years,302,Diarrheal diseases,183,Clostridium difficile,1,Number,2017,58426.37707,58426.37707,32337.314
1,Deaths,,Global,3,Both,1,<5 years,302,Diarrheal diseases,183,Clostridium difficile,1,Number,2018,56235.79465,56235.79465,30559.56819
1,Deaths,,Global,3,Both,1,<5 years,302,Diarrheal diseases,183,Clostridium difficile,1,Number,2019,53458.8149,53458.8149,28525.9807
1,Deaths,,Global,3,Both,1,<5 years,302,Diarrheal diseases,183,Clostridium difficile,1,Number,2020,47130.47526,47130.47526,25961.46347
1,Deaths,,Global,3,Both,1,<5 years,302,Diarrheal diseases,183,Clostridium difficile,1,Number,2021,45251.30226,45251.30226,22646.40749
1,Deaths,,High-income,3,Both,7,10-14 years,302,Diarrheal diseases,183,Clostridium difficile,1,Number,1990,37.20753285,37.20753285,16.25693747
1,Deaths,,High-income,3,Both,7,10-14 years,302,Diarrheal diseases,183,Clostridium difficile,1,Number,1991,34.04201355,34.04201355,15.28101788
1,Deaths,,High-income,3,Both,7,10-14 years,302,Diarrheal diseases,183,Clostridium difficile,1,Number,1992,32.2165081,32.2165081,14.89739372
1,Deaths,,High-income,3,Both,7,10-14 years,302,Diarrheal diseases,183,Clostridium difficile,1,Number,1993,31.87616273,31.87616273,13.55239646
1,Deaths,,High-income,3,Both,7,10-14 years,302,Diarrheal diseases,183,Clostridium difficile,1,Number,1994,30.55760528,30.55760528,13.26319776
1,Deaths,,High-income,3,Both,7,10-14 years,302,Diarrheal diseases,183,Clostridium difficile,1,Number,1995,27.96014832,27.96014832,13.09140302
1,Deaths,,High-income,3,Both,7,10-14 years,302,Diarrheal diseases,183,Clostridium difficile,1,Number,1996,26.36919362,26.36919362,11.61971163
1,Deaths,,High-income,3,Both,7,10-14 years,302,Diarrheal diseases,183,Clostridium difficile,1,Number,1997,24.9175739,24.9175739,11.45060509
1,Deaths,,High-income,3,Both,7,10-14 years,302,Diarrheal diseases,183,Clostridium difficile,1,Number,1998,23.56060606,23.56060606,10.72604086
1,Deaths,,High-income,3,Both,7,10-14 years,302,Diarrheal diseases,183,Clostridium difficile,1,Number,1999,21.96172806,21.96172806,9.982828126
1,Deaths,,High-income,3,Both,7,10-14 years,302,Diarrheal diseases,183,Clostridium difficile,1,Number,2000,20.49298328,20.49298328,9.429009365
1,Deaths,,High-income,3,Both,7,10-14 years,302,Diarrheal diseases,183,Clostridium difficile,1,Number,2001,20.59861369,20.59861369,9.943112454
1,Deaths,,High-income,3,Both,7,10-14 years,302,Diarrheal diseases,183,Clostridium difficile,1,Number,2002,20.29783101,20.29783101,10.25448854
1,Deaths,,High-income,3,Both,7,10-14 years,302,Diarrheal diseases,183,Clostridium difficile,1,Number,2003,19.5827548,19.5827548,9.737177396
1,Deaths,,High-income,3,Both,7,10-14 years,302,Diarrheal diseases,183,Clostridium difficile,1,Number,2004,18.95220776,18.95220776,9.630252031
1,Deaths,,High-income,3,Both,7,10-14 years,302,Diarrheal diseases,183,Clostridium difficile,1,Number,2005,19.22779519,19.22779519,9.629046415
1,Deaths,,High-income,3,Both,7,10-14 years,302,Diarrheal diseases,183,Clostridium difficile,1,Number,2006,19.39463496,19.39463496,10.01062727
1,Deaths,,High-income,3,Both,7,10-14 years,302,Diarrheal diseases,183,Clostridium difficile,1,Number,2007,18.66357744,18.66357744,10.25718882
1,Deaths,,High-income,3,Both,7,10-14 years,302,Diarrheal diseases,183,Clostridium difficile,1,Number,2008,18.51420327,18.51420327,9.70487903
1,Deaths,,High-income,3,Both,7,10-14 years,302,Diarrheal diseases,183,Clostridium difficile,1,Number,2009,18.40267278,18.40267278,9.817921237
1,Deaths,,High-income,3,Both,7,10-14 years,302,Diarrheal diseases,183,Clostridium difficile,1,Number,2010,17.34627273,17.34627273,9.531924878
1,Deaths,,High-income,3,Both,7,10-14 years,302,Diarrheal diseases,183,Clostridium difficile,1,Number,2011,17.83049884,17.83049884,9.005957767
1,Deaths,,High-income,3,Both,7,10-14 years,302,Diarrheal diseases,183,Clostridium difficile,1,Number,2012,16.72128567,16.72128567,9.259903884
1,Deaths,,High-income,3,Both,7,10-14 years,302,Diarrheal diseases,183,Clostridium difficile,1,Number,2013,16.19312571,16.19312571,8.482219673
1,Deaths,,High-income,3,Both,7,10-14 years,302,Diarrheal diseases,183,Clostridium difficile,1,Number,2014,15.83882204,15.83882204,8.753760725
1,Deaths,,High-income,3,Both,7,10-14 years,302,Diarrheal diseases,183,Clostridium difficile,1,Number,2015,15.43900409,15.43900409,8.821132309
1,Deaths,,High-income,3,Both,7,10-14 years,302,Diarrheal diseases,183,Clostridium difficile,1,Number,2016,15.45701139,15.45701139,8.448353069
1,Deaths,,High-income,3,Both,7,10-14 years,302,Diarrheal diseases,183,Clostridium difficile,1,Number,2017,15.31639571,15.31639571,8.594062047
1,Deaths,,High-income,3,Both,7,10-14 years,302,Diarrheal diseases,183,Clostridium difficile,1,Number,2018,15.50401208,15.50401208,8.542241105
1,Deaths,,High-income,3,Both,7,10-14 years,302,Diarrheal diseases,183,Clostridium difficile,1,Number,2019,15.56023197,15.56023197,8.311854023
1,Deaths,,High-income,3,Both,7,10-14 years,302,Diarrheal diseases,183,Clostridium difficile,1,Number,2020,14.19688548,14.19688548,7.787343072
1,Deaths,,High-income,3,Both,7,10-14 years,302,Diarrheal diseases,183,Clostridium difficile,1,Number,2021,14.18341175,14.18341175,7.705694148
1,Deaths,,High-income,3,Both,8,15-19 years,302,Diarrheal diseases,183,Clostridium difficile,1,Number,1990,58.54771038,58.54771038,24.4172626
1,Deaths,,High-income,3,Both,8,15-19 years,302,Diarrheal diseases,183,Clostridium difficile,1,Number,1991,52.68554726,52.68554726,22.93225186
1,Deaths,,High-income,3,Both,8,15-19 years,302,Diarrheal diseases,183,Clostridium difficile,1,Number,1992,48.13288498,48.13288498,22.00964538
1,Deaths,,High-income,3,Both,8,15-19 years,302,Diarrheal diseases,183,Clostridium difficile,1,Number,1993,44.88784243,44.88784243,20.80788486
1,Deaths,,High-income,3,Both,8,15-19 years,302,Diarrheal diseases,183,Clostridium difficile,1,Number,1994,44.50343453,44.50343453,19.37859628
1,Deaths,,High-income,3,Both,8,15-19 years,302,Diarrheal diseases,183,Clostridium difficile,1,Number,1995,41.30376667,41.30376667,18.82138941
1,Deaths,,High-income,3,Both,8,15-19 years,302,Diarrheal diseases,183,Clostridium difficile,1,Number,1996,38.51926639,38.51926639,18.29615436
1,Deaths,,High-income,3,Both,8,15-19 years,302,Diarrheal diseases,183,Clostridium difficile,1,Number,1997,37.57756771,37.57756771,18.01183902
1,Deaths,,High-income,3,Both,8,15-19 years,302,Diarrheal diseases,183,Clostridium difficile,1,Number,1998,35.69864687,35.69864687,17.2672566
1,Deaths,,High-income,3,Both,8,15-19 years,302,Diarrheal diseases,183,Clostridium difficile,1,Number,1999,33.56605201,33.56605201,16.39573343
1,Deaths,,High-income,3,Both,8,15-19 years,302,Diarrheal diseases,183,Clostridium difficile,1,Number,2000,31.11267109,31.11267109,15.6398961
1,Deaths,,High-income,3,Both,8,15-19 years,302,Diarrheal diseases,183,Clostridium difficile,1,Number,2001,31.65651337,31.65651337,16.13932591
1,Deaths,,High-income,3,Both,8,15-19 years,302,Diarrheal diseases,183,Clostridium difficile,1,Number,2002,31.74674383,31.74674383,16.44380218
1,Deaths,,High-income,3,Both,8,15-19 years,302,Diarrheal diseases,183,Clostridium difficile,1,Number,2003,30.85969409,30.85969409,14.60270776
1,Deaths,,High-income,3,Both,8,15-19 years,302,Diarrheal diseases,183,Clostridium difficile,1,Number,2004,30.46158887,30.46158887,14.53015909
1,Deaths,,High-income,3,Both,8,15-19 years,302,Diarrheal diseases,183,Clostridium difficile,1,Number,2005,30.06654927,30.06654927,14.90292849
1,Deaths,,High-income,3,Both,8,15-19 years,302,Diarrheal diseases,183,Clostridium difficile,1,Number,2006,31.23555684,31.23555684,16.31721375
1,Deaths,,High-income,3,Both,8,15-19 years,302,Diarrheal diseases,183,Clostridium difficile,1,Number,2007,30.66883805,30.66883805,16.53868009
1,Deaths,,High-income,3,Both,8,15-19 years,302,Diarrheal diseases,183,Clostridium difficile,1,Number,2008,31.39314911,31.39314911,16.10650413
1,Deaths,,High-income,3,Both,8,15-19 years,302,Diarrheal diseases,183,Clostridium difficile,1,Number,2009,31.10751344,31.10751344,16.40981844
1,Deaths,,High-income,3,Both,8,15-19 years,302,Diarrheal diseases,183,Clostridium difficile,1,Number,2010,28.31895071,28.31895071,15.87513663
1,Deaths,,High-income,3,Both,8,15-19 years,302,Diarrheal diseases,183,Clostridium difficile,1,Number,2011,27.91341326,27.91341326,15.97177629
1,Deaths,,High-income,3,Both,8,15-19 years,302,Diarrheal diseases,183,Clostridium difficile,1,Number,2012,27.12821062,27.12821062,15.59466159
1,Deaths,,High-income,3,Both,8,15-19 years,302,Diarrheal diseases,183,Clostridium difficile,1,Number,2013,26.14741788,26.14741788,14.28377354
1,Deaths,,High-income,3,Both,8,15-19 years,302,Diarrheal diseases,183,Clostridium difficile,1,Number,2014,27.98613058,27.98613058,14.84348229
1,Deaths,,High-income,3,Both,8,15-19 years,302,Diarrheal diseases,183,Clostridium difficile,1,Number,2015,25.74291446,25.74291446,14.51449818
1,Deaths,,High-income,3,Both,8,15-19 years,302,Diarrheal diseases,183,Clostridium difficile,1,Number,2016,25.39599769,25.39599769,14.53208436
1,Deaths,,High-income,3,Both,8,15-19 years,302,Diarrheal diseases,183,Clostridium difficile,1,Number,2017,24.90407732,24.90407732,14.53910919
1,Deaths,,High-income,3,Both,8,15-19 years,302,Diarrheal diseases,183,Clostridium difficile,1,Number,2018,25.32948296,25.32948296,14.05891695
1,Deaths,,High-income,3,Both,8,15-19 years,302,Diarrheal diseases,183,Clostridium difficile,1,Number,2019,24.10753642,24.10753642,13.98048099
1,Deaths,,High-income,3,Both,8,15-19 years,302,Diarrheal diseases,183,Clostridium difficile,1,Number,2020,22.12980841,22.12980841,12.62334684
1,Deaths,,High-income,3,Both,8,15-19 years,302,Diarrheal diseases,183,Clostridium difficile,1,Number,2021,21.81856469,21.81856469,13.11788252
1,Deaths,,High-income,3,Both,9,20-24 years,302,Diarrheal diseases,183,Clostridium difficile,1,Number,1990,77.69263399,77.69263399,33.59467835
1,Deaths,,High-income,3,Both,9,20-24 years,302,Diarrheal diseases,183,Clostridium difficile,1,Number,1991,72.88026472,72.88026472,30.24717117
1,Deaths,,High-income,3,Both,9,20-24 years,302,Diarrheal diseases,183,Clostridium difficile,1,Number,1992,68.18923717,68.18923717,29.71284643
1,Deaths,,High-income,3,Both,9,20-24 years,302,Diarrheal diseases,183,Clostridium difficile,1,Number,1993,63.62404905,63.62404905,28.95913817
1,Deaths,,High-income,3,Both,9,20-24 years,302,Diarrheal diseases,183,Clostridium difficile,1,Number,1994,61.13555755,61.13555755,29.3736181
1,Deaths,,High-income,3,Both,9,20-24 years,302,Diarrheal diseases,183,Clostridium difficile,1,Number,1995,58.97902366,58.97902366,26.38889696
1,Deaths,,High-income,3,Both,9,20-24 years,302,Diarrheal diseases,183,Clostridium difficile,1,Number,1996,53.11445037,53.11445037,26.36345359
1,Deaths,,High-income,3,Both,9,20-24 years,302,Diarrheal diseases,183,Clostridium difficile,1,Number,1997,52.36862283,52.36862283,25.1820987
1,Deaths,,High-income,3,Both,9,20-24 years,302,Diarrheal diseases,183,Clostridium difficile,1,Number,1998,49.25931134,49.25931134,24.94713636
1,Deaths,,High-income,3,Both,9,20-24 years,302,Diarrheal diseases,183,Clostridium difficile,1,Number,1999,48.83866267,48.83866267,22.52600406
1,Deaths,,High-income,3,Both,9,20-24 years,302,Diarrheal diseases,183,Clostridium difficile,1,Number,2000,45.61547291,45.61547291,22.38759165
1,Deaths,,High-income,3,Both,9,20-24 years,302,Diarrheal diseases,183,Clostridium difficile,1,Number,2001,46.46254067,46.46254067,23.61470081
1,Deaths,,High-income,3,Both,9,20-24 years,302,Diarrheal diseases,183,Clostridium difficile,1,Number,2002,46.77034173,46.77034173,23.6036488
1,Deaths,,High-income,3,Both,9,20-24 years,302,Diarrheal diseases,183,Clostridium difficile,1,Number,2003,44.90325559,44.90325559,23.49570848
1,Deaths,,High-income,3,Both,9,20-24 years,302,Diarrheal diseases,183,Clostridium difficile,1,Number,2004,46.35378281,46.35378281,21.63924121
1,Deaths,,High-income,3,Both,9,20-24 years,302,Diarrheal diseases,183,Clostridium difficile,1,Number,2005,45.7664972,45.7664972,23.10417422
1,Deaths,,High-income,3,Both,9,20-24 years,302,Diarrheal diseases,183,Clostridium difficile,1,Number,2006,47.47299564,47.47299564,23.99464577
1,Deaths,,High-income,3,Both,9,20-24 years,302,Diarrheal diseases,183,Clostridium difficile,1,Number,2007,46.70250367,46.70250367,24.47540344
1,Deaths,,High-income,3,Both,9,20-24 years,302,Diarrheal diseases,183,Clostridium difficile,1,Number,2008,46.09391435,46.09391435,25.51306364
1,Deaths,,High-income,3,Both,9,20-24 years,302,Diarrheal diseases,183,Clostridium difficile,1,Number,2009,47.73022369,47.73022369,25.06871363
1,Deaths,,High-income,3,Both,9,20-24 years,302,Diarrheal diseases,183,Clostridium difficile,1,Number,2010,45.06498658,45.06498658,24.50576131
1,Deaths,,High-income,3,Both,9,20-24 years,302,Diarrheal diseases,183,Clostridium difficile,1,Number,2011,45.29985104,45.29985104,24.60665389
1,Deaths,,High-income,3,Both,9,20-24 years,302,Diarrheal diseases,183,Clostridium difficile,1,Number,2012,44.25420403,44.25420403,24.93392631
1,Deaths,,High-income,3,Both,9,20-24 years,302,Diarrheal diseases,183,Clostridium difficile,1,Number,2013,42.90862816,42.90862816,23.82696047
1,Deaths,,High-income,3,Both,9,20-24 years,302,Diarrheal diseases,183,Clostridium difficile,1,Number,2014,43.78085911,43.78085911,24.59578032
1,Deaths,,High-income,3,Both,9,20-24 years,302,Diarrheal diseases,183,Clostridium difficile,1,Number,2015,43.4150323,43.4150323,23.79024919
1,Deaths,,High-income,3,Both,9,20-24 years,302,Diarrheal diseases,183,Clostridium difficile,1,Number,2016,43.14894073,43.14894073,24.32992104
1,Deaths,,High-income,3,Both,9,20-24 years,302,Diarrheal diseases,183,Clostridium difficile,1,Number,2017,42.75953053,42.75953053,24.44039156
1,Deaths,,High-income,3,Both,9,20-24 years,302,Diarrheal diseases,183,Clostridium difficile,1,Number,2018,42.85992589,42.85992589,24.33326036
1,Deaths,,High-income,3,Both,9,20-24 years,302,Diarrheal diseases,183,Clostridium difficile,1,Number,2019,41.79048059,41.79048059,23.8293972
1,Deaths,,High-income,3,Both,9,20-24 years,302,Diarrheal diseases,183,Clostridium difficile,1,Number,2020,39.89444838,39.89444838,21.65769561
1,Deaths,,High-income,3,Both,9,20-24 years,302,Diarrheal diseases,183,Clostridium difficile,1,Number,2021,38.73036325,38.73036325,22.48382969
1,Deaths,,High-income,3,Both,10,25-29 years,302,Diarrheal diseases,183,Clostridium difficile,1,Number,1990,110.1690528,110.1690528,49.3298393
1,Deaths,,High-income,3,Both,10,25-29 years,302,Diarrheal diseases,183,Clostridium difficile,1,Number,1991,99.58009543,99.58009543,46.7647263
1,Deaths,,High-income,3,Both,10,25-29 years,302,Diarrheal diseases,183,Clostridium difficile,1,Number,1992,94.84998822,94.84998822,42.86115335
1,Deaths,,High-income,3,Both,10,25-29 years,302,Diarrheal diseases,183,Clostridium difficile,1,Number,1993,89.38653194,89.38653194,40.89255473
1,Deaths,,High-income,3,Both,10,25-29 years,302,Diarrheal diseases,183,Clostridium difficile,1,Number,1994,87.08095429,87.08095429,40.82254364
1,Deaths,,High-income,3,Both,10,25-29 years,302,Diarrheal diseases,183,Clostridium difficile,1,Number,1995,83.8431921,83.8431921,38.54817285
1,Deaths,,High-income,3,Both,10,25-29 years,302,Diarrheal diseases,183,Clostridium difficile,1,Number,1996,79.49077487,79.49077487,36.87082952
1,Deaths,,High-income,3,Both,10,25-29 years,302,Diarrheal diseases,183,Clostridium difficile,1,Number,1997,76.71183119,76.71183119,38.11035041
1,Deaths,,High-income,3,Both,10,25-29 years,302,Diarrheal diseases,183,Clostridium difficile,1,Number,1998,74.22092196,74.22092196,36.23993015
1,Deaths,,High-income,3,Both,10,25-29 years,302,Diarrheal diseases,183,Clostridium difficile,1,Number,1999,70.93965651,70.93965651,34.83797688
1,Deaths,,High-income,3,Both,10,25-29 years,302,Diarrheal diseases,183,Clostridium difficile,1,Number,2000,66.27167083,66.27167083,32.98459179
1,Deaths,,High-income,3,Both,10,25-29 years,302,Diarrheal diseases,183,Clostridium difficile,1,Number,2001,65.32872128,65.32872128,34.87154325
1,Deaths,,High-income,3,Both,10,25-29 years,302,Diarrheal diseases,183,Clostridium difficile,1,Number,2002,64.95216635,64.95216635,32.21435022
1,Deaths,,High-income,3,Both,10,25-29 years,302,Diarrheal diseases,183,Clostridium difficile,1,Number,2003,62.23464437,62.23464437,31.93187154
1,Deaths,,High-income,3,Both,10,25-29 years,302,Diarrheal diseases,183,Clostridium difficile,1,Number,2004,60.79222134,60.79222134,32.90330624
1,Deaths,,High-income,3,Both,10,25-29 years,302,Diarrheal diseases,183,Clostridium difficile,1,Number,2005,63.25462893,63.25462893,33.58841772
1,Deaths,,High-income,3,Both,10,25-29 years,302,Diarrheal diseases,183,Clostridium difficile,1,Number,2006,66.48954453,66.48954453,35.21479082
1,Deaths,,High-income,3,Both,10,25-29 years,302,Diarrheal diseases,183,Clostridium difficile,1,Number,2007,67.27548726,67.27548726,36.90645004
1,Deaths,,High-income,3,Both,10,25-29 years,302,Diarrheal diseases,183,Clostridium difficile,1,Number,2008,69.6725657,69.6725657,36.9195321
1,Deaths,,High-income,3,Both,10,25-29 years,302,Diarrheal diseases,183,Clostridium difficile,1,Number,2009,69.88512462,69.88512462,38.83672208
1,Deaths,,High-income,3,Both,10,25-29 years,302,Diarrheal diseases,183,Clostridium difficile,1,Number,2010,66.91049418,66.91049418,36.54233251
1,Deaths,,High-income,3,Both,10,25-29 years,302,Diarrheal diseases,183,Clostridium difficile,1,Number,2011,64.47539161,64.47539161,37.94272192
1,Deaths,,High-income,3,Both,10,25-29 years,302,Diarrheal diseases,183,Clostridium difficile,1,Number,2012,64.45991711,64.45991711,36.88022715
1,Deaths,,High-income,3,Both,10,25-29 years,302,Diarrheal diseases,183,Clostridium difficile,1,Number,2013,62.24204532,62.24204532,36.13038109
1,Deaths,,High-income,3,Both,10,25-29 years,302,Diarrheal diseases,183,Clostridium difficile,1,Number,2014,63.70980792,63.70980792,35.70626615
1,Deaths,,High-income,3,Both,10,25-29 years,302,Diarrheal diseases,183,Clostridium difficile,1,Number,2015,64.54973494,64.54973494,37.77543938
1,Deaths,,High-income,3,Both,10,25-29 years,302,Diarrheal diseases,183,Clostridium difficile,1,Number,2016,66.0503267,66.0503267,39.1663681
1,Deaths,,High-income,3,Both,10,25-29 years,302,Diarrheal diseases,183,Clostridium difficile,1,Number,2017,67.80428846,67.80428846,38.74220279
1,Deaths,,High-income,3,Both,10,25-29 years,302,Diarrheal diseases,183,Clostridium difficile,1,Number,2018,68.39288289,68.39288289,40.28166075
1,Deaths,,High-income,3,Both,10,25-29 years,302,Diarrheal diseases,183,Clostridium difficile,1,Number,2019,68.47401869,68.47401869,39.11809468
1,Deaths,,High-income,3,Both,10,25-29 years,302,Diarrheal diseases,183,Clostridium difficile,1,Number,2020,63.92581746,63.92581746,38.76690523
1,Deaths,,High-income,3,Both,10,25-29 years,302,Diarrheal diseases,183,Clostridium difficile,1,Number,2021,61.34788709,61.34788709,37.85556075
1,Deaths,,High-income,3,Both,11,30-34 years,302,Diarrheal diseases,183,Clostridium difficile,1,Number,1990,156.9488052,156.9488052,72.35967499
1,Deaths,,High-income,3,Both,11,30-34 years,302,Diarrheal diseases,183,Clostridium difficile,1,Number,1991,148.1844596,148.1844596,65.00871384
1,Deaths,,High-income,3,Both,11,30-34 years,302,Diarrheal diseases,183,Clostridium difficile,1,Number,1992,140.870476,140.870476,64.95811194
1,Deaths,,High-income,3,Both,11,30-34 years,302,Diarrheal diseases,183,Clostridium difficile,1,Number,1993,135.696322,135.696322,64.16608196
1,Deaths,,High-income,3,Both,11,30-34 years,302,Diarrheal diseases,183,Clostridium difficile,1,Number,1994,134.5226033,134.5226033,64.21854027
1,Deaths,,High-income,3,Both,11,30-34 years,302,Diarrheal diseases,183,Clostridium difficile,1,Number,1995,127.9933131,127.9933131,64.06740282
1,Deaths,,High-income,3,Both,11,30-34 years,302,Diarrheal diseases,183,Clostridium difficile,1,Number,1996,123.5140126,123.5140126,58.47162114
1,Deaths,,High-income,3,Both,11,30-34 years,302,Diarrheal diseases,183,Clostridium difficile,1,Number,1997,119.9845344,119.9845344,58.58740751
1,Deaths,,High-income,3,Both,11,30-34 years,302,Diarrheal diseases,183,Clostridium difficile,1,Number,1998,112.3329271,112.3329271,58.65083267
1,Deaths,,High-income,3,Both,11,30-34 years,302,Diarrheal diseases,183,Clostridium difficile,1,Number,1999,108.4029775,108.4029775,55.71501325
1,Deaths,,High-income,3,Both,11,30-34 years,302,Diarrheal diseases,183,Clostridium difficile,1,Number,2000,104.7563569,104.7563569,49.7620414
1,Deaths,,High-income,3,Both,11,30-34 years,302,Diarrheal diseases,183,Clostridium difficile,1,Number,2001,106.1167036,106.1167036,53.67527741
1,Deaths,,High-income,3,Both,11,30-34 years,302,Diarrheal diseases,183,Clostridium difficile,1,Number,2002,103.6487683,103.6487683,52.47417368
1,Deaths,,High-income,3,Both,11,30-34 years,302,Diarrheal diseases,183,Clostridium difficile,1,Number,2003,99.96443893,99.96443893,51.15866335
1,Deaths,,High-income,3,Both,11,30-34 years,302,Diarrheal diseases,183,Clostridium difficile,1,Number,2004,98.8085863,98.8085863,50.72720023
1,Deaths,,High-income,3,Both,11,30-34 years,302,Diarrheal diseases,183,Clostridium difficile,1,Number,2005,99.02029615,99.02029615,52.61197817
1,Deaths,,High-income,3,Both,11,30-34 years,302,Diarrheal diseases,183,Clostridium difficile,1,Number,2006,100.9991373,100.9991373,52.78387365
1,Deaths,,High-income,3,Both,11,30-34 years,302,Diarrheal diseases,183,Clostridium difficile,1,Number,2007,98.29316725,98.29316725,53.63153783
1,Deaths,,High-income,3,Both,11,30-34 years,302,Diarrheal diseases,183,Clostridium difficile,1,Number,2008,97.98786657,97.98786657,55.283651
1,Deaths,,High-income,3,Both,11,30-34 years,302,Diarrheal diseases,183,Clostridium difficile,1,Number,2009,100.1680374,100.1680374,57.27845697
1,Deaths,,High-income,3,Both,11,30-34 years,302,Diarrheal diseases,183,Clostridium difficile,1,Number,2010,96.86558685,96.86558685,57.52892665
1,Deaths,,High-income,3,Both,11,30-34 years,302,Diarrheal diseases,183,Clostridium difficile,1,Number,2011,98.99868497,98.99868497,57.77726254
1,Deaths,,High-income,3,Both,11,30-34 years,302,Diarrheal diseases,183,Clostridium difficile,1,Number,2012,101.0013191,101.0013191,56.1784513
1,Deaths,,High-income,3,Both,11,30-34 years,302,Diarrheal diseases,183,Clostridium difficile,1,Number,2013,96.82049849,96.82049849,56.49639369
1,Deaths,,High-income,3,Both,11,30-34 years,302,Diarrheal diseases,183,Clostridium difficile,1,Number,2014,97.75441301,97.75441301,56.65259981
1,Deaths,,High-income,3,Both,11,30-34 years,302,Diarrheal diseases,183,Clostridium difficile,1,Number,2015,100.7005903,100.7005903,57.56523438
1,Deaths,,High-income,3,Both,11,30-34 years,302,Diarrheal diseases,183,Clostridium difficile,1,Number,2016,100.4286476,100.4286476,59.75964161
1,Deaths,,High-income,3,Both,11,30-34 years,302,Diarrheal diseases,183,Clostridium difficile,1,Number,2017,101.8818056,101.8818056,58.52569953
1,Deaths,,High-income,3,Both,11,30-34 years,302,Diarrheal diseases,183,Clostridium difficile,1,Number,2018,103.1932829,103.1932829,61.61818707
1,Deaths,,High-income,3,Both,11,30-34 years,302,Diarrheal diseases,183,Clostridium difficile,1,Number,2019,103.7426468,103.7426468,61.68370507
1,Deaths,,High-income,3,Both,11,30-34 years,302,Diarrheal diseases,183,Clostridium difficile,1,Number,2020,100.3394777,100.3394777,58.20091612
1,Deaths,,High-income,3,Both,11,30-34 years,302,Diarrheal diseases,183,Clostridium difficile,1,Number,2021,96.82678634,96.82678634,58.20994133
1,Deaths,,High-income,3,Both,12,35-39 years,302,Diarrheal diseases,183,Clostridium difficile,1,Number,1990,223.3839338,223.3839338,103.0572925
1,Deaths,,High-income,3,Both,12,35-39 years,302,Diarrheal diseases,183,Clostridium difficile,1,Number,1991,209.7571384,209.7571384,93.76282199
1,Deaths,,High-income,3,Both,12,35-39 years,302,Diarrheal diseases,183,Clostridium difficile,1,Number,1992,202.8754994,202.8754994,90.36541011
1,Deaths,,High-income,3,Both,12,35-39 years,302,Diarrheal diseases,183,Clostridium difficile,1,Number,1993,193.9957892,193.9957892,93.77820742
1,Deaths,,High-income,3,Both,12,35-39 years,302,Diarrheal diseases,183,Clostridium difficile,1,Number,1994,192.3617866,192.3617866,95.7176631
1,Deaths,,High-income,3,Both,12,35-39 years,302,Diarrheal diseases,183,Clostridium difficile,1,Number,1995,192.0317106,192.0317106,89.21904302
1,Deaths,,High-income,3,Both,12,35-39 years,302,Diarrheal diseases,183,Clostridium difficile,1,Number,1996,178.8866536,178.8866536,91.90063274
1,Deaths,,High-income,3,Both,12,35-39 years,302,Diarrheal diseases,183,Clostridium difficile,1,Number,1997,183.7902923,183.7902923,87.81680002
1,Deaths,,High-income,3,Both,12,35-39 years,302,Diarrheal diseases,183,Clostridium difficile,1,Number,1998,178.9752688,178.9752688,88.89752788
1,Deaths,,High-income,3,Both,12,35-39 years,302,Diarrheal diseases,183,Clostridium difficile,1,Number,1999,174.1506071,174.1506071,87.06667899
1,Deaths,,High-income,3,Both,12,35-39 years,302,Diarrheal diseases,183,Clostridium difficile,1,Number,2000,166.5151121,166.5151121,82.48598979
1,Deaths,,High-income,3,Both,12,35-39 years,302,Diarrheal diseases,183,Clostridium difficile,1,Number,2001,171.6955677,171.6955677,84.29571535
1,Deaths,,High-income,3,Both,12,35-39 years,302,Diarrheal diseases,183,Clostridium difficile,1,Number,2002,161.9303909,161.9303909,84.7568897
1,Deaths,,High-income,3,Both,12,35-39 years,302,Diarrheal diseases,183,Clostridium difficile,1,Number,2003,154.7833758,154.7833758,81.91547389
1,Deaths,,High-income,3,Both,12,35-39 years,302,Diarrheal diseases,183,Clostridium difficile,1,Number,2004,154.1332046,154.1332046,80.12987974
1,Deaths,,High-income,3,Both,12,35-39 years,302,Diarrheal diseases,183,Clostridium difficile,1,Number,2005,155.361743,155.361743,82.82433086
1,Deaths,,High-income,3,Both,12,35-39 years,302,Diarrheal diseases,183,Clostridium difficile,1,Number,2006,157.3486441,157.3486441,88.89789324
1,Deaths,,High-income,3,Both,12,35-39 years,302,Diarrheal diseases,183,Clostridium difficile,1,Number,2007,158.8705135,158.8705135,86.0774484
1,Deaths,,High-income,3,Both,12,35-39 years,302,Diarrheal diseases,183,Clostridium difficile,1,Number,2008,156.7804127,156.7804127,87.82023537
1,Deaths,,High-income,3,Both,12,35-39 years,302,Diarrheal diseases,183,Clostridium difficile,1,Number,2009,158.2803397,158.2803397,88.13634439
1,Deaths,,High-income,3,Both,12,35-39 years,302,Diarrheal diseases,183,Clostridium difficile,1,Number,2010,150.4318233,150.4318233,86.23944575
1,Deaths,,High-income,3,Both,12,35-39 years,302,Diarrheal diseases,183,Clostridium difficile,1,Number,2011,146.9058234,146.9058234,85.79945601
1,Deaths,,High-income,3,Both,12,35-39 years,302,Diarrheal diseases,183,Clostridium difficile,1,Number,2012,144.4020347,144.4020347,84.44969515
1,Deaths,,High-income,3,Both,12,35-39 years,302,Diarrheal diseases,183,Clostridium difficile,1,Number,2013,138.4731417,138.4731417,82.92494028
1,Deaths,,High-income,3,Both,12,35-39 years,302,Diarrheal diseases,183,Clostridium difficile,1,Number,2014,140.6038377,140.6038377,81.65067433
1,Deaths,,High-income,3,Both,12,35-39 years,302,Diarrheal diseases,183,Clostridium difficile,1,Number,2015,143.732018,143.732018,84.95201161
1,Deaths,,High-income,3,Both,12,35-39 years,302,Diarrheal diseases,183,Clostridium difficile,1,Number,2016,148.0625429,148.0625429,86.24443511
1,Deaths,,High-income,3,Both,12,35-39 years,302,Diarrheal diseases,183,Clostridium difficile,1,Number,2017,149.3735364,149.3735364,88.63324698
1,Deaths,,High-income,3,Both,12,35-39 years,302,Diarrheal diseases,183,Clostridium difficile,1,Number,2018,153.7006467,153.7006467,94.1651104
1,Deaths,,High-income,3,Both,12,35-39 years,302,Diarrheal diseases,183,Clostridium difficile,1,Number,2019,154.0727857,154.0727857,94.40901616
1,Deaths,,High-income,3,Both,12,35-39 years,302,Diarrheal diseases,183,Clostridium difficile,1,Number,2020,147.8229998,147.8229998,89.13885149
1,Deaths,,High-income,3,Both,12,35-39 years,302,Diarrheal diseases,183,Clostridium difficile,1,Number,2021,142.8520576,142.8520576,84.72236201
1,Deaths,,High-income,3,Both,13,40-44 years,302,Diarrheal diseases,183,Clostridium difficile,1,Number,1990,316.4709032,316.4709032,156.2521205
1,Deaths,,High-income,3,Both,13,40-44 years,302,Diarrheal diseases,183,Clostridium difficile,1,Number,1991,320.8483434,320.8483434,136.6198974
1,Deaths,,High-income,3,Both,13,40-44 years,302,Diarrheal diseases,183,Clostridium difficile,1,Number,1992,305.6766752,305.6766752,138.2088878
1,Deaths,,High-income,3,Both,13,40-44 years,302,Diarrheal diseases,183,Clostridium difficile,1,Number,1993,292.2344762,292.2344762,135.3265473
1,Deaths,,High-income,3,Both,13,40-44 years,302,Diarrheal diseases,183,Clostridium difficile,1,Number,1994,289.8783387,289.8783387,133.7591387
1,Deaths,,High-income,3,Both,13,40-44 years,302,Diarrheal diseases,183,Clostridium difficile,1,Number,1995,275.8470111,275.8470111,132.8561594
1,Deaths,,High-income,3,Both,13,40-44 years,302,Diarrheal diseases,183,Clostridium difficile,1,Number,1996,269.1236915,269.1236915,124.1053568
1,Deaths,,High-income,3,Both,13,40-44 years,302,Diarrheal diseases,183,Clostridium difficile,1,Number,1997,271.2885233,271.2885233,125.4208791
1,Deaths,,High-income,3,Both,13,40-44 years,302,Diarrheal diseases,183,Clostridium difficile,1,Number,1998,263.4012101,263.4012101,134.2730971
1,Deaths,,High-income,3,Both,13,40-44 years,302,Diarrheal diseases,183,Clostridium difficile,1,Number,1999,268.4377518,268.4377518,126.6181796
1,Deaths,,High-income,3,Both,13,40-44 years,302,Diarrheal diseases,183,Clostridium difficile,1,Number,2000,253.5780254,253.5780254,127.2154019
1,Deaths,,High-income,3,Both,13,40-44 years,302,Diarrheal diseases,183,Clostridium difficile,1,Number,2001,265.559543,265.559543,130.9473247
1,Deaths,,High-income,3,Both,13,40-44 years,302,Diarrheal diseases,183,Clostridium difficile,1,Number,2002,259.7322863,259.7322863,134.8481927
1,Deaths,,High-income,3,Both,13,40-44 years,302,Diarrheal diseases,183,Clostridium difficile,1,Number,2003,258.2713978,258.2713978,127.3920009
1,Deaths,,High-income,3,Both,13,40-44 years,302,Diarrheal diseases,183,Clostridium difficile,1,Number,2004,254.7239235,254.7239235,131.1420538
1,Deaths,,High-income,3,Both,13,40-44 years,302,Diarrheal diseases,183,Clostridium difficile,1,Number,2005,259.2129999,259.2129999,136.8032939
1,Deaths,,High-income,3,Both,13,40-44 years,302,Diarrheal diseases,183,Clostridium difficile,1,Number,2006,263.6453447,263.6453447,141.2490425
1,Deaths,,High-income,3,Both,13,40-44 years,302,Diarrheal diseases,183,Clostridium difficile,1,Number,2007,255.1590803,255.1590803,142.6674148
1,Deaths,,High-income,3,Both,13,40-44 years,302,Diarrheal diseases,183,Clostridium difficile,1,Number,2008,251.8923147,251.8923147,141.5195026
1,Deaths,,High-income,3,Both,13,40-44 years,302,Diarrheal diseases,183,Clostridium difficile,1,Number,2009,255.4053436,255.4053436,136.7730732
1,Deaths,,High-income,3,Both,13,40-44 years,302,Diarrheal diseases,183,Clostridium difficile,1,Number,2010,240.7206722,240.7206722,136.0846584
1,Deaths,,High-income,3,Both,13,40-44 years,302,Diarrheal diseases,183,Clostridium difficile,1,Number,2011,240.948038,240.948038,135.698478
1,Deaths,,High-income,3,Both,13,40-44 years,302,Diarrheal diseases,183,Clostridium difficile,1,Number,2012,236.3210169,236.3210169,137.0790012
1,Deaths,,High-income,3,Both,13,40-44 years,302,Diarrheal diseases,183,Clostridium difficile,1,Number,2013,228.4558,228.4558,131.9850664
1,Deaths,,High-income,3,Both,13,40-44 years,302,Diarrheal diseases,183,Clostridium difficile,1,Number,2014,226.8508897,226.8508897,129.9640979
1,Deaths,,High-income,3,Both,13,40-44 years,302,Diarrheal diseases,183,Clostridium difficile,1,Number,2015,222.6597298,222.6597298,132.5635238
1,Deaths,,High-income,3,Both,13,40-44 years,302,Diarrheal diseases,183,Clostridium difficile,1,Number,2016,221.6130996,221.6130996,127.430472
1,Deaths,,High-income,3,Both,13,40-44 years,302,Diarrheal diseases,183,Clostridium difficile,1,Number,2017,217.0624576,217.0624576,127.1047211
1,Deaths,,High-income,3,Both,13,40-44 years,302,Diarrheal diseases,183,Clostridium difficile,1,Number,2018,221.1121429,221.1121429,132.3146025
1,Deaths,,High-income,3,Both,13,40-44 years,302,Diarrheal diseases,183,Clostridium difficile,1,Number,2019,216.9745326,216.9745326,135.749445
1,Deaths,,High-income,3,Both,13,40-44 years,302,Diarrheal diseases,183,Clostridium difficile,1,Number,2020,211.2785429,211.2785429,129.6842029
1,Deaths,,High-income,3,Both,13,40-44 years,302,Diarrheal diseases,183,Clostridium difficile,1,Number,2021,209.8900451,209.8900451,124.1492619
1,Deaths,,High-income,3,Both,14,45-49 years,302,Diarrheal diseases,183,Clostridium difficile,1,Number,1990,433.197061,433.197061,196.5610879
1,Deaths,,High-income,3,Both,14,45-49 years,302,Diarrheal diseases,183,Clostridium difficile,1,Number,1991,398.183891,398.183891,185.6972169
1,Deaths,,High-income,3,Both,14,45-49 years,302,Diarrheal diseases,183,Clostridium difficile,1,Number,1992,392.8363672,392.8363672,186.1181111
1,Deaths,,High-income,3,Both,14,45-49 years,302,Diarrheal diseases,183,Clostridium difficile,1,Number,1993,390.0728986,390.0728986,183.6353866
1,Deaths,,High-income,3,Both,14,45-49 years,302,Diarrheal diseases,183,Clostridium difficile,1,Number,1994,405.5569778,405.5569778,184.0060384
1,Deaths,,High-income,3,Both,14,45-49 years,302,Diarrheal diseases,183,Clostridium difficile,1,Number,1995,398.6552357,398.6552357,192.172741
1,Deaths,,High-income,3,Both,14,45-49 years,302,Diarrheal diseases,183,Clostridium difficile,1,Number,1996,398.3123113,398.3123113,186.5824512
1,Deaths,,High-income,3,Both,14,45-49 years,302,Diarrheal diseases,183,Clostridium difficile,1,Number,1997,397.6599337,397.6599337,188.6359487
1,Deaths,,High-income,3,Both,14,45-49 years,302,Diarrheal diseases,183,Clostridium difficile,1,Number,1998,388.398787,388.398787,191.9064061
1,Deaths,,High-income,3,Both,14,45-49 years,302,Diarrheal diseases,183,Clostridium difficile,1,Number,1999,384.7700841,384.7700841,184.5203289
1,Deaths,,High-income,3,Both,14,45-49 years,302,Diarrheal diseases,183,Clostridium difficile,1,Number,2000,370.0312876,370.0312876,177.6590536
1,Deaths,,High-income,3,Both,14,45-49 years,302,Diarrheal diseases,183,Clostridium difficile,1,Number,2001,378.834035,378.834035,193.3114492
1,Deaths,,High-income,3,Both,14,45-49 years,302,Diarrheal diseases,183,Clostridium difficile,1,Number,2002,376.9714409,376.9714409,195.8285469
1,Deaths,,High-income,3,Both,14,45-49 years,302,Diarrheal diseases,183,Clostridium difficile,1,Number,2003,370.8362982,370.8362982,194.8991324
1,Deaths,,High-income,3,Both,14,45-49 years,302,Diarrheal diseases,183,Clostridium difficile,1,Number,2004,374.9611507,374.9611507,199.694417
1,Deaths,,High-income,3,Both,14,45-49 years,302,Diarrheal diseases,183,Clostridium difficile,1,Number,2005,391.3630649,391.3630649,206.9367639
1,Deaths,,High-income,3,Both,14,45-49 years,302,Diarrheal diseases,183,Clostridium difficile,1,Number,2006,400.2922812,400.2922812,221.8128032
1,Deaths,,High-income,3,Both,14,45-49 years,302,Diarrheal diseases,183,Clostridium difficile,1,Number,2007,399.1096258,399.1096258,223.7985585
1,Deaths,,High-income,3,Both,14,45-49 years,302,Diarrheal diseases,183,Clostridium difficile,1,Number,2008,403.5249212,403.5249212,222.8228198
1,Deaths,,High-income,3,Both,14,45-49 years,302,Diarrheal diseases,183,Clostridium difficile,1,Number,2009,400.7628031,400.7628031,227.4717428
1,Deaths,,High-income,3,Both,14,45-49 years,302,Diarrheal diseases,183,Clostridium difficile,1,Number,2010,392.8271632,392.8271632,219.6775338
1,Deaths,,High-income,3,Both,14,45-49 years,302,Diarrheal diseases,183,Clostridium difficile,1,Number,2011,394.9572104,394.9572104,215.4592282
1,Deaths,,High-income,3,Both,14,45-49 years,302,Diarrheal diseases,183,Clostridium difficile,1,Number,2012,382.2664704,382.2664704,220.2516958
1,Deaths,,High-income,3,Both,14,45-49 years,302,Diarrheal diseases,183,Clostridium difficile,1,Number,2013,372.2264594,372.2264594,202.5932465
1,Deaths,,High-income,3,Both,14,45-49 years,302,Diarrheal diseases,183,Clostridium difficile,1,Number,2014,355.8880805,355.8880805,209.8786574
1,Deaths,,High-income,3,Both,14,45-49 years,302,Diarrheal diseases,183,Clostridium difficile,1,Number,2015,358.8022737,358.8022737,204.5118985
1,Deaths,,High-income,3,Both,14,45-49 years,302,Diarrheal diseases,183,Clostridium difficile,1,Number,2016,347.0933177,347.0933177,211.7997064
1,Deaths,,High-income,3,Both,14,45-49 years,302,Diarrheal diseases,183,Clostridium difficile,1,Number,2017,347.7572696,347.7572696,205.8452325
1,Deaths,,High-income,3,Both,14,45-49 years,302,Diarrheal diseases,183,Clostridium difficile,1,Number,2018,353.9466348,353.9466348,214.229405
1,Deaths,,High-income,3,Both,14,45-49 years,302,Diarrheal diseases,183,Clostridium difficile,1,Number,2019,352.4930964,352.4930964,207.2605918
1,Deaths,,High-income,3,Both,14,45-49 years,302,Diarrheal diseases,183,Clostridium difficile,1,Number,2020,333.0192759,333.0192759,201.4055516
1,Deaths,,High-income,3,Both,14,45-49 years,302,Diarrheal diseases,183,Clostridium difficile,1,Number,2021,320.4871656,320.4871656,193.2582208
1,Deaths,,High-income,3,Both,6,5-9 years,302,Diarrheal diseases,183,Clostridium difficile,1,Number,1990,39.62223116,39.62223116,16.42347821
1,Deaths,,High-income,3,Both,6,5-9 years,302,Diarrheal diseases,183,Clostridium difficile,1,Number,1991,35.05795222,35.05795222,15.54754711
1,Deaths,,High-income,3,Both,6,5-9 years,302,Diarrheal diseases,183,Clostridium difficile,1,Number,1992,32.82228257,32.82228257,14.57204109
1,Deaths,,High-income,3,Both,6,5-9 years,302,Diarrheal diseases,183,Clostridium difficile,1,Number,1993,31.14284315,31.14284315,13.77903081
1,Deaths,,High-income,3,Both,6,5-9 years,302,Diarrheal diseases,183,Clostridium difficile,1,Number,1994,28.97331564,28.97331564,13.37135035
1,Deaths,,High-income,3,Both,6,5-9 years,302,Diarrheal diseases,183,Clostridium difficile,1,Number,1995,27.08320617,27.08320617,11.95751358
1,Deaths,,High-income,3,Both,6,5-9 years,302,Diarrheal diseases,183,Clostridium difficile,1,Number,1996,24.91584292,24.91584292,11.58071563
1,Deaths,,High-income,3,Both,6,5-9 years,302,Diarrheal diseases,183,Clostridium difficile,1,Number,1997,24.24737445,24.24737445,11.89164159
1,Deaths,,High-income,3,Both,6,5-9 years,302,Diarrheal diseases,183,Clostridium difficile,1,Number,1998,23.35713712,23.35713712,11.14544263
1,Deaths,,High-income,3,Both,6,5-9 years,302,Diarrheal diseases,183,Clostridium difficile,1,Number,1999,21.79118557,21.79118557,9.525385158
1,Deaths,,High-income,3,Both,6,5-9 years,302,Diarrheal diseases,183,Clostridium difficile,1,Number,2000,19.74389737,19.74389737,9.27939487
1,Deaths,,High-income,3,Both,6,5-9 years,302,Diarrheal diseases,183,Clostridium difficile,1,Number,2001,19.27724847,19.27724847,9.716621752
1,Deaths,,High-income,3,Both,6,5-9 years,302,Diarrheal diseases,183,Clostridium difficile,1,Number,2002,19.03753279,19.03753279,9.64119503
1,Deaths,,High-income,3,Both,6,5-9 years,302,Diarrheal diseases,183,Clostridium difficile,1,Number,2003,18.25747081,18.25747081,8.740896187
1,Deaths,,High-income,3,Both,6,5-9 years,302,Diarrheal diseases,183,Clostridium difficile,1,Number,2004,17.33629232,17.33629232,8.894087196
1,Deaths,,High-income,3,Both,6,5-9 years,302,Diarrheal diseases,183,Clostridium difficile,1,Number,2005,17.27560205,17.27560205,9.268067545
1,Deaths,,High-income,3,Both,6,5-9 years,302,Diarrheal diseases,183,Clostridium difficile,1,Number,2006,18.27271114,18.27271114,8.811836236
1,Deaths,,High-income,3,Both,6,5-9 years,302,Diarrheal diseases,183,Clostridium difficile,1,Number,2007,17.82388305,17.82388305,8.57764294
1,Deaths,,High-income,3,Both,6,5-9 years,302,Diarrheal diseases,183,Clostridium difficile,1,Number,2008,17.31724984,17.31724984,8.95016846
1,Deaths,,High-income,3,Both,6,5-9 years,302,Diarrheal diseases,183,Clostridium difficile,1,Number,2009,17.00259166,17.00259166,9.134795616
1,Deaths,,High-income,3,Both,6,5-9 years,302,Diarrheal diseases,183,Clostridium difficile,1,Number,2010,15.53132131,15.53132131,8.703122122
1,Deaths,,High-income,3,Both,6,5-9 years,302,Diarrheal diseases,183,Clostridium difficile,1,Number,2011,16.02815037,16.02815037,8.47354783
1,Deaths,,High-income,3,Both,6,5-9 years,302,Diarrheal diseases,183,Clostridium difficile,1,Number,2012,15.67937239,15.67937239,8.41369386
1,Deaths,,High-income,3,Both,6,5-9 years,302,Diarrheal diseases,183,Clostridium difficile,1,Number,2013,15.16461267,15.16461267,8.009267109
1,Deaths,,High-income,3,Both,6,5-9 years,302,Diarrheal diseases,183,Clostridium difficile,1,Number,2014,15.44529092,15.44529092,8.10828782
1,Deaths,,High-income,3,Both,6,5-9 years,302,Diarrheal diseases,183,Clostridium difficile,1,Number,2015,14.64646768,14.64646768,8.153969683
1,Deaths,,High-income,3,Both,6,5-9 years,302,Diarrheal diseases,183,Clostridium difficile,1,Number,2016,14.86091065,14.86091065,7.932108136
1,Deaths,,High-income,3,Both,6,5-9 years,302,Diarrheal diseases,183,Clostridium difficile,1,Number,2017,14.54388664,14.54388664,8.017572186
1,Deaths,,High-income,3,Both,6,5-9 years,302,Diarrheal diseases,183,Clostridium difficile,1,Number,2018,14.04472549,14.04472549,7.999953888
1,Deaths,,High-income,3,Both,6,5-9 years,302,Diarrheal diseases,183,Clostridium difficile,1,Number,2019,14.07493369,14.07493369,7.45664136
1,Deaths,,High-income,3,Both,6,5-9 years,302,Diarrheal diseases,183,Clostridium difficile,1,Number,2020,12.34889314,12.34889314,6.796635958
1,Deaths,,High-income,3,Both,6,5-9 years,302,Diarrheal diseases,183,Clostridium difficile,1,Number,2021,12.34431667,12.34431667,7.12001951
1,Deaths,,High-income,3,Both,15,50-54 years,302,Diarrheal diseases,183,Clostridium difficile,1,Number,1990,737.149806,737.149806,339.3746438
1,Deaths,,High-income,3,Both,15,50-54 years,302,Diarrheal diseases,183,Clostridium difficile,1,Number,1991,683.2443281,683.2443281,310.1053498
1,Deaths,,High-income,3,Both,15,50-54 years,302,Diarrheal diseases,183,Clostridium difficile,1,Number,1992,657.5075914,657.5075914,305.795336
1,Deaths,,High-income,3,Both,15,50-54 years,302,Diarrheal diseases,183,Clostridium difficile,1,Number,1993,627.27954,627.27954,306.9752438
1,Deaths,,High-income,3,Both,15,50-54 years,302,Diarrheal diseases,183,Clostridium difficile,1,Number,1994,634.292224,634.292224,299.0854855
1,Deaths,,High-income,3,Both,15,50-54 years,302,Diarrheal diseases,183,Clostridium difficile,1,Number,1995,600.1123223,600.1123223,290.0317408
1,Deaths,,High-income,3,Both,15,50-54 years,302,Diarrheal diseases,183,Clostridium difficile,1,Number,1996,569.2421198,569.2421198,273.6263383
1,Deaths,,High-income,3,Both,15,50-54 years,302,Diarrheal diseases,183,Clostridium difficile,1,Number,1997,577.3996957,577.3996957,288.3130074
1,Deaths,,High-income,3,Both,15,50-54 years,302,Diarrheal diseases,183,Clostridium difficile,1,Number,1998,580.0612048,580.0612048,291.5002893
1,Deaths,,High-income,3,Both,15,50-54 years,302,Diarrheal diseases,183,Clostridium difficile,1,Number,1999,589.1803934,589.1803934,291.3177806
1,Deaths,,High-income,3,Both,15,50-54 years,302,Diarrheal diseases,183,Clostridium difficile,1,Number,2000,582.49434,582.49434,294.1420447
1,Deaths,,High-income,3,Both,15,50-54 years,302,Diarrheal diseases,183,Clostridium difficile,1,Number,2001,631.4407524,631.4407524,304.2250903
1,Deaths,,High-income,3,Both,15,50-54 years,302,Diarrheal diseases,183,Clostridium difficile,1,Number,2002,628.1495614,628.1495614,302.4089381
1,Deaths,,High-income,3,Both,15,50-54 years,302,Diarrheal diseases,183,Clostridium difficile,1,Number,2003,596.0306555,596.0306555,310.3145935
1,Deaths,,High-income,3,Both,15,50-54 years,302,Diarrheal diseases,183,Clostridium difficile,1,Number,2004,592.0984494,592.0984494,315.8691432
1,Deaths,,High-income,3,Both,15,50-54 years,302,Diarrheal diseases,183,Clostridium difficile,1,Number,2005,621.6071558,621.6071558,316.398521
1,Deaths,,High-income,3,Both,15,50-54 years,302,Diarrheal diseases,183,Clostridium difficile,1,Number,2006,629.5077311,629.5077311,341.1348907
1,Deaths,,High-income,3,Both,15,50-54 years,302,Diarrheal diseases,183,Clostridium difficile,1,Number,2007,625.3949913,625.3949913,346.6387126
1,Deaths,,High-income,3,Both,15,50-54 years,302,Diarrheal diseases,183,Clostridium difficile,1,Number,2008,638.802381,638.802381,348.994518
1,Deaths,,High-income,3,Both,15,50-54 years,302,Diarrheal diseases,183,Clostridium difficile,1,Number,2009,646.9669716,646.9669716,358.0109922
1,Deaths,,High-income,3,Both,15,50-54 years,302,Diarrheal diseases,183,Clostridium difficile,1,Number,2010,648.4496414,648.4496414,345.5150894
1,Deaths,,High-income,3,Both,15,50-54 years,302,Diarrheal diseases,183,Clostridium difficile,1,Number,2011,641.0010096,641.0010096,369.8894958
1,Deaths,,High-income,3,Both,15,50-54 years,302,Diarrheal diseases,183,Clostridium difficile,1,Number,2012,637.4653982,637.4653982,377.3112117
1,Deaths,,High-income,3,Both,15,50-54 years,302,Diarrheal diseases,183,Clostridium difficile,1,Number,2013,629.6839854,629.6839854,354.6949991
1,Deaths,,High-income,3,Both,15,50-54 years,302,Diarrheal diseases,183,Clostridium difficile,1,Number,2014,625.6459319,625.6459319,359.8927144
1,Deaths,,High-income,3,Both,15,50-54 years,302,Diarrheal diseases,183,Clostridium difficile,1,Number,2015,630.9696418,630.9696418,361.5450289
1,Deaths,,High-income,3,Both,15,50-54 years,302,Diarrheal diseases,183,Clostridium difficile,1,Number,2016,618.9053255,618.9053255,355.666852
1,Deaths,,High-income,3,Both,15,50-54 years,302,Diarrheal diseases,183,Clostridium difficile,1,Number,2017,605.0648087,605.0648087,350.4669925
1,Deaths,,High-income,3,Both,15,50-54 years,302,Diarrheal diseases,183,Clostridium difficile,1,Number,2018,617.4531186,617.4531186,356.7479965
1,Deaths,,High-income,3,Both,15,50-54 years,302,Diarrheal diseases,183,Clostridium difficile,1,Number,2019,599.1709757,599.1709757,359.5091623
1,Deaths,,High-income,3,Both,15,50-54 years,302,Diarrheal diseases,183,Clostridium difficile,1,Number,2020,588.8032866,588.8032866,335.2740731
1,Deaths,,High-income,3,Both,15,50-54 years,302,Diarrheal diseases,183,Clostridium difficile,1,Number,2021,568.0640388,568.0640388,346.066785
1,Deaths,,High-income,3,Both,16,55-59 years,302,Diarrheal diseases,183,Clostridium difficile,1,Number,1990,1104.551648,1104.551648,498.7917431
1,Deaths,,High-income,3,Both,16,55-59 years,302,Diarrheal diseases,183,Clostridium difficile,1,Number,1991,1025.271419,1025.271419,442.2430393
1,Deaths,,High-income,3,Both,16,55-59 years,302,Diarrheal diseases,183,Clostridium difficile,1,Number,1992,979.7140395,979.7140395,424.2057362
1,Deaths,,High-income,3,Both,16,55-59 years,302,Diarrheal diseases,183,Clostridium difficile,1,Number,1993,923.5117463,923.5117463,419.4809192
1,Deaths,,High-income,3,Both,16,55-59 years,302,Diarrheal diseases,183,Clostridium difficile,1,Number,1994,899.5084863,899.5084863,421.9250053
1,Deaths,,High-income,3,Both,16,55-59 years,302,Diarrheal diseases,183,Clostridium difficile,1,Number,1995,850.8041647,850.8041647,398.3366739
1,Deaths,,High-income,3,Both,16,55-59 years,302,Diarrheal diseases,183,Clostridium difficile,1,Number,1996,816.704972,816.704972,365.681279
1,Deaths,,High-income,3,Both,16,55-59 years,302,Diarrheal diseases,183,Clostridium difficile,1,Number,1997,803.5115006,803.5115006,381.0449314
1,Deaths,,High-income,3,Both,16,55-59 years,302,Diarrheal diseases,183,Clostridium difficile,1,Number,1998,810.8439545,810.8439545,364.7276182
1,Deaths,,High-income,3,Both,16,55-59 years,302,Diarrheal diseases,183,Clostridium difficile,1,Number,1999,813.4499686,813.4499686,359.3318018
1,Deaths,,High-income,3,Both,16,55-59 years,302,Diarrheal diseases,183,Clostridium difficile,1,Number,2000,765.92682,765.92682,352.511804
1,Deaths,,High-income,3,Both,16,55-59 years,302,Diarrheal diseases,183,Clostridium difficile,1,Number,2001,758.2984001,758.2984001,377.2474029
1,Deaths,,High-income,3,Both,16,55-59 years,302,Diarrheal diseases,183,Clostridium difficile,1,Number,2002,777.369595,777.369595,383.2212416
1,Deaths,,High-income,3,Both,16,55-59 years,302,Diarrheal diseases,183,Clostridium difficile,1,Number,2003,779.5176131,779.5176131,383.2044001
1,Deaths,,High-income,3,Both,16,55-59 years,302,Diarrheal diseases,183,Clostridium difficile,1,Number,2004,797.6893243,797.6893243,396.7649272
1,Deaths,,High-income,3,Both,16,55-59 years,302,Diarrheal diseases,183,Clostridium difficile,1,Number,2005,858.9214828,858.9214828,417.478713
1,Deaths,,High-income,3,Both,16,55-59 years,302,Diarrheal diseases,183,Clostridium difficile,1,Number,2006,887.8150607,887.8150607,467.1770342
1,Deaths,,High-income,3,Both,16,55-59 years,302,Diarrheal diseases,183,Clostridium difficile,1,Number,2007,889.8301811,889.8301811,451.8532798
1,Deaths,,High-income,3,Both,16,55-59 years,302,Diarrheal diseases,183,Clostridium difficile,1,Number,2008,879.2437588,879.2437588,458.7083123
1,Deaths,,High-income,3,Both,16,55-59 years,302,Diarrheal diseases,183,Clostridium difficile,1,Number,2009,872.4309491,872.4309491,476.3386928
1,Deaths,,High-income,3,Both,16,55-59 years,302,Diarrheal diseases,183,Clostridium difficile,1,Number,2010,870.2797076,870.2797076,465.0528175
1,Deaths,,High-income,3,Both,16,55-59 years,302,Diarrheal diseases,183,Clostridium difficile,1,Number,2011,884.5969775,884.5969775,476.5805078
1,Deaths,,High-income,3,Both,16,55-59 years,302,Diarrheal diseases,183,Clostridium difficile,1,Number,2012,898.1282136,898.1282136,487.2699981
1,Deaths,,High-income,3,Both,16,55-59 years,302,Diarrheal diseases,183,Clostridium difficile,1,Number,2013,893.7324251,893.7324251,471.8080919
1,Deaths,,High-income,3,Both,16,55-59 years,302,Diarrheal diseases,183,Clostridium difficile,1,Number,2014,899.468671,899.468671,487.1353057
1,Deaths,,High-income,3,Both,16,55-59 years,302,Diarrheal diseases,183,Clostridium difficile,1,Number,2015,913.7486806,913.7486806,506.0018758
1,Deaths,,High-income,3,Both,16,55-59 years,302,Diarrheal diseases,183,Clostridium difficile,1,Number,2016,913.2071174,913.2071174,510.1139919
1,Deaths,,High-income,3,Both,16,55-59 years,302,Diarrheal diseases,183,Clostridium difficile,1,Number,2017,907.2244172,907.2244172,517.3330567
1,Deaths,,High-income,3,Both,16,55-59 years,302,Diarrheal diseases,183,Clostridium difficile,1,Number,2018,943.0163188,943.0163188,537.3384849
1,Deaths,,High-income,3,Both,16,55-59 years,302,Diarrheal diseases,183,Clostridium difficile,1,Number,2019,945.2612162,945.2612162,538.909074
1,Deaths,,High-income,3,Both,16,55-59 years,302,Diarrheal diseases,183,Clostridium difficile,1,Number,2020,892.9887045,892.9887045,554.8751168
1,Deaths,,High-income,3,Both,16,55-59 years,302,Diarrheal diseases,183,Clostridium difficile,1,Number,2021,904.3224982,904.3224982,509.7810527
1,Deaths,,High-income,3,Both,17,60-64 years,302,Diarrheal diseases,183,Clostridium difficile,1,Number,1990,1607.147073,1607.147073,738.7375736
1,Deaths,,High-income,3,Both,17,60-64 years,302,Diarrheal diseases,183,Clostridium difficile,1,Number,1991,1483.934229,1483.934229,682.2904317
1,Deaths,,High-income,3,Both,17,60-64 years,302,Diarrheal diseases,183,Clostridium difficile,1,Number,1992,1413.969884,1413.969884,664.7612868
1,Deaths,,High-income,3,Both,17,60-64 years,302,Diarrheal diseases,183,Clostridium difficile,1,Number,1993,1356.570191,1356.570191,619.7186275
1,Deaths,,High-income,3,Both,17,60-64 years,302,Diarrheal diseases,183,Clostridium difficile,1,Number,1994,1320.373484,1320.373484,611.3750858
1,Deaths,,High-income,3,Both,17,60-64 years,302,Diarrheal diseases,183,Clostridium difficile,1,Number,1995,1213.75004,1213.75004,601.9802029
1,Deaths,,High-income,3,Both,17,60-64 years,302,Diarrheal diseases,183,Clostridium difficile,1,Number,1996,1143.39541,1143.39541,555.5748127
1,Deaths,,High-income,3,Both,17,60-64 years,302,Diarrheal diseases,183,Clostridium difficile,1,Number,1997,1110.27256,1110.27256,569.7874111
1,Deaths,,High-income,3,Both,17,60-64 years,302,Diarrheal diseases,183,Clostridium difficile,1,Number,1998,1095.307986,1095.307986,546.9124497
1,Deaths,,High-income,3,Both,17,60-64 years,302,Diarrheal diseases,183,Clostridium difficile,1,Number,1999,1100.418819,1100.418819,512.0748111
1,Deaths,,High-income,3,Both,17,60-64 years,302,Diarrheal diseases,183,Clostridium difficile,1,Number,2000,1016.984269,1016.984269,509.1567152
1,Deaths,,High-income,3,Both,17,60-64 years,302,Diarrheal diseases,183,Clostridium difficile,1,Number,2001,1023.76507,1023.76507,521.1456351
1,Deaths,,High-income,3,Both,17,60-64 years,302,Diarrheal diseases,183,Clostridium difficile,1,Number,2002,1026.058807,1026.058807,513.2781062
1,Deaths,,High-income,3,Both,17,60-64 years,302,Diarrheal diseases,183,Clostridium difficile,1,Number,2003,999.4966066,999.4966066,520.496901
1,Deaths,,High-income,3,Both,17,60-64 years,302,Diarrheal diseases,183,Clostridium difficile,1,Number,2004,1033.496618,1033.496618,505.0431628
1,Deaths,,High-income,3,Both,17,60-64 years,302,Diarrheal diseases,183,Clostridium difficile,1,Number,2005,1044.844244,1044.844244,534.6398697
1,Deaths,,High-income,3,Both,17,60-64 years,302,Diarrheal diseases,183,Clostridium difficile,1,Number,2006,1024.719482,1024.719482,576.1781134
1,Deaths,,High-income,3,Both,17,60-64 years,302,Diarrheal diseases,183,Clostridium difficile,1,Number,2007,1049.152393,1049.152393,580.7864867
1,Deaths,,High-income,3,Both,17,60-64 years,302,Diarrheal diseases,183,Clostridium difficile,1,Number,2008,1082.268784,1082.268784,589.3576863
1,Deaths,,High-income,3,Both,17,60-64 years,302,Diarrheal diseases,183,Clostridium difficile,1,Number,2009,1102.677866,1102.677866,627.32409
1,Deaths,,High-income,3,Both,17,60-64 years,302,Diarrheal diseases,183,Clostridium difficile,1,Number,2010,1148.42673,1148.42673,620.6187902
1,Deaths,,High-income,3,Both,17,60-64 years,302,Diarrheal diseases,183,Clostridium difficile,1,Number,2011,1179.919558,1179.919558,658.7697702
1,Deaths,,High-income,3,Both,17,60-64 years,302,Diarrheal diseases,183,Clostridium difficile,1,Number,2012,1191.034843,1191.034843,664.2083607
1,Deaths,,High-income,3,Both,17,60-64 years,302,Diarrheal diseases,183,Clostridium difficile,1,Number,2013,1151.515016,1151.515016,665.5720827
1,Deaths,,High-income,3,Both,17,60-64 years,302,Diarrheal diseases,183,Clostridium difficile,1,Number,2014,1165.708024,1165.708024,658.3007299
1,Deaths,,High-income,3,Both,17,60-64 years,302,Diarrheal diseases,183,Clostridium difficile,1,Number,2015,1189.500328,1189.500328,675.5366486
1,Deaths,,High-income,3,Both,17,60-64 years,302,Diarrheal diseases,183,Clostridium difficile,1,Number,2016,1178.498942,1178.498942,700.0184167
1,Deaths,,High-income,3,Both,17,60-64 years,302,Diarrheal diseases,183,Clostridium difficile,1,Number,2017,1199.051401,1199.051401,704.7229937
1,Deaths,,High-income,3,Both,17,60-64 years,302,Diarrheal diseases,183,Clostridium difficile,1,Number,2018,1275.615597,1275.615597,725.3577607
1,Deaths,,High-income,3,Both,17,60-64 years,302,Diarrheal diseases,183,Clostridium difficile,1,Number,2019,1271.051579,1271.051579,755.4430303
1,Deaths,,High-income,3,Both,17,60-64 years,302,Diarrheal diseases,183,Clostridium difficile,1,Number,2020,1255.497584,1255.497584,754.2635538
1,Deaths,,High-income,3,Both,17,60-64 years,302,Diarrheal diseases,183,Clostridium difficile,1,Number,2021,1236.717623,1236.717623,754.6072173
1,Deaths,,High-income,3,Both,18,65-69 years,302,Diarrheal diseases,183,Clostridium difficile,1,Number,1990,2172.544431,2172.544431,1041.432322
1,Deaths,,High-income,3,Both,18,65-69 years,302,Diarrheal diseases,183,Clostridium difficile,1,Number,1991,2006.079408,2006.079408,960.5296336
1,Deaths,,High-income,3,Both,18,65-69 years,302,Diarrheal diseases,183,Clostridium difficile,1,Number,1992,1922.345029,1922.345029,932.7624661
1,Deaths,,High-income,3,Both,18,65-69 years,302,Diarrheal diseases,183,Clostridium difficile,1,Number,1993,1857.710375,1857.710375,894.1258573
1,Deaths,,High-income,3,Both,18,65-69 years,302,Diarrheal diseases,183,Clostridium difficile,1,Number,1994,1818.301671,1818.301671,901.6986521
1,Deaths,,High-income,3,Both,18,65-69 years,302,Diarrheal diseases,183,Clostridium difficile,1,Number,1995,1730.290313,1730.290313,853.7763257
1,Deaths,,High-income,3,Both,18,65-69 years,302,Diarrheal diseases,183,Clostridium difficile,1,Number,1996,1619.272873,1619.272873,817.4625593
1,Deaths,,High-income,3,Both,18,65-69 years,302,Diarrheal diseases,183,Clostridium difficile,1,Number,1997,1614.284132,1614.284132,807.7639825
1,Deaths,,High-income,3,Both,18,65-69 years,302,Diarrheal diseases,183,Clostridium difficile,1,Number,1998,1585.309264,1585.309264,772.423169
1,Deaths,,High-income,3,Both,18,65-69 years,302,Diarrheal diseases,183,Clostridium difficile,1,Number,1999,1527.532669,1527.532669,769.3867967
1,Deaths,,High-income,3,Both,18,65-69 years,302,Diarrheal diseases,183,Clostridium difficile,1,Number,2000,1420.857638,1420.857638,738.034524
1,Deaths,,High-income,3,Both,18,65-69 years,302,Diarrheal diseases,183,Clostridium difficile,1,Number,2001,1415.519042,1415.519042,740.5941531
1,Deaths,,High-income,3,Both,18,65-69 years,302,Diarrheal diseases,183,Clostridium difficile,1,Number,2002,1390.288998,1390.288998,734.0510066
1,Deaths,,High-income,3,Both,18,65-69 years,302,Diarrheal diseases,183,Clostridium difficile,1,Number,2003,1360.361073,1360.361073,716.9774606
1,Deaths,,High-income,3,Both,18,65-69 years,302,Diarrheal diseases,183,Clostridium difficile,1,Number,2004,1342.462622,1342.462622,726.7575988
1,Deaths,,High-income,3,Both,18,65-69 years,302,Diarrheal diseases,183,Clostridium difficile,1,Number,2005,1367.0627,1367.0627,738.9974536
1,Deaths,,High-income,3,Both,18,65-69 years,302,Diarrheal diseases,183,Clostridium difficile,1,Number,2006,1378.893845,1378.893845,761.47402
1,Deaths,,High-income,3,Both,18,65-69 years,302,Diarrheal diseases,183,Clostridium difficile,1,Number,2007,1362.719195,1362.719195,766.2579409
1,Deaths,,High-income,3,Both,18,65-69 years,302,Diarrheal diseases,183,Clostridium difficile,1,Number,2008,1363.604857,1363.604857,774.1067149
1,Deaths,,High-income,3,Both,18,65-69 years,302,Diarrheal diseases,183,Clostridium difficile,1,Number,2009,1389.389609,1389.389609,783.6556815
1,Deaths,,High-income,3,Both,18,65-69 years,302,Diarrheal diseases,183,Clostridium difficile,1,Number,2010,1385.438916,1385.438916,768.9522303
1,Deaths,,High-income,3,Both,18,65-69 years,302,Diarrheal diseases,183,Clostridium difficile,1,Number,2011,1356.63171,1356.63171,800.0996698
1,Deaths,,High-income,3,Both,18,65-69 years,302,Diarrheal diseases,183,Clostridium difficile,1,Number,2012,1420.182189,1420.182189,826.960911
1,Deaths,,High-income,3,Both,18,65-69 years,302,Diarrheal diseases,183,Clostridium difficile,1,Number,2013,1415.981274,1415.981274,842.2814599
1,Deaths,,High-income,3,Both,18,65-69 years,302,Diarrheal diseases,183,Clostridium difficile,1,Number,2014,1443.619079,1443.619079,871.0653855
1,Deaths,,High-income,3,Both,18,65-69 years,302,Diarrheal diseases,183,Clostridium difficile,1,Number,2015,1517.695788,1517.695788,915.4720596
1,Deaths,,High-income,3,Both,18,65-69 years,302,Diarrheal diseases,183,Clostridium difficile,1,Number,2016,1575.656378,1575.656378,931.7385013
1,Deaths,,High-income,3,Both,18,65-69 years,302,Diarrheal diseases,183,Clostridium difficile,1,Number,2017,1572.619223,1572.619223,946.2210383
1,Deaths,,High-income,3,Both,18,65-69 years,302,Diarrheal diseases,183,Clostridium difficile,1,Number,2018,1640.000947,1640.000947,978.9072673
1,Deaths,,High-income,3,Both,18,65-69 years,302,Diarrheal diseases,183,Clostridium difficile,1,Number,2019,1624.441048,1624.441048,998.2606824
1,Deaths,,High-income,3,Both,18,65-69 years,302,Diarrheal diseases,183,Clostridium difficile,1,Number,2020,1606.230155,1606.230155,988.0978698
1,Deaths,,High-income,3,Both,18,65-69 years,302,Diarrheal diseases,183,Clostridium difficile,1,Number,2021,1624.685923,1624.685923,955.3966857
1,Deaths,,High-income,3,Both,19,70-74 years,302,Diarrheal diseases,183,Clostridium difficile,1,Number,1990,2156.431901,2156.431901,1027.177536
1,Deaths,,High-income,3,Both,19,70-74 years,302,Diarrheal diseases,183,Clostridium difficile,1,Number,1991,2042.582406,2042.582406,961.4688649
1,Deaths,,High-income,3,Both,19,70-74 years,302,Diarrheal diseases,183,Clostridium difficile,1,Number,1992,2032.895603,2032.895603,966.7286194
1,Deaths,,High-income,3,Both,19,70-74 years,302,Diarrheal diseases,183,Clostridium difficile,1,Number,1993,2036.00146,2036.00146,987.8069137
1,Deaths,,High-income,3,Both,19,70-74 years,302,Diarrheal diseases,183,Clostridium difficile,1,Number,1994,2079.19987,2079.19987,1017.045266
1,Deaths,,High-income,3,Both,19,70-74 years,302,Diarrheal diseases,183,Clostridium difficile,1,Number,1995,1999.503436,1999.503436,995.5986089
1,Deaths,,High-income,3,Both,19,70-74 years,302,Diarrheal diseases,183,Clostridium difficile,1,Number,1996,1920.921807,1920.921807,921.3245242
1,Deaths,,High-income,3,Both,19,70-74 years,302,Diarrheal diseases,183,Clostridium difficile,1,Number,1997,1909.711887,1909.711887,937.9378297
1,Deaths,,High-income,3,Both,19,70-74 years,302,Diarrheal diseases,183,Clostridium difficile,1,Number,1998,1867.580605,1867.580605,936.0879597
1,Deaths,,High-income,3,Both,19,70-74 years,302,Diarrheal diseases,183,Clostridium difficile,1,Number,1999,1838.495045,1838.495045,933.5381036
1,Deaths,,High-income,3,Both,19,70-74 years,302,Diarrheal diseases,183,Clostridium difficile,1,Number,2000,1770.377758,1770.377758,877.3425997
1,Deaths,,High-income,3,Both,19,70-74 years,302,Diarrheal diseases,183,Clostridium difficile,1,Number,2001,1744.597288,1744.597288,916.2047176
1,Deaths,,High-income,3,Both,19,70-74 years,302,Diarrheal diseases,183,Clostridium difficile,1,Number,2002,1722.643956,1722.643956,908.3281862
1,Deaths,,High-income,3,Both,19,70-74 years,302,Diarrheal diseases,183,Clostridium difficile,1,Number,2003,1670.844025,1670.844025,887.8762541
1,Deaths,,High-income,3,Both,19,70-74 years,302,Diarrheal diseases,183,Clostridium difficile,1,Number,2004,1653.235363,1653.235363,885.3932339
1,Deaths,,High-income,3,Both,19,70-74 years,302,Diarrheal diseases,183,Clostridium difficile,1,Number,2005,1648.923866,1648.923866,918.3443284
1,Deaths,,High-income,3,Both,19,70-74 years,302,Diarrheal diseases,183,Clostridium difficile,1,Number,2006,1656.175938,1656.175938,901.0132552
1,Deaths,,High-income,3,Both,19,70-74 years,302,Diarrheal diseases,183,Clostridium difficile,1,Number,2007,1604.959525,1604.959525,894.6678059
1,Deaths,,High-income,3,Both,19,70-74 years,302,Diarrheal diseases,183,Clostridium difficile,1,Number,2008,1591.206543,1591.206543,892.4102797
1,Deaths,,High-income,3,Both,19,70-74 years,302,Diarrheal diseases,183,Clostridium difficile,1,Number,2009,1578.774731,1578.774731,909.1448263
1,Deaths,,High-income,3,Both,19,70-74 years,302,Diarrheal diseases,183,Clostridium difficile,1,Number,2010,1556.148195,1556.148195,906.5718765
1,Deaths,,High-income,3,Both,19,70-74 years,302,Diarrheal diseases,183,Clostridium difficile,1,Number,2011,1544.681728,1544.681728,905.354853
1,Deaths,,High-income,3,Both,19,70-74 years,302,Diarrheal diseases,183,Clostridium difficile,1,Number,2012,1569.245407,1569.245407,920.5396428
1,Deaths,,High-income,3,Both,19,70-74 years,302,Diarrheal diseases,183,Clostridium difficile,1,Number,2013,1562.051159,1562.051159,906.6804339
1,Deaths,,High-income,3,Both,19,70-74 years,302,Diarrheal diseases,183,Clostridium difficile,1,Number,2014,1569.17722,1569.17722,918.5711771
1,Deaths,,High-income,3,Both,19,70-74 years,302,Diarrheal diseases,183,Clostridium difficile,1,Number,2015,1605.593388,1605.593388,932.9103343
1,Deaths,,High-income,3,Both,19,70-74 years,302,Diarrheal diseases,183,Clostridium difficile,1,Number,2016,1571.723431,1571.723431,936.9107386
1,Deaths,,High-income,3,Both,19,70-74 years,302,Diarrheal diseases,183,Clostridium difficile,1,Number,2017,1646.324995,1646.324995,965.5873596
1,Deaths,,High-income,3,Both,19,70-74 years,302,Diarrheal diseases,183,Clostridium difficile,1,Number,2018,1729.224405,1729.224405,1077.450663
1,Deaths,,High-income,3,Both,19,70-74 years,302,Diarrheal diseases,183,Clostridium difficile,1,Number,2019,1784.249016,1784.249016,1088.19453
1,Deaths,,High-income,3,Both,19,70-74 years,302,Diarrheal diseases,183,Clostridium difficile,1,Number,2020,1821.941882,1821.941882,1104.08298
1,Deaths,,High-income,3,Both,19,70-74 years,302,Diarrheal diseases,183,Clostridium difficile,1,Number,2021,1854.452191,1854.452191,1131.169577
1,Deaths,,High-income,3,Both,20,75-79 years,302,Diarrheal diseases,183,Clostridium difficile,1,Number,1990,3180.671683,3180.671683,1491.210082
1,Deaths,,High-income,3,Both,20,75-79 years,302,Diarrheal diseases,183,Clostridium difficile,1,Number,1991,2881.100452,2881.100452,1342.777013
1,Deaths,,High-income,3,Both,20,75-79 years,302,Diarrheal diseases,183,Clostridium difficile,1,Number,1992,2671.112729,2671.112729,1268.764482
1,Deaths,,High-income,3,Both,20,75-79 years,302,Diarrheal diseases,183,Clostridium difficile,1,Number,1993,2460.77259,2460.77259,1176.647665
1,Deaths,,High-income,3,Both,20,75-79 years,302,Diarrheal diseases,183,Clostridium difficile,1,Number,1994,2318.293973,2318.293973,1133.305341
1,Deaths,,High-income,3,Both,20,75-79 years,302,Diarrheal diseases,183,Clostridium difficile,1,Number,1995,2238.792398,2238.792398,1069.426014
1,Deaths,,High-income,3,Both,20,75-79 years,302,Diarrheal diseases,183,Clostridium difficile,1,Number,1996,2161.133701,2161.133701,1050.740158
1,Deaths,,High-income,3,Both,20,75-79 years,302,Diarrheal diseases,183,Clostridium difficile,1,Number,1997,2232.145139,2232.145139,1100.79549
1,Deaths,,High-income,3,Both,20,75-79 years,302,Diarrheal diseases,183,Clostridium difficile,1,Number,1998,2285.152538,2285.152538,1142.415881
1,Deaths,,High-income,3,Both,20,75-79 years,302,Diarrheal diseases,183,Clostridium difficile,1,Number,1999,2352.020242,2352.020242,1189.074283
1,Deaths,,High-income,3,Both,20,75-79 years,302,Diarrheal diseases,183,Clostridium difficile,1,Number,2000,2275.495373,2275.495373,1169.930895
1,Deaths,,High-income,3,Both,20,75-79 years,302,Diarrheal diseases,183,Clostridium difficile,1,Number,2001,2288.186118,2288.186118,1190.844196
1,Deaths,,High-income,3,Both,20,75-79 years,302,Diarrheal diseases,183,Clostridium difficile,1,Number,2002,2289.167375,2289.167375,1198.889559
1,Deaths,,High-income,3,Both,20,75-79 years,302,Diarrheal diseases,183,Clostridium difficile,1,Number,2003,2274.334777,2274.334777,1181.879179
1,Deaths,,High-income,3,Both,20,75-79 years,302,Diarrheal diseases,183,Clostridium difficile,1,Number,2004,2263.31047,2263.31047,1214.574548
1,Deaths,,High-income,3,Both,20,75-79 years,302,Diarrheal diseases,183,Clostridium difficile,1,Number,2005,2287.984388,2287.984388,1277.224497
1,Deaths,,High-income,3,Both,20,75-79 years,302,Diarrheal diseases,183,Clostridium difficile,1,Number,2006,2303.916873,2303.916873,1287.738251
1,Deaths,,High-income,3,Both,20,75-79 years,302,Diarrheal diseases,183,Clostridium difficile,1,Number,2007,2244.919047,2244.919047,1276.880981
1,Deaths,,High-income,3,Both,20,75-79 years,302,Diarrheal diseases,183,Clostridium difficile,1,Number,2008,2213.66211,2213.66211,1256.513753
1,Deaths,,High-income,3,Both,20,75-79 years,302,Diarrheal diseases,183,Clostridium difficile,1,Number,2009,2185.905115,2185.905115,1267.555146
1,Deaths,,High-income,3,Both,20,75-79 years,302,Diarrheal diseases,183,Clostridium difficile,1,Number,2010,2146.966221,2146.966221,1245.908444
1,Deaths,,High-income,3,Both,20,75-79 years,302,Diarrheal diseases,183,Clostridium difficile,1,Number,2011,2140.621125,2140.621125,1212.298768
1,Deaths,,High-income,3,Both,20,75-79 years,302,Diarrheal diseases,183,Clostridium difficile,1,Number,2012,2133.188723,2133.188723,1249.467858
1,Deaths,,High-income,3,Both,20,75-79 years,302,Diarrheal diseases,183,Clostridium difficile,1,Number,2013,2099.055154,2099.055154,1235.818148
1,Deaths,,High-income,3,Both,20,75-79 years,302,Diarrheal diseases,183,Clostridium difficile,1,Number,2014,2079.182512,2079.182512,1250.489809
1,Deaths,,High-income,3,Both,20,75-79 years,302,Diarrheal diseases,183,Clostridium difficile,1,Number,2015,2111.648147,2111.648147,1277.7005
1,Deaths,,High-income,3,Both,20,75-79 years,302,Diarrheal diseases,183,Clostridium difficile,1,Number,2016,2096.385586,2096.385586,1263.195745
1,Deaths,,High-income,3,Both,20,75-79 years,302,Diarrheal diseases,183,Clostridium difficile,1,Number,2017,2105.003295,2105.003295,1297.351863
1,Deaths,,High-income,3,Both,20,75-79 years,302,Diarrheal diseases,183,Clostridium difficile,1,Number,2018,2270.438447,2270.438447,1349.109879
1,Deaths,,High-income,3,Both,20,75-79 years,302,Diarrheal diseases,183,Clostridium difficile,1,Number,2019,2267.270263,2267.270263,1368.342339
1,Deaths,,High-income,3,Both,20,75-79 years,302,Diarrheal diseases,183,Clostridium difficile,1,Number,2020,2256.213938,2256.213938,1373.295078
1,Deaths,,High-income,3,Both,20,75-79 years,302,Diarrheal diseases,183,Clostridium difficile,1,Number,2021,2185.201574,2185.201574,1365.937442
1,Deaths,,High-income,3,Both,30,80-84 years,302,Diarrheal diseases,183,Clostridium difficile,1,Number,1990,3483.853916,3483.853916,1550.036868
1,Deaths,,High-income,3,Both,30,80-84 years,302,Diarrheal diseases,183,Clostridium difficile,1,Number,1991,3200.003929,3200.003929,1523.833285
1,Deaths,,High-income,3,Both,30,80-84 years,302,Diarrheal diseases,183,Clostridium difficile,1,Number,1992,3118.829406,3118.829406,1487.596408
1,Deaths,,High-income,3,Both,30,80-84 years,302,Diarrheal diseases,183,Clostridium difficile,1,Number,1993,3011.059867,3011.059867,1456.316677
1,Deaths,,High-income,3,Both,30,80-84 years,302,Diarrheal diseases,183,Clostridium difficile,1,Number,1994,2996.517903,2996.517903,1430.424442
1,Deaths,,High-income,3,Both,30,80-84 years,302,Diarrheal diseases,183,Clostridium difficile,1,Number,1995,2854.943724,2854.943724,1360.619321
1,Deaths,,High-income,3,Both,30,80-84 years,302,Diarrheal diseases,183,Clostridium difficile,1,Number,1996,2653.147975,2653.147975,1293.277751
1,Deaths,,High-income,3,Both,30,80-84 years,302,Diarrheal diseases,183,Clostridium difficile,1,Number,1997,2607.606175,2607.606175,1271.767024
1,Deaths,,High-income,3,Both,30,80-84 years,302,Diarrheal diseases,183,Clostridium difficile,1,Number,1998,2519.829792,2519.829792,1198.309661
1,Deaths,,High-income,3,Both,30,80-84 years,302,Diarrheal diseases,183,Clostridium difficile,1,Number,1999,2423.788055,2423.788055,1153.506416
1,Deaths,,High-income,3,Both,30,80-84 years,302,Diarrheal diseases,183,Clostridium difficile,1,Number,2000,2285.24834,2285.24834,1143.809122
1,Deaths,,High-income,3,Both,30,80-84 years,302,Diarrheal diseases,183,Clostridium difficile,1,Number,2001,2317.416872,2317.416872,1208.495673
1,Deaths,,High-income,3,Both,30,80-84 years,302,Diarrheal diseases,183,Clostridium difficile,1,Number,2002,2444.85044,2444.85044,1238.736987
1,Deaths,,High-income,3,Both,30,80-84 years,302,Diarrheal diseases,183,Clostridium difficile,1,Number,2003,2521.407427,2521.407427,1306.54189
1,Deaths,,High-income,3,Both,30,80-84 years,302,Diarrheal diseases,183,Clostridium difficile,1,Number,2004,2627.594292,2627.594292,1391.948135
1,Deaths,,High-income,3,Both,30,80-84 years,302,Diarrheal diseases,183,Clostridium difficile,1,Number,2005,2778.507829,2778.507829,1444.174639
1,Deaths,,High-income,3,Both,30,80-84 years,302,Diarrheal diseases,183,Clostridium difficile,1,Number,2006,2819.222924,2819.222924,1485.533594
1,Deaths,,High-income,3,Both,30,80-84 years,302,Diarrheal diseases,183,Clostridium difficile,1,Number,2007,2762.623032,2762.623032,1513.284309
1,Deaths,,High-income,3,Both,30,80-84 years,302,Diarrheal diseases,183,Clostridium difficile,1,Number,2008,2786.362516,2786.362516,1509.183883
1,Deaths,,High-income,3,Both,30,80-84 years,302,Diarrheal diseases,183,Clostridium difficile,1,Number,2009,2804.89932,2804.89932,1547.659999
1,Deaths,,High-income,3,Both,30,80-84 years,302,Diarrheal diseases,183,Clostridium difficile,1,Number,2010,2776.469803,2776.469803,1555.175502
1,Deaths,,High-income,3,Both,30,80-84 years,302,Diarrheal diseases,183,Clostridium difficile,1,Number,2011,2769.915695,2769.915695,1591.311569
1,Deaths,,High-income,3,Both,30,80-84 years,302,Diarrheal diseases,183,Clostridium difficile,1,Number,2012,2843.125426,2843.125426,1592.056002
1,Deaths,,High-income,3,Both,30,80-84 years,302,Diarrheal diseases,183,Clostridium difficile,1,Number,2013,2803.056794,2803.056794,1557.45342
1,Deaths,,High-income,3,Both,30,80-84 years,302,Diarrheal diseases,183,Clostridium difficile,1,Number,2014,2748.675351,2748.675351,1560.023723
1,Deaths,,High-income,3,Both,30,80-84 years,302,Diarrheal diseases,183,Clostridium difficile,1,Number,2015,2784.421069,2784.421069,1584.836645
1,Deaths,,High-income,3,Both,30,80-84 years,302,Diarrheal diseases,183,Clostridium difficile,1,Number,2016,2732.500404,2732.500404,1566.26087
1,Deaths,,High-income,3,Both,30,80-84 years,302,Diarrheal diseases,183,Clostridium difficile,1,Number,2017,2768.08544,2768.08544,1567.727173
1,Deaths,,High-income,3,Both,30,80-84 years,302,Diarrheal diseases,183,Clostridium difficile,1,Number,2018,2873.984119,2873.984119,1711.253606
1,Deaths,,High-income,3,Both,30,80-84 years,302,Diarrheal diseases,183,Clostridium difficile,1,Number,2019,2911.690191,2911.690191,1673.712669
1,Deaths,,High-income,3,Both,30,80-84 years,302,Diarrheal diseases,183,Clostridium difficile,1,Number,2020,2871.919722,2871.919722,1719.777982
1,Deaths,,High-income,3,Both,30,80-84 years,302,Diarrheal diseases,183,Clostridium difficile,1,Number,2021,2803.424334,2803.424334,1665.234828
1,Deaths,,High-income,3,Both,31,85-89 years,302,Diarrheal diseases,183,Clostridium difficile,1,Number,1990,2791.197772,2791.197772,1274.270122
1,Deaths,,High-income,3,Both,31,85-89 years,302,Diarrheal diseases,183,Clostridium difficile,1,Number,1991,2629.157014,2629.157014,1212.121643
1,Deaths,,High-income,3,Both,31,85-89 years,302,Diarrheal diseases,183,Clostridium difficile,1,Number,1992,2551.429263,2551.429263,1235.425865
1,Deaths,,High-income,3,Both,31,85-89 years,302,Diarrheal diseases,183,Clostridium difficile,1,Number,1993,2538.146404,2538.146404,1166.749669
1,Deaths,,High-income,3,Both,31,85-89 years,302,Diarrheal diseases,183,Clostridium difficile,1,Number,1994,2546.622673,2546.622673,1209.055973
1,Deaths,,High-income,3,Both,31,85-89 years,302,Diarrheal diseases,183,Clostridium difficile,1,Number,1995,2536.611062,2536.611062,1147.676857
1,Deaths,,High-income,3,Both,31,85-89 years,302,Diarrheal diseases,183,Clostridium difficile,1,Number,1996,2463.082514,2463.082514,1106.156109
1,Deaths,,High-income,3,Both,31,85-89 years,302,Diarrheal diseases,183,Clostridium difficile,1,Number,1997,2482.487859,2482.487859,1169.341629
1,Deaths,,High-income,3,Both,31,85-89 years,302,Diarrheal diseases,183,Clostridium difficile,1,Number,1998,2516.366323,2516.366323,1166.325763
1,Deaths,,High-income,3,Both,31,85-89 years,302,Diarrheal diseases,183,Clostridium difficile,1,Number,1999,2533.737876,2533.737876,1195.048853
1,Deaths,,High-income,3,Both,31,85-89 years,302,Diarrheal diseases,183,Clostridium difficile,1,Number,2000,2397.079418,2397.079418,1210.170454
1,Deaths,,High-income,3,Both,31,85-89 years,302,Diarrheal diseases,183,Clostridium difficile,1,Number,2001,2454.12258,2454.12258,1147.825551
1,Deaths,,High-income,3,Both,31,85-89 years,302,Diarrheal diseases,183,Clostridium difficile,1,Number,2002,2405.879917,2405.879917,1163.867356
1,Deaths,,High-income,3,Both,31,85-89 years,302,Diarrheal diseases,183,Clostridium difficile,1,Number,2003,2285.498614,2285.498614,1168.676199
1,Deaths,,High-income,3,Both,31,85-89 years,302,Diarrheal diseases,183,Clostridium difficile,1,Number,2004,2260.715311,2260.715311,1123.873602
1,Deaths,,High-income,3,Both,31,85-89 years,302,Diarrheal diseases,183,Clostridium difficile,1,Number,2005,2361.398987,2361.398987,1176.092924
1,Deaths,,High-income,3,Both,31,85-89 years,302,Diarrheal diseases,183,Clostridium difficile,1,Number,2006,2444.379555,2444.379555,1257.439866
1,Deaths,,High-income,3,Both,31,85-89 years,302,Diarrheal diseases,183,Clostridium difficile,1,Number,2007,2538.864362,2538.864362,1325.495995
1,Deaths,,High-income,3,Both,31,85-89 years,302,Diarrheal diseases,183,Clostridium difficile,1,Number,2008,2677.7674,2677.7674,1408.645588
1,Deaths,,High-income,3,Both,31,85-89 years,302,Diarrheal diseases,183,Clostridium difficile,1,Number,2009,2818.553155,2818.553155,1515.467005
1,Deaths,,High-income,3,Both,31,85-89 years,302,Diarrheal diseases,183,Clostridium difficile,1,Number,2010,2840.921888,2840.921888,1589.848638
1,Deaths,,High-income,3,Both,31,85-89 years,302,Diarrheal diseases,183,Clostridium difficile,1,Number,2011,2959.246547,2959.246547,1576.488458
1,Deaths,,High-income,3,Both,31,85-89 years,302,Diarrheal diseases,183,Clostridium difficile,1,Number,2012,3038.008429,3038.008429,1642.894581
1,Deaths,,High-income,3,Both,31,85-89 years,302,Diarrheal diseases,183,Clostridium difficile,1,Number,2013,3007.602147,3007.602147,1687.592613
1,Deaths,,High-income,3,Both,31,85-89 years,302,Diarrheal diseases,183,Clostridium difficile,1,Number,2014,3050.320213,3050.320213,1671.383984
1,Deaths,,High-income,3,Both,31,85-89 years,302,Diarrheal diseases,183,Clostridium difficile,1,Number,2015,3151.414207,3151.414207,1728.951824
1,Deaths,,High-income,3,Both,31,85-89 years,302,Diarrheal diseases,183,Clostridium difficile,1,Number,2016,3161.605376,3161.605376,1749.376566
1,Deaths,,High-income,3,Both,31,85-89 years,302,Diarrheal diseases,183,Clostridium difficile,1,Number,2017,3212.778201,3212.778201,1773.903518
1,Deaths,,High-income,3,Both,31,85-89 years,302,Diarrheal diseases,183,Clostridium difficile,1,Number,2018,3346.284793,3346.284793,1884.621982
1,Deaths,,High-income,3,Both,31,85-89 years,302,Diarrheal diseases,183,Clostridium difficile,1,Number,2019,3311.166006,3311.166006,1884.484679
1,Deaths,,High-income,3,Both,31,85-89 years,302,Diarrheal diseases,183,Clostridium difficile,1,Number,2020,3290.481732,3290.481732,1878.211456
1,Deaths,,High-income,3,Both,31,85-89 years,302,Diarrheal diseases,183,Clostridium difficile,1,Number,2021,3221.434505,3221.434505,1756.646406
1,Deaths,,High-income,3,Both,32,90-94 years,302,Diarrheal diseases,183,Clostridium difficile,1,Number,1990,1318.605008,1318.605008,595.2155695
1,Deaths,,High-income,3,Both,32,90-94 years,302,Diarrheal diseases,183,Clostridium difficile,1,Number,1991,1281.593779,1281.593779,565.8521469
1,Deaths,,High-income,3,Both,32,90-94 years,302,Diarrheal diseases,183,Clostridium difficile,1,Number,1992,1262.539029,1262.539029,596.5742427
1,Deaths,,High-income,3,Both,32,90-94 years,302,Diarrheal diseases,183,Clostridium difficile,1,Number,1993,1271.674728,1271.674728,590.8865255
1,Deaths,,High-income,3,Both,32,90-94 years,302,Diarrheal diseases,183,Clostridium difficile,1,Number,1994,1304.947349,1304.947349,615.10535
1,Deaths,,High-income,3,Both,32,90-94 years,302,Diarrheal diseases,183,Clostridium difficile,1,Number,1995,1316.559089,1316.559089,591.857423
1,Deaths,,High-income,3,Both,32,90-94 years,302,Diarrheal diseases,183,Clostridium difficile,1,Number,1996,1298.428804,1298.428804,570.6563437
1,Deaths,,High-income,3,Both,32,90-94 years,302,Diarrheal diseases,183,Clostridium difficile,1,Number,1997,1339.477393,1339.477393,614.4133063
1,Deaths,,High-income,3,Both,32,90-94 years,302,Diarrheal diseases,183,Clostridium difficile,1,Number,1998,1379.621871,1379.621871,624.4575698
1,Deaths,,High-income,3,Both,32,90-94 years,302,Diarrheal diseases,183,Clostridium difficile,1,Number,1999,1423.885405,1423.885405,648.9081136
1,Deaths,,High-income,3,Both,32,90-94 years,302,Diarrheal diseases,183,Clostridium difficile,1,Number,2000,1420.396995,1420.396995,651.2919649
1,Deaths,,High-income,3,Both,32,90-94 years,302,Diarrheal diseases,183,Clostridium difficile,1,Number,2001,1454.686638,1454.686638,697.1974562
1,Deaths,,High-income,3,Both,32,90-94 years,302,Diarrheal diseases,183,Clostridium difficile,1,Number,2002,1519.199446,1519.199446,724.8813447
1,Deaths,,High-income,3,Both,32,90-94 years,302,Diarrheal diseases,183,Clostridium difficile,1,Number,2003,1555.749606,1555.749606,745.3318569
1,Deaths,,High-income,3,Both,32,90-94 years,302,Diarrheal diseases,183,Clostridium difficile,1,Number,2004,1588.513322,1588.513322,784.6824784
1,Deaths,,High-income,3,Both,32,90-94 years,302,Diarrheal diseases,183,Clostridium difficile,1,Number,2005,1690.923409,1690.923409,815.883989
1,Deaths,,High-income,3,Both,32,90-94 years,302,Diarrheal diseases,183,Clostridium difficile,1,Number,2006,1685.646771,1685.646771,851.1260326
1,Deaths,,High-income,3,Both,32,90-94 years,302,Diarrheal diseases,183,Clostridium difficile,1,Number,2007,1639.689722,1639.689722,842.7419314
1,Deaths,,High-income,3,Both,32,90-94 years,302,Diarrheal diseases,183,Clostridium difficile,1,Number,2008,1617.28581,1617.28581,814.0718204
1,Deaths,,High-income,3,Both,32,90-94 years,302,Diarrheal diseases,183,Clostridium difficile,1,Number,2009,1609.722918,1609.722918,831.8097425
1,Deaths,,High-income,3,Both,32,90-94 years,302,Diarrheal diseases,183,Clostridium difficile,1,Number,2010,1657.857975,1657.857975,854.4492543
1,Deaths,,High-income,3,Both,32,90-94 years,302,Diarrheal diseases,183,Clostridium difficile,1,Number,2011,1762.41495,1762.41495,915.9753245
1,Deaths,,High-income,3,Both,32,90-94 years,302,Diarrheal diseases,183,Clostridium difficile,1,Number,2012,1920.665513,1920.665513,1002.783476
1,Deaths,,High-income,3,Both,32,90-94 years,302,Diarrheal diseases,183,Clostridium difficile,1,Number,2013,1997.945555,1997.945555,1093.926856
1,Deaths,,High-income,3,Both,32,90-94 years,302,Diarrheal diseases,183,Clostridium difficile,1,Number,2014,2110.404127,2110.404127,1139.11992
1,Deaths,,High-income,3,Both,32,90-94 years,302,Diarrheal diseases,183,Clostridium difficile,1,Number,2015,2235.707561,2235.707561,1206.958932
1,Deaths,,High-income,3,Both,32,90-94 years,302,Diarrheal diseases,183,Clostridium difficile,1,Number,2016,2249.761659,2249.761659,1226.05234
1,Deaths,,High-income,3,Both,32,90-94 years,302,Diarrheal diseases,183,Clostridium difficile,1,Number,2017,2318.352971,2318.352971,1271.170728
1,Deaths,,High-income,3,Both,32,90-94 years,302,Diarrheal diseases,183,Clostridium difficile,1,Number,2018,2500.185272,2500.185272,1351.62911
1,Deaths,,High-income,3,Both,32,90-94 years,302,Diarrheal diseases,183,Clostridium difficile,1,Number,2019,2506.896523,2506.896523,1381.871055
1,Deaths,,High-income,3,Both,32,90-94 years,302,Diarrheal diseases,183,Clostridium difficile,1,Number,2020,2527.139186,2527.139186,1386.476418
1,Deaths,,High-income,3,Both,32,90-94 years,302,Diarrheal diseases,183,Clostridium difficile,1,Number,2021,2463.996337,2463.996337,1318.082323
1,Deaths,,High-income,3,Both,235,95+ years,302,Diarrheal diseases,183,Clostridium difficile,1,Number,1990,432.678281,432.678281,181.9599757
1,Deaths,,High-income,3,Both,235,95+ years,302,Diarrheal diseases,183,Clostridium difficile,1,Number,1991,411.8653922,411.8653922,177.700409
1,Deaths,,High-income,3,Both,235,95+ years,302,Diarrheal diseases,183,Clostridium difficile,1,Number,1992,409.0700076,409.0700076,181.4047255
1,Deaths,,High-income,3,Both,235,95+ years,302,Diarrheal diseases,183,Clostridium difficile,1,Number,1993,420.4429154,420.4429154,177.2127982
1,Deaths,,High-income,3,Both,235,95+ years,302,Diarrheal diseases,183,Clostridium difficile,1,Number,1994,429.2898369,429.2898369,186.4917773
1,Deaths,,High-income,3,Both,235,95+ years,302,Diarrheal diseases,183,Clostridium difficile,1,Number,1995,441.7303813,441.7303813,186.0479636
1,Deaths,,High-income,3,Both,235,95+ years,302,Diarrheal diseases,183,Clostridium difficile,1,Number,1996,443.312392,443.312392,196.0591249
1,Deaths,,High-income,3,Both,235,95+ years,302,Diarrheal diseases,183,Clostridium difficile,1,Number,1997,480.9541238,480.9541238,205.9152735
1,Deaths,,High-income,3,Both,235,95+ years,302,Diarrheal diseases,183,Clostridium difficile,1,Number,1998,496.8584319,496.8584319,222.96831
1,Deaths,,High-income,3,Both,235,95+ years,302,Diarrheal diseases,183,Clostridium difficile,1,Number,1999,524.911376,524.911376,221.8361368
1,Deaths,,High-income,3,Both,235,95+ years,302,Diarrheal diseases,183,Clostridium difficile,1,Number,2000,521.9624224,521.9624224,232.6243198
1,Deaths,,High-income,3,Both,235,95+ years,302,Diarrheal diseases,183,Clostridium difficile,1,Number,2001,546.1278766,546.1278766,246.1433578
1,Deaths,,High-income,3,Both,235,95+ years,302,Diarrheal diseases,183,Clostridium difficile,1,Number,2002,582.3383425,582.3383425,260.6587476
1,Deaths,,High-income,3,Both,235,95+ years,302,Diarrheal diseases,183,Clostridium difficile,1,Number,2003,605.3677431,605.3677431,279.3532069
1,Deaths,,High-income,3,Both,235,95+ years,302,Diarrheal diseases,183,Clostridium difficile,1,Number,2004,640.2784762,640.2784762,296.4638777
1,Deaths,,High-income,3,Both,235,95+ years,302,Diarrheal diseases,183,Clostridium difficile,1,Number,2005,701.8643534,701.8643534,324.1455968
1,Deaths,,High-income,3,Both,235,95+ years,302,Diarrheal diseases,183,Clostridium difficile,1,Number,2006,739.130318,739.130318,333.1729992
1,Deaths,,High-income,3,Both,235,95+ years,302,Diarrheal diseases,183,Clostridium difficile,1,Number,2007,739.1384317,739.1384317,360.6886727
1,Deaths,,High-income,3,Both,235,95+ years,302,Diarrheal diseases,183,Clostridium difficile,1,Number,2008,770.7584733,770.7584733,369.8634744
1,Deaths,,High-income,3,Both,235,95+ years,302,Diarrheal diseases,183,Clostridium difficile,1,Number,2009,823.910125,823.910125,385.0579828
1,Deaths,,High-income,3,Both,235,95+ years,302,Diarrheal diseases,183,Clostridium difficile,1,Number,2010,835.7888074,835.7888074,407.4989199
1,Deaths,,High-income,3,Both,235,95+ years,302,Diarrheal diseases,183,Clostridium difficile,1,Number,2011,853.1870183,853.1870183,424.8836655
1,Deaths,,High-income,3,Both,235,95+ years,302,Diarrheal diseases,183,Clostridium difficile,1,Number,2012,882.5358448,882.5358448,437.0778842
1,Deaths,,High-income,3,Both,235,95+ years,302,Diarrheal diseases,183,Clostridium difficile,1,Number,2013,895.850049,895.850049,430.423713
1,Deaths,,High-income,3,Both,235,95+ years,302,Diarrheal diseases,183,Clostridium difficile,1,Number,2014,889.1586385,889.1586385,447.0452378
1,Deaths,,High-income,3,Both,235,95+ years,302,Diarrheal diseases,183,Clostridium difficile,1,Number,2015,948.1173597,948.1173597,478.932305
1,Deaths,,High-income,3,Both,235,95+ years,302,Diarrheal diseases,183,Clostridium difficile,1,Number,2016,992.1961413,992.1961413,507.7125182
1,Deaths,,High-income,3,Both,235,95+ years,302,Diarrheal diseases,183,Clostridium difficile,1,Number,2017,1077.118007,1077.118007,553.3341221
1,Deaths,,High-income,3,Both,235,95+ years,302,Diarrheal diseases,183,Clostridium difficile,1,Number,2018,1192.182264,1192.182264,626.9124942
1,Deaths,,High-income,3,Both,235,95+ years,302,Diarrheal diseases,183,Clostridium difficile,1,Number,2019,1238.24923,1238.24923,635.1512469
1,Deaths,,High-income,3,Both,235,95+ years,302,Diarrheal diseases,183,Clostridium difficile,1,Number,2020,1271.332476,1271.332476,644.2701923
1,Deaths,,High-income,3,Both,235,95+ years,302,Diarrheal diseases,183,Clostridium difficile,1,Number,2021,1235.923656,1235.923656,607.649878
1,Deaths,,High-income,3,Both,1,<5 years,302,Diarrheal diseases,183,Clostridium difficile,1,Number,1990,511.3772728,511.3772728,244.4104981
1,Deaths,,High-income,3,Both,1,<5 years,302,Diarrheal diseases,183,Clostridium difficile,1,Number,1991,470.684835,470.684835,212.6461312
1,Deaths,,High-income,3,Both,1,<5 years,302,Diarrheal diseases,183,Clostridium difficile,1,Number,1992,426.9352044,426.9352044,202.5442602
1,Deaths,,High-income,3,Both,1,<5 years,302,Diarrheal diseases,183,Clostridium difficile,1,Number,1993,394.6434991,394.6434991,191.8036358
1,Deaths,,High-income,3,Both,1,<5 years,302,Diarrheal diseases,183,Clostridium difficile,1,Number,1994,371.4583049,371.4583049,174.9804463
1,Deaths,,High-income,3,Both,1,<5 years,302,Diarrheal diseases,183,Clostridium difficile,1,Number,1995,334.0885476,334.0885476,170.611986
1,Deaths,,High-income,3,Both,1,<5 years,302,Diarrheal diseases,183,Clostridium difficile,1,Number,1996,316.4684933,316.4684933,154.0109211
1,Deaths,,High-income,3,Both,1,<5 years,302,Diarrheal diseases,183,Clostridium difficile,1,Number,1997,311.1159609,311.1159609,147.7021667
1,Deaths,,High-income,3,Both,1,<5 years,302,Diarrheal diseases,183,Clostridium difficile,1,Number,1998,286.9515852,286.9515852,145.4333528
1,Deaths,,High-income,3,Both,1,<5 years,302,Diarrheal diseases,183,Clostridium difficile,1,Number,1999,264.8691531,264.8691531,135.1671732
1,Deaths,,High-income,3,Both,1,<5 years,302,Diarrheal diseases,183,Clostridium difficile,1,Number,2000,252.9275146,252.9275146,124.6807463
1,Deaths,,High-income,3,Both,1,<5 years,302,Diarrheal diseases,183,Clostridium difficile,1,Number,2001,248.1592388,248.1592388,130.9144525
1,Deaths,,High-income,3,Both,1,<5 years,302,Diarrheal diseases,183,Clostridium difficile,1,Number,2002,248.8435759,248.8435759,126.3113243
1,Deaths,,High-income,3,Both,1,<5 years,302,Diarrheal diseases,183,Clostridium difficile,1,Number,2003,240.1514765,240.1514765,124.4017898
1,Deaths,,High-income,3,Both,1,<5 years,302,Diarrheal diseases,183,Clostridium difficile,1,Number,2004,227.9962026,227.9962026,123.2160165
1,Deaths,,High-income,3,Both,1,<5 years,302,Diarrheal diseases,183,Clostridium difficile,1,Number,2005,223.4572949,223.4572949,121.6145858
1,Deaths,,High-income,3,Both,1,<5 years,302,Diarrheal diseases,183,Clostridium difficile,1,Number,2006,228.4201853,228.4201853,121.8369289
1,Deaths,,High-income,3,Both,1,<5 years,302,Diarrheal diseases,183,Clostridium difficile,1,Number,2007,223.8871979,223.8871979,125.797837
1,Deaths,,High-income,3,Both,1,<5 years,302,Diarrheal diseases,183,Clostridium difficile,1,Number,2008,226.2730927,226.2730927,119.506128
1,Deaths,,High-income,3,Both,1,<5 years,302,Diarrheal diseases,183,Clostridium difficile,1,Number,2009,217.5352954,217.5352954,115.8994614
1,Deaths,,High-income,3,Both,1,<5 years,302,Diarrheal diseases,183,Clostridium difficile,1,Number,2010,204.4549803,204.4549803,115.5510939
1,Deaths,,High-income,3,Both,1,<5 years,302,Diarrheal diseases,183,Clostridium difficile,1,Number,2011,204.977576,204.977576,115.5582602
1,Deaths,,High-income,3,Both,1,<5 years,302,Diarrheal diseases,183,Clostridium difficile,1,Number,2012,200.5938658,200.5938658,113.7738509
1,Deaths,,High-income,3,Both,1,<5 years,302,Diarrheal diseases,183,Clostridium difficile,1,Number,2013,192.5542887,192.5542887,106.0052832
1,Deaths,,High-income,3,Both,1,<5 years,302,Diarrheal diseases,183,Clostridium difficile,1,Number,2014,187.1375888,187.1375888,107.4408094
1,Deaths,,High-income,3,Both,1,<5 years,302,Diarrheal diseases,183,Clostridium difficile,1,Number,2015,180.1672588,180.1672588,108.1900353
1,Deaths,,High-income,3,Both,1,<5 years,302,Diarrheal diseases,183,Clostridium difficile,1,Number,2016,174.3328827,174.3328827,101.5988843
1,Deaths,,High-income,3,Both,1,<5 years,302,Diarrheal diseases,183,Clostridium difficile,1,Number,2017,170.9167882,170.9167882,96.41101247
1,Deaths,,High-income,3,Both,1,<5 years,302,Diarrheal diseases,183,Clostridium difficile,1,Number,2018,160.4682762,160.4682762,95.57329248
1,Deaths,,High-income,3,Both,1,<5 years,302,Diarrheal diseases,183,Clostridium difficile,1,Number,2019,154.9623476,154.9623476,88.08395424
1,Deaths,,High-income,3,Both,1,<5 years,302,Diarrheal diseases,183,Clostridium difficile,1,Number,2020,135.9027743,135.9027743,78.15238339
1,Deaths,,High-income,3,Both,1,<5 years,302,Diarrheal diseases,183,Clostridium difficile,1,Number,2021,126.6870917,126.6870917,70.22110883
1,Deaths,,Latin America and Caribbean,3,Both,7,10-14 years,302,Diarrheal diseases,183,Clostridium difficile,1,Number,1990,101.5477313,101.5477313,48.00202378
1,Deaths,,Latin America and Caribbean,3,Both,7,10-14 years,302,Diarrheal diseases,183,Clostridium difficile,1,Number,1991,101.749382,101.749382,47.96082098
1,Deaths,,Latin America and Caribbean,3,Both,7,10-14 years,302,Diarrheal diseases,183,Clostridium difficile,1,Number,1992,94.57122445,94.57122445,47.19698212
1,Deaths,,Latin America and Caribbean,3,Both,7,10-14 years,302,Diarrheal diseases,183,Clostridium difficile,1,Number,1993,97.00961352,97.00961352,44.55045081
1,Deaths,,Latin America and Caribbean,3,Both,7,10-14 years,302,Diarrheal diseases,183,Clostridium difficile,1,Number,1994,94.38679209,94.38679209,45.74803892
1,Deaths,,Latin America and Caribbean,3,Both,7,10-14 years,302,Diarrheal diseases,183,Clostridium difficile,1,Number,1995,91.42365068,91.42365068,45.49307095
1,Deaths,,Latin America and Caribbean,3,Both,7,10-14 years,302,Diarrheal diseases,183,Clostridium difficile,1,Number,1996,90.57337959,90.57337959,42.77047948
1,Deaths,,Latin America and Caribbean,3,Both,7,10-14 years,302,Diarrheal diseases,183,Clostridium difficile,1,Number,1997,89.10768101,89.10768101,44.31721632
1,Deaths,,Latin America and Caribbean,3,Both,7,10-14 years,302,Diarrheal diseases,183,Clostridium difficile,1,Number,1998,88.72249799,88.72249799,42.70862303
1,Deaths,,Latin America and Caribbean,3,Both,7,10-14 years,302,Diarrheal diseases,183,Clostridium difficile,1,Number,1999,81.7599766,81.7599766,39.68573339
1,Deaths,,Latin America and Caribbean,3,Both,7,10-14 years,302,Diarrheal diseases,183,Clostridium difficile,1,Number,2000,79.90224687,79.90224687,38.48386512
1,Deaths,,Latin America and Caribbean,3,Both,7,10-14 years,302,Diarrheal diseases,183,Clostridium difficile,1,Number,2001,78.21467178,78.21467178,38.43361394
1,Deaths,,Latin America and Caribbean,3,Both,7,10-14 years,302,Diarrheal diseases,183,Clostridium difficile,1,Number,2002,78.19259467,78.19259467,39.75218908
1,Deaths,,Latin America and Caribbean,3,Both,7,10-14 years,302,Diarrheal diseases,183,Clostridium difficile,1,Number,2003,77.98862622,77.98862622,39.57235028
1,Deaths,,Latin America and Caribbean,3,Both,7,10-14 years,302,Diarrheal diseases,183,Clostridium difficile,1,Number,2004,77.33234774,77.33234774,40.16895682
1,Deaths,,Latin America and Caribbean,3,Both,7,10-14 years,302,Diarrheal diseases,183,Clostridium difficile,1,Number,2005,80.34460594,80.34460594,40.86403541
1,Deaths,,Latin America and Caribbean,3,Both,7,10-14 years,302,Diarrheal diseases,183,Clostridium difficile,1,Number,2006,82.6117375,82.6117375,43.5564564
1,Deaths,,Latin America and Caribbean,3,Both,7,10-14 years,302,Diarrheal diseases,183,Clostridium difficile,1,Number,2007,83.96637819,83.96637819,46.13043825
1,Deaths,,Latin America and Caribbean,3,Both,7,10-14 years,302,Diarrheal diseases,183,Clostridium difficile,1,Number,2008,87.58816858,87.58816858,46.39572481
1,Deaths,,Latin America and Caribbean,3,Both,7,10-14 years,302,Diarrheal diseases,183,Clostridium difficile,1,Number,2009,91.31749777,91.31749777,49.33258178
1,Deaths,,Latin America and Caribbean,3,Both,7,10-14 years,302,Diarrheal diseases,183,Clostridium difficile,1,Number,2010,97.3049721,97.3049721,53.64570063
1,Deaths,,Latin America and Caribbean,3,Both,7,10-14 years,302,Diarrheal diseases,183,Clostridium difficile,1,Number,2011,96.45998689,96.45998689,51.1259189
1,Deaths,,Latin America and Caribbean,3,Both,7,10-14 years,302,Diarrheal diseases,183,Clostridium difficile,1,Number,2012,94.47358977,94.47358977,54.01838339
1,Deaths,,Latin America and Caribbean,3,Both,7,10-14 years,302,Diarrheal diseases,183,Clostridium difficile,1,Number,2013,93.24099292,93.24099292,52.54412342
1,Deaths,,Latin America and Caribbean,3,Both,7,10-14 years,302,Diarrheal diseases,183,Clostridium difficile,1,Number,2014,91.43201645,91.43201645,52.75454406
1,Deaths,,Latin America and Caribbean,3,Both,7,10-14 years,302,Diarrheal diseases,183,Clostridium difficile,1,Number,2015,89.72389053,89.72389053,54.13186126
1,Deaths,,Latin America and Caribbean,3,Both,7,10-14 years,302,Diarrheal diseases,183,Clostridium difficile,1,Number,2016,90.61070455,90.61070455,51.19726953
1,Deaths,,Latin America and Caribbean,3,Both,7,10-14 years,302,Diarrheal diseases,183,Clostridium difficile,1,Number,2017,84.69331074,84.69331074,49.84311629
1,Deaths,,Latin America and Caribbean,3,Both,7,10-14 years,302,Diarrheal diseases,183,Clostridium difficile,1,Number,2018,84.8109807,84.8109807,46.45529173
1,Deaths,,Latin America and Caribbean,3,Both,7,10-14 years,302,Diarrheal diseases,183,Clostridium difficile,1,Number,2019,86.07245257,86.07245257,48.5441074
1,Deaths,,Latin America and Caribbean,3,Both,7,10-14 years,302,Diarrheal diseases,183,Clostridium difficile,1,Number,2020,77.09043269,77.09043269,44.67828451
1,Deaths,,Latin America and Caribbean,3,Both,7,10-14 years,302,Diarrheal diseases,183,Clostridium difficile,1,Number,2021,73.74332987,73.74332987,41.45337595
1,Deaths,,Latin America and Caribbean,3,Both,8,15-19 years,302,Diarrheal diseases,183,Clostridium difficile,1,Number,1990,130.7719878,130.7719878,59.89543839
1,Deaths,,Latin America and Caribbean,3,Both,8,15-19 years,302,Diarrheal diseases,183,Clostridium difficile,1,Number,1991,131.5504325,131.5504325,62.50266113
1,Deaths,,Latin America and Caribbean,3,Both,8,15-19 years,302,Diarrheal diseases,183,Clostridium difficile,1,Number,1992,123.7235523,123.7235523,60.07761274
1,Deaths,,Latin America and Caribbean,3,Both,8,15-19 years,302,Diarrheal diseases,183,Clostridium difficile,1,Number,1993,117.4297552,117.4297552,58.87240011
1,Deaths,,Latin America and Caribbean,3,Both,8,15-19 years,302,Diarrheal diseases,183,Clostridium difficile,1,Number,1994,121.5666393,121.5666393,58.82173856
1,Deaths,,Latin America and Caribbean,3,Both,8,15-19 years,302,Diarrheal diseases,183,Clostridium difficile,1,Number,1995,119.7460885,119.7460885,59.27507923
1,Deaths,,Latin America and Caribbean,3,Both,8,15-19 years,302,Diarrheal diseases,183,Clostridium difficile,1,Number,1996,118.0173975,118.0173975,59.68551103
1,Deaths,,Latin America and Caribbean,3,Both,8,15-19 years,302,Diarrheal diseases,183,Clostridium difficile,1,Number,1997,119.4549119,119.4549119,60.02620966
1,Deaths,,Latin America and Caribbean,3,Both,8,15-19 years,302,Diarrheal diseases,183,Clostridium difficile,1,Number,1998,116.507298,116.507298,60.66449122
1,Deaths,,Latin America and Caribbean,3,Both,8,15-19 years,302,Diarrheal diseases,183,Clostridium difficile,1,Number,1999,108.6185428,108.6185428,55.47750179
1,Deaths,,Latin America and Caribbean,3,Both,8,15-19 years,302,Diarrheal diseases,183,Clostridium difficile,1,Number,2000,104.6002337,104.6002337,55.33035717
1,Deaths,,Latin America and Caribbean,3,Both,8,15-19 years,302,Diarrheal diseases,183,Clostridium difficile,1,Number,2001,106.3634795,106.3634795,54.31376934
1,Deaths,,Latin America and Caribbean,3,Both,8,15-19 years,302,Diarrheal diseases,183,Clostridium difficile,1,Number,2002,107.7782664,107.7782664,56.7935821
1,Deaths,,Latin America and Caribbean,3,Both,8,15-19 years,302,Diarrheal diseases,183,Clostridium difficile,1,Number,2003,106.1657211,106.1657211,53.12006083
1,Deaths,,Latin America and Caribbean,3,Both,8,15-19 years,302,Diarrheal diseases,183,Clostridium difficile,1,Number,2004,108.7950673,108.7950673,54.76195663
1,Deaths,,Latin America and Caribbean,3,Both,8,15-19 years,302,Diarrheal diseases,183,Clostridium difficile,1,Number,2005,111.6130938,111.6130938,57.40459132
1,Deaths,,Latin America and Caribbean,3,Both,8,15-19 years,302,Diarrheal diseases,183,Clostridium difficile,1,Number,2006,112.5907501,112.5907501,59.60473399
1,Deaths,,Latin America and Caribbean,3,Both,8,15-19 years,302,Diarrheal diseases,183,Clostridium difficile,1,Number,2007,114.2215554,114.2215554,62.80134902
1,Deaths,,Latin America and Caribbean,3,Both,8,15-19 years,302,Diarrheal diseases,183,Clostridium difficile,1,Number,2008,120.3451231,120.3451231,63.73804032
1,Deaths,,Latin America and Caribbean,3,Both,8,15-19 years,302,Diarrheal diseases,183,Clostridium difficile,1,Number,2009,127.1163959,127.1163959,68.67333553
1,Deaths,,Latin America and Caribbean,3,Both,8,15-19 years,302,Diarrheal diseases,183,Clostridium difficile,1,Number,2010,133.9449051,133.9449051,74.74811842
1,Deaths,,Latin America and Caribbean,3,Both,8,15-19 years,302,Diarrheal diseases,183,Clostridium difficile,1,Number,2011,133.5783137,133.5783137,78.86677876
1,Deaths,,Latin America and Caribbean,3,Both,8,15-19 years,302,Diarrheal diseases,183,Clostridium difficile,1,Number,2012,137.6422813,137.6422813,81.30503208
1,Deaths,,Latin America and Caribbean,3,Both,8,15-19 years,302,Diarrheal diseases,183,Clostridium difficile,1,Number,2013,139.199146,139.199146,79.74222819
1,Deaths,,Latin America and Caribbean,3,Both,8,15-19 years,302,Diarrheal diseases,183,Clostridium difficile,1,Number,2014,138.4176932,138.4176932,80.54834543
1,Deaths,,Latin America and Caribbean,3,Both,8,15-19 years,302,Diarrheal diseases,183,Clostridium difficile,1,Number,2015,139.2557693,139.2557693,83.56917879
1,Deaths,,Latin America and Caribbean,3,Both,8,15-19 years,302,Diarrheal diseases,183,Clostridium difficile,1,Number,2016,138.9929015,138.9929015,82.92092474
1,Deaths,,Latin America and Caribbean,3,Both,8,15-19 years,302,Diarrheal diseases,183,Clostridium difficile,1,Number,2017,130.9753012,130.9753012,78.52317539
1,Deaths,,Latin America and Caribbean,3,Both,8,15-19 years,302,Diarrheal diseases,183,Clostridium difficile,1,Number,2018,130.6142746,130.6142746,75.61547307
1,Deaths,,Latin America and Caribbean,3,Both,8,15-19 years,302,Diarrheal diseases,183,Clostridium difficile,1,Number,2019,132.3112831,132.3112831,78.64702725
1,Deaths,,Latin America and Caribbean,3,Both,8,15-19 years,302,Diarrheal diseases,183,Clostridium difficile,1,Number,2020,124.3538391,124.3538391,74.40659922
1,Deaths,,Latin America and Caribbean,3,Both,8,15-19 years,302,Diarrheal diseases,183,Clostridium difficile,1,Number,2021,114.1681651,114.1681651,70.41844044
1,Deaths,,Latin America and Caribbean,3,Both,9,20-24 years,302,Diarrheal diseases,183,Clostridium difficile,1,Number,1990,133.1899038,133.1899038,63.32251588
1,Deaths,,Latin America and Caribbean,3,Both,9,20-24 years,302,Diarrheal diseases,183,Clostridium difficile,1,Number,1991,136.6913753,136.6913753,64.9125427
1,Deaths,,Latin America and Caribbean,3,Both,9,20-24 years,302,Diarrheal diseases,183,Clostridium difficile,1,Number,1992,131.8535101,131.8535101,61.90877308
1,Deaths,,Latin America and Caribbean,3,Both,9,20-24 years,302,Diarrheal diseases,183,Clostridium difficile,1,Number,1993,129.3551311,129.3551311,64.69556794
1,Deaths,,Latin America and Caribbean,3,Both,9,20-24 years,302,Diarrheal diseases,183,Clostridium difficile,1,Number,1994,131.0561378,131.0561378,65.37443639
1,Deaths,,Latin America and Caribbean,3,Both,9,20-24 years,302,Diarrheal diseases,183,Clostridium difficile,1,Number,1995,130.0512367,130.0512367,64.48308135
1,Deaths,,Latin America and Caribbean,3,Both,9,20-24 years,302,Diarrheal diseases,183,Clostridium difficile,1,Number,1996,126.6168111,126.6168111,63.9419097
1,Deaths,,Latin America and Caribbean,3,Both,9,20-24 years,302,Diarrheal diseases,183,Clostridium difficile,1,Number,1997,128.8093202,128.8093202,65.66431448
1,Deaths,,Latin America and Caribbean,3,Both,9,20-24 years,302,Diarrheal diseases,183,Clostridium difficile,1,Number,1998,127.8077376,127.8077376,67.27701356
1,Deaths,,Latin America and Caribbean,3,Both,9,20-24 years,302,Diarrheal diseases,183,Clostridium difficile,1,Number,1999,120.793562,120.793562,59.78431624
1,Deaths,,Latin America and Caribbean,3,Both,9,20-24 years,302,Diarrheal diseases,183,Clostridium difficile,1,Number,2000,119.136419,119.136419,59.27263293
1,Deaths,,Latin America and Caribbean,3,Both,9,20-24 years,302,Diarrheal diseases,183,Clostridium difficile,1,Number,2001,118.4570632,118.4570632,60.33981545
1,Deaths,,Latin America and Caribbean,3,Both,9,20-24 years,302,Diarrheal diseases,183,Clostridium difficile,1,Number,2002,120.9274075,120.9274075,63.5227634
1,Deaths,,Latin America and Caribbean,3,Both,9,20-24 years,302,Diarrheal diseases,183,Clostridium difficile,1,Number,2003,120.9205104,120.9205104,63.63651959
1,Deaths,,Latin America and Caribbean,3,Both,9,20-24 years,302,Diarrheal diseases,183,Clostridium difficile,1,Number,2004,125.6662445,125.6662445,63.47623339
1,Deaths,,Latin America and Caribbean,3,Both,9,20-24 years,302,Diarrheal diseases,183,Clostridium difficile,1,Number,2005,128.0461301,128.0461301,67.29852587
1,Deaths,,Latin America and Caribbean,3,Both,9,20-24 years,302,Diarrheal diseases,183,Clostridium difficile,1,Number,2006,130.9605769,130.9605769,69.05672024
1,Deaths,,Latin America and Caribbean,3,Both,9,20-24 years,302,Diarrheal diseases,183,Clostridium difficile,1,Number,2007,133.2360384,133.2360384,72.11151967
1,Deaths,,Latin America and Caribbean,3,Both,9,20-24 years,302,Diarrheal diseases,183,Clostridium difficile,1,Number,2008,136.3773623,136.3773623,78.14895149
1,Deaths,,Latin America and Caribbean,3,Both,9,20-24 years,302,Diarrheal diseases,183,Clostridium difficile,1,Number,2009,151.9450739,151.9450739,81.639983
1,Deaths,,Latin America and Caribbean,3,Both,9,20-24 years,302,Diarrheal diseases,183,Clostridium difficile,1,Number,2010,155.5456358,155.5456358,88.67662579
1,Deaths,,Latin America and Caribbean,3,Both,9,20-24 years,302,Diarrheal diseases,183,Clostridium difficile,1,Number,2011,157.719197,157.719197,88.86544939
1,Deaths,,Latin America and Caribbean,3,Both,9,20-24 years,302,Diarrheal diseases,183,Clostridium difficile,1,Number,2012,161.254658,161.254658,92.45135578
1,Deaths,,Latin America and Caribbean,3,Both,9,20-24 years,302,Diarrheal diseases,183,Clostridium difficile,1,Number,2013,161.0743124,161.0743124,94.47654221
1,Deaths,,Latin America and Caribbean,3,Both,9,20-24 years,302,Diarrheal diseases,183,Clostridium difficile,1,Number,2014,163.3681434,163.3681434,97.17082724
1,Deaths,,Latin America and Caribbean,3,Both,9,20-24 years,302,Diarrheal diseases,183,Clostridium difficile,1,Number,2015,172.1109587,172.1109587,99.29994332
1,Deaths,,Latin America and Caribbean,3,Both,9,20-24 years,302,Diarrheal diseases,183,Clostridium difficile,1,Number,2016,174.7193443,174.7193443,102.7012182
1,Deaths,,Latin America and Caribbean,3,Both,9,20-24 years,302,Diarrheal diseases,183,Clostridium difficile,1,Number,2017,167.4541924,167.4541924,100.1126565
1,Deaths,,Latin America and Caribbean,3,Both,9,20-24 years,302,Diarrheal diseases,183,Clostridium difficile,1,Number,2018,168.6175046,168.6175046,97.98546947
1,Deaths,,Latin America and Caribbean,3,Both,9,20-24 years,302,Diarrheal diseases,183,Clostridium difficile,1,Number,2019,175.5324768,175.5324768,102.4003945
1,Deaths,,Latin America and Caribbean,3,Both,9,20-24 years,302,Diarrheal diseases,183,Clostridium difficile,1,Number,2020,168.5129458,168.5129458,97.12915204
1,Deaths,,Latin America and Caribbean,3,Both,9,20-24 years,302,Diarrheal diseases,183,Clostridium difficile,1,Number,2021,160.5481521,160.5481521,94.81316552
1,Deaths,,Latin America and Caribbean,3,Both,10,25-29 years,302,Diarrheal diseases,183,Clostridium difficile,1,Number,1990,132.6899626,132.6899626,62.65821971
1,Deaths,,Latin America and Caribbean,3,Both,10,25-29 years,302,Diarrheal diseases,183,Clostridium difficile,1,Number,1991,135.6295151,135.6295151,66.3310054
1,Deaths,,Latin America and Caribbean,3,Both,10,25-29 years,302,Diarrheal diseases,183,Clostridium difficile,1,Number,1992,132.38985,132.38985,63.83333392
1,Deaths,,Latin America and Caribbean,3,Both,10,25-29 years,302,Diarrheal diseases,183,Clostridium difficile,1,Number,1993,135.6082318,135.6082318,66.19507475
1,Deaths,,Latin America and Caribbean,3,Both,10,25-29 years,302,Diarrheal diseases,183,Clostridium difficile,1,Number,1994,134.7421362,134.7421362,66.53862838
1,Deaths,,Latin America and Caribbean,3,Both,10,25-29 years,302,Diarrheal diseases,183,Clostridium difficile,1,Number,1995,133.3806211,133.3806211,67.47389616
1,Deaths,,Latin America and Caribbean,3,Both,10,25-29 years,302,Diarrheal diseases,183,Clostridium difficile,1,Number,1996,131.9926678,131.9926678,64.7834425
1,Deaths,,Latin America and Caribbean,3,Both,10,25-29 years,302,Diarrheal diseases,183,Clostridium difficile,1,Number,1997,132.2781834,132.2781834,68.88173637
1,Deaths,,Latin America and Caribbean,3,Both,10,25-29 years,302,Diarrheal diseases,183,Clostridium difficile,1,Number,1998,133.5830201,133.5830201,69.8859089
1,Deaths,,Latin America and Caribbean,3,Both,10,25-29 years,302,Diarrheal diseases,183,Clostridium difficile,1,Number,1999,123.8794013,123.8794013,62.64814006
1,Deaths,,Latin America and Caribbean,3,Both,10,25-29 years,302,Diarrheal diseases,183,Clostridium difficile,1,Number,2000,121.3452727,121.3452727,63.04532383
1,Deaths,,Latin America and Caribbean,3,Both,10,25-29 years,302,Diarrheal diseases,183,Clostridium difficile,1,Number,2001,121.3327727,121.3327727,62.92317716
1,Deaths,,Latin America and Caribbean,3,Both,10,25-29 years,302,Diarrheal diseases,183,Clostridium difficile,1,Number,2002,125.0429314,125.0429314,63.56273526
1,Deaths,,Latin America and Caribbean,3,Both,10,25-29 years,302,Diarrheal diseases,183,Clostridium difficile,1,Number,2003,126.578266,126.578266,64.81115001
1,Deaths,,Latin America and Caribbean,3,Both,10,25-29 years,302,Diarrheal diseases,183,Clostridium difficile,1,Number,2004,128.6526491,128.6526491,67.20157259
1,Deaths,,Latin America and Caribbean,3,Both,10,25-29 years,302,Diarrheal diseases,183,Clostridium difficile,1,Number,2005,134.1949949,134.1949949,71.5524737
1,Deaths,,Latin America and Caribbean,3,Both,10,25-29 years,302,Diarrheal diseases,183,Clostridium difficile,1,Number,2006,140.4344348,140.4344348,75.35916887
1,Deaths,,Latin America and Caribbean,3,Both,10,25-29 years,302,Diarrheal diseases,183,Clostridium difficile,1,Number,2007,144.5326112,144.5326112,80.1733029
1,Deaths,,Latin America and Caribbean,3,Both,10,25-29 years,302,Diarrheal diseases,183,Clostridium difficile,1,Number,2008,153.5542511,153.5542511,82.18011942
1,Deaths,,Latin America and Caribbean,3,Both,10,25-29 years,302,Diarrheal diseases,183,Clostridium difficile,1,Number,2009,166.8585826,166.8585826,92.22217194
1,Deaths,,Latin America and Caribbean,3,Both,10,25-29 years,302,Diarrheal diseases,183,Clostridium difficile,1,Number,2010,175.4339792,175.4339792,96.98205029
1,Deaths,,Latin America and Caribbean,3,Both,10,25-29 years,302,Diarrheal diseases,183,Clostridium difficile,1,Number,2011,174.3776255,174.3776255,103.3120007
1,Deaths,,Latin America and Caribbean,3,Both,10,25-29 years,302,Diarrheal diseases,183,Clostridium difficile,1,Number,2012,179.9673016,179.9673016,104.1760137
1,Deaths,,Latin America and Caribbean,3,Both,10,25-29 years,302,Diarrheal diseases,183,Clostridium difficile,1,Number,2013,178.8925861,178.8925861,108.0738268
1,Deaths,,Latin America and Caribbean,3,Both,10,25-29 years,302,Diarrheal diseases,183,Clostridium difficile,1,Number,2014,183.8280563,183.8280563,107.3160899
1,Deaths,,Latin America and Caribbean,3,Both,10,25-29 years,302,Diarrheal diseases,183,Clostridium difficile,1,Number,2015,188.6484432,188.6484432,114.3196225
1,Deaths,,Latin America and Caribbean,3,Both,10,25-29 years,302,Diarrheal diseases,183,Clostridium difficile,1,Number,2016,192.9709875,192.9709875,117.0395089
1,Deaths,,Latin America and Caribbean,3,Both,10,25-29 years,302,Diarrheal diseases,183,Clostridium difficile,1,Number,2017,189.786848,189.786848,111.2667216
1,Deaths,,Latin America and Caribbean,3,Both,10,25-29 years,302,Diarrheal diseases,183,Clostridium difficile,1,Number,2018,188.404071,188.404071,112.996269
1,Deaths,,Latin America and Caribbean,3,Both,10,25-29 years,302,Diarrheal diseases,183,Clostridium difficile,1,Number,2019,202.1131789,202.1131789,120.6678582
1,Deaths,,Latin America and Caribbean,3,Both,10,25-29 years,302,Diarrheal diseases,183,Clostridium difficile,1,Number,2020,194.3976784,194.3976784,118.151833
1,Deaths,,Latin America and Caribbean,3,Both,10,25-29 years,302,Diarrheal diseases,183,Clostridium difficile,1,Number,2021,193.5786307,193.5786307,120.0998011
1,Deaths,,Latin America and Caribbean,3,Both,11,30-34 years,302,Diarrheal diseases,183,Clostridium difficile,1,Number,1990,145.9903214,145.9903214,70.64127646
1,Deaths,,Latin America and Caribbean,3,Both,11,30-34 years,302,Diarrheal diseases,183,Clostridium difficile,1,Number,1991,154.6630764,154.6630764,72.08285448
1,Deaths,,Latin America and Caribbean,3,Both,11,30-34 years,302,Diarrheal diseases,183,Clostridium difficile,1,Number,1992,150.9837369,150.9837369,73.58414538
1,Deaths,,Latin America and Caribbean,3,Both,11,30-34 years,302,Diarrheal diseases,183,Clostridium difficile,1,Number,1993,156.7836186,156.7836186,77.99501128
1,Deaths,,Latin America and Caribbean,3,Both,11,30-34 years,302,Diarrheal diseases,183,Clostridium difficile,1,Number,1994,157.0974595,157.0974595,81.18297072
1,Deaths,,Latin America and Caribbean,3,Both,11,30-34 years,302,Diarrheal diseases,183,Clostridium difficile,1,Number,1995,157.5969895,157.5969895,82.21989145
1,Deaths,,Latin America and Caribbean,3,Both,11,30-34 years,302,Diarrheal diseases,183,Clostridium difficile,1,Number,1996,157.9375032,157.9375032,78.89582206
1,Deaths,,Latin America and Caribbean,3,Both,11,30-34 years,302,Diarrheal diseases,183,Clostridium difficile,1,Number,1997,160.3756953,160.3756953,82.13433374
1,Deaths,,Latin America and Caribbean,3,Both,11,30-34 years,302,Diarrheal diseases,183,Clostridium difficile,1,Number,1998,161.8818632,161.8818632,84.94721678
1,Deaths,,Latin America and Caribbean,3,Both,11,30-34 years,302,Diarrheal diseases,183,Clostridium difficile,1,Number,1999,150.2840797,150.2840797,77.52409312
1,Deaths,,Latin America and Caribbean,3,Both,11,30-34 years,302,Diarrheal diseases,183,Clostridium difficile,1,Number,2000,150.6362965,150.6362965,73.62715366
1,Deaths,,Latin America and Caribbean,3,Both,11,30-34 years,302,Diarrheal diseases,183,Clostridium difficile,1,Number,2001,147.2948338,147.2948338,75.96230035
1,Deaths,,Latin America and Caribbean,3,Both,11,30-34 years,302,Diarrheal diseases,183,Clostridium difficile,1,Number,2002,149.8804552,149.8804552,76.44210836
1,Deaths,,Latin America and Caribbean,3,Both,11,30-34 years,302,Diarrheal diseases,183,Clostridium difficile,1,Number,2003,150.150022,150.150022,77.00500639
1,Deaths,,Latin America and Caribbean,3,Both,11,30-34 years,302,Diarrheal diseases,183,Clostridium difficile,1,Number,2004,151.2552599,151.2552599,78.85977532
1,Deaths,,Latin America and Caribbean,3,Both,11,30-34 years,302,Diarrheal diseases,183,Clostridium difficile,1,Number,2005,156.6744025,156.6744025,83.1109558
1,Deaths,,Latin America and Caribbean,3,Both,11,30-34 years,302,Diarrheal diseases,183,Clostridium difficile,1,Number,2006,163.1930096,163.1930096,87.78982268
1,Deaths,,Latin America and Caribbean,3,Both,11,30-34 years,302,Diarrheal diseases,183,Clostridium difficile,1,Number,2007,168.5212225,168.5212225,94.11354806
1,Deaths,,Latin America and Caribbean,3,Both,11,30-34 years,302,Diarrheal diseases,183,Clostridium difficile,1,Number,2008,176.1329177,176.1329177,100.8310672
1,Deaths,,Latin America and Caribbean,3,Both,11,30-34 years,302,Diarrheal diseases,183,Clostridium difficile,1,Number,2009,193.9105357,193.9105357,111.129042
1,Deaths,,Latin America and Caribbean,3,Both,11,30-34 years,302,Diarrheal diseases,183,Clostridium difficile,1,Number,2010,204.9589354,204.9589354,122.5820443
1,Deaths,,Latin America and Caribbean,3,Both,11,30-34 years,302,Diarrheal diseases,183,Clostridium difficile,1,Number,2011,211.5175807,211.5175807,128.5443514
1,Deaths,,Latin America and Caribbean,3,Both,11,30-34 years,302,Diarrheal diseases,183,Clostridium difficile,1,Number,2012,226.7565859,226.7565859,128.8241602
1,Deaths,,Latin America and Caribbean,3,Both,11,30-34 years,302,Diarrheal diseases,183,Clostridium difficile,1,Number,2013,227.6546151,227.6546151,137.023402
1,Deaths,,Latin America and Caribbean,3,Both,11,30-34 years,302,Diarrheal diseases,183,Clostridium difficile,1,Number,2014,229.5793089,229.5793089,139.8254569
1,Deaths,,Latin America and Caribbean,3,Both,11,30-34 years,302,Diarrheal diseases,183,Clostridium difficile,1,Number,2015,241.7418507,241.7418507,141.8823789
1,Deaths,,Latin America and Caribbean,3,Both,11,30-34 years,302,Diarrheal diseases,183,Clostridium difficile,1,Number,2016,241.9086986,241.9086986,148.651486
1,Deaths,,Latin America and Caribbean,3,Both,11,30-34 years,302,Diarrheal diseases,183,Clostridium difficile,1,Number,2017,238.1842812,238.1842812,140.6989056
1,Deaths,,Latin America and Caribbean,3,Both,11,30-34 years,302,Diarrheal diseases,183,Clostridium difficile,1,Number,2018,236.8117582,236.8117582,143.1158945
1,Deaths,,Latin America and Caribbean,3,Both,11,30-34 years,302,Diarrheal diseases,183,Clostridium difficile,1,Number,2019,253.7151894,253.7151894,153.6985301
1,Deaths,,Latin America and Caribbean,3,Both,11,30-34 years,302,Diarrheal diseases,183,Clostridium difficile,1,Number,2020,249.5377681,249.5377681,149.9097335
1,Deaths,,Latin America and Caribbean,3,Both,11,30-34 years,302,Diarrheal diseases,183,Clostridium difficile,1,Number,2021,250.7733476,250.7733476,152.1960998
1,Deaths,,Latin America and Caribbean,3,Both,12,35-39 years,302,Diarrheal diseases,183,Clostridium difficile,1,Number,1990,182.991593,182.991593,88.35818416
1,Deaths,,Latin America and Caribbean,3,Both,12,35-39 years,302,Diarrheal diseases,183,Clostridium difficile,1,Number,1991,189.1583067,189.1583067,92.23484603
1,Deaths,,Latin America and Caribbean,3,Both,12,35-39 years,302,Diarrheal diseases,183,Clostridium difficile,1,Number,1992,191.0021042,191.0021042,92.39892709
1,Deaths,,Latin America and Caribbean,3,Both,12,35-39 years,302,Diarrheal diseases,183,Clostridium difficile,1,Number,1993,197.7618161,197.7618161,101.2161279
1,Deaths,,Latin America and Caribbean,3,Both,12,35-39 years,302,Diarrheal diseases,183,Clostridium difficile,1,Number,1994,200.4654363,200.4654363,102.2643444
1,Deaths,,Latin America and Caribbean,3,Both,12,35-39 years,302,Diarrheal diseases,183,Clostridium difficile,1,Number,1995,207.6031394,207.6031394,101.4579749
1,Deaths,,Latin America and Caribbean,3,Both,12,35-39 years,302,Diarrheal diseases,183,Clostridium difficile,1,Number,1996,202.9735778,202.9735778,107.3481142
1,Deaths,,Latin America and Caribbean,3,Both,12,35-39 years,302,Diarrheal diseases,183,Clostridium difficile,1,Number,1997,214.0053684,214.0053684,107.6546473
1,Deaths,,Latin America and Caribbean,3,Both,12,35-39 years,302,Diarrheal diseases,183,Clostridium difficile,1,Number,1998,217.4052531,217.4052531,112.287334
1,Deaths,,Latin America and Caribbean,3,Both,12,35-39 years,302,Diarrheal diseases,183,Clostridium difficile,1,Number,1999,202.0039502,202.0039502,105.1229342
1,Deaths,,Latin America and Caribbean,3,Both,12,35-39 years,302,Diarrheal diseases,183,Clostridium difficile,1,Number,2000,202.4136339,202.4136339,104.1769268
1,Deaths,,Latin America and Caribbean,3,Both,12,35-39 years,302,Diarrheal diseases,183,Clostridium difficile,1,Number,2001,204.6979826,204.6979826,102.5660324
1,Deaths,,Latin America and Caribbean,3,Both,12,35-39 years,302,Diarrheal diseases,183,Clostridium difficile,1,Number,2002,203.515079,203.515079,110.3877786
1,Deaths,,Latin America and Caribbean,3,Both,12,35-39 years,302,Diarrheal diseases,183,Clostridium difficile,1,Number,2003,204.3460414,204.3460414,110.6063252
1,Deaths,,Latin America and Caribbean,3,Both,12,35-39 years,302,Diarrheal diseases,183,Clostridium difficile,1,Number,2004,209.4601075,209.4601075,109.9145978
1,Deaths,,Latin America and Caribbean,3,Both,12,35-39 years,302,Diarrheal diseases,183,Clostridium difficile,1,Number,2005,216.6317004,216.6317004,115.2986429
1,Deaths,,Latin America and Caribbean,3,Both,12,35-39 years,302,Diarrheal diseases,183,Clostridium difficile,1,Number,2006,219.0062523,219.0062523,125.0193345
1,Deaths,,Latin America and Caribbean,3,Both,12,35-39 years,302,Diarrheal diseases,183,Clostridium difficile,1,Number,2007,229.6689623,229.6689623,124.5200421
1,Deaths,,Latin America and Caribbean,3,Both,12,35-39 years,302,Diarrheal diseases,183,Clostridium difficile,1,Number,2008,236.7219098,236.7219098,134.2403443
1,Deaths,,Latin America and Caribbean,3,Both,12,35-39 years,302,Diarrheal diseases,183,Clostridium difficile,1,Number,2009,255.966511,255.966511,145.6625222
1,Deaths,,Latin America and Caribbean,3,Both,12,35-39 years,302,Diarrheal diseases,183,Clostridium difficile,1,Number,2010,271.4168146,271.4168146,154.3598907
1,Deaths,,Latin America and Caribbean,3,Both,12,35-39 years,302,Diarrheal diseases,183,Clostridium difficile,1,Number,2011,277.7552913,277.7552913,165.1289079
1,Deaths,,Latin America and Caribbean,3,Both,12,35-39 years,302,Diarrheal diseases,183,Clostridium difficile,1,Number,2012,288.4539218,288.4539218,175.4808122
1,Deaths,,Latin America and Caribbean,3,Both,12,35-39 years,302,Diarrheal diseases,183,Clostridium difficile,1,Number,2013,297.3527648,297.3527648,180.3041752
1,Deaths,,Latin America and Caribbean,3,Both,12,35-39 years,302,Diarrheal diseases,183,Clostridium difficile,1,Number,2014,304.9076247,304.9076247,183.5786913
1,Deaths,,Latin America and Caribbean,3,Both,12,35-39 years,302,Diarrheal diseases,183,Clostridium difficile,1,Number,2015,317.3130196,317.3130196,198.8363428
1,Deaths,,Latin America and Caribbean,3,Both,12,35-39 years,302,Diarrheal diseases,183,Clostridium difficile,1,Number,2016,331.4064869,331.4064869,201.4202339
1,Deaths,,Latin America and Caribbean,3,Both,12,35-39 years,302,Diarrheal diseases,183,Clostridium difficile,1,Number,2017,324.3068518,324.3068518,198.6749798
1,Deaths,,Latin America and Caribbean,3,Both,12,35-39 years,302,Diarrheal diseases,183,Clostridium difficile,1,Number,2018,327.8140293,327.8140293,202.2272272
1,Deaths,,Latin America and Caribbean,3,Both,12,35-39 years,302,Diarrheal diseases,183,Clostridium difficile,1,Number,2019,350.1267864,350.1267864,218.3907487
1,Deaths,,Latin America and Caribbean,3,Both,12,35-39 years,302,Diarrheal diseases,183,Clostridium difficile,1,Number,2020,351.3012338,351.3012338,218.0625729
1,Deaths,,Latin America and Caribbean,3,Both,12,35-39 years,302,Diarrheal diseases,183,Clostridium difficile,1,Number,2021,363.8358133,363.8358133,219.0511185
1,Deaths,,Latin America and Caribbean,3,Both,13,40-44 years,302,Diarrheal diseases,183,Clostridium difficile,1,Number,1990,218.8587716,218.8587716,112.1066547
1,Deaths,,Latin America and Caribbean,3,Both,13,40-44 years,302,Diarrheal diseases,183,Clostridium difficile,1,Number,1991,238.819697,238.819697,107.7830003
1,Deaths,,Latin America and Caribbean,3,Both,13,40-44 years,302,Diarrheal diseases,183,Clostridium difficile,1,Number,1992,238.0015201,238.0015201,114.4547589
1,Deaths,,Latin America and Caribbean,3,Both,13,40-44 years,302,Diarrheal diseases,183,Clostridium difficile,1,Number,1993,251.0791021,251.0791021,121.9769616
1,Deaths,,Latin America and Caribbean,3,Both,13,40-44 years,302,Diarrheal diseases,183,Clostridium difficile,1,Number,1994,255.1657102,255.1657102,126.8183396
1,Deaths,,Latin America and Caribbean,3,Both,13,40-44 years,302,Diarrheal diseases,183,Clostridium difficile,1,Number,1995,262.3419289,262.3419289,130.9993228
1,Deaths,,Latin America and Caribbean,3,Both,13,40-44 years,302,Diarrheal diseases,183,Clostridium difficile,1,Number,1996,265.0990408,265.0990408,131.069783
1,Deaths,,Latin America and Caribbean,3,Both,13,40-44 years,302,Diarrheal diseases,183,Clostridium difficile,1,Number,1997,279.7854958,279.7854958,136.0755266
1,Deaths,,Latin America and Caribbean,3,Both,13,40-44 years,302,Diarrheal diseases,183,Clostridium difficile,1,Number,1998,284.0217101,284.0217101,149.2653289
1,Deaths,,Latin America and Caribbean,3,Both,13,40-44 years,302,Diarrheal diseases,183,Clostridium difficile,1,Number,1999,270.9957924,270.9957924,135.6274398
1,Deaths,,Latin America and Caribbean,3,Both,13,40-44 years,302,Diarrheal diseases,183,Clostridium difficile,1,Number,2000,270.4493875,270.4493875,139.5950802
1,Deaths,,Latin America and Caribbean,3,Both,13,40-44 years,302,Diarrheal diseases,183,Clostridium difficile,1,Number,2001,274.2733383,274.2733383,140.4990073
1,Deaths,,Latin America and Caribbean,3,Both,13,40-44 years,302,Diarrheal diseases,183,Clostridium difficile,1,Number,2002,280.8457042,280.8457042,147.8426536
1,Deaths,,Latin America and Caribbean,3,Both,13,40-44 years,302,Diarrheal diseases,183,Clostridium difficile,1,Number,2003,289.4454221,289.4454221,148.1114014
1,Deaths,,Latin America and Caribbean,3,Both,13,40-44 years,302,Diarrheal diseases,183,Clostridium difficile,1,Number,2004,294.2788294,294.2788294,154.8974426
1,Deaths,,Latin America and Caribbean,3,Both,13,40-44 years,302,Diarrheal diseases,183,Clostridium difficile,1,Number,2005,306.6700851,306.6700851,163.7400578
1,Deaths,,Latin America and Caribbean,3,Both,13,40-44 years,302,Diarrheal diseases,183,Clostridium difficile,1,Number,2006,318.8848412,318.8848412,172.7063088
1,Deaths,,Latin America and Caribbean,3,Both,13,40-44 years,302,Diarrheal diseases,183,Clostridium difficile,1,Number,2007,328.1699359,328.1699359,180.8868561
1,Deaths,,Latin America and Caribbean,3,Both,13,40-44 years,302,Diarrheal diseases,183,Clostridium difficile,1,Number,2008,343.6475894,343.6475894,192.3822051
1,Deaths,,Latin America and Caribbean,3,Both,13,40-44 years,302,Diarrheal diseases,183,Clostridium difficile,1,Number,2009,370.0878298,370.0878298,203.8273104
1,Deaths,,Latin America and Caribbean,3,Both,13,40-44 years,302,Diarrheal diseases,183,Clostridium difficile,1,Number,2010,383.5094471,383.5094471,220.3643441
1,Deaths,,Latin America and Caribbean,3,Both,13,40-44 years,302,Diarrheal diseases,183,Clostridium difficile,1,Number,2011,395.0992587,395.0992587,228.5255155
1,Deaths,,Latin America and Caribbean,3,Both,13,40-44 years,302,Diarrheal diseases,183,Clostridium difficile,1,Number,2012,406.7409869,406.7409869,241.1796837
1,Deaths,,Latin America and Caribbean,3,Both,13,40-44 years,302,Diarrheal diseases,183,Clostridium difficile,1,Number,2013,415.3492872,415.3492872,244.9935637
1,Deaths,,Latin America and Caribbean,3,Both,13,40-44 years,302,Diarrheal diseases,183,Clostridium difficile,1,Number,2014,419.0352509,419.0352509,247.9142473
1,Deaths,,Latin America and Caribbean,3,Both,13,40-44 years,302,Diarrheal diseases,183,Clostridium difficile,1,Number,2015,434.2856663,434.2856663,266.5662987
1,Deaths,,Latin America and Caribbean,3,Both,13,40-44 years,302,Diarrheal diseases,183,Clostridium difficile,1,Number,2016,447.9447273,447.9447273,273.9720814
1,Deaths,,Latin America and Caribbean,3,Both,13,40-44 years,302,Diarrheal diseases,183,Clostridium difficile,1,Number,2017,442.7730308,442.7730308,265.2606589
1,Deaths,,Latin America and Caribbean,3,Both,13,40-44 years,302,Diarrheal diseases,183,Clostridium difficile,1,Number,2018,445.7648572,445.7648572,273.119068
1,Deaths,,Latin America and Caribbean,3,Both,13,40-44 years,302,Diarrheal diseases,183,Clostridium difficile,1,Number,2019,475.079838,475.079838,301.628505
1,Deaths,,Latin America and Caribbean,3,Both,13,40-44 years,302,Diarrheal diseases,183,Clostridium difficile,1,Number,2020,487.5228014,487.5228014,304.1182953
1,Deaths,,Latin America and Caribbean,3,Both,13,40-44 years,302,Diarrheal diseases,183,Clostridium difficile,1,Number,2021,506.6519107,506.6519107,304.7046339
1,Deaths,,Latin America and Caribbean,3,Both,14,45-49 years,302,Diarrheal diseases,183,Clostridium difficile,1,Number,1990,286.7442976,286.7442976,136.1543601
1,Deaths,,Latin America and Caribbean,3,Both,14,45-49 years,302,Diarrheal diseases,183,Clostridium difficile,1,Number,1991,290.3715082,290.3715082,140.447668
1,Deaths,,Latin America and Caribbean,3,Both,14,45-49 years,302,Diarrheal diseases,183,Clostridium difficile,1,Number,1992,291.4300881,291.4300881,146.471241
1,Deaths,,Latin America and Caribbean,3,Both,14,45-49 years,302,Diarrheal diseases,183,Clostridium difficile,1,Number,1993,310.6566688,310.6566688,155.323807
1,Deaths,,Latin America and Caribbean,3,Both,14,45-49 years,302,Diarrheal diseases,183,Clostridium difficile,1,Number,1994,319.4795938,319.4795938,158.7740847
1,Deaths,,Latin America and Caribbean,3,Both,14,45-49 years,302,Diarrheal diseases,183,Clostridium difficile,1,Number,1995,328.6324186,328.6324186,163.0627045
1,Deaths,,Latin America and Caribbean,3,Both,14,45-49 years,302,Diarrheal diseases,183,Clostridium difficile,1,Number,1996,334.2350618,334.2350618,165.4342046
1,Deaths,,Latin America and Caribbean,3,Both,14,45-49 years,302,Diarrheal diseases,183,Clostridium difficile,1,Number,1997,348.707392,348.707392,174.3456117
1,Deaths,,Latin America and Caribbean,3,Both,14,45-49 years,302,Diarrheal diseases,183,Clostridium difficile,1,Number,1998,362.7927107,362.7927107,187.3127537
1,Deaths,,Latin America and Caribbean,3,Both,14,45-49 years,302,Diarrheal diseases,183,Clostridium difficile,1,Number,1999,346.7251463,346.7251463,174.9103784
1,Deaths,,Latin America and Caribbean,3,Both,14,45-49 years,302,Diarrheal diseases,183,Clostridium difficile,1,Number,2000,355.4255625,355.4255625,177.9181478
1,Deaths,,Latin America and Caribbean,3,Both,14,45-49 years,302,Diarrheal diseases,183,Clostridium difficile,1,Number,2001,358.9680656,358.9680656,185.9946325
1,Deaths,,Latin America and Caribbean,3,Both,14,45-49 years,302,Diarrheal diseases,183,Clostridium difficile,1,Number,2002,370.614465,370.614465,197.639491
1,Deaths,,Latin America and Caribbean,3,Both,14,45-49 years,302,Diarrheal diseases,183,Clostridium difficile,1,Number,2003,382.2293028,382.2293028,203.1437729
1,Deaths,,Latin America and Caribbean,3,Both,14,45-49 years,302,Diarrheal diseases,183,Clostridium difficile,1,Number,2004,393.4372612,393.4372612,212.1553237
1,Deaths,,Latin America and Caribbean,3,Both,14,45-49 years,302,Diarrheal diseases,183,Clostridium difficile,1,Number,2005,418.4555237,418.4555237,222.087683
1,Deaths,,Latin America and Caribbean,3,Both,14,45-49 years,302,Diarrheal diseases,183,Clostridium difficile,1,Number,2006,432.4798929,432.4798929,241.3944221
1,Deaths,,Latin America and Caribbean,3,Both,14,45-49 years,302,Diarrheal diseases,183,Clostridium difficile,1,Number,2007,449.5615845,449.5615845,253.7238439
1,Deaths,,Latin America and Caribbean,3,Both,14,45-49 years,302,Diarrheal diseases,183,Clostridium difficile,1,Number,2008,475.9452383,475.9452383,267.767523
1,Deaths,,Latin America and Caribbean,3,Both,14,45-49 years,302,Diarrheal diseases,183,Clostridium difficile,1,Number,2009,508.9116895,508.9116895,296.1850021
1,Deaths,,Latin America and Caribbean,3,Both,14,45-49 years,302,Diarrheal diseases,183,Clostridium difficile,1,Number,2010,547.2345979,547.2345979,315.8463915
1,Deaths,,Latin America and Caribbean,3,Both,14,45-49 years,302,Diarrheal diseases,183,Clostridium difficile,1,Number,2011,569.8714605,569.8714605,325.1617735
1,Deaths,,Latin America and Caribbean,3,Both,14,45-49 years,302,Diarrheal diseases,183,Clostridium difficile,1,Number,2012,585.7731547,585.7731547,345.0086446
1,Deaths,,Latin America and Caribbean,3,Both,14,45-49 years,302,Diarrheal diseases,183,Clostridium difficile,1,Number,2013,606.7109594,606.7109594,345.5212929
1,Deaths,,Latin America and Caribbean,3,Both,14,45-49 years,302,Diarrheal diseases,183,Clostridium difficile,1,Number,2014,593.9207496,593.9207496,363.3726278
1,Deaths,,Latin America and Caribbean,3,Both,14,45-49 years,302,Diarrheal diseases,183,Clostridium difficile,1,Number,2015,625.2095932,625.2095932,371.1232738
1,Deaths,,Latin America and Caribbean,3,Both,14,45-49 years,302,Diarrheal diseases,183,Clostridium difficile,1,Number,2016,625.4265972,625.4265972,391.4838214
1,Deaths,,Latin America and Caribbean,3,Both,14,45-49 years,302,Diarrheal diseases,183,Clostridium difficile,1,Number,2017,614.2157233,614.2157233,372.7385672
1,Deaths,,Latin America and Caribbean,3,Both,14,45-49 years,302,Diarrheal diseases,183,Clostridium difficile,1,Number,2018,617.1618619,617.1618619,382.9598108
1,Deaths,,Latin America and Caribbean,3,Both,14,45-49 years,302,Diarrheal diseases,183,Clostridium difficile,1,Number,2019,671.6913728,671.6913728,403.0653345
1,Deaths,,Latin America and Caribbean,3,Both,14,45-49 years,302,Diarrheal diseases,183,Clostridium difficile,1,Number,2020,686.5080817,686.5080817,421.0548031
1,Deaths,,Latin America and Caribbean,3,Both,14,45-49 years,302,Diarrheal diseases,183,Clostridium difficile,1,Number,2021,706.2612566,706.2612566,425.9823807
1,Deaths,,Latin America and Caribbean,3,Both,6,5-9 years,302,Diarrheal diseases,183,Clostridium difficile,1,Number,1990,147.7462008,147.7462008,66.52792682
1,Deaths,,Latin America and Caribbean,3,Both,6,5-9 years,302,Diarrheal diseases,183,Clostridium difficile,1,Number,1991,141.1335168,141.1335168,66.68576202
1,Deaths,,Latin America and Caribbean,3,Both,6,5-9 years,302,Diarrheal diseases,183,Clostridium difficile,1,Number,1992,128.7714476,128.7714476,62.28480926
1,Deaths,,Latin America and Caribbean,3,Both,6,5-9 years,302,Diarrheal diseases,183,Clostridium difficile,1,Number,1993,126.006953,126.006953,60.19875802
1,Deaths,,Latin America and Caribbean,3,Both,6,5-9 years,302,Diarrheal diseases,183,Clostridium difficile,1,Number,1994,120.9667817,120.9667817,59.65128835
1,Deaths,,Latin America and Caribbean,3,Both,6,5-9 years,302,Diarrheal diseases,183,Clostridium difficile,1,Number,1995,118.8005229,118.8005229,55.49760745
1,Deaths,,Latin America and Caribbean,3,Both,6,5-9 years,302,Diarrheal diseases,183,Clostridium difficile,1,Number,1996,114.5316094,114.5316094,55.58218206
1,Deaths,,Latin America and Caribbean,3,Both,6,5-9 years,302,Diarrheal diseases,183,Clostridium difficile,1,Number,1997,111.6697639,111.6697639,55.68672358
1,Deaths,,Latin America and Caribbean,3,Both,6,5-9 years,302,Diarrheal diseases,183,Clostridium difficile,1,Number,1998,110.2333507,110.2333507,53.53667838
1,Deaths,,Latin America and Caribbean,3,Both,6,5-9 years,302,Diarrheal diseases,183,Clostridium difficile,1,Number,1999,104.5253684,104.5253684,48.25454865
1,Deaths,,Latin America and Caribbean,3,Both,6,5-9 years,302,Diarrheal diseases,183,Clostridium difficile,1,Number,2000,100.5280318,100.5280318,47.76516683
1,Deaths,,Latin America and Caribbean,3,Both,6,5-9 years,302,Diarrheal diseases,183,Clostridium difficile,1,Number,2001,95.78215376,95.78215376,48.49910077
1,Deaths,,Latin America and Caribbean,3,Both,6,5-9 years,302,Diarrheal diseases,183,Clostridium difficile,1,Number,2002,95.79629986,95.79629986,47.7166056
1,Deaths,,Latin America and Caribbean,3,Both,6,5-9 years,302,Diarrheal diseases,183,Clostridium difficile,1,Number,2003,94.44113937,94.44113937,45.94930377
1,Deaths,,Latin America and Caribbean,3,Both,6,5-9 years,302,Diarrheal diseases,183,Clostridium difficile,1,Number,2004,92.919367,92.919367,46.80636898
1,Deaths,,Latin America and Caribbean,3,Both,6,5-9 years,302,Diarrheal diseases,183,Clostridium difficile,1,Number,2005,93.38818919,93.38818919,49.01360817
1,Deaths,,Latin America and Caribbean,3,Both,6,5-9 years,302,Diarrheal diseases,183,Clostridium difficile,1,Number,2006,96.11109802,96.11109802,47.91410153
1,Deaths,,Latin America and Caribbean,3,Both,6,5-9 years,302,Diarrheal diseases,183,Clostridium difficile,1,Number,2007,97.00831564,97.00831564,48.62991364
1,Deaths,,Latin America and Caribbean,3,Both,6,5-9 years,302,Diarrheal diseases,183,Clostridium difficile,1,Number,2008,97.18494805,97.18494805,50.64446352
1,Deaths,,Latin America and Caribbean,3,Both,6,5-9 years,302,Diarrheal diseases,183,Clostridium difficile,1,Number,2009,100.481912,100.481912,52.28530594
1,Deaths,,Latin America and Caribbean,3,Both,6,5-9 years,302,Diarrheal diseases,183,Clostridium difficile,1,Number,2010,102.6950291,102.6950291,56.81388367
1,Deaths,,Latin America and Caribbean,3,Both,6,5-9 years,302,Diarrheal diseases,183,Clostridium difficile,1,Number,2011,99.54244443,99.54244443,54.96306953
1,Deaths,,Latin America and Caribbean,3,Both,6,5-9 years,302,Diarrheal diseases,183,Clostridium difficile,1,Number,2012,99.18741573,99.18741573,54.56861904
1,Deaths,,Latin America and Caribbean,3,Both,6,5-9 years,302,Diarrheal diseases,183,Clostridium difficile,1,Number,2013,96.57277326,96.57277326,52.88991699
1,Deaths,,Latin America and Caribbean,3,Both,6,5-9 years,302,Diarrheal diseases,183,Clostridium difficile,1,Number,2014,94.30372982,94.30372982,53.28349165
1,Deaths,,Latin America and Caribbean,3,Both,6,5-9 years,302,Diarrheal diseases,183,Clostridium difficile,1,Number,2015,94.77793767,94.77793767,52.65774735
1,Deaths,,Latin America and Caribbean,3,Both,6,5-9 years,302,Diarrheal diseases,183,Clostridium difficile,1,Number,2016,94.85702888,94.85702888,51.16943598
1,Deaths,,Latin America and Caribbean,3,Both,6,5-9 years,302,Diarrheal diseases,183,Clostridium difficile,1,Number,2017,89.31010479,89.31010479,49.92614726
1,Deaths,,Latin America and Caribbean,3,Both,6,5-9 years,302,Diarrheal diseases,183,Clostridium difficile,1,Number,2018,87.20522862,87.20522862,49.17665098
1,Deaths,,Latin America and Caribbean,3,Both,6,5-9 years,302,Diarrheal diseases,183,Clostridium difficile,1,Number,2019,92.40160087,92.40160087,48.70512594
1,Deaths,,Latin America and Caribbean,3,Both,6,5-9 years,302,Diarrheal diseases,183,Clostridium difficile,1,Number,2020,77.39270795,77.39270795,43.67630044
1,Deaths,,Latin America and Caribbean,3,Both,6,5-9 years,302,Diarrheal diseases,183,Clostridium difficile,1,Number,2021,71.15446515,71.15446515,40.14195068
1,Deaths,,Latin America and Caribbean,3,Both,15,50-54 years,302,Diarrheal diseases,183,Clostridium difficile,1,Number,1990,439.2137879,439.2137879,208.8492624
1,Deaths,,Latin America and Caribbean,3,Both,15,50-54 years,302,Diarrheal diseases,183,Clostridium difficile,1,Number,1991,448.7154746,448.7154746,212.9988355
1,Deaths,,Latin America and Caribbean,3,Both,15,50-54 years,302,Diarrheal diseases,183,Clostridium difficile,1,Number,1992,449.625585,449.625585,217.3335039
1,Deaths,,Latin America and Caribbean,3,Both,15,50-54 years,302,Diarrheal diseases,183,Clostridium difficile,1,Number,1993,461.4510033,461.4510033,237.7455908
1,Deaths,,Latin America and Caribbean,3,Both,15,50-54 years,302,Diarrheal diseases,183,Clostridium difficile,1,Number,1994,468.3973843,468.3973843,238.1420299
1,Deaths,,Latin America and Caribbean,3,Both,15,50-54 years,302,Diarrheal diseases,183,Clostridium difficile,1,Number,1995,473.7274134,473.7274134,240.9830983
1,Deaths,,Latin America and Caribbean,3,Both,15,50-54 years,302,Diarrheal diseases,183,Clostridium difficile,1,Number,1996,470.7370631,470.7370631,242.5499728
1,Deaths,,Latin America and Caribbean,3,Both,15,50-54 years,302,Diarrheal diseases,183,Clostridium difficile,1,Number,1997,489.1465172,489.1465172,258.9665253
1,Deaths,,Latin America and Caribbean,3,Both,15,50-54 years,302,Diarrheal diseases,183,Clostridium difficile,1,Number,1998,516.2599319,516.2599319,272.5534702
1,Deaths,,Latin America and Caribbean,3,Both,15,50-54 years,302,Diarrheal diseases,183,Clostridium difficile,1,Number,1999,490.7419904,490.7419904,254.5250555
1,Deaths,,Latin America and Caribbean,3,Both,15,50-54 years,302,Diarrheal diseases,183,Clostridium difficile,1,Number,2000,501.7048033,501.7048033,257.506304
1,Deaths,,Latin America and Caribbean,3,Both,15,50-54 years,302,Diarrheal diseases,183,Clostridium difficile,1,Number,2001,527.4597558,527.4597558,257.8942953
1,Deaths,,Latin America and Caribbean,3,Both,15,50-54 years,302,Diarrheal diseases,183,Clostridium difficile,1,Number,2002,541.2173987,541.2173987,277.980977
1,Deaths,,Latin America and Caribbean,3,Both,15,50-54 years,302,Diarrheal diseases,183,Clostridium difficile,1,Number,2003,552.5458775,552.5458775,294.3123942
1,Deaths,,Latin America and Caribbean,3,Both,15,50-54 years,302,Diarrheal diseases,183,Clostridium difficile,1,Number,2004,571.9504235,571.9504235,310.176251
1,Deaths,,Latin America and Caribbean,3,Both,15,50-54 years,302,Diarrheal diseases,183,Clostridium difficile,1,Number,2005,618.4749446,618.4749446,324.2724966
1,Deaths,,Latin America and Caribbean,3,Both,15,50-54 years,302,Diarrheal diseases,183,Clostridium difficile,1,Number,2006,645.168328,645.168328,354.172355
1,Deaths,,Latin America and Caribbean,3,Both,15,50-54 years,302,Diarrheal diseases,183,Clostridium difficile,1,Number,2007,672.4798556,672.4798556,376.3161641
1,Deaths,,Latin America and Caribbean,3,Both,15,50-54 years,302,Diarrheal diseases,183,Clostridium difficile,1,Number,2008,714.4820624,714.4820624,399.1741414
1,Deaths,,Latin America and Caribbean,3,Both,15,50-54 years,302,Diarrheal diseases,183,Clostridium difficile,1,Number,2009,769.6418974,769.6418974,439.3801121
1,Deaths,,Latin America and Caribbean,3,Both,15,50-54 years,302,Diarrheal diseases,183,Clostridium difficile,1,Number,2010,836.5142461,836.5142461,474.0978738
1,Deaths,,Latin America and Caribbean,3,Both,15,50-54 years,302,Diarrheal diseases,183,Clostridium difficile,1,Number,2011,856.0788272,856.0788272,508.0473528
1,Deaths,,Latin America and Caribbean,3,Both,15,50-54 years,302,Diarrheal diseases,183,Clostridium difficile,1,Number,2012,884.5525729,884.5525729,542.2602028
1,Deaths,,Latin America and Caribbean,3,Both,15,50-54 years,302,Diarrheal diseases,183,Clostridium difficile,1,Number,2013,920.6549676,920.6549676,548.7489723
1,Deaths,,Latin America and Caribbean,3,Both,15,50-54 years,302,Diarrheal diseases,183,Clostridium difficile,1,Number,2014,932.2105507,932.2105507,571.16747
1,Deaths,,Latin America and Caribbean,3,Both,15,50-54 years,302,Diarrheal diseases,183,Clostridium difficile,1,Number,2015,992.7796526,992.7796526,592.8772248
1,Deaths,,Latin America and Caribbean,3,Both,15,50-54 years,302,Diarrheal diseases,183,Clostridium difficile,1,Number,2016,1009.305065,1009.305065,616.0472989
1,Deaths,,Latin America and Caribbean,3,Both,15,50-54 years,302,Diarrheal diseases,183,Clostridium difficile,1,Number,2017,982.2042374,982.2042374,597.4985456
1,Deaths,,Latin America and Caribbean,3,Both,15,50-54 years,302,Diarrheal diseases,183,Clostridium difficile,1,Number,2018,1000.832916,1000.832916,601.2753924
1,Deaths,,Latin America and Caribbean,3,Both,15,50-54 years,302,Diarrheal diseases,183,Clostridium difficile,1,Number,2019,1057.473412,1057.473412,654.2765
1,Deaths,,Latin America and Caribbean,3,Both,15,50-54 years,302,Diarrheal diseases,183,Clostridium difficile,1,Number,2020,1108.579432,1108.579432,658.766468
1,Deaths,,Latin America and Caribbean,3,Both,15,50-54 years,302,Diarrheal diseases,183,Clostridium difficile,1,Number,2021,1103.982286,1103.982286,679.0369606
1,Deaths,,Latin America and Caribbean,3,Both,16,55-59 years,302,Diarrheal diseases,183,Clostridium difficile,1,Number,1990,561.3683291,561.3683291,263.5649495
1,Deaths,,Latin America and Caribbean,3,Both,16,55-59 years,302,Diarrheal diseases,183,Clostridium difficile,1,Number,1991,568.9321248,568.9321248,266.0565297
1,Deaths,,Latin America and Caribbean,3,Both,16,55-59 years,302,Diarrheal diseases,183,Clostridium difficile,1,Number,1992,582.2632041,582.2632041,265.3965861
1,Deaths,,Latin America and Caribbean,3,Both,16,55-59 years,302,Diarrheal diseases,183,Clostridium difficile,1,Number,1993,603.4696201,603.4696201,288.6381741
1,Deaths,,Latin America and Caribbean,3,Both,16,55-59 years,302,Diarrheal diseases,183,Clostridium difficile,1,Number,1994,591.6046003,591.6046003,308.6069296
1,Deaths,,Latin America and Caribbean,3,Both,16,55-59 years,302,Diarrheal diseases,183,Clostridium difficile,1,Number,1995,605.5898032,605.5898032,308.5735743
1,Deaths,,Latin America and Caribbean,3,Both,16,55-59 years,302,Diarrheal diseases,183,Clostridium difficile,1,Number,1996,611.1617184,611.1617184,300.4150849
1,Deaths,,Latin America and Caribbean,3,Both,16,55-59 years,302,Diarrheal diseases,183,Clostridium difficile,1,Number,1997,625.0951897,625.0951897,315.2129797
1,Deaths,,Latin America and Caribbean,3,Both,16,55-59 years,302,Diarrheal diseases,183,Clostridium difficile,1,Number,1998,655.0628687,655.0628687,321.0105542
1,Deaths,,Latin America and Caribbean,3,Both,16,55-59 years,302,Diarrheal diseases,183,Clostridium difficile,1,Number,1999,627.8077095,627.8077095,285.5418078
1,Deaths,,Latin America and Caribbean,3,Both,16,55-59 years,302,Diarrheal diseases,183,Clostridium difficile,1,Number,2000,620.8098668,620.8098668,298.2712924
1,Deaths,,Latin America and Caribbean,3,Both,16,55-59 years,302,Diarrheal diseases,183,Clostridium difficile,1,Number,2001,624.1391777,624.1391777,313.0109106
1,Deaths,,Latin America and Caribbean,3,Both,16,55-59 years,302,Diarrheal diseases,183,Clostridium difficile,1,Number,2002,650.0998585,650.0998585,331.5592848
1,Deaths,,Latin America and Caribbean,3,Both,16,55-59 years,302,Diarrheal diseases,183,Clostridium difficile,1,Number,2003,677.3718459,677.3718459,341.5520011
1,Deaths,,Latin America and Caribbean,3,Both,16,55-59 years,302,Diarrheal diseases,183,Clostridium difficile,1,Number,2004,705.8052944,705.8052944,361.5246581
1,Deaths,,Latin America and Caribbean,3,Both,16,55-59 years,302,Diarrheal diseases,183,Clostridium difficile,1,Number,2005,758.8321596,758.8321596,379.2005239
1,Deaths,,Latin America and Caribbean,3,Both,16,55-59 years,302,Diarrheal diseases,183,Clostridium difficile,1,Number,2006,800.6816348,800.6816348,422.1713572
1,Deaths,,Latin America and Caribbean,3,Both,16,55-59 years,302,Diarrheal diseases,183,Clostridium difficile,1,Number,2007,836.2646939,836.2646939,450.1984217
1,Deaths,,Latin America and Caribbean,3,Both,16,55-59 years,302,Diarrheal diseases,183,Clostridium difficile,1,Number,2008,885.8930766,885.8930766,476.9925709
1,Deaths,,Latin America and Caribbean,3,Both,16,55-59 years,302,Diarrheal diseases,183,Clostridium difficile,1,Number,2009,948.5330226,948.5330226,531.6353736
1,Deaths,,Latin America and Caribbean,3,Both,16,55-59 years,302,Diarrheal diseases,183,Clostridium difficile,1,Number,2010,1045.794271,1045.794271,586.505059
1,Deaths,,Latin America and Caribbean,3,Both,16,55-59 years,302,Diarrheal diseases,183,Clostridium difficile,1,Number,2011,1103.19946,1103.19946,605.3917154
1,Deaths,,Latin America and Caribbean,3,Both,16,55-59 years,302,Diarrheal diseases,183,Clostridium difficile,1,Number,2012,1154.590115,1154.590115,656.3182405
1,Deaths,,Latin America and Caribbean,3,Both,16,55-59 years,302,Diarrheal diseases,183,Clostridium difficile,1,Number,2013,1201.411659,1201.411659,681.129593
1,Deaths,,Latin America and Caribbean,3,Both,16,55-59 years,302,Diarrheal diseases,183,Clostridium difficile,1,Number,2014,1230.336793,1230.336793,704.5572145
1,Deaths,,Latin America and Caribbean,3,Both,16,55-59 years,302,Diarrheal diseases,183,Clostridium difficile,1,Number,2015,1294.476418,1294.476418,759.3002446
1,Deaths,,Latin America and Caribbean,3,Both,16,55-59 years,302,Diarrheal diseases,183,Clostridium difficile,1,Number,2016,1341.105977,1341.105977,781.5084648
1,Deaths,,Latin America and Caribbean,3,Both,16,55-59 years,302,Diarrheal diseases,183,Clostridium difficile,1,Number,2017,1305.502787,1305.502787,782.1581176
1,Deaths,,Latin America and Caribbean,3,Both,16,55-59 years,302,Diarrheal diseases,183,Clostridium difficile,1,Number,2018,1336.684131,1336.684131,797.5468422
1,Deaths,,Latin America and Caribbean,3,Both,16,55-59 years,302,Diarrheal diseases,183,Clostridium difficile,1,Number,2019,1449.986798,1449.986798,856.453928
1,Deaths,,Latin America and Caribbean,3,Both,16,55-59 years,302,Diarrheal diseases,183,Clostridium difficile,1,Number,2020,1491.924941,1491.924941,925.9161087
1,Deaths,,Latin America and Caribbean,3,Both,16,55-59 years,302,Diarrheal diseases,183,Clostridium difficile,1,Number,2021,1565.404062,1565.404062,888.279776
1,Deaths,,Latin America and Caribbean,3,Both,17,60-64 years,302,Diarrheal diseases,183,Clostridium difficile,1,Number,1990,723.7654299,723.7654299,343.057427
1,Deaths,,Latin America and Caribbean,3,Both,17,60-64 years,302,Diarrheal diseases,183,Clostridium difficile,1,Number,1991,736.7759926,736.7759926,357.6925438
1,Deaths,,Latin America and Caribbean,3,Both,17,60-64 years,302,Diarrheal diseases,183,Clostridium difficile,1,Number,1992,748.3727159,748.3727159,366.5768476
1,Deaths,,Latin America and Caribbean,3,Both,17,60-64 years,302,Diarrheal diseases,183,Clostridium difficile,1,Number,1993,784.0210353,784.0210353,386.6967735
1,Deaths,,Latin America and Caribbean,3,Both,17,60-64 years,302,Diarrheal diseases,183,Clostridium difficile,1,Number,1994,781.121779,781.121779,388.9604159
1,Deaths,,Latin America and Caribbean,3,Both,17,60-64 years,302,Diarrheal diseases,183,Clostridium difficile,1,Number,1995,774.0908537,774.0908537,402.8938696
1,Deaths,,Latin America and Caribbean,3,Both,17,60-64 years,302,Diarrheal diseases,183,Clostridium difficile,1,Number,1996,774.2162696,774.2162696,389.1770646
1,Deaths,,Latin America and Caribbean,3,Both,17,60-64 years,302,Diarrheal diseases,183,Clostridium difficile,1,Number,1997,787.8514452,787.8514452,415.4328627
1,Deaths,,Latin America and Caribbean,3,Both,17,60-64 years,302,Diarrheal diseases,183,Clostridium difficile,1,Number,1998,816.7560165,816.7560165,433.4410775
1,Deaths,,Latin America and Caribbean,3,Both,17,60-64 years,302,Diarrheal diseases,183,Clostridium difficile,1,Number,1999,785.5889226,785.5889226,385.751862
1,Deaths,,Latin America and Caribbean,3,Both,17,60-64 years,302,Diarrheal diseases,183,Clostridium difficile,1,Number,2000,777.0053287,777.0053287,405.9506738
1,Deaths,,Latin America and Caribbean,3,Both,17,60-64 years,302,Diarrheal diseases,183,Clostridium difficile,1,Number,2001,796.2896188,796.2896188,403.9480697
1,Deaths,,Latin America and Caribbean,3,Both,17,60-64 years,302,Diarrheal diseases,183,Clostridium difficile,1,Number,2002,808.2610926,808.2610926,431.0998141
1,Deaths,,Latin America and Caribbean,3,Both,17,60-64 years,302,Diarrheal diseases,183,Clostridium difficile,1,Number,2003,823.6288338,823.6288338,444.010324
1,Deaths,,Latin America and Caribbean,3,Both,17,60-64 years,302,Diarrheal diseases,183,Clostridium difficile,1,Number,2004,868.0548996,868.0548996,440.1117266
1,Deaths,,Latin America and Caribbean,3,Both,17,60-64 years,302,Diarrheal diseases,183,Clostridium difficile,1,Number,2005,902.7918918,902.7918918,463.6704087
1,Deaths,,Latin America and Caribbean,3,Both,17,60-64 years,302,Diarrheal diseases,183,Clostridium difficile,1,Number,2006,928.0247635,928.0247635,516.232373
1,Deaths,,Latin America and Caribbean,3,Both,17,60-64 years,302,Diarrheal diseases,183,Clostridium difficile,1,Number,2007,970.4697813,970.4697813,552.9959525
1,Deaths,,Latin America and Caribbean,3,Both,17,60-64 years,302,Diarrheal diseases,183,Clostridium difficile,1,Number,2008,1033.758991,1033.758991,586.3619132
1,Deaths,,Latin America and Caribbean,3,Both,17,60-64 years,302,Diarrheal diseases,183,Clostridium difficile,1,Number,2009,1131.273788,1131.273788,624.4647941
1,Deaths,,Latin America and Caribbean,3,Both,17,60-64 years,302,Diarrheal diseases,183,Clostridium difficile,1,Number,2010,1233.555556,1233.555556,697.0573137
1,Deaths,,Latin America and Caribbean,3,Both,17,60-64 years,302,Diarrheal diseases,183,Clostridium difficile,1,Number,2011,1290.020443,1290.020443,756.657714
1,Deaths,,Latin America and Caribbean,3,Both,17,60-64 years,302,Diarrheal diseases,183,Clostridium difficile,1,Number,2012,1367.36482,1367.36482,796.7411769
1,Deaths,,Latin America and Caribbean,3,Both,17,60-64 years,302,Diarrheal diseases,183,Clostridium difficile,1,Number,2013,1406.750849,1406.750849,847.553783
1,Deaths,,Latin America and Caribbean,3,Both,17,60-64 years,302,Diarrheal diseases,183,Clostridium difficile,1,Number,2014,1476.101496,1476.101496,862.9835899
1,Deaths,,Latin America and Caribbean,3,Both,17,60-64 years,302,Diarrheal diseases,183,Clostridium difficile,1,Number,2015,1576.43088,1576.43088,946.3544017
1,Deaths,,Latin America and Caribbean,3,Both,17,60-64 years,302,Diarrheal diseases,183,Clostridium difficile,1,Number,2016,1627.089162,1627.089162,982.6674399
1,Deaths,,Latin America and Caribbean,3,Both,17,60-64 years,302,Diarrheal diseases,183,Clostridium difficile,1,Number,2017,1623.099163,1623.099163,968.5854942
1,Deaths,,Latin America and Caribbean,3,Both,17,60-64 years,302,Diarrheal diseases,183,Clostridium difficile,1,Number,2018,1667.871141,1667.871141,1000.476627
1,Deaths,,Latin America and Caribbean,3,Both,17,60-64 years,302,Diarrheal diseases,183,Clostridium difficile,1,Number,2019,1787.300253,1787.300253,1112.633071
1,Deaths,,Latin America and Caribbean,3,Both,17,60-64 years,302,Diarrheal diseases,183,Clostridium difficile,1,Number,2020,1876.499285,1876.499285,1162.50469
1,Deaths,,Latin America and Caribbean,3,Both,17,60-64 years,302,Diarrheal diseases,183,Clostridium difficile,1,Number,2021,1874.960428,1874.960428,1175.557506
1,Deaths,,Latin America and Caribbean,3,Both,18,65-69 years,302,Diarrheal diseases,183,Clostridium difficile,1,Number,1990,824.2950231,824.2950231,409.0824436
1,Deaths,,Latin America and Caribbean,3,Both,18,65-69 years,302,Diarrheal diseases,183,Clostridium difficile,1,Number,1991,848.8854494,848.8854494,422.351214
1,Deaths,,Latin America and Caribbean,3,Both,18,65-69 years,302,Diarrheal diseases,183,Clostridium difficile,1,Number,1992,867.6009548,867.6009548,437.0191399
1,Deaths,,Latin America and Caribbean,3,Both,18,65-69 years,302,Diarrheal diseases,183,Clostridium difficile,1,Number,1993,915.7027878,915.7027878,466.3327665
1,Deaths,,Latin America and Caribbean,3,Both,18,65-69 years,302,Diarrheal diseases,183,Clostridium difficile,1,Number,1994,915.7401772,915.7401772,484.370385
1,Deaths,,Latin America and Caribbean,3,Both,18,65-69 years,302,Diarrheal diseases,183,Clostridium difficile,1,Number,1995,943.1211097,943.1211097,489.8369988
1,Deaths,,Latin America and Caribbean,3,Both,18,65-69 years,302,Diarrheal diseases,183,Clostridium difficile,1,Number,1996,949.2208549,949.2208549,492.3366748
1,Deaths,,Latin America and Caribbean,3,Both,18,65-69 years,302,Diarrheal diseases,183,Clostridium difficile,1,Number,1997,978.2225813,978.2225813,512.1037907
1,Deaths,,Latin America and Caribbean,3,Both,18,65-69 years,302,Diarrheal diseases,183,Clostridium difficile,1,Number,1998,1016.394603,1016.394603,518.9416485
1,Deaths,,Latin America and Caribbean,3,Both,18,65-69 years,302,Diarrheal diseases,183,Clostridium difficile,1,Number,1999,936.0628477,936.0628477,489.0963602
1,Deaths,,Latin America and Caribbean,3,Both,18,65-69 years,302,Diarrheal diseases,183,Clostridium difficile,1,Number,2000,928.6636039,928.6636039,493.4675286
1,Deaths,,Latin America and Caribbean,3,Both,18,65-69 years,302,Diarrheal diseases,183,Clostridium difficile,1,Number,2001,939.2380739,939.2380739,496.9649987
1,Deaths,,Latin America and Caribbean,3,Both,18,65-69 years,302,Diarrheal diseases,183,Clostridium difficile,1,Number,2002,972.0823838,972.0823838,518.8915575
1,Deaths,,Latin America and Caribbean,3,Both,18,65-69 years,302,Diarrheal diseases,183,Clostridium difficile,1,Number,2003,990.0585777,990.0585777,544.2972878
1,Deaths,,Latin America and Caribbean,3,Both,18,65-69 years,302,Diarrheal diseases,183,Clostridium difficile,1,Number,2004,1036.665997,1036.665997,561.4310436
1,Deaths,,Latin America and Caribbean,3,Both,18,65-69 years,302,Diarrheal diseases,183,Clostridium difficile,1,Number,2005,1078.050258,1078.050258,605.2830818
1,Deaths,,Latin America and Caribbean,3,Both,18,65-69 years,302,Diarrheal diseases,183,Clostridium difficile,1,Number,2006,1137.34148,1137.34148,633.2534751
1,Deaths,,Latin America and Caribbean,3,Both,18,65-69 years,302,Diarrheal diseases,183,Clostridium difficile,1,Number,2007,1166.110118,1166.110118,666.9279395
1,Deaths,,Latin America and Caribbean,3,Both,18,65-69 years,302,Diarrheal diseases,183,Clostridium difficile,1,Number,2008,1223.174845,1223.174845,691.0326553
1,Deaths,,Latin America and Caribbean,3,Both,18,65-69 years,302,Diarrheal diseases,183,Clostridium difficile,1,Number,2009,1297.868379,1297.868379,746.5715266
1,Deaths,,Latin America and Caribbean,3,Both,18,65-69 years,302,Diarrheal diseases,183,Clostridium difficile,1,Number,2010,1414.783537,1414.783537,810.2678905
1,Deaths,,Latin America and Caribbean,3,Both,18,65-69 years,302,Diarrheal diseases,183,Clostridium difficile,1,Number,2011,1447.497975,1447.497975,880.9573995
1,Deaths,,Latin America and Caribbean,3,Both,18,65-69 years,302,Diarrheal diseases,183,Clostridium difficile,1,Number,2012,1560.750253,1560.750253,910.1408987
1,Deaths,,Latin America and Caribbean,3,Both,18,65-69 years,302,Diarrheal diseases,183,Clostridium difficile,1,Number,2013,1597.64038,1597.64038,984.8055445
1,Deaths,,Latin America and Caribbean,3,Both,18,65-69 years,302,Diarrheal diseases,183,Clostridium difficile,1,Number,2014,1659.820496,1659.820496,1034.423
1,Deaths,,Latin America and Caribbean,3,Both,18,65-69 years,302,Diarrheal diseases,183,Clostridium difficile,1,Number,2015,1789.138673,1789.138673,1106.929976
1,Deaths,,Latin America and Caribbean,3,Both,18,65-69 years,302,Diarrheal diseases,183,Clostridium difficile,1,Number,2016,1864.942431,1864.942431,1148.677317
1,Deaths,,Latin America and Caribbean,3,Both,18,65-69 years,302,Diarrheal diseases,183,Clostridium difficile,1,Number,2017,1845.648058,1845.648058,1150.527452
1,Deaths,,Latin America and Caribbean,3,Both,18,65-69 years,302,Diarrheal diseases,183,Clostridium difficile,1,Number,2018,1928.458054,1928.458054,1168.962346
1,Deaths,,Latin America and Caribbean,3,Both,18,65-69 years,302,Diarrheal diseases,183,Clostridium difficile,1,Number,2019,2073.640456,2073.640456,1314.16783
1,Deaths,,Latin America and Caribbean,3,Both,18,65-69 years,302,Diarrheal diseases,183,Clostridium difficile,1,Number,2020,2203.581311,2203.581311,1361.653297
1,Deaths,,Latin America and Caribbean,3,Both,18,65-69 years,302,Diarrheal diseases,183,Clostridium difficile,1,Number,2021,2219.730324,2219.730324,1336.499925
1,Deaths,,Latin America and Caribbean,3,Both,19,70-74 years,302,Diarrheal diseases,183,Clostridium difficile,1,Number,1990,816.4655792,816.4655792,405.5098617
1,Deaths,,Latin America and Caribbean,3,Both,19,70-74 years,302,Diarrheal diseases,183,Clostridium difficile,1,Number,1991,835.3342616,835.3342616,408.1764036
1,Deaths,,Latin America and Caribbean,3,Both,19,70-74 years,302,Diarrheal diseases,183,Clostridium difficile,1,Number,1992,854.1786371,854.1786371,425.0978923
1,Deaths,,Latin America and Caribbean,3,Both,19,70-74 years,302,Diarrheal diseases,183,Clostridium difficile,1,Number,1993,899.8412132,899.8412132,459.8513331
1,Deaths,,Latin America and Caribbean,3,Both,19,70-74 years,302,Diarrheal diseases,183,Clostridium difficile,1,Number,1994,904.4067817,904.4067817,471.1428601
1,Deaths,,Latin America and Caribbean,3,Both,19,70-74 years,302,Diarrheal diseases,183,Clostridium difficile,1,Number,1995,906.6703847,906.6703847,486.7874151
1,Deaths,,Latin America and Caribbean,3,Both,19,70-74 years,302,Diarrheal diseases,183,Clostridium difficile,1,Number,1996,930.56296,930.56296,472.6785128
1,Deaths,,Latin America and Caribbean,3,Both,19,70-74 years,302,Diarrheal diseases,183,Clostridium difficile,1,Number,1997,964.4964717,964.4964717,498.2154936
1,Deaths,,Latin America and Caribbean,3,Both,19,70-74 years,302,Diarrheal diseases,183,Clostridium difficile,1,Number,1998,1003.669578,1003.669578,527.3437246
1,Deaths,,Latin America and Caribbean,3,Both,19,70-74 years,302,Diarrheal diseases,183,Clostridium difficile,1,Number,1999,948.1164542,948.1164542,494.7932787
1,Deaths,,Latin America and Caribbean,3,Both,19,70-74 years,302,Diarrheal diseases,183,Clostridium difficile,1,Number,2000,970.0002517,970.0002517,496.8895336
1,Deaths,,Latin America and Caribbean,3,Both,19,70-74 years,302,Diarrheal diseases,183,Clostridium difficile,1,Number,2001,980.4606318,980.4606318,521.8865203
1,Deaths,,Latin America and Caribbean,3,Both,19,70-74 years,302,Diarrheal diseases,183,Clostridium difficile,1,Number,2002,1020.919444,1020.919444,534.8498414
1,Deaths,,Latin America and Caribbean,3,Both,19,70-74 years,302,Diarrheal diseases,183,Clostridium difficile,1,Number,2003,1046.595941,1046.595941,555.1099011
1,Deaths,,Latin America and Caribbean,3,Both,19,70-74 years,302,Diarrheal diseases,183,Clostridium difficile,1,Number,2004,1079.491495,1079.491495,580.0922671
1,Deaths,,Latin America and Caribbean,3,Both,19,70-74 years,302,Diarrheal diseases,183,Clostridium difficile,1,Number,2005,1109.492767,1109.492767,625.7289795
1,Deaths,,Latin America and Caribbean,3,Both,19,70-74 years,302,Diarrheal diseases,183,Clostridium difficile,1,Number,2006,1167.935419,1167.935419,647.895015
1,Deaths,,Latin America and Caribbean,3,Both,19,70-74 years,302,Diarrheal diseases,183,Clostridium difficile,1,Number,2007,1210.691215,1210.691215,675.3511251
1,Deaths,,Latin America and Caribbean,3,Both,19,70-74 years,302,Diarrheal diseases,183,Clostridium difficile,1,Number,2008,1252.966526,1252.966526,717.8996199
1,Deaths,,Latin America and Caribbean,3,Both,19,70-74 years,302,Diarrheal diseases,183,Clostridium difficile,1,Number,2009,1328.740593,1328.740593,782.09355
1,Deaths,,Latin America and Caribbean,3,Both,19,70-74 years,302,Diarrheal diseases,183,Clostridium difficile,1,Number,2010,1444.24676,1444.24676,871.472063
1,Deaths,,Latin America and Caribbean,3,Both,19,70-74 years,302,Diarrheal diseases,183,Clostridium difficile,1,Number,2011,1505.42706,1505.42706,899.1097782
1,Deaths,,Latin America and Caribbean,3,Both,19,70-74 years,302,Diarrheal diseases,183,Clostridium difficile,1,Number,2012,1564.548586,1564.548586,944.0590303
1,Deaths,,Latin America and Caribbean,3,Both,19,70-74 years,302,Diarrheal diseases,183,Clostridium difficile,1,Number,2013,1610.242455,1610.242455,982.8203809
1,Deaths,,Latin America and Caribbean,3,Both,19,70-74 years,302,Diarrheal diseases,183,Clostridium difficile,1,Number,2014,1661.157361,1661.157361,1005.493381
1,Deaths,,Latin America and Caribbean,3,Both,19,70-74 years,302,Diarrheal diseases,183,Clostridium difficile,1,Number,2015,1743.772205,1743.772205,1071.938393
1,Deaths,,Latin America and Caribbean,3,Both,19,70-74 years,302,Diarrheal diseases,183,Clostridium difficile,1,Number,2016,1782.032907,1782.032907,1098.097483
1,Deaths,,Latin America and Caribbean,3,Both,19,70-74 years,302,Diarrheal diseases,183,Clostridium difficile,1,Number,2017,1791.298059,1791.298059,1084.384705
1,Deaths,,Latin America and Caribbean,3,Both,19,70-74 years,302,Diarrheal diseases,183,Clostridium difficile,1,Number,2018,1827.840305,1827.840305,1152.844055
1,Deaths,,Latin America and Caribbean,3,Both,19,70-74 years,302,Diarrheal diseases,183,Clostridium difficile,1,Number,2019,2021.840075,2021.840075,1257.410647
1,Deaths,,Latin America and Caribbean,3,Both,19,70-74 years,302,Diarrheal diseases,183,Clostridium difficile,1,Number,2020,2115.455816,2115.455816,1284.78263
1,Deaths,,Latin America and Caribbean,3,Both,19,70-74 years,302,Diarrheal diseases,183,Clostridium difficile,1,Number,2021,2100.502182,2100.502182,1319.207438
1,Deaths,,Latin America and Caribbean,3,Both,20,75-79 years,302,Diarrheal diseases,183,Clostridium difficile,1,Number,1990,880.1572476,880.1572476,437.5292347
1,Deaths,,Latin America and Caribbean,3,Both,20,75-79 years,302,Diarrheal diseases,183,Clostridium difficile,1,Number,1991,884.3821366,884.3821366,430.3573012
1,Deaths,,Latin America and Caribbean,3,Both,20,75-79 years,302,Diarrheal diseases,183,Clostridium difficile,1,Number,1992,888.3115842,888.3115842,443.3369663
1,Deaths,,Latin America and Caribbean,3,Both,20,75-79 years,302,Diarrheal diseases,183,Clostridium difficile,1,Number,1993,924.3855142,924.3855142,471.7851935
1,Deaths,,Latin America and Caribbean,3,Both,20,75-79 years,302,Diarrheal diseases,183,Clostridium difficile,1,Number,1994,917.4657153,917.4657153,472.3223594
1,Deaths,,Latin America and Caribbean,3,Both,20,75-79 years,302,Diarrheal diseases,183,Clostridium difficile,1,Number,1995,936.077952,936.077952,468.783931
1,Deaths,,Latin America and Caribbean,3,Both,20,75-79 years,302,Diarrheal diseases,183,Clostridium difficile,1,Number,1996,929.0467647,929.0467647,485.8209756
1,Deaths,,Latin America and Caribbean,3,Both,20,75-79 years,302,Diarrheal diseases,183,Clostridium difficile,1,Number,1997,970.3424054,970.3424054,505.6735744
1,Deaths,,Latin America and Caribbean,3,Both,20,75-79 years,302,Diarrheal diseases,183,Clostridium difficile,1,Number,1998,1012.477916,1012.477916,533.3737295
1,Deaths,,Latin America and Caribbean,3,Both,20,75-79 years,302,Diarrheal diseases,183,Clostridium difficile,1,Number,1999,958.4815097,958.4815097,497.941787
1,Deaths,,Latin America and Caribbean,3,Both,20,75-79 years,302,Diarrheal diseases,183,Clostridium difficile,1,Number,2000,963.8285437,963.8285437,515.5852748
1,Deaths,,Latin America and Caribbean,3,Both,20,75-79 years,302,Diarrheal diseases,183,Clostridium difficile,1,Number,2001,1002.608697,1002.608697,528.6638051
1,Deaths,,Latin America and Caribbean,3,Both,20,75-79 years,302,Diarrheal diseases,183,Clostridium difficile,1,Number,2002,1053.414298,1053.414298,558.7138981
1,Deaths,,Latin America and Caribbean,3,Both,20,75-79 years,302,Diarrheal diseases,183,Clostridium difficile,1,Number,2003,1101.121078,1101.121078,587.1842752
1,Deaths,,Latin America and Caribbean,3,Both,20,75-79 years,302,Diarrheal diseases,183,Clostridium difficile,1,Number,2004,1157.979061,1157.979061,625.8995424
1,Deaths,,Latin America and Caribbean,3,Both,20,75-79 years,302,Diarrheal diseases,183,Clostridium difficile,1,Number,2005,1215.172645,1215.172645,682.7977833
1,Deaths,,Latin America and Caribbean,3,Both,20,75-79 years,302,Diarrheal diseases,183,Clostridium difficile,1,Number,2006,1289.074643,1289.074643,723.9895251
1,Deaths,,Latin America and Caribbean,3,Both,20,75-79 years,302,Diarrheal diseases,183,Clostridium difficile,1,Number,2007,1331.32391,1331.32391,760.0568482
1,Deaths,,Latin America and Caribbean,3,Both,20,75-79 years,302,Diarrheal diseases,183,Clostridium difficile,1,Number,2008,1382.345397,1382.345397,791.7963739
1,Deaths,,Latin America and Caribbean,3,Both,20,75-79 years,302,Diarrheal diseases,183,Clostridium difficile,1,Number,2009,1464.517711,1464.517711,850.5744039
1,Deaths,,Latin America and Caribbean,3,Both,20,75-79 years,302,Diarrheal diseases,183,Clostridium difficile,1,Number,2010,1602.518783,1602.518783,937.2179433
1,Deaths,,Latin America and Caribbean,3,Both,20,75-79 years,302,Diarrheal diseases,183,Clostridium difficile,1,Number,2011,1671.009987,1671.009987,980.5765249
1,Deaths,,Latin America and Caribbean,3,Both,20,75-79 years,302,Diarrheal diseases,183,Clostridium difficile,1,Number,2012,1739.871289,1739.871289,1050.854785
1,Deaths,,Latin America and Caribbean,3,Both,20,75-79 years,302,Diarrheal diseases,183,Clostridium difficile,1,Number,2013,1810.299894,1810.299894,1104.286378
1,Deaths,,Latin America and Caribbean,3,Both,20,75-79 years,302,Diarrheal diseases,183,Clostridium difficile,1,Number,2014,1868.599552,1868.599552,1162.047481
1,Deaths,,Latin America and Caribbean,3,Both,20,75-79 years,302,Diarrheal diseases,183,Clostridium difficile,1,Number,2015,1976.057235,1976.057235,1243.221576
1,Deaths,,Latin America and Caribbean,3,Both,20,75-79 years,302,Diarrheal diseases,183,Clostridium difficile,1,Number,2016,2001.59079,2001.59079,1255.87357
1,Deaths,,Latin America and Caribbean,3,Both,20,75-79 years,302,Diarrheal diseases,183,Clostridium difficile,1,Number,2017,1959.592158,1959.592158,1247.676222
1,Deaths,,Latin America and Caribbean,3,Both,20,75-79 years,302,Diarrheal diseases,183,Clostridium difficile,1,Number,2018,2029.948642,2029.948642,1258.710728
1,Deaths,,Latin America and Caribbean,3,Both,20,75-79 years,302,Diarrheal diseases,183,Clostridium difficile,1,Number,2019,2220.699539,2220.699539,1367.421483
1,Deaths,,Latin America and Caribbean,3,Both,20,75-79 years,302,Diarrheal diseases,183,Clostridium difficile,1,Number,2020,2228.534841,2228.534841,1398.078703
1,Deaths,,Latin America and Caribbean,3,Both,20,75-79 years,302,Diarrheal diseases,183,Clostridium difficile,1,Number,2021,2203.904069,2203.904069,1387.321006
1,Deaths,,Latin America and Caribbean,3,Both,30,80-84 years,302,Diarrheal diseases,183,Clostridium difficile,1,Number,1990,804.4416445,804.4416445,370.7244113
1,Deaths,,Latin America and Caribbean,3,Both,30,80-84 years,302,Diarrheal diseases,183,Clostridium difficile,1,Number,1991,796.452628,796.452628,396.7025514
1,Deaths,,Latin America and Caribbean,3,Both,30,80-84 years,302,Diarrheal diseases,183,Clostridium difficile,1,Number,1992,818.8323318,818.8323318,407.9691551
1,Deaths,,Latin America and Caribbean,3,Both,30,80-84 years,302,Diarrheal diseases,183,Clostridium difficile,1,Number,1993,867.3807667,867.3807667,443.1511159
1,Deaths,,Latin America and Caribbean,3,Both,30,80-84 years,302,Diarrheal diseases,183,Clostridium difficile,1,Number,1994,874.6155284,874.6155284,448.2609025
1,Deaths,,Latin America and Caribbean,3,Both,30,80-84 years,302,Diarrheal diseases,183,Clostridium difficile,1,Number,1995,882.4943919,882.4943919,446.6178968
1,Deaths,,Latin America and Caribbean,3,Both,30,80-84 years,302,Diarrheal diseases,183,Clostridium difficile,1,Number,1996,863.7451716,863.7451716,449.4087578
1,Deaths,,Latin America and Caribbean,3,Both,30,80-84 years,302,Diarrheal diseases,183,Clostridium difficile,1,Number,1997,886.9517987,886.9517987,460.0985638
1,Deaths,,Latin America and Caribbean,3,Both,30,80-84 years,302,Diarrheal diseases,183,Clostridium difficile,1,Number,1998,927.8282274,927.8282274,468.6249071
1,Deaths,,Latin America and Caribbean,3,Both,30,80-84 years,302,Diarrheal diseases,183,Clostridium difficile,1,Number,1999,876.2925168,876.2925168,429.8454101
1,Deaths,,Latin America and Caribbean,3,Both,30,80-84 years,302,Diarrheal diseases,183,Clostridium difficile,1,Number,2000,871.1043774,871.1043774,452.826539
1,Deaths,,Latin America and Caribbean,3,Both,30,80-84 years,302,Diarrheal diseases,183,Clostridium difficile,1,Number,2001,895.9471827,895.9471827,473.5694099
1,Deaths,,Latin America and Caribbean,3,Both,30,80-84 years,302,Diarrheal diseases,183,Clostridium difficile,1,Number,2002,953.8241578,953.8241578,493.3233768
1,Deaths,,Latin America and Caribbean,3,Both,30,80-84 years,302,Diarrheal diseases,183,Clostridium difficile,1,Number,2003,996.7319878,996.7319878,528.4293884
1,Deaths,,Latin America and Caribbean,3,Both,30,80-84 years,302,Diarrheal diseases,183,Clostridium difficile,1,Number,2004,1048.373726,1048.373726,569.1194097
1,Deaths,,Latin America and Caribbean,3,Both,30,80-84 years,302,Diarrheal diseases,183,Clostridium difficile,1,Number,2005,1126.006627,1126.006627,602.718432
1,Deaths,,Latin America and Caribbean,3,Both,30,80-84 years,302,Diarrheal diseases,183,Clostridium difficile,1,Number,2006,1212.326508,1212.326508,645.0356055
1,Deaths,,Latin America and Caribbean,3,Both,30,80-84 years,302,Diarrheal diseases,183,Clostridium difficile,1,Number,2007,1257.418343,1257.418343,702.652827
1,Deaths,,Latin America and Caribbean,3,Both,30,80-84 years,302,Diarrheal diseases,183,Clostridium difficile,1,Number,2008,1344.38991,1344.38991,733.5340806
1,Deaths,,Latin America and Caribbean,3,Both,30,80-84 years,302,Diarrheal diseases,183,Clostridium difficile,1,Number,2009,1436.919202,1436.919202,818.1197649
1,Deaths,,Latin America and Caribbean,3,Both,30,80-84 years,302,Diarrheal diseases,183,Clostridium difficile,1,Number,2010,1604.08009,1604.08009,922.6673082
1,Deaths,,Latin America and Caribbean,3,Both,30,80-84 years,302,Diarrheal diseases,183,Clostridium difficile,1,Number,2011,1691.723782,1691.723782,1002.593644
1,Deaths,,Latin America and Caribbean,3,Both,30,80-84 years,302,Diarrheal diseases,183,Clostridium difficile,1,Number,2012,1805.544624,1805.544624,1041.793535
1,Deaths,,Latin America and Caribbean,3,Both,30,80-84 years,302,Diarrheal diseases,183,Clostridium difficile,1,Number,2013,1877.192169,1877.192169,1090.797217
1,Deaths,,Latin America and Caribbean,3,Both,30,80-84 years,302,Diarrheal diseases,183,Clostridium difficile,1,Number,2014,1931.569941,1931.569941,1142.719549
1,Deaths,,Latin America and Caribbean,3,Both,30,80-84 years,302,Diarrheal diseases,183,Clostridium difficile,1,Number,2015,2039.991586,2039.991586,1223.671248
1,Deaths,,Latin America and Caribbean,3,Both,30,80-84 years,302,Diarrheal diseases,183,Clostridium difficile,1,Number,2016,2066.688164,2066.688164,1235.694067
1,Deaths,,Latin America and Caribbean,3,Both,30,80-84 years,302,Diarrheal diseases,183,Clostridium difficile,1,Number,2017,2055.466129,2055.466129,1215.355154
1,Deaths,,Latin America and Caribbean,3,Both,30,80-84 years,302,Diarrheal diseases,183,Clostridium difficile,1,Number,2018,2085.99484,2085.99484,1272.257195
1,Deaths,,Latin America and Caribbean,3,Both,30,80-84 years,302,Diarrheal diseases,183,Clostridium difficile,1,Number,2019,2308.857992,2308.857992,1375.8303
1,Deaths,,Latin America and Caribbean,3,Both,30,80-84 years,302,Diarrheal diseases,183,Clostridium difficile,1,Number,2020,2294.424285,2294.424285,1418.712738
1,Deaths,,Latin America and Caribbean,3,Both,30,80-84 years,302,Diarrheal diseases,183,Clostridium difficile,1,Number,2021,2242.919081,2242.919081,1368.186756
1,Deaths,,Latin America and Caribbean,3,Both,31,85-89 years,302,Diarrheal diseases,183,Clostridium difficile,1,Number,1990,650.459765,650.459765,305.5960389
1,Deaths,,Latin America and Caribbean,3,Both,31,85-89 years,302,Diarrheal diseases,183,Clostridium difficile,1,Number,1991,659.673866,659.673866,316.6649928
1,Deaths,,Latin America and Caribbean,3,Both,31,85-89 years,302,Diarrheal diseases,183,Clostridium difficile,1,Number,1992,665.4414807,665.4414807,337.5557394
1,Deaths,,Latin America and Caribbean,3,Both,31,85-89 years,302,Diarrheal diseases,183,Clostridium difficile,1,Number,1993,709.4853732,709.4853732,350.1132355
1,Deaths,,Latin America and Caribbean,3,Both,31,85-89 years,302,Diarrheal diseases,183,Clostridium difficile,1,Number,1994,698.8019771,698.8019771,358.2164114
1,Deaths,,Latin America and Caribbean,3,Both,31,85-89 years,302,Diarrheal diseases,183,Clostridium difficile,1,Number,1995,716.0594966,716.0594966,352.8332566
1,Deaths,,Latin America and Caribbean,3,Both,31,85-89 years,302,Diarrheal diseases,183,Clostridium difficile,1,Number,1996,725.7638393,725.7638393,348.4835151
1,Deaths,,Latin America and Caribbean,3,Both,31,85-89 years,302,Diarrheal diseases,183,Clostridium difficile,1,Number,1997,727.8003334,727.8003334,367.254238
1,Deaths,,Latin America and Caribbean,3,Both,31,85-89 years,302,Diarrheal diseases,183,Clostridium difficile,1,Number,1998,737.0101242,737.0101242,373.7469849
1,Deaths,,Latin America and Caribbean,3,Both,31,85-89 years,302,Diarrheal diseases,183,Clostridium difficile,1,Number,1999,702.5924377,702.5924377,345.4246098
1,Deaths,,Latin America and Caribbean,3,Both,31,85-89 years,302,Diarrheal diseases,183,Clostridium difficile,1,Number,2000,692.0639393,692.0639393,371.9235759
1,Deaths,,Latin America and Caribbean,3,Both,31,85-89 years,302,Diarrheal diseases,183,Clostridium difficile,1,Number,2001,737.9436056,737.9436056,354.3820761
1,Deaths,,Latin America and Caribbean,3,Both,31,85-89 years,302,Diarrheal diseases,183,Clostridium difficile,1,Number,2002,762.8427116,762.8427116,384.4497962
1,Deaths,,Latin America and Caribbean,3,Both,31,85-89 years,302,Diarrheal diseases,183,Clostridium difficile,1,Number,2003,786.5652218,786.5652218,416.1871666
1,Deaths,,Latin America and Caribbean,3,Both,31,85-89 years,302,Diarrheal diseases,183,Clostridium difficile,1,Number,2004,837.2191466,837.2191466,432.087266
1,Deaths,,Latin America and Caribbean,3,Both,31,85-89 years,302,Diarrheal diseases,183,Clostridium difficile,1,Number,2005,895.6695127,895.6695127,455.9230527
1,Deaths,,Latin America and Caribbean,3,Both,31,85-89 years,302,Diarrheal diseases,183,Clostridium difficile,1,Number,2006,942.2445671,942.2445671,498.8302544
1,Deaths,,Latin America and Caribbean,3,Both,31,85-89 years,302,Diarrheal diseases,183,Clostridium difficile,1,Number,2007,994.4974904,994.4974904,535.2969182
1,Deaths,,Latin America and Caribbean,3,Both,31,85-89 years,302,Diarrheal diseases,183,Clostridium difficile,1,Number,2008,1047.701842,1047.701842,576.3756962
1,Deaths,,Latin America and Caribbean,3,Both,31,85-89 years,302,Diarrheal diseases,183,Clostridium difficile,1,Number,2009,1128.565797,1128.565797,641.2386889
1,Deaths,,Latin America and Caribbean,3,Both,31,85-89 years,302,Diarrheal diseases,183,Clostridium difficile,1,Number,2010,1264.316134,1264.316134,737.65387
1,Deaths,,Latin America and Caribbean,3,Both,31,85-89 years,302,Diarrheal diseases,183,Clostridium difficile,1,Number,2011,1396.22423,1396.22423,782.5525238
1,Deaths,,Latin America and Caribbean,3,Both,31,85-89 years,302,Diarrheal diseases,183,Clostridium difficile,1,Number,2012,1491.438593,1491.438593,850.8702277
1,Deaths,,Latin America and Caribbean,3,Both,31,85-89 years,302,Diarrheal diseases,183,Clostridium difficile,1,Number,2013,1566.245898,1566.245898,933.7327506
1,Deaths,,Latin America and Caribbean,3,Both,31,85-89 years,302,Diarrheal diseases,183,Clostridium difficile,1,Number,2014,1680.101477,1680.101477,980.2882678
1,Deaths,,Latin America and Caribbean,3,Both,31,85-89 years,302,Diarrheal diseases,183,Clostridium difficile,1,Number,2015,1813.237862,1813.237862,1072.000685
1,Deaths,,Latin America and Caribbean,3,Both,31,85-89 years,302,Diarrheal diseases,183,Clostridium difficile,1,Number,2016,1864.881698,1864.881698,1093.741197
1,Deaths,,Latin America and Caribbean,3,Both,31,85-89 years,302,Diarrheal diseases,183,Clostridium difficile,1,Number,2017,1851.505835,1851.505835,1096.958712
1,Deaths,,Latin America and Caribbean,3,Both,31,85-89 years,302,Diarrheal diseases,183,Clostridium difficile,1,Number,2018,1893.428662,1893.428662,1127.832693
1,Deaths,,Latin America and Caribbean,3,Both,31,85-89 years,302,Diarrheal diseases,183,Clostridium difficile,1,Number,2019,2062.340304,2062.340304,1234.831282
1,Deaths,,Latin America and Caribbean,3,Both,31,85-89 years,302,Diarrheal diseases,183,Clostridium difficile,1,Number,2020,2007.682454,2007.682454,1215.770688
1,Deaths,,Latin America and Caribbean,3,Both,31,85-89 years,302,Diarrheal diseases,183,Clostridium difficile,1,Number,2021,1975.829561,1975.829561,1144.035426
1,Deaths,,Latin America and Caribbean,3,Both,32,90-94 years,302,Diarrheal diseases,183,Clostridium difficile,1,Number,1990,245.9574064,245.9574064,116.9311857
1,Deaths,,Latin America and Caribbean,3,Both,32,90-94 years,302,Diarrheal diseases,183,Clostridium difficile,1,Number,1991,253.9489324,253.9489324,119.9718342
1,Deaths,,Latin America and Caribbean,3,Both,32,90-94 years,302,Diarrheal diseases,183,Clostridium difficile,1,Number,1992,262.1928323,262.1928323,130.4708965
1,Deaths,,Latin America and Caribbean,3,Both,32,90-94 years,302,Diarrheal diseases,183,Clostridium difficile,1,Number,1993,286.6590451,286.6590451,146.3346789
1,Deaths,,Latin America and Caribbean,3,Both,32,90-94 years,302,Diarrheal diseases,183,Clostridium difficile,1,Number,1994,307.0179889,307.0179889,154.9417549
1,Deaths,,Latin America and Caribbean,3,Both,32,90-94 years,302,Diarrheal diseases,183,Clostridium difficile,1,Number,1995,338.2575707,338.2575707,166.7287122
1,Deaths,,Latin America and Caribbean,3,Both,32,90-94 years,302,Diarrheal diseases,183,Clostridium difficile,1,Number,1996,359.8064827,359.8064827,174.3780571
1,Deaths,,Latin America and Caribbean,3,Both,32,90-94 years,302,Diarrheal diseases,183,Clostridium difficile,1,Number,1997,379.3821934,379.3821934,189.2517315
1,Deaths,,Latin America and Caribbean,3,Both,32,90-94 years,302,Diarrheal diseases,183,Clostridium difficile,1,Number,1998,399.9017754,399.9017754,193.6134094
1,Deaths,,Latin America and Caribbean,3,Both,32,90-94 years,302,Diarrheal diseases,183,Clostridium difficile,1,Number,1999,380.3112294,380.3112294,185.5558306
1,Deaths,,Latin America and Caribbean,3,Both,32,90-94 years,302,Diarrheal diseases,183,Clostridium difficile,1,Number,2000,385.0538835,385.0538835,187.8793933
1,Deaths,,Latin America and Caribbean,3,Both,32,90-94 years,302,Diarrheal diseases,183,Clostridium difficile,1,Number,2001,398.788683,398.788683,199.194848
1,Deaths,,Latin America and Caribbean,3,Both,32,90-94 years,302,Diarrheal diseases,183,Clostridium difficile,1,Number,2002,426.7784561,426.7784561,213.8106988
1,Deaths,,Latin America and Caribbean,3,Both,32,90-94 years,302,Diarrheal diseases,183,Clostridium difficile,1,Number,2003,454.2618833,454.2618833,229.971334
1,Deaths,,Latin America and Caribbean,3,Both,32,90-94 years,302,Diarrheal diseases,183,Clostridium difficile,1,Number,2004,478.8446352,478.8446352,249.5625461
1,Deaths,,Latin America and Caribbean,3,Both,32,90-94 years,302,Diarrheal diseases,183,Clostridium difficile,1,Number,2005,518.6057642,518.6057642,262.7188662
1,Deaths,,Latin America and Caribbean,3,Both,32,90-94 years,302,Diarrheal diseases,183,Clostridium difficile,1,Number,2006,544.5418975,544.5418975,286.5976847
1,Deaths,,Latin America and Caribbean,3,Both,32,90-94 years,302,Diarrheal diseases,183,Clostridium difficile,1,Number,2007,572.9216984,572.9216984,306.2855705
1,Deaths,,Latin America and Caribbean,3,Both,32,90-94 years,302,Diarrheal diseases,183,Clostridium difficile,1,Number,2008,608.2429305,608.2429305,319.2477112
1,Deaths,,Latin America and Caribbean,3,Both,32,90-94 years,302,Diarrheal diseases,183,Clostridium difficile,1,Number,2009,651.3540913,651.3540913,355.4311316
1,Deaths,,Latin America and Caribbean,3,Both,32,90-94 years,302,Diarrheal diseases,183,Clostridium difficile,1,Number,2010,737.6832002,737.6832002,407.298276
1,Deaths,,Latin America and Caribbean,3,Both,32,90-94 years,302,Diarrheal diseases,183,Clostridium difficile,1,Number,2011,795.793619,795.793619,440.7653451
1,Deaths,,Latin America and Caribbean,3,Both,32,90-94 years,302,Diarrheal diseases,183,Clostridium difficile,1,Number,2012,856.6838218,856.6838218,482.2273391
1,Deaths,,Latin America and Caribbean,3,Both,32,90-94 years,302,Diarrheal diseases,183,Clostridium difficile,1,Number,2013,906.0899139,906.0899139,537.8044148
1,Deaths,,Latin America and Caribbean,3,Both,32,90-94 years,302,Diarrheal diseases,183,Clostridium difficile,1,Number,2014,982.6583392,982.6583392,572.2106616
1,Deaths,,Latin America and Caribbean,3,Both,32,90-94 years,302,Diarrheal diseases,183,Clostridium difficile,1,Number,2015,1077.984838,1077.984838,627.1875696
1,Deaths,,Latin America and Caribbean,3,Both,32,90-94 years,302,Diarrheal diseases,183,Clostridium difficile,1,Number,2016,1119.91614,1119.91614,651.5349607
1,Deaths,,Latin America and Caribbean,3,Both,32,90-94 years,302,Diarrheal diseases,183,Clostridium difficile,1,Number,2017,1137.736092,1137.736092,666.0958226
1,Deaths,,Latin America and Caribbean,3,Both,32,90-94 years,302,Diarrheal diseases,183,Clostridium difficile,1,Number,2018,1196.093236,1196.093236,686.9063621
1,Deaths,,Latin America and Caribbean,3,Both,32,90-94 years,302,Diarrheal diseases,183,Clostridium difficile,1,Number,2019,1320.628771,1320.628771,774.2105952
1,Deaths,,Latin America and Caribbean,3,Both,32,90-94 years,302,Diarrheal diseases,183,Clostridium difficile,1,Number,2020,1284.694447,1284.694447,740.8338587
1,Deaths,,Latin America and Caribbean,3,Both,32,90-94 years,302,Diarrheal diseases,183,Clostridium difficile,1,Number,2021,1239.232198,1239.232198,697.8515469
1,Deaths,,Latin America and Caribbean,3,Both,235,95+ years,302,Diarrheal diseases,183,Clostridium difficile,1,Number,1990,66.91043417,66.91043417,29.55694003
1,Deaths,,Latin America and Caribbean,3,Both,235,95+ years,302,Diarrheal diseases,183,Clostridium difficile,1,Number,1991,68.45470477,68.45470477,31.54789479
1,Deaths,,Latin America and Caribbean,3,Both,235,95+ years,302,Diarrheal diseases,183,Clostridium difficile,1,Number,1992,72.38616007,72.38616007,33.98565565
1,Deaths,,Latin America and Caribbean,3,Both,235,95+ years,302,Diarrheal diseases,183,Clostridium difficile,1,Number,1993,80.07459956,80.07459956,36.50142701
1,Deaths,,Latin America and Caribbean,3,Both,235,95+ years,302,Diarrheal diseases,183,Clostridium difficile,1,Number,1994,83.51659142,83.51659142,39.25649709
1,Deaths,,Latin America and Caribbean,3,Both,235,95+ years,302,Diarrheal diseases,183,Clostridium difficile,1,Number,1995,91.46566802,91.46566802,42.2197695
1,Deaths,,Latin America and Caribbean,3,Both,235,95+ years,302,Diarrheal diseases,183,Clostridium difficile,1,Number,1996,99.71412254,99.71412254,47.1283943
1,Deaths,,Latin America and Caribbean,3,Both,235,95+ years,302,Diarrheal diseases,183,Clostridium difficile,1,Number,1997,113.1607021,113.1607021,52.39923278
1,Deaths,,Latin America and Caribbean,3,Both,235,95+ years,302,Diarrheal diseases,183,Clostridium difficile,1,Number,1998,124.5270319,124.5270319,60.19223652
1,Deaths,,Latin America and Caribbean,3,Both,235,95+ years,302,Diarrheal diseases,183,Clostridium difficile,1,Number,1999,128.5137216,128.5137216,57.67961124
1,Deaths,,Latin America and Caribbean,3,Both,235,95+ years,302,Diarrheal diseases,183,Clostridium difficile,1,Number,2000,135.4187651,135.4187651,64.54475422
1,Deaths,,Latin America and Caribbean,3,Both,235,95+ years,302,Diarrheal diseases,183,Clostridium difficile,1,Number,2001,152.035513,152.035513,72.50459115
1,Deaths,,Latin America and Caribbean,3,Both,235,95+ years,302,Diarrheal diseases,183,Clostridium difficile,1,Number,2002,170.8054372,170.8054372,80.10906556
1,Deaths,,Latin America and Caribbean,3,Both,235,95+ years,302,Diarrheal diseases,183,Clostridium difficile,1,Number,2003,185.1421482,185.1421482,88.78707414
1,Deaths,,Latin America and Caribbean,3,Both,235,95+ years,302,Diarrheal diseases,183,Clostridium difficile,1,Number,2004,201.1232442,201.1232442,96.55634292
1,Deaths,,Latin America and Caribbean,3,Both,235,95+ years,302,Diarrheal diseases,183,Clostridium difficile,1,Number,2005,217.3800953,217.3800953,104.8171507
1,Deaths,,Latin America and Caribbean,3,Both,235,95+ years,302,Diarrheal diseases,183,Clostridium difficile,1,Number,2006,236.7248726,236.7248726,111.2746666
1,Deaths,,Latin America and Caribbean,3,Both,235,95+ years,302,Diarrheal diseases,183,Clostridium difficile,1,Number,2007,251.7550315,251.7550315,126.8519416
1,Deaths,,Latin America and Caribbean,3,Both,235,95+ years,302,Diarrheal diseases,183,Clostridium difficile,1,Number,2008,276.8823284,276.8823284,138.1111669
1,Deaths,,Latin America and Caribbean,3,Both,235,95+ years,302,Diarrheal diseases,183,Clostridium difficile,1,Number,2009,312.1287907,312.1287907,152.6068296
1,Deaths,,Latin America and Caribbean,3,Both,235,95+ years,302,Diarrheal diseases,183,Clostridium difficile,1,Number,2010,351.5736252,351.5736252,180.4239226
1,Deaths,,Latin America and Caribbean,3,Both,235,95+ years,302,Diarrheal diseases,183,Clostridium difficile,1,Number,2011,380.2219269,380.2219269,198.5175457
1,Deaths,,Latin America and Caribbean,3,Both,235,95+ years,302,Diarrheal diseases,183,Clostridium difficile,1,Number,2012,413.6769388,413.6769388,216.4007207
1,Deaths,,Latin America and Caribbean,3,Both,235,95+ years,302,Diarrheal diseases,183,Clostridium difficile,1,Number,2013,449.737472,449.737472,233.4004708
1,Deaths,,Latin America and Caribbean,3,Both,235,95+ years,302,Diarrheal diseases,183,Clostridium difficile,1,Number,2014,485.1133108,485.1133108,255.8134312
1,Deaths,,Latin America and Caribbean,3,Both,235,95+ years,302,Diarrheal diseases,183,Clostridium difficile,1,Number,2015,533.6718502,533.6718502,286.6059096
1,Deaths,,Latin America and Caribbean,3,Both,235,95+ years,302,Diarrheal diseases,183,Clostridium difficile,1,Number,2016,541.1660749,541.1660749,292.6275207
1,Deaths,,Latin America and Caribbean,3,Both,235,95+ years,302,Diarrheal diseases,183,Clostridium difficile,1,Number,2017,550.6172718,550.6172718,296.4270086
1,Deaths,,Latin America and Caribbean,3,Both,235,95+ years,302,Diarrheal diseases,183,Clostridium difficile,1,Number,2018,572.2003144,572.2003144,314.1929741
1,Deaths,,Latin America and Caribbean,3,Both,235,95+ years,302,Diarrheal diseases,183,Clostridium difficile,1,Number,2019,648.2958934,648.2958934,347.5244615
1,Deaths,,Latin America and Caribbean,3,Both,235,95+ years,302,Diarrheal diseases,183,Clostridium difficile,1,Number,2020,617.4804126,617.4804126,323.0991797
1,Deaths,,Latin America and Caribbean,3,Both,235,95+ years,302,Diarrheal diseases,183,Clostridium difficile,1,Number,2021,599.7081109,599.7081109,306.5679434
1,Deaths,,Latin America and Caribbean,3,Both,1,<5 years,302,Diarrheal diseases,183,Clostridium difficile,1,Number,1990,3539.072956,3539.072956,1698.738735
1,Deaths,,Latin America and Caribbean,3,Both,1,<5 years,302,Diarrheal diseases,183,Clostridium difficile,1,Number,1991,3499.240916,3499.240916,1631.021581
1,Deaths,,Latin America and Caribbean,3,Both,1,<5 years,302,Diarrheal diseases,183,Clostridium difficile,1,Number,1992,3279.278673,3279.278673,1617.655361
1,Deaths,,Latin America and Caribbean,3,Both,1,<5 years,302,Diarrheal diseases,183,Clostridium difficile,1,Number,1993,3242.997531,3242.997531,1625.737586
1,Deaths,,Latin America and Caribbean,3,Both,1,<5 years,302,Diarrheal diseases,183,Clostridium difficile,1,Number,1994,3159.709723,3159.709723,1529.891201
1,Deaths,,Latin America and Caribbean,3,Both,1,<5 years,302,Diarrheal diseases,183,Clostridium difficile,1,Number,1995,3054.285404,3054.285404,1533.78655
1,Deaths,,Latin America and Caribbean,3,Both,1,<5 years,302,Diarrheal diseases,183,Clostridium difficile,1,Number,1996,2997.011669,2997.011669,1439.967229
1,Deaths,,Latin America and Caribbean,3,Both,1,<5 years,302,Diarrheal diseases,183,Clostridium difficile,1,Number,1997,3017.134943,3017.134943,1393.247483
1,Deaths,,Latin America and Caribbean,3,Both,1,<5 years,302,Diarrheal diseases,183,Clostridium difficile,1,Number,1998,2853.414356,2853.414356,1441.805639
1,Deaths,,Latin America and Caribbean,3,Both,1,<5 years,302,Diarrheal diseases,183,Clostridium difficile,1,Number,1999,2564.960268,2564.960268,1262.901798
1,Deaths,,Latin America and Caribbean,3,Both,1,<5 years,302,Diarrheal diseases,183,Clostridium difficile,1,Number,2000,2485.938875,2485.938875,1200.775477
1,Deaths,,Latin America and Caribbean,3,Both,1,<5 years,302,Diarrheal diseases,183,Clostridium difficile,1,Number,2001,2339.969944,2339.969944,1211.466786
1,Deaths,,Latin America and Caribbean,3,Both,1,<5 years,302,Diarrheal diseases,183,Clostridium difficile,1,Number,2002,2330.554725,2330.554725,1151.409219
1,Deaths,,Latin America and Caribbean,3,Both,1,<5 years,302,Diarrheal diseases,183,Clostridium difficile,1,Number,2003,2256.202655,2256.202655,1132.09304
1,Deaths,,Latin America and Caribbean,3,Both,1,<5 years,302,Diarrheal diseases,183,Clostridium difficile,1,Number,2004,2199.140394,2199.140394,1155.909164
1,Deaths,,Latin America and Caribbean,3,Both,1,<5 years,302,Diarrheal diseases,183,Clostridium difficile,1,Number,2005,2227.555916,2227.555916,1159.520541
1,Deaths,,Latin America and Caribbean,3,Both,1,<5 years,302,Diarrheal diseases,183,Clostridium difficile,1,Number,2006,2252.662674,2252.662674,1160.560104
1,Deaths,,Latin America and Caribbean,3,Both,1,<5 years,302,Diarrheal diseases,183,Clostridium difficile,1,Number,2007,2238.65379,2238.65379,1178.835735
1,Deaths,,Latin America and Caribbean,3,Both,1,<5 years,302,Diarrheal diseases,183,Clostridium difficile,1,Number,2008,2255.502791,2255.502791,1106.270556
1,Deaths,,Latin America and Caribbean,3,Both,1,<5 years,302,Diarrheal diseases,183,Clostridium difficile,1,Number,2009,2217.919586,2217.919586,1168.461735
1,Deaths,,Latin America and Caribbean,3,Both,1,<5 years,302,Diarrheal diseases,183,Clostridium difficile,1,Number,2010,2307.799513,2307.799513,1226.958899
1,Deaths,,Latin America and Caribbean,3,Both,1,<5 years,302,Diarrheal diseases,183,Clostridium difficile,1,Number,2011,2293.27966,2293.27966,1229.226908
1,Deaths,,Latin America and Caribbean,3,Both,1,<5 years,302,Diarrheal diseases,183,Clostridium difficile,1,Number,2012,2277.277092,2277.277092,1237.00987
1,Deaths,,Latin America and Caribbean,3,Both,1,<5 years,302,Diarrheal diseases,183,Clostridium difficile,1,Number,2013,2209.219123,2209.219123,1191.670496
1,Deaths,,Latin America and Caribbean,3,Both,1,<5 years,302,Diarrheal diseases,183,Clostridium difficile,1,Number,2014,2145.074687,2145.074687,1197.70462
1,Deaths,,Latin America and Caribbean,3,Both,1,<5 years,302,Diarrheal diseases,183,Clostridium difficile,1,Number,2015,2130.221133,2130.221133,1207.540492
1,Deaths,,Latin America and Caribbean,3,Both,1,<5 years,302,Diarrheal diseases,183,Clostridium difficile,1,Number,2016,2063.653498,2063.653498,1140.44137
1,Deaths,,Latin America and Caribbean,3,Both,1,<5 years,302,Diarrheal diseases,183,Clostridium difficile,1,Number,2017,1956.181112,1956.181112,1070.980351
1,Deaths,,Latin America and Caribbean,3,Both,1,<5 years,302,Diarrheal diseases,183,Clostridium difficile,1,Number,2018,1840.735869,1840.735869,1011.202447
1,Deaths,,Latin America and Caribbean,3,Both,1,<5 years,302,Diarrheal diseases,183,Clostridium difficile,1,Number,2019,1809.348613,1809.348613,946.409534
1,Deaths,,Latin America and Caribbean,3,Both,1,<5 years,302,Diarrheal diseases,183,Clostridium difficile,1,Number,2020,1543.330208,1543.330208,834.8189894
1,Deaths,,Latin America and Caribbean,3,Both,1,<5 years,302,Diarrheal diseases,183,Clostridium difficile,1,Number,2021,1461.282519,1461.282519,729.1281265
1,Deaths,,North Africa and Middle East,3,Both,7,10-14 years,302,Diarrheal diseases,183,Clostridium difficile,1,Number,1990,127.952316,127.952316,59.53420245
1,Deaths,,North Africa and Middle East,3,Both,7,10-14 years,302,Diarrheal diseases,183,Clostridium difficile,1,Number,1991,124.4843517,124.4843517,56.2833991
1,Deaths,,North Africa and Middle East,3,Both,7,10-14 years,302,Diarrheal diseases,183,Clostridium difficile,1,Number,1992,121.00285325,121.00285325,57.1328569
1,Deaths,,North Africa and Middle East,3,Both,7,10-14 years,302,Diarrheal diseases,183,Clostridium difficile,1,Number,1993,127.6776946,127.6776946,54.48668165
1,Deaths,,North Africa and Middle East,3,Both,7,10-14 years,302,Diarrheal diseases,183,Clostridium difficile,1,Number,1994,131.72619825,131.72619825,61.1260902
1,Deaths,,North Africa and Middle East,3,Both,7,10-14 years,302,Diarrheal diseases,183,Clostridium difficile,1,Number,1995,131.1176232,131.1176232,63.79769335
1,Deaths,,North Africa and Middle East,3,Both,7,10-14 years,302,Diarrheal diseases,183,Clostridium difficile,1,Number,1996,134.09804115,134.09804115,61.87939195
1,Deaths,,North Africa and Middle East,3,Both,7,10-14 years,302,Diarrheal diseases,183,Clostridium difficile,1,Number,1997,134.8037382,134.8037382,62.9837089
1,Deaths,,North Africa and Middle East,3,Both,7,10-14 years,302,Diarrheal diseases,183,Clostridium difficile,1,Number,1998,139.26047815,139.26047815,66.0286059
1,Deaths,,North Africa and Middle East,3,Both,7,10-14 years,302,Diarrheal diseases,183,Clostridium difficile,1,Number,1999,135.12186695,135.12186695,66.54574755
1,Deaths,,North Africa and Middle East,3,Both,7,10-14 years,302,Diarrheal diseases,183,Clostridium difficile,1,Number,2000,136.2704802,136.2704802,65.0385804
1,Deaths,,North Africa and Middle East,3,Both,7,10-14 years,302,Diarrheal diseases,183,Clostridium difficile,1,Number,2001,137.89220365,137.89220365,66.11621675
1,Deaths,,North Africa and Middle East,3,Both,7,10-14 years,302,Diarrheal diseases,183,Clostridium difficile,1,Number,2002,137.1959152,137.1959152,71.10509515
1,Deaths,,North Africa and Middle East,3,Both,7,10-14 years,302,Diarrheal diseases,183,Clostridium difficile,1,Number,2003,139.8123967,139.8123967,68.39902125
1,Deaths,,North Africa and Middle East,3,Both,7,10-14 years,302,Diarrheal diseases,183,Clostridium difficile,1,Number,2004,141.02574815,141.02574815,71.6924964
1,Deaths,,North Africa and Middle East,3,Both,7,10-14 years,302,Diarrheal diseases,183,Clostridium difficile,1,Number,2005,140.9984528,140.9984528,70.5110195
1,Deaths,,North Africa and Middle East,3,Both,7,10-14 years,302,Diarrheal diseases,183,Clostridium difficile,1,Number,2006,146.2381515,146.2381515,74.8589779
1,Deaths,,North Africa and Middle East,3,Both,7,10-14 years,302,Diarrheal diseases,183,Clostridium difficile,1,Number,2007,145.7933462,145.7933462,75.3303472
1,Deaths,,North Africa and Middle East,3,Both,7,10-14 years,302,Diarrheal diseases,183,Clostridium difficile,1,Number,2008,143.7939223,143.7939223,74.99589375
1,Deaths,,North Africa and Middle East,3,Both,7,10-14 years,302,Diarrheal diseases,183,Clostridium difficile,1,Number,2009,144.3617314,144.3617314,74.92107665
1,Deaths,,North Africa and Middle East,3,Both,7,10-14 years,302,Diarrheal diseases,183,Clostridium difficile,1,Number,2010,145.3064224,145.3064224,76.43079195
1,Deaths,,North Africa and Middle East,3,Both,7,10-14 years,302,Diarrheal diseases,183,Clostridium difficile,1,Number,2011,149.29098805,149.29098805,73.99535715
1,Deaths,,North Africa and Middle East,3,Both,7,10-14 years,302,Diarrheal diseases,183,Clostridium difficile,1,Number,2012,157.0845228,157.0845228,80.37410205
1,Deaths,,North Africa and Middle East,3,Both,7,10-14 years,302,Diarrheal diseases,183,Clostridium difficile,1,Number,2013,160.4285936,160.4285936,82.64716185
1,Deaths,,North Africa and Middle East,3,Both,7,10-14 years,302,Diarrheal diseases,183,Clostridium difficile,1,Number,2014,173.71144665,173.71144665,92.58924375
1,Deaths,,North Africa and Middle East,3,Both,7,10-14 years,302,Diarrheal diseases,183,Clostridium difficile,1,Number,2015,177.68693665,177.68693665,92.53696765
1,Deaths,,North Africa and Middle East,3,Both,7,10-14 years,302,Diarrheal diseases,183,Clostridium difficile,1,Number,2016,180.7878569,180.7878569,94.3406648
1,Deaths,,North Africa and Middle East,3,Both,7,10-14 years,302,Diarrheal diseases,183,Clostridium difficile,1,Number,2017,175.6237719,175.6237719,89.9689706
1,Deaths,,North Africa and Middle East,3,Both,7,10-14 years,302,Diarrheal diseases,183,Clostridium difficile,1,Number,2018,179.66161315,179.66161315,91.54991715
1,Deaths,,North Africa and Middle East,3,Both,7,10-14 years,302,Diarrheal diseases,183,Clostridium difficile,1,Number,2019,170.8388339,170.8388339,91.29624255
1,Deaths,,North Africa and Middle East,3,Both,7,10-14 years,302,Diarrheal diseases,183,Clostridium difficile,1,Number,2020,149.97456145,149.97456145,84.2123054
1,Deaths,,North Africa and Middle East,3,Both,7,10-14 years,302,Diarrheal diseases,183,Clostridium difficile,1,Number,2021,155.1914989,155.1914989,81.8539694
1,Deaths,,North Africa and Middle East,3,Both,8,15-19 years,302,Diarrheal diseases,183,Clostridium difficile,1,Number,1990,158.76096885,158.76096885,61.22275745
1,Deaths,,North Africa and Middle East,3,Both,8,15-19 years,302,Diarrheal diseases,183,Clostridium difficile,1,Number,1991,147.7566644,147.7566644,63.7616267
1,Deaths,,North Africa and Middle East,3,Both,8,15-19 years,302,Diarrheal diseases,183,Clostridium difficile,1,Number,1992,152.15601,152.15601,63.4911007
1,Deaths,,North Africa and Middle East,3,Both,8,15-19 years,302,Diarrheal diseases,183,Clostridium difficile,1,Number,1993,150.7700697,150.7700697,62.37780955
1,Deaths,,North Africa and Middle East,3,Both,8,15-19 years,302,Diarrheal diseases,183,Clostridium difficile,1,Number,1994,188.816247,188.816247,66.58720565
1,Deaths,,North Africa and Middle East,3,Both,8,15-19 years,302,Diarrheal diseases,183,Clostridium difficile,1,Number,1995,169.61854945,169.61854945,69.0704891
1,Deaths,,North Africa and Middle East,3,Both,8,15-19 years,302,Diarrheal diseases,183,Clostridium difficile,1,Number,1996,166.7442833,166.7442833,75.2821049
1,Deaths,,North Africa and Middle East,3,Both,8,15-19 years,302,Diarrheal diseases,183,Clostridium difficile,1,Number,1997,193.2694442,193.2694442,74.29761445
1,Deaths,,North Africa and Middle East,3,Both,8,15-19 years,302,Diarrheal diseases,183,Clostridium difficile,1,Number,1998,209.9113913,209.9113913,91.17036545
1,Deaths,,North Africa and Middle East,3,Both,8,15-19 years,302,Diarrheal diseases,183,Clostridium difficile,1,Number,1999,164.96200525,164.96200525,79.1382941
1,Deaths,,North Africa and Middle East,3,Both,8,15-19 years,302,Diarrheal diseases,183,Clostridium difficile,1,Number,2000,182.8405773,182.8405773,84.1456278
1,Deaths,,North Africa and Middle East,3,Both,8,15-19 years,302,Diarrheal diseases,183,Clostridium difficile,1,Number,2001,193.53350335,193.53350335,83.61271935
1,Deaths,,North Africa and Middle East,3,Both,8,15-19 years,302,Diarrheal diseases,183,Clostridium difficile,1,Number,2002,193.89964675,193.89964675,88.0792159
1,Deaths,,North Africa and Middle East,3,Both,8,15-19 years,302,Diarrheal diseases,183,Clostridium difficile,1,Number,2003,242.10105955,242.10105955,80.8354629
1,Deaths,,North Africa and Middle East,3,Both,8,15-19 years,302,Diarrheal diseases,183,Clostridium difficile,1,Number,2004,279.92725405,279.92725405,96.0388517
1,Deaths,,North Africa and Middle East,3,Both,8,15-19 years,302,Diarrheal diseases,183,Clostridium difficile,1,Number,2005,253.0559616,253.0559616,91.6974729
1,Deaths,,North Africa and Middle East,3,Both,8,15-19 years,302,Diarrheal diseases,183,Clostridium difficile,1,Number,2006,337.8480102,337.8480102,100.1788497
1,Deaths,,North Africa and Middle East,3,Both,8,15-19 years,302,Diarrheal diseases,183,Clostridium difficile,1,Number,2007,319.74592065,319.74592065,104.07841985
1,Deaths,,North Africa and Middle East,3,Both,8,15-19 years,302,Diarrheal diseases,183,Clostridium difficile,1,Number,2008,289.22204155,289.22204155,81.0454351
1,Deaths,,North Africa and Middle East,3,Both,8,15-19 years,302,Diarrheal diseases,183,Clostridium difficile,1,Number,2009,256.29892775,256.29892775,101.1129205
1,Deaths,,North Africa and Middle East,3,Both,8,15-19 years,302,Diarrheal diseases,183,Clostridium difficile,1,Number,2010,231.45602215,231.45602215,96.66182805
1,Deaths,,North Africa and Middle East,3,Both,8,15-19 years,302,Diarrheal diseases,183,Clostridium difficile,1,Number,2011,311.02238265,311.02238265,103.2322262
1,Deaths,,North Africa and Middle East,3,Both,8,15-19 years,302,Diarrheal diseases,183,Clostridium difficile,1,Number,2012,469.7053772,469.7053772,118.07643535
1,Deaths,,North Africa and Middle East,3,Both,8,15-19 years,302,Diarrheal diseases,183,Clostridium difficile,1,Number,2013,473.4194534,473.4194534,105.01444585
1,Deaths,,North Africa and Middle East,3,Both,8,15-19 years,302,Diarrheal diseases,183,Clostridium difficile,1,Number,2014,695.9590195,695.9590195,100.39802345
1,Deaths,,North Africa and Middle East,3,Both,8,15-19 years,302,Diarrheal diseases,183,Clostridium difficile,1,Number,2015,698.376756,698.376756,111.3719129
1,Deaths,,North Africa and Middle East,3,Both,8,15-19 years,302,Diarrheal diseases,183,Clostridium difficile,1,Number,2016,743.118807,743.118807,124.6573178
1,Deaths,,North Africa and Middle East,3,Both,8,15-19 years,302,Diarrheal diseases,183,Clostridium difficile,1,Number,2017,694.820652,694.820652,130.7101893
1,Deaths,,North Africa and Middle East,3,Both,8,15-19 years,302,Diarrheal diseases,183,Clostridium difficile,1,Number,2018,666.3541005,666.3541005,165.30631515
1,Deaths,,North Africa and Middle East,3,Both,8,15-19 years,302,Diarrheal diseases,183,Clostridium difficile,1,Number,2019,583.499472,583.499472,131.08676255
1,Deaths,,North Africa and Middle East,3,Both,8,15-19 years,302,Diarrheal diseases,183,Clostridium difficile,1,Number,2020,416.16665745,416.16665745,117.6212608
1,Deaths,,North Africa and Middle East,3,Both,8,15-19 years,302,Diarrheal diseases,183,Clostridium difficile,1,Number,2021,481.32434145,481.32434145,130.6980994
1,Deaths,,North Africa and Middle East,3,Both,9,20-24 years,302,Diarrheal diseases,183,Clostridium difficile,1,Number,1990,121.98457175,121.98457175,47.66690252
1,Deaths,,North Africa and Middle East,3,Both,9,20-24 years,302,Diarrheal diseases,183,Clostridium difficile,1,Number,1991,117.17846735,117.17846735,49.181132775
1,Deaths,,North Africa and Middle East,3,Both,9,20-24 years,302,Diarrheal diseases,183,Clostridium difficile,1,Number,1992,118.1870541,118.1870541,47.246254075
1,Deaths,,North Africa and Middle East,3,Both,9,20-24 years,302,Diarrheal diseases,183,Clostridium difficile,1,Number,1993,117.4082566,117.4082566,51.3748253
1,Deaths,,North Africa and Middle East,3,Both,9,20-24 years,302,Diarrheal diseases,183,Clostridium difficile,1,Number,1994,132.4527242,132.4527242,57.2201438
1,Deaths,,North Africa and Middle East,3,Both,9,20-24 years,302,Diarrheal diseases,183,Clostridium difficile,1,Number,1995,130.87500105,130.87500105,56.23345555
1,Deaths,,North Africa and Middle East,3,Both,9,20-24 years,302,Diarrheal diseases,183,Clostridium difficile,1,Number,1996,133.5152152,133.5152152,58.72633425
1,Deaths,,North Africa and Middle East,3,Both,9,20-24 years,302,Diarrheal diseases,183,Clostridium difficile,1,Number,1997,141.15165975,141.15165975,60.29586905
1,Deaths,,North Africa and Middle East,3,Both,9,20-24 years,302,Diarrheal diseases,183,Clostridium difficile,1,Number,1998,152.92532825,152.92532825,63.48518855
1,Deaths,,North Africa and Middle East,3,Both,9,20-24 years,302,Diarrheal diseases,183,Clostridium difficile,1,Number,1999,137.4286318,137.4286318,63.65234485
1,Deaths,,North Africa and Middle East,3,Both,9,20-24 years,302,Diarrheal diseases,183,Clostridium difficile,1,Number,2000,147.25324815,147.25324815,65.5046994
1,Deaths,,North Africa and Middle East,3,Both,9,20-24 years,302,Diarrheal diseases,183,Clostridium difficile,1,Number,2001,149.50198635,149.50198635,71.4545099
1,Deaths,,North Africa and Middle East,3,Both,9,20-24 years,302,Diarrheal diseases,183,Clostridium difficile,1,Number,2002,157.04838555,157.04838555,74.96400275
1,Deaths,,North Africa and Middle East,3,Both,9,20-24 years,302,Diarrheal diseases,183,Clostridium difficile,1,Number,2003,173.23804935,173.23804935,80.8571902
1,Deaths,,North Africa and Middle East,3,Both,9,20-24 years,302,Diarrheal diseases,183,Clostridium difficile,1,Number,2004,197.5884163,197.5884163,82.1599954
1,Deaths,,North Africa and Middle East,3,Both,9,20-24 years,302,Diarrheal diseases,183,Clostridium difficile,1,Number,2005,193.63242395,193.63242395,81.98732715
1,Deaths,,North Africa and Middle East,3,Both,9,20-24 years,302,Diarrheal diseases,183,Clostridium difficile,1,Number,2006,237.5688372,237.5688372,84.27097765
1,Deaths,,North Africa and Middle East,3,Both,9,20-24 years,302,Diarrheal diseases,183,Clostridium difficile,1,Number,2007,235.61645705,235.61645705,87.5883767
1,Deaths,,North Africa and Middle East,3,Both,9,20-24 years,302,Diarrheal diseases,183,Clostridium difficile,1,Number,2008,209.66426385,209.66426385,95.24931635
1,Deaths,,North Africa and Middle East,3,Both,9,20-24 years,302,Diarrheal diseases,183,Clostridium difficile,1,Number,2009,206.5553424,206.5553424,95.56691215
1,Deaths,,North Africa and Middle East,3,Both,9,20-24 years,302,Diarrheal diseases,183,Clostridium difficile,1,Number,2010,198.7872141,198.7872141,97.034226
1,Deaths,,North Africa and Middle East,3,Both,9,20-24 years,302,Diarrheal diseases,183,Clostridium difficile,1,Number,2011,228.7276545,228.7276545,106.6472599
1,Deaths,,North Africa and Middle East,3,Both,9,20-24 years,302,Diarrheal diseases,183,Clostridium difficile,1,Number,2012,333.0768448,333.0768448,89.5932425
1,Deaths,,North Africa and Middle East,3,Both,9,20-24 years,302,Diarrheal diseases,183,Clostridium difficile,1,Number,2013,319.1232546,319.1232546,98.25915365
1,Deaths,,North Africa and Middle East,3,Both,9,20-24 years,302,Diarrheal diseases,183,Clostridium difficile,1,Number,2014,422.8699288,422.8699288,98.3645346
1,Deaths,,North Africa and Middle East,3,Both,9,20-24 years,302,Diarrheal diseases,183,Clostridium difficile,1,Number,2015,459.02760835,459.02760835,65.06665005
1,Deaths,,North Africa and Middle East,3,Both,9,20-24 years,302,Diarrheal diseases,183,Clostridium difficile,1,Number,2016,463.9971875,463.9971875,81.7619656
1,Deaths,,North Africa and Middle East,3,Both,9,20-24 years,302,Diarrheal diseases,183,Clostridium difficile,1,Number,2017,414.94643335,414.94643335,107.77288285
1,Deaths,,North Africa and Middle East,3,Both,9,20-24 years,302,Diarrheal diseases,183,Clostridium difficile,1,Number,2018,391.72119235,391.72119235,108.2135075
1,Deaths,,North Africa and Middle East,3,Both,9,20-24 years,302,Diarrheal diseases,183,Clostridium difficile,1,Number,2019,346.0762004,346.0762004,102.29333055
1,Deaths,,North Africa and Middle East,3,Both,9,20-24 years,302,Diarrheal diseases,183,Clostridium difficile,1,Number,2020,263.74175635,263.74175635,102.85314895
1,Deaths,,North Africa and Middle East,3,Both,9,20-24 years,302,Diarrheal diseases,183,Clostridium difficile,1,Number,2021,283.50185935,283.50185935,106.02255545
1,Deaths,,North Africa and Middle East,3,Both,10,25-29 years,302,Diarrheal diseases,183,Clostridium difficile,1,Number,1990,90.3474661,90.3474661,38.39614987
1,Deaths,,North Africa and Middle East,3,Both,10,25-29 years,302,Diarrheal diseases,183,Clostridium difficile,1,Number,1991,88.6930456,88.6930456,39.373590385
1,Deaths,,North Africa and Middle East,3,Both,10,25-29 years,302,Diarrheal diseases,183,Clostridium difficile,1,Number,1992,88.36642235,88.36642235,38.51078733
1,Deaths,,North Africa and Middle East,3,Both,10,25-29 years,302,Diarrheal diseases,183,Clostridium difficile,1,Number,1993,89.59254845,89.59254845,40.452149485
1,Deaths,,North Africa and Middle East,3,Both,10,25-29 years,302,Diarrheal diseases,183,Clostridium difficile,1,Number,1994,95.3518441,95.3518441,41.87854778
1,Deaths,,North Africa and Middle East,3,Both,10,25-29 years,302,Diarrheal diseases,183,Clostridium difficile,1,Number,1995,95.23976795,95.23976795,44.427566935
1,Deaths,,North Africa and Middle East,3,Both,10,25-29 years,302,Diarrheal diseases,183,Clostridium difficile,1,Number,1996,98.6742753,98.6742753,45.09570522
1,Deaths,,North Africa and Middle East,3,Both,10,25-29 years,302,Diarrheal diseases,183,Clostridium difficile,1,Number,1997,100.66917685,100.66917685,47.547712225
1,Deaths,,North Africa and Middle East,3,Both,10,25-29 years,302,Diarrheal diseases,183,Clostridium difficile,1,Number,1998,106.22694855,106.22694855,51.10520295
1,Deaths,,North Africa and Middle East,3,Both,10,25-29 years,302,Diarrheal diseases,183,Clostridium difficile,1,Number,1999,108.31789595,108.31789595,52.6300613
1,Deaths,,North Africa and Middle East,3,Both,10,25-29 years,302,Diarrheal diseases,183,Clostridium difficile,1,Number,2000,111.58482285,111.58482285,53.97544205
1,Deaths,,North Africa and Middle East,3,Both,10,25-29 years,302,Diarrheal diseases,183,Clostridium difficile,1,Number,2001,114.26528975,114.26528975,57.19204475
1,Deaths,,North Africa and Middle East,3,Both,10,25-29 years,302,Diarrheal diseases,183,Clostridium difficile,1,Number,2002,121.5100959,121.5100959,60.0829383
1,Deaths,,North Africa and Middle East,3,Both,10,25-29 years,302,Diarrheal diseases,183,Clostridium difficile,1,Number,2003,126.55715895,126.55715895,60.72603845
1,Deaths,,North Africa and Middle East,3,Both,10,25-29 years,302,Diarrheal diseases,183,Clostridium difficile,1,Number,2004,132.0296483,132.0296483,65.31588035
1,Deaths,,North Africa and Middle East,3,Both,10,25-29 years,302,Diarrheal diseases,183,Clostridium difficile,1,Number,2005,138.0983714,138.0983714,66.5553083
1,Deaths,,North Africa and Middle East,3,Both,10,25-29 years,302,Diarrheal diseases,183,Clostridium difficile,1,Number,2006,146.48693435,146.48693435,72.7529612
1,Deaths,,North Africa and Middle East,3,Both,10,25-29 years,302,Diarrheal diseases,183,Clostridium difficile,1,Number,2007,152.06668605,152.06668605,74.27358235
1,Deaths,,North Africa and Middle East,3,Both,10,25-29 years,302,Diarrheal diseases,183,Clostridium difficile,1,Number,2008,154.70840575,154.70840575,77.16403555
1,Deaths,,North Africa and Middle East,3,Both,10,25-29 years,302,Diarrheal diseases,183,Clostridium difficile,1,Number,2009,157.8636286,157.8636286,82.12030795
1,Deaths,,North Africa and Middle East,3,Both,10,25-29 years,302,Diarrheal diseases,183,Clostridium difficile,1,Number,2010,164.9991598,164.9991598,86.43482845
1,Deaths,,North Africa and Middle East,3,Both,10,25-29 years,302,Diarrheal diseases,183,Clostridium difficile,1,Number,2011,169.89696045,169.89696045,91.27434105
1,Deaths,,North Africa and Middle East,3,Both,10,25-29 years,302,Diarrheal diseases,183,Clostridium difficile,1,Number,2012,191.13898255,191.13898255,97.1519931
1,Deaths,,North Africa and Middle East,3,Both,10,25-29 years,302,Diarrheal diseases,183,Clostridium difficile,1,Number,2013,194.07415485,194.07415485,102.17034345
1,Deaths,,North Africa and Middle East,3,Both,10,25-29 years,302,Diarrheal diseases,183,Clostridium difficile,1,Number,2014,219.15014965,219.15014965,105.3346756
1,Deaths,,North Africa and Middle East,3,Both,10,25-29 years,302,Diarrheal diseases,183,Clostridium difficile,1,Number,2015,213.06986555,213.06986555,112.02616975
1,Deaths,,North Africa and Middle East,3,Both,10,25-29 years,302,Diarrheal diseases,183,Clostridium difficile,1,Number,2016,219.2391655,219.2391655,110.1154879
1,Deaths,,North Africa and Middle East,3,Both,10,25-29 years,302,Diarrheal diseases,183,Clostridium difficile,1,Number,2017,204.6821667,204.6821667,112.3671911
1,Deaths,,North Africa and Middle East,3,Both,10,25-29 years,302,Diarrheal diseases,183,Clostridium difficile,1,Number,2018,205.2747185,205.2747185,105.4071166
1,Deaths,,North Africa and Middle East,3,Both,10,25-29 years,302,Diarrheal diseases,183,Clostridium difficile,1,Number,2019,196.64358915,196.64358915,102.741018
1,Deaths,,North Africa and Middle East,3,Both,10,25-29 years,302,Diarrheal diseases,183,Clostridium difficile,1,Number,2020,174.79840035,174.79840035,100.75239805
1,Deaths,,North Africa and Middle East,3,Both,10,25-29 years,302,Diarrheal diseases,183,Clostridium difficile,1,Number,2021,179.949385,179.949385,96.44173095
1,Deaths,,North Africa and Middle East,3,Both,11,30-34 years,302,Diarrheal diseases,183,Clostridium difficile,1,Number,1990,81.436301,81.436301,35.30071346
1,Deaths,,North Africa and Middle East,3,Both,11,30-34 years,302,Diarrheal diseases,183,Clostridium difficile,1,Number,1991,81.737484,81.737484,35.23413998
1,Deaths,,North Africa and Middle East,3,Both,11,30-34 years,302,Diarrheal diseases,183,Clostridium difficile,1,Number,1992,80.7350907,80.7350907,35.739773025
1,Deaths,,North Africa and Middle East,3,Both,11,30-34 years,302,Diarrheal diseases,183,Clostridium difficile,1,Number,1993,82.27849825,82.27849825,38.238974865
1,Deaths,,North Africa and Middle East,3,Both,11,30-34 years,302,Diarrheal diseases,183,Clostridium difficile,1,Number,1994,86.81831525,86.81831525,40.854946885
1,Deaths,,North Africa and Middle East,3,Both,11,30-34 years,302,Diarrheal diseases,183,Clostridium difficile,1,Number,1995,88.9571605,88.9571605,42.77492462
1,Deaths,,North Africa and Middle East,3,Both,11,30-34 years,302,Diarrheal diseases,183,Clostridium difficile,1,Number,1996,92.8380515,92.8380515,43.620265375
1,Deaths,,North Africa and Middle East,3,Both,11,30-34 years,302,Diarrheal diseases,183,Clostridium difficile,1,Number,1997,94.8214888,94.8214888,45.434632525
1,Deaths,,North Africa and Middle East,3,Both,11,30-34 years,302,Diarrheal diseases,183,Clostridium difficile,1,Number,1998,98.84878805,98.84878805,48.75081595
1,Deaths,,North Africa and Middle East,3,Both,11,30-34 years,302,Diarrheal diseases,183,Clostridium difficile,1,Number,1999,100.82692835,100.82692835,49.96239547
1,Deaths,,North Africa and Middle East,3,Both,11,30-34 years,302,Diarrheal diseases,183,Clostridium difficile,1,Number,2000,106.0562454,106.0562454,49.887851005
1,Deaths,,North Africa and Middle East,3,Both,11,30-34 years,302,Diarrheal diseases,183,Clostridium difficile,1,Number,2001,110.3851416,110.3851416,53.23736865
1,Deaths,,North Africa and Middle East,3,Both,11,30-34 years,302,Diarrheal diseases,183,Clostridium difficile,1,Number,2002,117.57309915,117.57309915,57.6491894
1,Deaths,,North Africa and Middle East,3,Both,11,30-34 years,302,Diarrheal diseases,183,Clostridium difficile,1,Number,2003,122.2619605,122.2619605,59.90093885
1,Deaths,,North Africa and Middle East,3,Both,11,30-34 years,302,Diarrheal diseases,183,Clostridium difficile,1,Number,2004,128.53519665,128.53519665,64.0644085
1,Deaths,,North Africa and Middle East,3,Both,11,30-34 years,302,Diarrheal diseases,183,Clostridium difficile,1,Number,2005,133.07479785,133.07479785,67.60281925
1,Deaths,,North Africa and Middle East,3,Both,11,30-34 years,302,Diarrheal diseases,183,Clostridium difficile,1,Number,2006,142.3183979,142.3183979,69.7510898
1,Deaths,,North Africa and Middle East,3,Both,11,30-34 years,302,Diarrheal diseases,183,Clostridium difficile,1,Number,2007,147.7505069,147.7505069,72.09196465
1,Deaths,,North Africa and Middle East,3,Both,11,30-34 years,302,Diarrheal diseases,183,Clostridium difficile,1,Number,2008,149.9464135,149.9464135,77.25504905
1,Deaths,,North Africa and Middle East,3,Both,11,30-34 years,302,Diarrheal diseases,183,Clostridium difficile,1,Number,2009,156.049923,156.049923,80.6014534
1,Deaths,,North Africa and Middle East,3,Both,11,30-34 years,302,Diarrheal diseases,183,Clostridium difficile,1,Number,2010,163.8851085,163.8851085,86.78792175
1,Deaths,,North Africa and Middle East,3,Both,11,30-34 years,302,Diarrheal diseases,183,Clostridium difficile,1,Number,2011,170.16360215,170.16360215,90.10902755
1,Deaths,,North Africa and Middle East,3,Both,11,30-34 years,302,Diarrheal diseases,183,Clostridium difficile,1,Number,2012,190.1991008,190.1991008,96.45367865
1,Deaths,,North Africa and Middle East,3,Both,11,30-34 years,302,Diarrheal diseases,183,Clostridium difficile,1,Number,2013,197.70409465,197.70409465,103.88294875
1,Deaths,,North Africa and Middle East,3,Both,11,30-34 years,302,Diarrheal diseases,183,Clostridium difficile,1,Number,2014,219.61632365,219.61632365,112.65212565
1,Deaths,,North Africa and Middle East,3,Both,11,30-34 years,302,Diarrheal diseases,183,Clostridium difficile,1,Number,2015,222.4782933,222.4782933,119.22476135
1,Deaths,,North Africa and Middle East,3,Both,11,30-34 years,302,Diarrheal diseases,183,Clostridium difficile,1,Number,2016,231.35138065,231.35138065,122.31076165
1,Deaths,,North Africa and Middle East,3,Both,11,30-34 years,302,Diarrheal diseases,183,Clostridium difficile,1,Number,2017,230.27870375,230.27870375,122.4743025
1,Deaths,,North Africa and Middle East,3,Both,11,30-34 years,302,Diarrheal diseases,183,Clostridium difficile,1,Number,2018,233.3926532,233.3926532,124.4237005
1,Deaths,,North Africa and Middle East,3,Both,11,30-34 years,302,Diarrheal diseases,183,Clostridium difficile,1,Number,2019,227.975427,227.975427,124.7855854
1,Deaths,,North Africa and Middle East,3,Both,11,30-34 years,302,Diarrheal diseases,183,Clostridium difficile,1,Number,2020,213.1935695,213.1935695,116.36376945
1,Deaths,,North Africa and Middle East,3,Both,11,30-34 years,302,Diarrheal diseases,183,Clostridium difficile,1,Number,2021,211.90617365,211.90617365,116.26373115
1,Deaths,,North Africa and Middle East,3,Both,12,35-39 years,302,Diarrheal diseases,183,Clostridium difficile,1,Number,1990,96.76578235,96.76578235,43.45724427
1,Deaths,,North Africa and Middle East,3,Both,12,35-39 years,302,Diarrheal diseases,183,Clostridium difficile,1,Number,1991,99.18593575,99.18593575,43.14686361
1,Deaths,,North Africa and Middle East,3,Both,12,35-39 years,302,Diarrheal diseases,183,Clostridium difficile,1,Number,1992,98.06644485,98.06644485,43.87818396
1,Deaths,,North Africa and Middle East,3,Both,12,35-39 years,302,Diarrheal diseases,183,Clostridium difficile,1,Number,1993,99.43792305,99.43792305,46.882864185
1,Deaths,,North Africa and Middle East,3,Both,12,35-39 years,302,Diarrheal diseases,183,Clostridium difficile,1,Number,1994,103.7617128,103.7617128,49.74034469
1,Deaths,,North Africa and Middle East,3,Both,12,35-39 years,302,Diarrheal diseases,183,Clostridium difficile,1,Number,1995,106.9921887,106.9921887,49.360614225
1,Deaths,,North Africa and Middle East,3,Both,12,35-39 years,302,Diarrheal diseases,183,Clostridium difficile,1,Number,1996,106.7961776,106.7961776,53.24996275
1,Deaths,,North Africa and Middle East,3,Both,12,35-39 years,302,Diarrheal diseases,183,Clostridium difficile,1,Number,1997,111.29944605,111.29944605,52.0646265
1,Deaths,,North Africa and Middle East,3,Both,12,35-39 years,302,Diarrheal diseases,183,Clostridium difficile,1,Number,1998,115.69809495,115.69809495,56.81347535
1,Deaths,,North Africa and Middle East,3,Both,12,35-39 years,302,Diarrheal diseases,183,Clostridium difficile,1,Number,1999,118.8119014,118.8119014,59.66491805
1,Deaths,,North Africa and Middle East,3,Both,12,35-39 years,302,Diarrheal diseases,183,Clostridium difficile,1,Number,2000,124.4301028,124.4301028,61.11316355
1,Deaths,,North Africa and Middle East,3,Both,12,35-39 years,302,Diarrheal diseases,183,Clostridium difficile,1,Number,2001,132.50717135,132.50717135,63.78713835
1,Deaths,,North Africa and Middle East,3,Both,12,35-39 years,302,Diarrheal diseases,183,Clostridium difficile,1,Number,2002,137.1565194,137.1565194,71.32297045
1,Deaths,,North Africa and Middle East,3,Both,12,35-39 years,302,Diarrheal diseases,183,Clostridium difficile,1,Number,2003,141.4767998,141.4767998,72.8969236
1,Deaths,,North Africa and Middle East,3,Both,12,35-39 years,302,Diarrheal diseases,183,Clostridium difficile,1,Number,2004,148.90056955,148.90056955,74.4459639
1,Deaths,,North Africa and Middle East,3,Both,12,35-39 years,302,Diarrheal diseases,183,Clostridium difficile,1,Number,2005,154.1733898,154.1733898,78.3617645
1,Deaths,,North Africa and Middle East,3,Both,12,35-39 years,302,Diarrheal diseases,183,Clostridium difficile,1,Number,2006,158.58675155,158.58675155,86.11390075
1,Deaths,,North Africa and Middle East,3,Both,12,35-39 years,302,Diarrheal diseases,183,Clostridium difficile,1,Number,2007,170.40009035,170.40009035,85.02450715
1,Deaths,,North Africa and Middle East,3,Both,12,35-39 years,302,Diarrheal diseases,183,Clostridium difficile,1,Number,2008,177.3369612,177.3369612,91.90713875
1,Deaths,,North Africa and Middle East,3,Both,12,35-39 years,302,Diarrheal diseases,183,Clostridium difficile,1,Number,2009,185.5028039,185.5028039,97.83272125
1,Deaths,,North Africa and Middle East,3,Both,12,35-39 years,302,Diarrheal diseases,183,Clostridium difficile,1,Number,2010,196.2178708,196.2178708,102.9571562
1,Deaths,,North Africa and Middle East,3,Both,12,35-39 years,302,Diarrheal diseases,183,Clostridium difficile,1,Number,2011,197.23039145,197.23039145,109.4737431
1,Deaths,,North Africa and Middle East,3,Both,12,35-39 years,302,Diarrheal diseases,183,Clostridium difficile,1,Number,2012,219.13923735,219.13923735,113.6990649
1,Deaths,,North Africa and Middle East,3,Both,12,35-39 years,302,Diarrheal diseases,183,Clostridium difficile,1,Number,2013,224.08810335,224.08810335,127.35589485
1,Deaths,,North Africa and Middle East,3,Both,12,35-39 years,302,Diarrheal diseases,183,Clostridium difficile,1,Number,2014,246.60872505,246.60872505,136.40306235
1,Deaths,,North Africa and Middle East,3,Both,12,35-39 years,302,Diarrheal diseases,183,Clostridium difficile,1,Number,2015,254.81303015,254.81303015,144.61158395
1,Deaths,,North Africa and Middle East,3,Both,12,35-39 years,302,Diarrheal diseases,183,Clostridium difficile,1,Number,2016,267.5095826,267.5095826,150.25223905
1,Deaths,,North Africa and Middle East,3,Both,12,35-39 years,302,Diarrheal diseases,183,Clostridium difficile,1,Number,2017,271.65179875,271.65179875,150.7279878
1,Deaths,,North Africa and Middle East,3,Both,12,35-39 years,302,Diarrheal diseases,183,Clostridium difficile,1,Number,2018,277.22328695,277.22328695,159.25208145
1,Deaths,,North Africa and Middle East,3,Both,12,35-39 years,302,Diarrheal diseases,183,Clostridium difficile,1,Number,2019,277.1041927,277.1041927,165.43790955
1,Deaths,,North Africa and Middle East,3,Both,12,35-39 years,302,Diarrheal diseases,183,Clostridium difficile,1,Number,2020,270.26486415,270.26486415,155.6747371
1,Deaths,,North Africa and Middle East,3,Both,12,35-39 years,302,Diarrheal diseases,183,Clostridium difficile,1,Number,2021,278.68829345,278.68829345,153.5953646
1,Deaths,,North Africa and Middle East,3,Both,13,40-44 years,302,Diarrheal diseases,183,Clostridium difficile,1,Number,1990,108.1922703,108.1922703,51.0735923
1,Deaths,,North Africa and Middle East,3,Both,13,40-44 years,302,Diarrheal diseases,183,Clostridium difficile,1,Number,1991,114.7284762,114.7284762,48.82158932
1,Deaths,,North Africa and Middle East,3,Both,13,40-44 years,302,Diarrheal diseases,183,Clostridium difficile,1,Number,1992,115.96495565,115.96495565,51.66582235
1,Deaths,,North Africa and Middle East,3,Both,13,40-44 years,302,Diarrheal diseases,183,Clostridium difficile,1,Number,1993,120.94125175,120.94125175,54.2863003
1,Deaths,,North Africa and Middle East,3,Both,13,40-44 years,302,Diarrheal diseases,183,Clostridium difficile,1,Number,1994,126.63781675,126.63781675,58.5320608
1,Deaths,,North Africa and Middle East,3,Both,13,40-44 years,302,Diarrheal diseases,183,Clostridium difficile,1,Number,1995,130.78602905,130.78602905,62.15203815
1,Deaths,,North Africa and Middle East,3,Both,13,40-44 years,302,Diarrheal diseases,183,Clostridium difficile,1,Number,1996,135.90576665,135.90576665,64.715556
1,Deaths,,North Africa and Middle East,3,Both,13,40-44 years,302,Diarrheal diseases,183,Clostridium difficile,1,Number,1997,140.0550219,140.0550219,65.63664775
1,Deaths,,North Africa and Middle East,3,Both,13,40-44 years,302,Diarrheal diseases,183,Clostridium difficile,1,Number,1998,145.6127653,145.6127653,71.52060305
1,Deaths,,North Africa and Middle East,3,Both,13,40-44 years,302,Diarrheal diseases,183,Clostridium difficile,1,Number,1999,150.98074915,150.98074915,72.7575701
1,Deaths,,North Africa and Middle East,3,Both,13,40-44 years,302,Diarrheal diseases,183,Clostridium difficile,1,Number,2000,152.53383915,152.53383915,78.620817
1,Deaths,,North Africa and Middle East,3,Both,13,40-44 years,302,Diarrheal diseases,183,Clostridium difficile,1,Number,2001,163.6050852,163.6050852,80.66465425
1,Deaths,,North Africa and Middle East,3,Both,13,40-44 years,302,Diarrheal diseases,183,Clostridium difficile,1,Number,2002,170.8384547,170.8384547,87.8493832
1,Deaths,,North Africa and Middle East,3,Both,13,40-44 years,302,Diarrheal diseases,183,Clostridium difficile,1,Number,2003,179.6159676,179.6159676,89.1686818
1,Deaths,,North Africa and Middle East,3,Both,13,40-44 years,302,Diarrheal diseases,183,Clostridium difficile,1,Number,2004,186.3559159,186.3559159,95.45745405
1,Deaths,,North Africa and Middle East,3,Both,13,40-44 years,302,Diarrheal diseases,183,Clostridium difficile,1,Number,2005,194.4122739,194.4122739,100.56848065
1,Deaths,,North Africa and Middle East,3,Both,13,40-44 years,302,Diarrheal diseases,183,Clostridium difficile,1,Number,2006,204.20590575,204.20590575,106.4444536
1,Deaths,,North Africa and Middle East,3,Both,13,40-44 years,302,Diarrheal diseases,183,Clostridium difficile,1,Number,2007,214.90018455,214.90018455,109.1841448
1,Deaths,,North Africa and Middle East,3,Both,13,40-44 years,302,Diarrheal diseases,183,Clostridium difficile,1,Number,2008,221.995384,221.995384,118.0436365
1,Deaths,,North Africa and Middle East,3,Both,13,40-44 years,302,Diarrheal diseases,183,Clostridium difficile,1,Number,2009,233.4343897,233.4343897,120.76447945
1,Deaths,,North Africa and Middle East,3,Both,13,40-44 years,302,Diarrheal diseases,183,Clostridium difficile,1,Number,2010,245.7425768,245.7425768,127.4021355
1,Deaths,,North Africa and Middle East,3,Both,13,40-44 years,302,Diarrheal diseases,183,Clostridium difficile,1,Number,2011,250.72551845,250.72551845,132.9334388
1,Deaths,,North Africa and Middle East,3,Both,13,40-44 years,302,Diarrheal diseases,183,Clostridium difficile,1,Number,2012,268.8135914,268.8135914,149.17508475
1,Deaths,,North Africa and Middle East,3,Both,13,40-44 years,302,Diarrheal diseases,183,Clostridium difficile,1,Number,2013,287.9272641,287.9272641,157.04084
1,Deaths,,North Africa and Middle East,3,Both,13,40-44 years,302,Diarrheal diseases,183,Clostridium difficile,1,Number,2014,313.64907465,313.64907465,169.37299775
1,Deaths,,North Africa and Middle East,3,Both,13,40-44 years,302,Diarrheal diseases,183,Clostridium difficile,1,Number,2015,318.75145895,318.75145895,185.4333503
1,Deaths,,North Africa and Middle East,3,Both,13,40-44 years,302,Diarrheal diseases,183,Clostridium difficile,1,Number,2016,337.90492295,337.90492295,187.69822605
1,Deaths,,North Africa and Middle East,3,Both,13,40-44 years,302,Diarrheal diseases,183,Clostridium difficile,1,Number,2017,340.74537695,340.74537695,189.40273965
1,Deaths,,North Africa and Middle East,3,Both,13,40-44 years,302,Diarrheal diseases,183,Clostridium difficile,1,Number,2018,344.334075,344.334075,203.18621345
1,Deaths,,North Africa and Middle East,3,Both,13,40-44 years,302,Diarrheal diseases,183,Clostridium difficile,1,Number,2019,345.5943235,345.5943235,212.2374357
1,Deaths,,North Africa and Middle East,3,Both,13,40-44 years,302,Diarrheal diseases,183,Clostridium difficile,1,Number,2020,343.60401445,343.60401445,202.57729255
1,Deaths,,North Africa and Middle East,3,Both,13,40-44 years,302,Diarrheal diseases,183,Clostridium difficile,1,Number,2021,361.0856494,361.0856494,202.49552185
1,Deaths,,North Africa and Middle East,3,Both,14,45-49 years,302,Diarrheal diseases,183,Clostridium difficile,1,Number,1990,151.60266225,151.60266225,66.27419375
1,Deaths,,North Africa and Middle East,3,Both,14,45-49 years,302,Diarrheal diseases,183,Clostridium difficile,1,Number,1991,152.37494285,152.37494285,69.0246555
1,Deaths,,North Africa and Middle East,3,Both,14,45-49 years,302,Diarrheal diseases,183,Clostridium difficile,1,Number,1992,152.42742345,152.42742345,70.95400695
1,Deaths,,North Africa and Middle East,3,Both,14,45-49 years,302,Diarrheal diseases,183,Clostridium difficile,1,Number,1993,158.93021485,158.93021485,75.1268382
1,Deaths,,North Africa and Middle East,3,Both,14,45-49 years,302,Diarrheal diseases,183,Clostridium difficile,1,Number,1994,172.37104625,172.37104625,77.29777185
1,Deaths,,North Africa and Middle East,3,Both,14,45-49 years,302,Diarrheal diseases,183,Clostridium difficile,1,Number,1995,174.365649,174.365649,84.4466856
1,Deaths,,North Africa and Middle East,3,Both,14,45-49 years,302,Diarrheal diseases,183,Clostridium difficile,1,Number,1996,183.3387293,183.3387293,89.12698475
1,Deaths,,North Africa and Middle East,3,Both,14,45-49 years,302,Diarrheal diseases,183,Clostridium difficile,1,Number,1997,192.390201,192.390201,91.38240565
1,Deaths,,North Africa and Middle East,3,Both,14,45-49 years,302,Diarrheal diseases,183,Clostridium difficile,1,Number,1998,201.7761415,201.7761415,99.70101345
1,Deaths,,North Africa and Middle East,3,Both,14,45-49 years,302,Diarrheal diseases,183,Clostridium difficile,1,Number,1999,208.7586831,208.7586831,103.1216426
1,Deaths,,North Africa and Middle East,3,Both,14,45-49 years,302,Diarrheal diseases,183,Clostridium difficile,1,Number,2000,218.98093855,218.98093855,108.38890175
1,Deaths,,North Africa and Middle East,3,Both,14,45-49 years,302,Diarrheal diseases,183,Clostridium difficile,1,Number,2001,232.4852271,232.4852271,117.8345513
1,Deaths,,North Africa and Middle East,3,Both,14,45-49 years,302,Diarrheal diseases,183,Clostridium difficile,1,Number,2002,240.686123,240.686123,127.60220795
1,Deaths,,North Africa and Middle East,3,Both,14,45-49 years,302,Diarrheal diseases,183,Clostridium difficile,1,Number,2003,249.87599625,249.87599625,131.7171113
1,Deaths,,North Africa and Middle East,3,Both,14,45-49 years,302,Diarrheal diseases,183,Clostridium difficile,1,Number,2004,260.48386035,260.48386035,137.3998833
1,Deaths,,North Africa and Middle East,3,Both,14,45-49 years,302,Diarrheal diseases,183,Clostridium difficile,1,Number,2005,273.8141598,273.8141598,138.6132641
1,Deaths,,North Africa and Middle East,3,Both,14,45-49 years,302,Diarrheal diseases,183,Clostridium difficile,1,Number,2006,278.3038085,278.3038085,149.7339839
1,Deaths,,North Africa and Middle East,3,Both,14,45-49 years,302,Diarrheal diseases,183,Clostridium difficile,1,Number,2007,287.61789215,287.61789215,155.00978965
1,Deaths,,North Africa and Middle East,3,Both,14,45-49 years,302,Diarrheal diseases,183,Clostridium difficile,1,Number,2008,306.8833637,306.8833637,159.91472005
1,Deaths,,North Africa and Middle East,3,Both,14,45-49 years,302,Diarrheal diseases,183,Clostridium difficile,1,Number,2009,318.61986535,318.61986535,174.0047105
1,Deaths,,North Africa and Middle East,3,Both,14,45-49 years,302,Diarrheal diseases,183,Clostridium difficile,1,Number,2010,341.0543085,341.0543085,184.57712665
1,Deaths,,North Africa and Middle East,3,Both,14,45-49 years,302,Diarrheal diseases,183,Clostridium difficile,1,Number,2011,349.90577895,349.90577895,187.8972367
1,Deaths,,North Africa and Middle East,3,Both,14,45-49 years,302,Diarrheal diseases,183,Clostridium difficile,1,Number,2012,373.0373206,373.0373206,204.41790245
1,Deaths,,North Africa and Middle East,3,Both,14,45-49 years,302,Diarrheal diseases,183,Clostridium difficile,1,Number,2013,395.61234615,395.61234615,211.1981028
1,Deaths,,North Africa and Middle East,3,Both,14,45-49 years,302,Diarrheal diseases,183,Clostridium difficile,1,Number,2014,413.1355756,413.1355756,239.58541465
1,Deaths,,North Africa and Middle East,3,Both,14,45-49 years,302,Diarrheal diseases,183,Clostridium difficile,1,Number,2015,438.05773625,438.05773625,245.4415295
1,Deaths,,North Africa and Middle East,3,Both,14,45-49 years,302,Diarrheal diseases,183,Clostridium difficile,1,Number,2016,445.81612365,445.81612365,266.4257271
1,Deaths,,North Africa and Middle East,3,Both,14,45-49 years,302,Diarrheal diseases,183,Clostridium difficile,1,Number,2017,452.78742095,452.78742095,265.9177627
1,Deaths,,North Africa and Middle East,3,Both,14,45-49 years,302,Diarrheal diseases,183,Clostridium difficile,1,Number,2018,472.3615548,472.3615548,277.86437745
1,Deaths,,North Africa and Middle East,3,Both,14,45-49 years,302,Diarrheal diseases,183,Clostridium difficile,1,Number,2019,490.05370805,490.05370805,279.2800074
1,Deaths,,North Africa and Middle East,3,Both,14,45-49 years,302,Diarrheal diseases,183,Clostridium difficile,1,Number,2020,477.15312105,477.15312105,273.85925435
1,Deaths,,North Africa and Middle East,3,Both,14,45-49 years,302,Diarrheal diseases,183,Clostridium difficile,1,Number,2021,498.2617014,498.2617014,274.83887575
1,Deaths,,North Africa and Middle East,3,Both,6,5-9 years,302,Diarrheal diseases,183,Clostridium difficile,1,Number,1990,205.6034658,205.6034658,88.71831835
1,Deaths,,North Africa and Middle East,3,Both,6,5-9 years,302,Diarrheal diseases,183,Clostridium difficile,1,Number,1991,193.179308,193.179308,85.01595495
1,Deaths,,North Africa and Middle East,3,Both,6,5-9 years,302,Diarrheal diseases,183,Clostridium difficile,1,Number,1992,186.94925365,186.94925365,84.1043347
1,Deaths,,North Africa and Middle East,3,Both,6,5-9 years,302,Diarrheal diseases,183,Clostridium difficile,1,Number,1993,186.120165,186.120165,85.265654
1,Deaths,,North Africa and Middle East,3,Both,6,5-9 years,302,Diarrheal diseases,183,Clostridium difficile,1,Number,1994,192.5408867,192.5408867,88.18029965
1,Deaths,,North Africa and Middle East,3,Both,6,5-9 years,302,Diarrheal diseases,183,Clostridium difficile,1,Number,1995,187.9984317,187.9984317,85.0892051
1,Deaths,,North Africa and Middle East,3,Both,6,5-9 years,302,Diarrheal diseases,183,Clostridium difficile,1,Number,1996,178.40977435,178.40977435,83.5734868
1,Deaths,,North Africa and Middle East,3,Both,6,5-9 years,302,Diarrheal diseases,183,Clostridium difficile,1,Number,1997,175.8441038,175.8441038,81.7735239
1,Deaths,,North Africa and Middle East,3,Both,6,5-9 years,302,Diarrheal diseases,183,Clostridium difficile,1,Number,1998,181.6078679,181.6078679,84.1942819
1,Deaths,,North Africa and Middle East,3,Both,6,5-9 years,302,Diarrheal diseases,183,Clostridium difficile,1,Number,1999,173.2163706,173.2163706,80.5058808
1,Deaths,,North Africa and Middle East,3,Both,6,5-9 years,302,Diarrheal diseases,183,Clostridium difficile,1,Number,2000,174.84043505,174.84043505,80.96279265
1,Deaths,,North Africa and Middle East,3,Both,6,5-9 years,302,Diarrheal diseases,183,Clostridium difficile,1,Number,2001,172.9612665,172.9612665,85.1349719
1,Deaths,,North Africa and Middle East,3,Both,6,5-9 years,302,Diarrheal diseases,183,Clostridium difficile,1,Number,2002,177.62192815,177.62192815,86.3260575
1,Deaths,,North Africa and Middle East,3,Both,6,5-9 years,302,Diarrheal diseases,183,Clostridium difficile,1,Number,2003,181.0075267,181.0075267,88.8649114
1,Deaths,,North Africa and Middle East,3,Both,6,5-9 years,302,Diarrheal diseases,183,Clostridium difficile,1,Number,2004,194.25808385,194.25808385,91.76184915
1,Deaths,,North Africa and Middle East,3,Both,6,5-9 years,302,Diarrheal diseases,183,Clostridium difficile,1,Number,2005,191.1363167,191.1363167,93.5295435
1,Deaths,,North Africa and Middle East,3,Both,6,5-9 years,302,Diarrheal diseases,183,Clostridium difficile,1,Number,2006,207.52958045,207.52958045,97.27203795
1,Deaths,,North Africa and Middle East,3,Both,6,5-9 years,302,Diarrheal diseases,183,Clostridium difficile,1,Number,2007,206.45686455,206.45686455,98.22872965
1,Deaths,,North Africa and Middle East,3,Both,6,5-9 years,302,Diarrheal diseases,183,Clostridium difficile,1,Number,2008,197.11871705,197.11871705,96.61539175
1,Deaths,,North Africa and Middle East,3,Both,6,5-9 years,302,Diarrheal diseases,183,Clostridium difficile,1,Number,2009,194.6239926,194.6239926,98.2295082
1,Deaths,,North Africa and Middle East,3,Both,6,5-9 years,302,Diarrheal diseases,183,Clostridium difficile,1,Number,2010,189.6662077,189.6662077,101.4948946
1,Deaths,,North Africa and Middle East,3,Both,6,5-9 years,302,Diarrheal diseases,183,Clostridium difficile,1,Number,2011,201.66527775,201.66527775,101.7067257
1,Deaths,,North Africa and Middle East,3,Both,6,5-9 years,302,Diarrheal diseases,183,Clostridium difficile,1,Number,2012,227.06913915,227.06913915,106.0810758
1,Deaths,,North Africa and Middle East,3,Both,6,5-9 years,302,Diarrheal diseases,183,Clostridium difficile,1,Number,2013,233.8179461,233.8179461,108.08031415
1,Deaths,,North Africa and Middle East,3,Both,6,5-9 years,302,Diarrheal diseases,183,Clostridium difficile,1,Number,2014,267.1447118,267.1447118,116.96379845
1,Deaths,,North Africa and Middle East,3,Both,6,5-9 years,302,Diarrheal diseases,183,Clostridium difficile,1,Number,2015,268.39458155,268.39458155,117.8332677
1,Deaths,,North Africa and Middle East,3,Both,6,5-9 years,302,Diarrheal diseases,183,Clostridium difficile,1,Number,2016,272.0806507,272.0806507,126.28006545
1,Deaths,,North Africa and Middle East,3,Both,6,5-9 years,302,Diarrheal diseases,183,Clostridium difficile,1,Number,2017,260.976128,260.976128,120.3261924
1,Deaths,,North Africa and Middle East,3,Both,6,5-9 years,302,Diarrheal diseases,183,Clostridium difficile,1,Number,2018,269.7435999,269.7435999,115.7777278
1,Deaths,,North Africa and Middle East,3,Both,6,5-9 years,302,Diarrheal diseases,183,Clostridium difficile,1,Number,2019,247.1855537,247.1855537,111.5949569
1,Deaths,,North Africa and Middle East,3,Both,6,5-9 years,302,Diarrheal diseases,183,Clostridium difficile,1,Number,2020,195.35167955,195.35167955,101.38128455
1,Deaths,,North Africa and Middle East,3,Both,6,5-9 years,302,Diarrheal diseases,183,Clostridium difficile,1,Number,2021,200.31437355,200.31437355,101.42525805
1,Deaths,,North Africa and Middle East,3,Both,15,50-54 years,302,Diarrheal diseases,183,Clostridium difficile,1,Number,1990,269.1858562,269.1858562,119.49479385
1,Deaths,,North Africa and Middle East,3,Both,15,50-54 years,302,Diarrheal diseases,183,Clostridium difficile,1,Number,1991,270.99995365,270.99995365,118.4565769
1,Deaths,,North Africa and Middle East,3,Both,15,50-54 years,302,Diarrheal diseases,183,Clostridium difficile,1,Number,1992,266.5258835,266.5258835,120.4778362
1,Deaths,,North Africa and Middle East,3,Both,15,50-54 years,302,Diarrheal diseases,183,Clostridium difficile,1,Number,1993,269.9618792,269.9618792,127.1244886
1,Deaths,,North Africa and Middle East,3,Both,15,50-54 years,302,Diarrheal diseases,183,Clostridium difficile,1,Number,1994,282.4650972,282.4650972,131.16452205
1,Deaths,,North Africa and Middle East,3,Both,15,50-54 years,302,Diarrheal diseases,183,Clostridium difficile,1,Number,1995,283.9753578,283.9753578,137.7802872
1,Deaths,,North Africa and Middle East,3,Both,15,50-54 years,302,Diarrheal diseases,183,Clostridium difficile,1,Number,1996,294.35559005,294.35559005,142.63437365
1,Deaths,,North Africa and Middle East,3,Both,15,50-54 years,302,Diarrheal diseases,183,Clostridium difficile,1,Number,1997,299.3536313,299.3536313,147.6495334
1,Deaths,,North Africa and Middle East,3,Both,15,50-54 years,302,Diarrheal diseases,183,Clostridium difficile,1,Number,1998,319.6879761,319.6879761,158.2285626
1,Deaths,,North Africa and Middle East,3,Both,15,50-54 years,302,Diarrheal diseases,183,Clostridium difficile,1,Number,1999,336.46252845,336.46252845,164.68616335
1,Deaths,,North Africa and Middle East,3,Both,15,50-54 years,302,Diarrheal diseases,183,Clostridium difficile,1,Number,2000,349.21343765,349.21343765,173.6227405
1,Deaths,,North Africa and Middle East,3,Both,15,50-54 years,302,Diarrheal diseases,183,Clostridium difficile,1,Number,2001,384.007449,384.007449,184.99966495
1,Deaths,,North Africa and Middle East,3,Both,15,50-54 years,302,Diarrheal diseases,183,Clostridium difficile,1,Number,2002,406.97225535,406.97225535,206.3002558
1,Deaths,,North Africa and Middle East,3,Both,15,50-54 years,302,Diarrheal diseases,183,Clostridium difficile,1,Number,2003,423.9146075,423.9146075,220.4824861
1,Deaths,,North Africa and Middle East,3,Both,15,50-54 years,302,Diarrheal diseases,183,Clostridium difficile,1,Number,2004,438.7383946,438.7383946,229.7637857
1,Deaths,,North Africa and Middle East,3,Both,15,50-54 years,302,Diarrheal diseases,183,Clostridium difficile,1,Number,2005,469.6301157,469.6301157,231.531389
1,Deaths,,North Africa and Middle East,3,Both,15,50-54 years,302,Diarrheal diseases,183,Clostridium difficile,1,Number,2006,478.3765498,478.3765498,252.8317547
1,Deaths,,North Africa and Middle East,3,Both,15,50-54 years,302,Diarrheal diseases,183,Clostridium difficile,1,Number,2007,493.51897935,493.51897935,258.18370325
1,Deaths,,North Africa and Middle East,3,Both,15,50-54 years,302,Diarrheal diseases,183,Clostridium difficile,1,Number,2008,514.132569,514.132569,270.5464229
1,Deaths,,North Africa and Middle East,3,Both,15,50-54 years,302,Diarrheal diseases,183,Clostridium difficile,1,Number,2009,532.218813,532.218813,285.5387313
1,Deaths,,North Africa and Middle East,3,Both,15,50-54 years,302,Diarrheal diseases,183,Clostridium difficile,1,Number,2010,561.572723,561.572723,295.8685026
1,Deaths,,North Africa and Middle East,3,Both,15,50-54 years,302,Diarrheal diseases,183,Clostridium difficile,1,Number,2011,557.8914695,557.8914695,305.80726355
1,Deaths,,North Africa and Middle East,3,Both,15,50-54 years,302,Diarrheal diseases,183,Clostridium difficile,1,Number,2012,587.753541,587.753541,332.75498145
1,Deaths,,North Africa and Middle East,3,Both,15,50-54 years,302,Diarrheal diseases,183,Clostridium difficile,1,Number,2013,629.8177775,629.8177775,342.52266735
1,Deaths,,North Africa and Middle East,3,Both,15,50-54 years,302,Diarrheal diseases,183,Clostridium difficile,1,Number,2014,672.6172825,672.6172825,381.6794223
1,Deaths,,North Africa and Middle East,3,Both,15,50-54 years,302,Diarrheal diseases,183,Clostridium difficile,1,Number,2015,720.733976,720.733976,392.0361778
1,Deaths,,North Africa and Middle East,3,Both,15,50-54 years,302,Diarrheal diseases,183,Clostridium difficile,1,Number,2016,735.892188,735.892188,423.88548815
1,Deaths,,North Africa and Middle East,3,Both,15,50-54 years,302,Diarrheal diseases,183,Clostridium difficile,1,Number,2017,729.561964,729.561964,427.5347966
1,Deaths,,North Africa and Middle East,3,Both,15,50-54 years,302,Diarrheal diseases,183,Clostridium difficile,1,Number,2018,769.0486355,769.0486355,433.8232171
1,Deaths,,North Africa and Middle East,3,Both,15,50-54 years,302,Diarrheal diseases,183,Clostridium difficile,1,Number,2019,775.1410415,775.1410415,446.58330015
1,Deaths,,North Africa and Middle East,3,Both,15,50-54 years,302,Diarrheal diseases,183,Clostridium difficile,1,Number,2020,766.066469,766.066469,431.2352999
1,Deaths,,North Africa and Middle East,3,Both,15,50-54 years,302,Diarrheal diseases,183,Clostridium difficile,1,Number,2021,798.9025905,798.9025905,445.0742144
1,Deaths,,North Africa and Middle East,3,Both,16,55-59 years,302,Diarrheal diseases,183,Clostridium difficile,1,Number,1990,394.3524675,394.3524675,165.0297355
1,Deaths,,North Africa and Middle East,3,Both,16,55-59 years,302,Diarrheal diseases,183,Clostridium difficile,1,Number,1991,401.5837717,401.5837717,164.16786165
1,Deaths,,North Africa and Middle East,3,Both,16,55-59 years,302,Diarrheal diseases,183,Clostridium difficile,1,Number,1992,397.8025302,397.8025302,165.62535265
1,Deaths,,North Africa and Middle East,3,Both,16,55-59 years,302,Diarrheal diseases,183,Clostridium difficile,1,Number,1993,404.24073865,404.24073865,169.1042099
1,Deaths,,North Africa and Middle East,3,Both,16,55-59 years,302,Diarrheal diseases,183,Clostridium difficile,1,Number,1994,403.40019385,403.40019385,191.3124587
1,Deaths,,North Africa and Middle East,3,Both,16,55-59 years,302,Diarrheal diseases,183,Clostridium difficile,1,Number,1995,411.6581464,411.6581464,194.8067351
1,Deaths,,North Africa and Middle East,3,Both,16,55-59 years,302,Diarrheal diseases,183,Clostridium difficile,1,Number,1996,429.65627945,429.65627945,191.1777695
1,Deaths,,North Africa and Middle East,3,Both,16,55-59 years,302,Diarrheal diseases,183,Clostridium difficile,1,Number,1997,428.36749435,428.36749435,195.0628068
1,Deaths,,North Africa and Middle East,3,Both,16,55-59 years,302,Diarrheal diseases,183,Clostridium difficile,1,Number,1998,452.83277445,452.83277445,194.84315615
1,Deaths,,North Africa and Middle East,3,Both,16,55-59 years,302,Diarrheal diseases,183,Clostridium difficile,1,Number,1999,457.5685753,457.5685753,199.92374565
1,Deaths,,North Africa and Middle East,3,Both,16,55-59 years,302,Diarrheal diseases,183,Clostridium difficile,1,Number,2000,461.5303712,461.5303712,213.21237725
1,Deaths,,North Africa and Middle East,3,Both,16,55-59 years,302,Diarrheal diseases,183,Clostridium difficile,1,Number,2001,488.32499945,488.32499945,233.1349045
1,Deaths,,North Africa and Middle East,3,Both,16,55-59 years,302,Diarrheal diseases,183,Clostridium difficile,1,Number,2002,517.195994,517.195994,243.19500455
1,Deaths,,North Africa and Middle East,3,Both,16,55-59 years,302,Diarrheal diseases,183,Clostridium difficile,1,Number,2003,543.9442405,543.9442405,259.4603789
1,Deaths,,North Africa and Middle East,3,Both,16,55-59 years,302,Diarrheal diseases,183,Clostridium difficile,1,Number,2004,568.729219,568.729219,277.9511479
1,Deaths,,North Africa and Middle East,3,Both,16,55-59 years,302,Diarrheal diseases,183,Clostridium difficile,1,Number,2005,604.4888785,604.4888785,282.5438338
1,Deaths,,North Africa and Middle East,3,Both,16,55-59 years,302,Diarrheal diseases,183,Clostridium difficile,1,Number,2006,621.524953,621.524953,319.82777785
1,Deaths,,North Africa and Middle East,3,Both,16,55-59 years,302,Diarrheal diseases,183,Clostridium difficile,1,Number,2007,660.04442,660.04442,329.7931867
1,Deaths,,North Africa and Middle East,3,Both,16,55-59 years,302,Diarrheal diseases,183,Clostridium difficile,1,Number,2008,700.0870375,700.0870375,348.68748515
1,Deaths,,North Africa and Middle East,3,Both,16,55-59 years,302,Diarrheal diseases,183,Clostridium difficile,1,Number,2009,742.870429,742.870429,367.17147275
1,Deaths,,North Africa and Middle East,3,Both,16,55-59 years,302,Diarrheal diseases,183,Clostridium difficile,1,Number,2010,793.3071475,793.3071475,397.26980115
1,Deaths,,North Africa and Middle East,3,Both,16,55-59 years,302,Diarrheal diseases,183,Clostridium difficile,1,Number,2011,808.872605,808.872605,397.7478073
1,Deaths,,North Africa and Middle East,3,Both,16,55-59 years,302,Diarrheal diseases,183,Clostridium difficile,1,Number,2012,845.854972,845.854972,429.25965445
1,Deaths,,North Africa and Middle East,3,Both,16,55-59 years,302,Diarrheal diseases,183,Clostridium difficile,1,Number,2013,885.533668,885.533668,457.82443705
1,Deaths,,North Africa and Middle East,3,Both,16,55-59 years,302,Diarrheal diseases,183,Clostridium difficile,1,Number,2014,966.786779,966.786779,490.07568815
1,Deaths,,North Africa and Middle East,3,Both,16,55-59 years,302,Diarrheal diseases,183,Clostridium difficile,1,Number,2015,993.9542915,993.9542915,536.6873035
1,Deaths,,North Africa and Middle East,3,Both,16,55-59 years,302,Diarrheal diseases,183,Clostridium difficile,1,Number,2016,1022.7516195,1022.7516195,564.8596365
1,Deaths,,North Africa and Middle East,3,Both,16,55-59 years,302,Diarrheal diseases,183,Clostridium difficile,1,Number,2017,1010.0252535,1010.0252535,561.744252
1,Deaths,,North Africa and Middle East,3,Both,16,55-59 years,302,Diarrheal diseases,183,Clostridium difficile,1,Number,2018,1048.796592,1048.796592,596.1744905
1,Deaths,,North Africa and Middle East,3,Both,16,55-59 years,302,Diarrheal diseases,183,Clostridium difficile,1,Number,2019,1102.3596145,1102.3596145,583.5150705
1,Deaths,,North Africa and Middle East,3,Both,16,55-59 years,302,Diarrheal diseases,183,Clostridium difficile,1,Number,2020,1074.765334,1074.765334,591.9543
1,Deaths,,North Africa and Middle East,3,Both,16,55-59 years,302,Diarrheal diseases,183,Clostridium difficile,1,Number,2021,1159.6972985,1159.6972985,560.0134945
1,Deaths,,North Africa and Middle East,3,Both,17,60-64 years,302,Diarrheal diseases,183,Clostridium difficile,1,Number,1990,561.6205425,561.6205425,242.81708775
1,Deaths,,North Africa and Middle East,3,Both,17,60-64 years,302,Diarrheal diseases,183,Clostridium difficile,1,Number,1991,570.3020415,570.3020415,257.16588065
1,Deaths,,North Africa and Middle East,3,Both,17,60-64 years,302,Diarrheal diseases,183,Clostridium difficile,1,Number,1992,573.939111,573.939111,259.9452996
1,Deaths,,North Africa and Middle East,3,Both,17,60-64 years,302,Diarrheal diseases,183,Clostridium difficile,1,Number,1993,592.330866,592.330866,262.573122
1,Deaths,,North Africa and Middle East,3,Both,17,60-64 years,302,Diarrheal diseases,183,Clostridium difficile,1,Number,1994,605.5220785,605.5220785,278.4346989
1,Deaths,,North Africa and Middle East,3,Both,17,60-64 years,302,Diarrheal diseases,183,Clostridium difficile,1,Number,1995,605.7291585,605.7291585,289.2701827
1,Deaths,,North Africa and Middle East,3,Both,17,60-64 years,302,Diarrheal diseases,183,Clostridium difficile,1,Number,1996,624.978936,624.978936,286.32043395
1,Deaths,,North Africa and Middle East,3,Both,17,60-64 years,302,Diarrheal diseases,183,Clostridium difficile,1,Number,1997,604.2867405,604.2867405,308.5487986
1,Deaths,,North Africa and Middle East,3,Both,17,60-64 years,302,Diarrheal diseases,183,Clostridium difficile,1,Number,1998,631.848467,631.848467,312.62221465
1,Deaths,,North Africa and Middle East,3,Both,17,60-64 years,302,Diarrheal diseases,183,Clostridium difficile,1,Number,1999,649.21129,649.21129,304.96632185
1,Deaths,,North Africa and Middle East,3,Both,17,60-64 years,302,Diarrheal diseases,183,Clostridium difficile,1,Number,2000,641.5613395,641.5613395,328.09185075
1,Deaths,,North Africa and Middle East,3,Both,17,60-64 years,302,Diarrheal diseases,183,Clostridium difficile,1,Number,2001,680.723136,680.723136,340.99442525
1,Deaths,,North Africa and Middle East,3,Both,17,60-64 years,302,Diarrheal diseases,183,Clostridium difficile,1,Number,2002,696.7764815,696.7764815,363.7504018
1,Deaths,,North Africa and Middle East,3,Both,17,60-64 years,302,Diarrheal diseases,183,Clostridium difficile,1,Number,2003,723.6032875,723.6032875,364.37587035
1,Deaths,,North Africa and Middle East,3,Both,17,60-64 years,302,Diarrheal diseases,183,Clostridium difficile,1,Number,2004,748.3053275,748.3053275,362.4909854
1,Deaths,,North Africa and Middle East,3,Both,17,60-64 years,302,Diarrheal diseases,183,Clostridium difficile,1,Number,2005,769.363717,769.363717,370.9178394
1,Deaths,,North Africa and Middle East,3,Both,17,60-64 years,302,Diarrheal diseases,183,Clostridium difficile,1,Number,2006,766.3116405,766.3116405,413.7462534
1,Deaths,,North Africa and Middle East,3,Both,17,60-64 years,302,Diarrheal diseases,183,Clostridium difficile,1,Number,2007,788.393288,788.393288,427.46347775
1,Deaths,,North Africa and Middle East,3,Both,17,60-64 years,302,Diarrheal diseases,183,Clostridium difficile,1,Number,2008,832.520734,832.520734,454.37399235
1,Deaths,,North Africa and Middle East,3,Both,17,60-64 years,302,Diarrheal diseases,183,Clostridium difficile,1,Number,2009,901.171038,901.171038,463.96337175
1,Deaths,,North Africa and Middle East,3,Both,17,60-64 years,302,Diarrheal diseases,183,Clostridium difficile,1,Number,2010,955.865126,955.865126,492.1306405
1,Deaths,,North Africa and Middle East,3,Both,17,60-64 years,302,Diarrheal diseases,183,Clostridium difficile,1,Number,2011,967.250108,967.250108,514.289499
1,Deaths,,North Africa and Middle East,3,Both,17,60-64 years,302,Diarrheal diseases,183,Clostridium difficile,1,Number,2012,1043.7439675,1043.7439675,557.6591365
1,Deaths,,North Africa and Middle East,3,Both,17,60-64 years,302,Diarrheal diseases,183,Clostridium difficile,1,Number,2013,1105.866484,1105.866484,617.1384945
1,Deaths,,North Africa and Middle East,3,Both,17,60-64 years,302,Diarrheal diseases,183,Clostridium difficile,1,Number,2014,1211.2487935,1211.2487935,674.9779955
1,Deaths,,North Africa and Middle East,3,Both,17,60-64 years,302,Diarrheal diseases,183,Clostridium difficile,1,Number,2015,1272.8327805,1272.8327805,742.300819
1,Deaths,,North Africa and Middle East,3,Both,17,60-64 years,302,Diarrheal diseases,183,Clostridium difficile,1,Number,2016,1331.009937,1331.009937,766.4119005
1,Deaths,,North Africa and Middle East,3,Both,17,60-64 years,302,Diarrheal diseases,183,Clostridium difficile,1,Number,2017,1332.6911355,1332.6911355,741.8489345
1,Deaths,,North Africa and Middle East,3,Both,17,60-64 years,302,Diarrheal diseases,183,Clostridium difficile,1,Number,2018,1374.457262,1374.457262,795.132385
1,Deaths,,North Africa and Middle East,3,Both,17,60-64 years,302,Diarrheal diseases,183,Clostridium difficile,1,Number,2019,1391.774661,1391.774661,822.860486
1,Deaths,,North Africa and Middle East,3,Both,17,60-64 years,302,Diarrheal diseases,183,Clostridium difficile,1,Number,2020,1386.1851195,1386.1851195,784.8013
1,Deaths,,North Africa and Middle East,3,Both,17,60-64 years,302,Diarrheal diseases,183,Clostridium difficile,1,Number,2021,1422.425273,1422.425273,797.9598555
1,Deaths,,North Africa and Middle East,3,Both,18,65-69 years,302,Diarrheal diseases,183,Clostridium difficile,1,Number,1990,643.106539,643.106539,307.19635725
1,Deaths,,North Africa and Middle East,3,Both,18,65-69 years,302,Diarrheal diseases,183,Clostridium difficile,1,Number,1991,658.7755465,658.7755465,311.8810689
1,Deaths,,North Africa and Middle East,3,Both,18,65-69 years,302,Diarrheal diseases,183,Clostridium difficile,1,Number,1992,672.3575265,672.3575265,311.6715915
1,Deaths,,North Africa and Middle East,3,Both,18,65-69 years,302,Diarrheal diseases,183,Clostridium difficile,1,Number,1993,694.9036835,694.9036835,328.29312065
1,Deaths,,North Africa and Middle East,3,Both,18,65-69 years,302,Diarrheal diseases,183,Clostridium difficile,1,Number,1994,723.504391,723.504391,355.99941855
1,Deaths,,North Africa and Middle East,3,Both,18,65-69 years,302,Diarrheal diseases,183,Clostridium difficile,1,Number,1995,759.454483,759.454483,365.11215105
1,Deaths,,North Africa and Middle East,3,Both,18,65-69 years,302,Diarrheal diseases,183,Clostridium difficile,1,Number,1996,778.323611,778.323611,386.7492399
1,Deaths,,North Africa and Middle East,3,Both,18,65-69 years,302,Diarrheal diseases,183,Clostridium difficile,1,Number,1997,789.4582215,789.4582215,394.35244605
1,Deaths,,North Africa and Middle East,3,Both,18,65-69 years,302,Diarrheal diseases,183,Clostridium difficile,1,Number,1998,833.072138,833.072138,405.10943095
1,Deaths,,North Africa and Middle East,3,Both,18,65-69 years,302,Diarrheal diseases,183,Clostridium difficile,1,Number,1999,829.3121155,829.3121155,421.90020165
1,Deaths,,North Africa and Middle East,3,Both,18,65-69 years,302,Diarrheal diseases,183,Clostridium difficile,1,Number,2000,818.600033,818.600033,429.57827935
1,Deaths,,North Africa and Middle East,3,Both,18,65-69 years,302,Diarrheal diseases,183,Clostridium difficile,1,Number,2001,849.976074,849.976074,446.8993566
1,Deaths,,North Africa and Middle East,3,Both,18,65-69 years,302,Diarrheal diseases,183,Clostridium difficile,1,Number,2002,873.819209,873.819209,462.8655267
1,Deaths,,North Africa and Middle East,3,Both,18,65-69 years,302,Diarrheal diseases,183,Clostridium difficile,1,Number,2003,892.2862325,892.2862325,475.54315735
1,Deaths,,North Africa and Middle East,3,Both,18,65-69 years,302,Diarrheal diseases,183,Clostridium difficile,1,Number,2004,917.918271,917.918271,473.2378324
1,Deaths,,North Africa and Middle East,3,Both,18,65-69 years,302,Diarrheal diseases,183,Clostridium difficile,1,Number,2005,922.061018,922.061018,503.2371645
1,Deaths,,North Africa and Middle East,3,Both,18,65-69 years,302,Diarrheal diseases,183,Clostridium difficile,1,Number,2006,953.475686,953.475686,499.8618202
1,Deaths,,North Africa and Middle East,3,Both,18,65-69 years,302,Diarrheal diseases,183,Clostridium difficile,1,Number,2007,961.7681,961.7681,511.3475775
1,Deaths,,North Africa and Middle East,3,Both,18,65-69 years,302,Diarrheal diseases,183,Clostridium difficile,1,Number,2008,984.9476175,984.9476175,538.0912275
1,Deaths,,North Africa and Middle East,3,Both,18,65-69 years,302,Diarrheal diseases,183,Clostridium difficile,1,Number,2009,1019.976081,1019.976081,552.854491
1,Deaths,,North Africa and Middle East,3,Both,18,65-69 years,302,Diarrheal diseases,183,Clostridium difficile,1,Number,2010,1070.41386,1070.41386,566.6405125
1,Deaths,,North Africa and Middle East,3,Both,18,65-69 years,302,Diarrheal diseases,183,Clostridium difficile,1,Number,2011,1043.4858565,1043.4858565,594.498651
1,Deaths,,North Africa and Middle East,3,Both,18,65-69 years,302,Diarrheal diseases,183,Clostridium difficile,1,Number,2012,1127.7635315,1127.7635315,604.6767045
1,Deaths,,North Africa and Middle East,3,Both,18,65-69 years,302,Diarrheal diseases,183,Clostridium difficile,1,Number,2013,1171.7674195,1171.7674195,692.610927
1,Deaths,,North Africa and Middle East,3,Both,18,65-69 years,302,Diarrheal diseases,183,Clostridium difficile,1,Number,2014,1296.3907135,1296.3907135,764.968179
1,Deaths,,North Africa and Middle East,3,Both,18,65-69 years,302,Diarrheal diseases,183,Clostridium difficile,1,Number,2015,1382.6606475,1382.6606475,803.7179085
1,Deaths,,North Africa and Middle East,3,Both,18,65-69 years,302,Diarrheal diseases,183,Clostridium difficile,1,Number,2016,1461.202332,1461.202332,840.8158015
1,Deaths,,North Africa and Middle East,3,Both,18,65-69 years,302,Diarrheal diseases,183,Clostridium difficile,1,Number,2017,1454.869803,1454.869803,885.6506775
1,Deaths,,North Africa and Middle East,3,Both,18,65-69 years,302,Diarrheal diseases,183,Clostridium difficile,1,Number,2018,1575.2431805,1575.2431805,918.5995545
1,Deaths,,North Africa and Middle East,3,Both,18,65-69 years,302,Diarrheal diseases,183,Clostridium difficile,1,Number,2019,1602.111157,1602.111157,992.180804
1,Deaths,,North Africa and Middle East,3,Both,18,65-69 years,302,Diarrheal diseases,183,Clostridium difficile,1,Number,2020,1661.0341245,1661.0341245,945.0076685
1,Deaths,,North Africa and Middle East,3,Both,18,65-69 years,302,Diarrheal diseases,183,Clostridium difficile,1,Number,2021,1706.7534835,1706.7534835,943.9527325
1,Deaths,,North Africa and Middle East,3,Both,19,70-74 years,302,Diarrheal diseases,183,Clostridium difficile,1,Number,1990,657.4846325,657.4846325,301.33133115
1,Deaths,,North Africa and Middle East,3,Both,19,70-74 years,302,Diarrheal diseases,183,Clostridium difficile,1,Number,1991,684.990637,684.990637,303.1361202
1,Deaths,,North Africa and Middle East,3,Both,19,70-74 years,302,Diarrheal diseases,183,Clostridium difficile,1,Number,1992,695.006853,695.006853,315.3605135
1,Deaths,,North Africa and Middle East,3,Both,19,70-74 years,302,Diarrheal diseases,183,Clostridium difficile,1,Number,1993,719.696678,719.696678,330.1791612
1,Deaths,,North Africa and Middle East,3,Both,19,70-74 years,302,Diarrheal diseases,183,Clostridium difficile,1,Number,1994,748.410449,748.410449,352.64777715
1,Deaths,,North Africa and Middle East,3,Both,19,70-74 years,302,Diarrheal diseases,183,Clostridium difficile,1,Number,1995,756.0383965,756.0383965,380.4464467
1,Deaths,,North Africa and Middle East,3,Both,19,70-74 years,302,Diarrheal diseases,183,Clostridium difficile,1,Number,1996,797.460705,797.460705,371.61664955
1,Deaths,,North Africa and Middle East,3,Both,19,70-74 years,302,Diarrheal diseases,183,Clostridium difficile,1,Number,1997,812.213079,812.213079,386.56886665
1,Deaths,,North Africa and Middle East,3,Both,19,70-74 years,302,Diarrheal diseases,183,Clostridium difficile,1,Number,1998,858.011386,858.011386,410.47628015
1,Deaths,,North Africa and Middle East,3,Both,19,70-74 years,302,Diarrheal diseases,183,Clostridium difficile,1,Number,1999,870.8064475,870.8064475,438.4227057
1,Deaths,,North Africa and Middle East,3,Both,19,70-74 years,302,Diarrheal diseases,183,Clostridium difficile,1,Number,2000,898.0762345,898.0762345,452.200083
1,Deaths,,North Africa and Middle East,3,Both,19,70-74 years,302,Diarrheal diseases,183,Clostridium difficile,1,Number,2001,938.212803,938.212803,491.97932195
1,Deaths,,North Africa and Middle East,3,Both,19,70-74 years,302,Diarrheal diseases,183,Clostridium difficile,1,Number,2002,986.093648,986.093648,502.282841
1,Deaths,,North Africa and Middle East,3,Both,19,70-74 years,302,Diarrheal diseases,183,Clostridium difficile,1,Number,2003,1020.7727205,1020.7727205,510.4542
1,Deaths,,North Africa and Middle East,3,Both,19,70-74 years,302,Diarrheal diseases,183,Clostridium difficile,1,Number,2004,1031.079621,1031.079621,521.689725
1,Deaths,,North Africa and Middle East,3,Both,19,70-74 years,302,Diarrheal diseases,183,Clostridium difficile,1,Number,2005,1022.380712,1022.380712,552.3022545
1,Deaths,,North Africa and Middle East,3,Both,19,70-74 years,302,Diarrheal diseases,183,Clostridium difficile,1,Number,2006,1053.9557115,1053.9557115,541.706094
1,Deaths,,North Africa and Middle East,3,Both,19,70-74 years,302,Diarrheal diseases,183,Clostridium difficile,1,Number,2007,1077.1339155,1077.1339155,549.538152
1,Deaths,,North Africa and Middle East,3,Both,19,70-74 years,302,Diarrheal diseases,183,Clostridium difficile,1,Number,2008,1096.687189,1096.687189,586.2113855
1,Deaths,,North Africa and Middle East,3,Both,19,70-74 years,302,Diarrheal diseases,183,Clostridium difficile,1,Number,2009,1116.781532,1116.781532,605.07377
1,Deaths,,North Africa and Middle East,3,Both,19,70-74 years,302,Diarrheal diseases,183,Clostridium difficile,1,Number,2010,1136.393044,1136.393044,642.1036625
1,Deaths,,North Africa and Middle East,3,Both,19,70-74 years,302,Diarrheal diseases,183,Clostridium difficile,1,Number,2011,1141.795156,1141.795156,619.935957
1,Deaths,,North Africa and Middle East,3,Both,19,70-74 years,302,Diarrheal diseases,183,Clostridium difficile,1,Number,2012,1163.0096215,1163.0096215,646.790512
1,Deaths,,North Africa and Middle East,3,Both,19,70-74 years,302,Diarrheal diseases,183,Clostridium difficile,1,Number,2013,1208.0404765,1208.0404765,692.020467
1,Deaths,,North Africa and Middle East,3,Both,19,70-74 years,302,Diarrheal diseases,183,Clostridium difficile,1,Number,2014,1282.360976,1282.360976,720.429552
1,Deaths,,North Africa and Middle East,3,Both,19,70-74 years,302,Diarrheal diseases,183,Clostridium difficile,1,Number,2015,1342.534955,1342.534955,763.1155595
1,Deaths,,North Africa and Middle East,3,Both,19,70-74 years,302,Diarrheal diseases,183,Clostridium difficile,1,Number,2016,1377.667434,1377.667434,788.1679225
1,Deaths,,North Africa and Middle East,3,Both,19,70-74 years,302,Diarrheal diseases,183,Clostridium difficile,1,Number,2017,1390.273073,1390.273073,771.107272
1,Deaths,,North Africa and Middle East,3,Both,19,70-74 years,302,Diarrheal diseases,183,Clostridium difficile,1,Number,2018,1434.8329275,1434.8329275,866.5866505
1,Deaths,,North Africa and Middle East,3,Both,19,70-74 years,302,Diarrheal diseases,183,Clostridium difficile,1,Number,2019,1526.739298,1526.739298,889.9477715
1,Deaths,,North Africa and Middle East,3,Both,19,70-74 years,302,Diarrheal diseases,183,Clostridium difficile,1,Number,2020,1536.8944995,1536.8944995,843.9659895
1,Deaths,,North Africa and Middle East,3,Both,19,70-74 years,302,Diarrheal diseases,183,Clostridium difficile,1,Number,2021,1560.617588,1560.617588,910.961131
1,Deaths,,North Africa and Middle East,3,Both,20,75-79 years,302,Diarrheal diseases,183,Clostridium difficile,1,Number,1990,632.7121725,632.7121725,290.67058205
1,Deaths,,North Africa and Middle East,3,Both,20,75-79 years,302,Diarrheal diseases,183,Clostridium difficile,1,Number,1991,637.881319,637.881319,288.1532607
1,Deaths,,North Africa and Middle East,3,Both,20,75-79 years,302,Diarrheal diseases,183,Clostridium difficile,1,Number,1992,640.29603,640.29603,289.7491121
1,Deaths,,North Africa and Middle East,3,Both,20,75-79 years,302,Diarrheal diseases,183,Clostridium difficile,1,Number,1993,658.859603,658.859603,296.4530484
1,Deaths,,North Africa and Middle East,3,Both,20,75-79 years,302,Diarrheal diseases,183,Clostridium difficile,1,Number,1994,681.79477,681.79477,316.78148415
1,Deaths,,North Africa and Middle East,3,Both,20,75-79 years,302,Diarrheal diseases,183,Clostridium difficile,1,Number,1995,716.130209,716.130209,325.04010905
1,Deaths,,North Africa and Middle East,3,Both,20,75-79 years,302,Diarrheal diseases,183,Clostridium difficile,1,Number,1996,732.1053735,732.1053735,344.724072
1,Deaths,,North Africa and Middle East,3,Both,20,75-79 years,302,Diarrheal diseases,183,Clostridium difficile,1,Number,1997,753.5863,753.5863,351.809072
1,Deaths,,North Africa and Middle East,3,Both,20,75-79 years,302,Diarrheal diseases,183,Clostridium difficile,1,Number,1998,790.8528205,790.8528205,379.7697965
1,Deaths,,North Africa and Middle East,3,Both,20,75-79 years,302,Diarrheal diseases,183,Clostridium difficile,1,Number,1999,810.3483365,810.3483365,401.9345331
1,Deaths,,North Africa and Middle East,3,Both,20,75-79 years,302,Diarrheal diseases,183,Clostridium difficile,1,Number,2000,823.45876,823.45876,425.692561
1,Deaths,,North Africa and Middle East,3,Both,20,75-79 years,302,Diarrheal diseases,183,Clostridium difficile,1,Number,2001,876.6516555,876.6516555,447.9545929
1,Deaths,,North Africa and Middle East,3,Both,20,75-79 years,302,Diarrheal diseases,183,Clostridium difficile,1,Number,2002,918.5969215,918.5969215,478.7299329
1,Deaths,,North Africa and Middle East,3,Both,20,75-79 years,302,Diarrheal diseases,183,Clostridium difficile,1,Number,2003,959.059679,959.059679,500.5060465
1,Deaths,,North Africa and Middle East,3,Both,20,75-79 years,302,Diarrheal diseases,183,Clostridium difficile,1,Number,2004,1005.840046,1005.840046,521.578531
1,Deaths,,North Africa and Middle East,3,Both,20,75-79 years,302,Diarrheal diseases,183,Clostridium difficile,1,Number,2005,1047.3900485,1047.3900485,565.6458155
1,Deaths,,North Africa and Middle East,3,Both,20,75-79 years,302,Diarrheal diseases,183,Clostridium difficile,1,Number,2006,1086.5952075,1086.5952075,583.1556575
1,Deaths,,North Africa and Middle East,3,Both,20,75-79 years,302,Diarrheal diseases,183,Clostridium difficile,1,Number,2007,1120.127571,1120.127571,610.7673985
1,Deaths,,North Africa and Middle East,3,Both,20,75-79 years,302,Diarrheal diseases,183,Clostridium difficile,1,Number,2008,1193.993801,1193.993801,632.387364
1,Deaths,,North Africa and Middle East,3,Both,20,75-79 years,302,Diarrheal diseases,183,Clostridium difficile,1,Number,2009,1221.7164445,1221.7164445,666.46308
1,Deaths,,North Africa and Middle East,3,Both,20,75-79 years,302,Diarrheal diseases,183,Clostridium difficile,1,Number,2010,1255.9319635,1255.9319635,688.1208715
1,Deaths,,North Africa and Middle East,3,Both,20,75-79 years,302,Diarrheal diseases,183,Clostridium difficile,1,Number,2011,1262.157722,1262.157722,677.498831
1,Deaths,,North Africa and Middle East,3,Both,20,75-79 years,302,Diarrheal diseases,183,Clostridium difficile,1,Number,2012,1288.795191,1288.795191,719.7802665
1,Deaths,,North Africa and Middle East,3,Both,20,75-79 years,302,Diarrheal diseases,183,Clostridium difficile,1,Number,2013,1347.8964565,1347.8964565,764.2651
1,Deaths,,North Africa and Middle East,3,Both,20,75-79 years,302,Diarrheal diseases,183,Clostridium difficile,1,Number,2014,1413.168896,1413.168896,833.1398325
1,Deaths,,North Africa and Middle East,3,Both,20,75-79 years,302,Diarrheal diseases,183,Clostridium difficile,1,Number,2015,1474.0004305,1474.0004305,875.5532195
1,Deaths,,North Africa and Middle East,3,Both,20,75-79 years,302,Diarrheal diseases,183,Clostridium difficile,1,Number,2016,1494.7338485,1494.7338485,879.0225635
1,Deaths,,North Africa and Middle East,3,Both,20,75-79 years,302,Diarrheal diseases,183,Clostridium difficile,1,Number,2017,1443.8069015,1443.8069015,880.9189785
1,Deaths,,North Africa and Middle East,3,Both,20,75-79 years,302,Diarrheal diseases,183,Clostridium difficile,1,Number,2018,1507.9847665,1507.9847665,886.8071725
1,Deaths,,North Africa and Middle East,3,Both,20,75-79 years,302,Diarrheal diseases,183,Clostridium difficile,1,Number,2019,1567.305116,1567.305116,895.2805875
1,Deaths,,North Africa and Middle East,3,Both,20,75-79 years,302,Diarrheal diseases,183,Clostridium difficile,1,Number,2020,1513.6263325,1513.6263325,892.816415
1,Deaths,,North Africa and Middle East,3,Both,20,75-79 years,302,Diarrheal diseases,183,Clostridium difficile,1,Number,2021,1527.2855125,1527.2855125,902.2360015
1,Deaths,,North Africa and Middle East,3,Both,30,80-84 years,302,Diarrheal diseases,183,Clostridium difficile,1,Number,1990,548.930091,548.930091,229.69632075
1,Deaths,,North Africa and Middle East,3,Both,30,80-84 years,302,Diarrheal diseases,183,Clostridium difficile,1,Number,1991,518.575253,518.575253,241.5431704
1,Deaths,,North Africa and Middle East,3,Both,30,80-84 years,302,Diarrheal diseases,183,Clostridium difficile,1,Number,1992,518.418268,518.418268,239.8298395
1,Deaths,,North Africa and Middle East,3,Both,30,80-84 years,302,Diarrheal diseases,183,Clostridium difficile,1,Number,1993,526.9655715,526.9655715,244.5750656
1,Deaths,,North Africa and Middle East,3,Both,30,80-84 years,302,Diarrheal diseases,183,Clostridium difficile,1,Number,1994,550.0910545,550.0910545,255.07911725
1,Deaths,,North Africa and Middle East,3,Both,30,80-84 years,302,Diarrheal diseases,183,Clostridium difficile,1,Number,1995,567.345902,567.345902,272.63669405
1,Deaths,,North Africa and Middle East,3,Both,30,80-84 years,302,Diarrheal diseases,183,Clostridium difficile,1,Number,1996,588.8383655,588.8383655,278.9411996
1,Deaths,,North Africa and Middle East,3,Both,30,80-84 years,302,Diarrheal diseases,183,Clostridium difficile,1,Number,1997,604.69728,604.69728,287.7910772
1,Deaths,,North Africa and Middle East,3,Both,30,80-84 years,302,Diarrheal diseases,183,Clostridium difficile,1,Number,1998,657.4848235,657.4848235,292.03897985
1,Deaths,,North Africa and Middle East,3,Both,30,80-84 years,302,Diarrheal diseases,183,Clostridium difficile,1,Number,1999,674.944461,674.944461,310.6551416
1,Deaths,,North Africa and Middle East,3,Both,30,80-84 years,302,Diarrheal diseases,183,Clostridium difficile,1,Number,2000,680.0208025,680.0208025,333.76232745
1,Deaths,,North Africa and Middle East,3,Both,30,80-84 years,302,Diarrheal diseases,183,Clostridium difficile,1,Number,2001,715.5838285,715.5838285,359.1551115
1,Deaths,,North Africa and Middle East,3,Both,30,80-84 years,302,Diarrheal diseases,183,Clostridium difficile,1,Number,2002,764.7948515,764.7948515,378.5319174
1,Deaths,,North Africa and Middle East,3,Both,30,80-84 years,302,Diarrheal diseases,183,Clostridium difficile,1,Number,2003,795.465608,795.465608,396.93727345
1,Deaths,,North Africa and Middle East,3,Both,30,80-84 years,302,Diarrheal diseases,183,Clostridium difficile,1,Number,2004,826.660835,826.660835,420.94341515
1,Deaths,,North Africa and Middle East,3,Both,30,80-84 years,302,Diarrheal diseases,183,Clostridium difficile,1,Number,2005,871.567375,871.567375,434.65711565
1,Deaths,,North Africa and Middle East,3,Both,30,80-84 years,302,Diarrheal diseases,183,Clostridium difficile,1,Number,2006,901.9599095,901.9599095,456.26992055
1,Deaths,,North Africa and Middle East,3,Both,30,80-84 years,302,Diarrheal diseases,183,Clostridium difficile,1,Number,2007,953.4690785,953.4690785,483.21565105
1,Deaths,,North Africa and Middle East,3,Both,30,80-84 years,302,Diarrheal diseases,183,Clostridium difficile,1,Number,2008,1039.69526,1039.69526,509.4669405
1,Deaths,,North Africa and Middle East,3,Both,30,80-84 years,302,Diarrheal diseases,183,Clostridium difficile,1,Number,2009,1082.2087295,1082.2087295,563.243366
1,Deaths,,North Africa and Middle East,3,Both,30,80-84 years,302,Diarrheal diseases,183,Clostridium difficile,1,Number,2010,1146.3587485,1146.3587485,598.3056725
1,Deaths,,North Africa and Middle East,3,Both,30,80-84 years,302,Diarrheal diseases,183,Clostridium difficile,1,Number,2011,1150.270075,1150.270075,625.914728
1,Deaths,,North Africa and Middle East,3,Both,30,80-84 years,302,Diarrheal diseases,183,Clostridium difficile,1,Number,2012,1225.2432365,1225.2432365,636.605765
1,Deaths,,North Africa and Middle East,3,Both,30,80-84 years,302,Diarrheal diseases,183,Clostridium difficile,1,Number,2013,1314.7146,1314.7146,689.9799245
1,Deaths,,North Africa and Middle East,3,Both,30,80-84 years,302,Diarrheal diseases,183,Clostridium difficile,1,Number,2014,1383.8627655,1383.8627655,764.1602285
1,Deaths,,North Africa and Middle East,3,Both,30,80-84 years,302,Diarrheal diseases,183,Clostridium difficile,1,Number,2015,1450.274838,1450.274838,809.035815
1,Deaths,,North Africa and Middle East,3,Both,30,80-84 years,302,Diarrheal diseases,183,Clostridium difficile,1,Number,2016,1497.232776,1497.232776,811.592092
1,Deaths,,North Africa and Middle East,3,Both,30,80-84 years,302,Diarrheal diseases,183,Clostridium difficile,1,Number,2017,1466.965109,1466.965109,803.2986155
1,Deaths,,North Africa and Middle East,3,Both,30,80-84 years,302,Diarrheal diseases,183,Clostridium difficile,1,Number,2018,1474.0671855,1474.0671855,852.9092045
1,Deaths,,North Africa and Middle East,3,Both,30,80-84 years,302,Diarrheal diseases,183,Clostridium difficile,1,Number,2019,1522.889468,1522.889468,851.1634105
1,Deaths,,North Africa and Middle East,3,Both,30,80-84 years,302,Diarrheal diseases,183,Clostridium difficile,1,Number,2020,1439.879996,1439.879996,859.043144
1,Deaths,,North Africa and Middle East,3,Both,30,80-84 years,302,Diarrheal diseases,183,Clostridium difficile,1,Number,2021,1438.8139395,1438.8139395,833.3480745
1,Deaths,,North Africa and Middle East,3,Both,31,85-89 years,302,Diarrheal diseases,183,Clostridium difficile,1,Number,1990,390.08857355,390.08857355,166.4144474
1,Deaths,,North Africa and Middle East,3,Both,31,85-89 years,302,Diarrheal diseases,183,Clostridium difficile,1,Number,1991,369.97146195,369.97146195,161.8014609
1,Deaths,,North Africa and Middle East,3,Both,31,85-89 years,302,Diarrheal diseases,183,Clostridium difficile,1,Number,1992,343.8862483,343.8862483,162.6259349
1,Deaths,,North Africa and Middle East,3,Both,31,85-89 years,302,Diarrheal diseases,183,Clostridium difficile,1,Number,1993,345.26703745,345.26703745,155.90364155
1,Deaths,,North Africa and Middle East,3,Both,31,85-89 years,302,Diarrheal diseases,183,Clostridium difficile,1,Number,1994,347.9540576,347.9540576,160.2982191
1,Deaths,,North Africa and Middle East,3,Both,31,85-89 years,302,Diarrheal diseases,183,Clostridium difficile,1,Number,1995,358.99928635,358.99928635,158.78851215
1,Deaths,,North Africa and Middle East,3,Both,31,85-89 years,302,Diarrheal diseases,183,Clostridium difficile,1,Number,1996,364.01004615,364.01004615,163.8808197
1,Deaths,,North Africa and Middle East,3,Both,31,85-89 years,302,Diarrheal diseases,183,Clostridium difficile,1,Number,1997,368.22314025,368.22314025,166.03621685
1,Deaths,,North Africa and Middle East,3,Both,31,85-89 years,302,Diarrheal diseases,183,Clostridium difficile,1,Number,1998,386.8345673,386.8345673,174.8667713
1,Deaths,,North Africa and Middle East,3,Both,31,85-89 years,302,Diarrheal diseases,183,Clostridium difficile,1,Number,1999,402.8819661,402.8819661,180.28951205
1,Deaths,,North Africa and Middle East,3,Both,31,85-89 years,302,Diarrheal diseases,183,Clostridium difficile,1,Number,2000,414.9663288,414.9663288,207.0799004
1,Deaths,,North Africa and Middle East,3,Both,31,85-89 years,302,Diarrheal diseases,183,Clostridium difficile,1,Number,2001,462.99105745,462.99105745,211.55192715
1,Deaths,,North Africa and Middle East,3,Both,31,85-89 years,302,Diarrheal diseases,183,Clostridium difficile,1,Number,2002,493.27471585,493.27471585,224.3468423
1,Deaths,,North Africa and Middle East,3,Both,31,85-89 years,302,Diarrheal diseases,183,Clostridium difficile,1,Number,2003,508.961467,508.961467,252.68404265
1,Deaths,,North Africa and Middle East,3,Both,31,85-89 years,302,Diarrheal diseases,183,Clostridium difficile,1,Number,2004,542.7994595,542.7994595,257.56945515
1,Deaths,,North Africa and Middle East,3,Both,31,85-89 years,302,Diarrheal diseases,183,Clostridium difficile,1,Number,2005,582.3263135,582.3263135,265.1724761
1,Deaths,,North Africa and Middle East,3,Both,31,85-89 years,302,Diarrheal diseases,183,Clostridium difficile,1,Number,2006,605.3255835,605.3255835,293.6005271
1,Deaths,,North Africa and Middle East,3,Both,31,85-89 years,302,Diarrheal diseases,183,Clostridium difficile,1,Number,2007,645.9844,645.9844,308.5996136
1,Deaths,,North Africa and Middle East,3,Both,31,85-89 years,302,Diarrheal diseases,183,Clostridium difficile,1,Number,2008,681.384525,681.384525,340.71405745
1,Deaths,,North Africa and Middle East,3,Both,31,85-89 years,302,Diarrheal diseases,183,Clostridium difficile,1,Number,2009,710.2007865,710.2007865,366.66122135
1,Deaths,,North Africa and Middle East,3,Both,31,85-89 years,302,Diarrheal diseases,183,Clostridium difficile,1,Number,2010,744.826553,744.826553,390.50497635
1,Deaths,,North Africa and Middle East,3,Both,31,85-89 years,302,Diarrheal diseases,183,Clostridium difficile,1,Number,2011,768.979895,768.979895,391.57640735
1,Deaths,,North Africa and Middle East,3,Both,31,85-89 years,302,Diarrheal diseases,183,Clostridium difficile,1,Number,2012,820.0924895,820.0924895,413.2783549
1,Deaths,,North Africa and Middle East,3,Both,31,85-89 years,302,Diarrheal diseases,183,Clostridium difficile,1,Number,2013,869.193276,869.193276,471.55642035
1,Deaths,,North Africa and Middle East,3,Both,31,85-89 years,302,Diarrheal diseases,183,Clostridium difficile,1,Number,2014,957.326116,957.326116,518.2514785
1,Deaths,,North Africa and Middle East,3,Both,31,85-89 years,302,Diarrheal diseases,183,Clostridium difficile,1,Number,2015,1043.432667,1043.432667,587.974158
1,Deaths,,North Africa and Middle East,3,Both,31,85-89 years,302,Diarrheal diseases,183,Clostridium difficile,1,Number,2016,1115.079202,1115.079202,600.8204135
1,Deaths,,North Africa and Middle East,3,Both,31,85-89 years,302,Diarrheal diseases,183,Clostridium difficile,1,Number,2017,1109.356633,1109.356633,620.76325
1,Deaths,,North Africa and Middle East,3,Both,31,85-89 years,302,Diarrheal diseases,183,Clostridium difficile,1,Number,2018,1153.298417,1153.298417,648.926769
1,Deaths,,North Africa and Middle East,3,Both,31,85-89 years,302,Diarrheal diseases,183,Clostridium difficile,1,Number,2019,1197.566523,1197.566523,686.4046785
1,Deaths,,North Africa and Middle East,3,Both,31,85-89 years,302,Diarrheal diseases,183,Clostridium difficile,1,Number,2020,1159.091121,1159.091121,669.781254
1,Deaths,,North Africa and Middle East,3,Both,31,85-89 years,302,Diarrheal diseases,183,Clostridium difficile,1,Number,2021,1136.577318,1136.577318,611.248246
1,Deaths,,North Africa and Middle East,3,Both,32,90-94 years,302,Diarrheal diseases,183,Clostridium difficile,1,Number,1990,139.1249047,139.1249047,58.79932095
1,Deaths,,North Africa and Middle East,3,Both,32,90-94 years,302,Diarrheal diseases,183,Clostridium difficile,1,Number,1991,137.7794639,137.7794639,56.49934645
1,Deaths,,North Africa and Middle East,3,Both,32,90-94 years,302,Diarrheal diseases,183,Clostridium difficile,1,Number,1992,133.67392245,133.67392245,59.90508485
1,Deaths,,North Africa and Middle East,3,Both,32,90-94 years,302,Diarrheal diseases,183,Clostridium difficile,1,Number,1993,138.09613815,138.09613815,60.9695484
1,Deaths,,North Africa and Middle East,3,Both,32,90-94 years,302,Diarrheal diseases,183,Clostridium difficile,1,Number,1994,143.46637715,143.46637715,65.05071235
1,Deaths,,North Africa and Middle East,3,Both,32,90-94 years,302,Diarrheal diseases,183,Clostridium difficile,1,Number,1995,150.99127965,150.99127965,66.4226697
1,Deaths,,North Africa and Middle East,3,Both,32,90-94 years,302,Diarrheal diseases,183,Clostridium difficile,1,Number,1996,155.48076975,155.48076975,65.6968909
1,Deaths,,North Africa and Middle East,3,Both,32,90-94 years,302,Diarrheal diseases,183,Clostridium difficile,1,Number,1997,152.6214401,152.6214401,69.0764567
1,Deaths,,North Africa and Middle East,3,Both,32,90-94 years,302,Diarrheal diseases,183,Clostridium difficile,1,Number,1998,159.6939581,159.6939581,69.75824175
1,Deaths,,North Africa and Middle East,3,Both,32,90-94 years,302,Diarrheal diseases,183,Clostridium difficile,1,Number,1999,159.2404253,159.2404253,71.83548275
1,Deaths,,North Africa and Middle East,3,Both,32,90-94 years,302,Diarrheal diseases,183,Clostridium difficile,1,Number,2000,161.36588495,161.36588495,74.6034433
1,Deaths,,North Africa and Middle East,3,Both,32,90-94 years,302,Diarrheal diseases,183,Clostridium difficile,1,Number,2001,169.4377849,169.4377849,80.2602616
1,Deaths,,North Africa and Middle East,3,Both,32,90-94 years,302,Diarrheal diseases,183,Clostridium difficile,1,Number,2002,179.4288047,179.4288047,85.23195375
1,Deaths,,North Africa and Middle East,3,Both,32,90-94 years,302,Diarrheal diseases,183,Clostridium difficile,1,Number,2003,190.1394271,190.1394271,90.0083046
1,Deaths,,North Africa and Middle East,3,Both,32,90-94 years,302,Diarrheal diseases,183,Clostridium difficile,1,Number,2004,197.2960052,197.2960052,95.8612266
1,Deaths,,North Africa and Middle East,3,Both,32,90-94 years,302,Diarrheal diseases,183,Clostridium difficile,1,Number,2005,213.113113,213.113113,97.2975082
1,Deaths,,North Africa and Middle East,3,Both,32,90-94 years,302,Diarrheal diseases,183,Clostridium difficile,1,Number,2006,220.9135052,220.9135052,106.01733645
1,Deaths,,North Africa and Middle East,3,Both,32,90-94 years,302,Diarrheal diseases,183,Clostridium difficile,1,Number,2007,233.4806378,233.4806378,114.4929867
1,Deaths,,North Africa and Middle East,3,Both,32,90-94 years,302,Diarrheal diseases,183,Clostridium difficile,1,Number,2008,253.51007465,253.51007465,121.38759485
1,Deaths,,North Africa and Middle East,3,Both,32,90-94 years,302,Diarrheal diseases,183,Clostridium difficile,1,Number,2009,262.6997834,262.6997834,133.6665802
1,Deaths,,North Africa and Middle East,3,Both,32,90-94 years,302,Diarrheal diseases,183,Clostridium difficile,1,Number,2010,277.1331274,277.1331274,136.69824345
1,Deaths,,North Africa and Middle East,3,Both,32,90-94 years,302,Diarrheal diseases,183,Clostridium difficile,1,Number,2011,282.02176855,282.02176855,142.7022829
1,Deaths,,North Africa and Middle East,3,Both,32,90-94 years,302,Diarrheal diseases,183,Clostridium difficile,1,Number,2012,301.5276754,301.5276754,152.69872485
1,Deaths,,North Africa and Middle East,3,Both,32,90-94 years,302,Diarrheal diseases,183,Clostridium difficile,1,Number,2013,315.63110585,315.63110585,175.8382727
1,Deaths,,North Africa and Middle East,3,Both,32,90-94 years,302,Diarrheal diseases,183,Clostridium difficile,1,Number,2014,347.80708155,347.80708155,187.96362165
1,Deaths,,North Africa and Middle East,3,Both,32,90-94 years,302,Diarrheal diseases,183,Clostridium difficile,1,Number,2015,381.63233475,381.63233475,208.41825215
1,Deaths,,North Africa and Middle East,3,Both,32,90-94 years,302,Diarrheal diseases,183,Clostridium difficile,1,Number,2016,402.2197243,402.2197243,218.0191244
1,Deaths,,North Africa and Middle East,3,Both,32,90-94 years,302,Diarrheal diseases,183,Clostridium difficile,1,Number,2017,409.21639695,409.21639695,228.0086334
1,Deaths,,North Africa and Middle East,3,Both,32,90-94 years,302,Diarrheal diseases,183,Clostridium difficile,1,Number,2018,439.64006995,439.64006995,235.7654048
1,Deaths,,North Africa and Middle East,3,Both,32,90-94 years,302,Diarrheal diseases,183,Clostridium difficile,1,Number,2019,457.30393425,457.30393425,256.58827455
1,Deaths,,North Africa and Middle East,3,Both,32,90-94 years,302,Diarrheal diseases,183,Clostridium difficile,1,Number,2020,450.62228,450.62228,246.73231285
1,Deaths,,North Africa and Middle East,3,Both,32,90-94 years,302,Diarrheal diseases,183,Clostridium difficile,1,Number,2021,435.9349695,435.9349695,236.87676665
1,Deaths,,North Africa and Middle East,3,Both,235,95+ years,302,Diarrheal diseases,183,Clostridium difficile,1,Number,1990,36.57066479,36.57066479,12.936126975
1,Deaths,,North Africa and Middle East,3,Both,235,95+ years,302,Diarrheal diseases,183,Clostridium difficile,1,Number,1991,35.71798277,35.71798277,13.47126314
1,Deaths,,North Africa and Middle East,3,Both,235,95+ years,302,Diarrheal diseases,183,Clostridium difficile,1,Number,1992,35.73364029,35.73364029,14.045558975
1,Deaths,,North Africa and Middle East,3,Both,235,95+ years,302,Diarrheal diseases,183,Clostridium difficile,1,Number,1993,37.98290989,37.98290989,13.749216325
1,Deaths,,North Africa and Middle East,3,Both,235,95+ years,302,Diarrheal diseases,183,Clostridium difficile,1,Number,1994,39.41668424,39.41668424,15.428426215
1,Deaths,,North Africa and Middle East,3,Both,235,95+ years,302,Diarrheal diseases,183,Clostridium difficile,1,Number,1995,42.857201495,42.857201495,15.254825765
1,Deaths,,North Africa and Middle East,3,Both,235,95+ years,302,Diarrheal diseases,183,Clostridium difficile,1,Number,1996,43.459725555,43.459725555,17.371388435
1,Deaths,,North Africa and Middle East,3,Both,235,95+ years,302,Diarrheal diseases,183,Clostridium difficile,1,Number,1997,45.52009712,45.52009712,17.660021455
1,Deaths,,North Africa and Middle East,3,Both,235,95+ years,302,Diarrheal diseases,183,Clostridium difficile,1,Number,1998,47.1346766,47.1346766,19.46691666
1,Deaths,,North Africa and Middle East,3,Both,235,95+ years,302,Diarrheal diseases,183,Clostridium difficile,1,Number,1999,48.64292509,48.64292509,18.15976438
1,Deaths,,North Africa and Middle East,3,Both,235,95+ years,302,Diarrheal diseases,183,Clostridium difficile,1,Number,2000,47.10786513,47.10786513,18.7664694
1,Deaths,,North Africa and Middle East,3,Both,235,95+ years,302,Diarrheal diseases,183,Clostridium difficile,1,Number,2001,48.889132185,48.889132185,19.85851917
1,Deaths,,North Africa and Middle East,3,Both,235,95+ years,302,Diarrheal diseases,183,Clostridium difficile,1,Number,2002,52.9533039,52.9533039,21.25780666
1,Deaths,,North Africa and Middle East,3,Both,235,95+ years,302,Diarrheal diseases,183,Clostridium difficile,1,Number,2003,57.1031087,57.1031087,24.25044127
1,Deaths,,North Africa and Middle East,3,Both,235,95+ years,302,Diarrheal diseases,183,Clostridium difficile,1,Number,2004,61.45182515,61.45182515,24.70512167
1,Deaths,,North Africa and Middle East,3,Both,235,95+ years,302,Diarrheal diseases,183,Clostridium difficile,1,Number,2005,64.8105399,64.8105399,26.66693338
1,Deaths,,North Africa and Middle East,3,Both,235,95+ years,302,Diarrheal diseases,183,Clostridium difficile,1,Number,2006,69.98920915,69.98920915,27.77649417
1,Deaths,,North Africa and Middle East,3,Both,235,95+ years,302,Diarrheal diseases,183,Clostridium difficile,1,Number,2007,74.02041185,74.02041185,32.58393085
1,Deaths,,North Africa and Middle East,3,Both,235,95+ years,302,Diarrheal diseases,183,Clostridium difficile,1,Number,2008,80.84897355,80.84897355,36.613293005
1,Deaths,,North Africa and Middle East,3,Both,235,95+ years,302,Diarrheal diseases,183,Clostridium difficile,1,Number,2009,89.7628312,89.7628312,39.04426132
1,Deaths,,North Africa and Middle East,3,Both,235,95+ years,302,Diarrheal diseases,183,Clostridium difficile,1,Number,2010,91.8763254,91.8763254,40.39604324
1,Deaths,,North Africa and Middle East,3,Both,235,95+ years,302,Diarrheal diseases,183,Clostridium difficile,1,Number,2011,93.3010085,93.3010085,42.111685085
1,Deaths,,North Africa and Middle East,3,Both,235,95+ years,302,Diarrheal diseases,183,Clostridium difficile,1,Number,2012,100.71108285,100.71108285,45.03359135
1,Deaths,,North Africa and Middle East,3,Both,235,95+ years,302,Diarrheal diseases,183,Clostridium difficile,1,Number,2013,112.0651555,112.0651555,50.6233365
1,Deaths,,North Africa and Middle East,3,Both,235,95+ years,302,Diarrheal diseases,183,Clostridium difficile,1,Number,2014,122.0439366,122.0439366,59.4625208
1,Deaths,,North Africa and Middle East,3,Both,235,95+ years,302,Diarrheal diseases,183,Clostridium difficile,1,Number,2015,131.3744024,131.3744024,65.6248879
1,Deaths,,North Africa and Middle East,3,Both,235,95+ years,302,Diarrheal diseases,183,Clostridium difficile,1,Number,2016,135.61323955,135.61323955,67.1483333
1,Deaths,,North Africa and Middle East,3,Both,235,95+ years,302,Diarrheal diseases,183,Clostridium difficile,1,Number,2017,141.83318255,141.83318255,71.430527
1,Deaths,,North Africa and Middle East,3,Both,235,95+ years,302,Diarrheal diseases,183,Clostridium difficile,1,Number,2018,153.8790342,153.8790342,79.5241244
1,Deaths,,North Africa and Middle East,3,Both,235,95+ years,302,Diarrheal diseases,183,Clostridium difficile,1,Number,2019,156.67711325,156.67711325,77.02085965
1,Deaths,,North Africa and Middle East,3,Both,235,95+ years,302,Diarrheal diseases,183,Clostridium difficile,1,Number,2020,142.7473847,142.7473847,68.72549395
1,Deaths,,North Africa and Middle East,3,Both,235,95+ years,302,Diarrheal diseases,183,Clostridium difficile,1,Number,2021,137.49871255,137.49871255,65.73542145
1,Deaths,,North Africa and Middle East,3,Both,1,<5 years,302,Diarrheal diseases,183,Clostridium difficile,1,Number,1990,4859.8460115,4859.8460115,2188.913529
1,Deaths,,North Africa and Middle East,3,Both,1,<5 years,302,Diarrheal diseases,183,Clostridium difficile,1,Number,1991,4709.885475,4709.885475,2013.160166
1,Deaths,,North Africa and Middle East,3,Both,1,<5 years,302,Diarrheal diseases,183,Clostridium difficile,1,Number,1992,4405.718459,4405.718459,1991.335304
1,Deaths,,North Africa and Middle East,3,Both,1,<5 years,302,Diarrheal diseases,183,Clostridium difficile,1,Number,1993,4293.1258485,4293.1258485,1937.6598675
1,Deaths,,North Africa and Middle East,3,Both,1,<5 years,302,Diarrheal diseases,183,Clostridium difficile,1,Number,1994,4304.42059,4304.42059,1870.4598855
1,Deaths,,North Africa and Middle East,3,Both,1,<5 years,302,Diarrheal diseases,183,Clostridium difficile,1,Number,1995,4133.899403,4133.899403,1962.045106
1,Deaths,,North Africa and Middle East,3,Both,1,<5 years,302,Diarrheal diseases,183,Clostridium difficile,1,Number,1996,4079.365633,4079.365633,1844.284046
1,Deaths,,North Africa and Middle East,3,Both,1,<5 years,302,Diarrheal diseases,183,Clostridium difficile,1,Number,1997,4048.3746025,4048.3746025,1746.8603085
1,Deaths,,North Africa and Middle East,3,Both,1,<5 years,302,Diarrheal diseases,183,Clostridium difficile,1,Number,1998,3991.207759,3991.207759,1860.8813315
1,Deaths,,North Africa and Middle East,3,Both,1,<5 years,302,Diarrheal diseases,183,Clostridium difficile,1,Number,1999,3969.673774,3969.673774,1871.9786055
1,Deaths,,North Africa and Middle East,3,Both,1,<5 years,302,Diarrheal diseases,183,Clostridium difficile,1,Number,2000,4071.5164525,4071.5164525,1778.1149835
1,Deaths,,North Africa and Middle East,3,Both,1,<5 years,302,Diarrheal diseases,183,Clostridium difficile,1,Number,2001,3997.0389305,3997.0389305,1843.8003075
1,Deaths,,North Africa and Middle East,3,Both,1,<5 years,302,Diarrheal diseases,183,Clostridium difficile,1,Number,2002,4012.2199315,4012.2199315,1871.076837
1,Deaths,,North Africa and Middle East,3,Both,1,<5 years,302,Diarrheal diseases,183,Clostridium difficile,1,Number,2003,3960.165394,3960.165394,1847.840559
1,Deaths,,North Africa and Middle East,3,Both,1,<5 years,302,Diarrheal diseases,183,Clostridium difficile,1,Number,2004,3944.876963,3944.876963,1911.2949935
1,Deaths,,North Africa and Middle East,3,Both,1,<5 years,302,Diarrheal diseases,183,Clostridium difficile,1,Number,2005,3960.3290335,3960.3290335,1950.180465
1,Deaths,,North Africa and Middle East,3,Both,1,<5 years,302,Diarrheal diseases,183,Clostridium difficile,1,Number,2006,3885.200808,3885.200808,1927.5860835
1,Deaths,,North Africa and Middle East,3,Both,1,<5 years,302,Diarrheal diseases,183,Clostridium difficile,1,Number,2007,3859.852435,3859.852435,1928.8696235
1,Deaths,,North Africa and Middle East,3,Both,1,<5 years,302,Diarrheal diseases,183,Clostridium difficile,1,Number,2008,4020.383331,4020.383331,1828.6753015
1,Deaths,,North Africa and Middle East,3,Both,1,<5 years,302,Diarrheal diseases,183,Clostridium difficile,1,Number,2009,3973.783244,3973.783244,1844.339636
1,Deaths,,North Africa and Middle East,3,Both,1,<5 years,302,Diarrheal diseases,183,Clostridium difficile,1,Number,2010,3935.3167525,3935.3167525,1922.4515965
1,Deaths,,North Africa and Middle East,3,Both,1,<5 years,302,Diarrheal diseases,183,Clostridium difficile,1,Number,2011,3760.992689,3760.992689,1867.5622905
1,Deaths,,North Africa and Middle East,3,Both,1,<5 years,302,Diarrheal diseases,183,Clostridium difficile,1,Number,2012,3628.348783,3628.348783,1834.880063
1,Deaths,,North Africa and Middle East,3,Both,1,<5 years,302,Diarrheal diseases,183,Clostridium difficile,1,Number,2013,3680.2952245,3680.2952245,1834.650763
1,Deaths,,North Africa and Middle East,3,Both,1,<5 years,302,Diarrheal diseases,183,Clostridium difficile,1,Number,2014,3612.0542505,3612.0542505,1876.920412
1,Deaths,,North Africa and Middle East,3,Both,1,<5 years,302,Diarrheal diseases,183,Clostridium difficile,1,Number,2015,3577.4175175,3577.4175175,1944.3676315
1,Deaths,,North Africa and Middle East,3,Both,1,<5 years,302,Diarrheal diseases,183,Clostridium difficile,1,Number,2016,3487.8884025,3487.8884025,1858.0418315
1,Deaths,,North Africa and Middle East,3,Both,1,<5 years,302,Diarrheal diseases,183,Clostridium difficile,1,Number,2017,3294.536257,3294.536257,1710.9450115
1,Deaths,,North Africa and Middle East,3,Both,1,<5 years,302,Diarrheal diseases,183,Clostridium difficile,1,Number,2018,3155.839418,3155.839418,1677.3617685
1,Deaths,,North Africa and Middle East,3,Both,1,<5 years,302,Diarrheal diseases,183,Clostridium difficile,1,Number,2019,3098.4667705,3098.4667705,1572.2596025
1,Deaths,,North Africa and Middle East,3,Both,1,<5 years,302,Diarrheal diseases,183,Clostridium difficile,1,Number,2020,2572.727275,2572.727275,1397.7686135
1,Deaths,,North Africa and Middle East,3,Both,1,<5 years,302,Diarrheal diseases,183,Clostridium difficile,1,Number,2021,2351.5891315,2351.5891315,1211.61941
1,Deaths,,South Asia,3,Both,7,10-14 years,302,Diarrheal diseases,183,Clostridium difficile,1,Number,1990,436.74565675,436.74565675,178.34049125
1,Deaths,,South Asia,3,Both,7,10-14 years,302,Diarrheal diseases,183,Clostridium difficile,1,Number,1991,447.21969135,447.21969135,182.78286365
1,Deaths,,South Asia,3,Both,7,10-14 years,302,Diarrheal diseases,183,Clostridium difficile,1,Number,1992,455.1311031,455.1311031,192.97199965
1,Deaths,,South Asia,3,Both,7,10-14 years,302,Diarrheal diseases,183,Clostridium difficile,1,Number,1993,462.6129457,462.6129457,191.2269005
1,Deaths,,South Asia,3,Both,7,10-14 years,302,Diarrheal diseases,183,Clostridium difficile,1,Number,1994,456.4926117,456.4926117,205.453749
1,Deaths,,South Asia,3,Both,7,10-14 years,302,Diarrheal diseases,183,Clostridium difficile,1,Number,1995,488.07042435,488.07042435,220.22572825
1,Deaths,,South Asia,3,Both,7,10-14 years,302,Diarrheal diseases,183,Clostridium difficile,1,Number,1996,492.58327265,492.58327265,215.1408517
1,Deaths,,South Asia,3,Both,7,10-14 years,302,Diarrheal diseases,183,Clostridium difficile,1,Number,1997,473.34891,473.34891,208.74049035
1,Deaths,,South Asia,3,Both,7,10-14 years,302,Diarrheal diseases,183,Clostridium difficile,1,Number,1998,482.1035557,482.1035557,214.09271095
1,Deaths,,South Asia,3,Both,7,10-14 years,302,Diarrheal diseases,183,Clostridium difficile,1,Number,1999,511.702031,511.702031,226.2529444
1,Deaths,,South Asia,3,Both,7,10-14 years,302,Diarrheal diseases,183,Clostridium difficile,1,Number,2000,531.6986745,531.6986745,242.6177091
1,Deaths,,South Asia,3,Both,7,10-14 years,302,Diarrheal diseases,183,Clostridium difficile,1,Number,2001,526.000198,526.000198,244.07842295
1,Deaths,,South Asia,3,Both,7,10-14 years,302,Diarrheal diseases,183,Clostridium difficile,1,Number,2002,464.3329669,464.3329669,233.1548879
1,Deaths,,South Asia,3,Both,7,10-14 years,302,Diarrheal diseases,183,Clostridium difficile,1,Number,2003,424.59506745,424.59506745,211.55290635
1,Deaths,,South Asia,3,Both,7,10-14 years,302,Diarrheal diseases,183,Clostridium difficile,1,Number,2004,440.5142784,440.5142784,223.31414625
1,Deaths,,South Asia,3,Both,7,10-14 years,302,Diarrheal diseases,183,Clostridium difficile,1,Number,2005,530.442606,530.442606,280.13125715
1,Deaths,,South Asia,3,Both,7,10-14 years,302,Diarrheal diseases,183,Clostridium difficile,1,Number,2006,557.4832055,557.4832055,300.7133055
1,Deaths,,South Asia,3,Both,7,10-14 years,302,Diarrheal diseases,183,Clostridium difficile,1,Number,2007,563.580698,563.580698,307.30367425
1,Deaths,,South Asia,3,Both,7,10-14 years,302,Diarrheal diseases,183,Clostridium difficile,1,Number,2008,569.172524,569.172524,298.1051814
1,Deaths,,South Asia,3,Both,7,10-14 years,302,Diarrheal diseases,183,Clostridium difficile,1,Number,2009,607.090385,607.090385,323.33824515
1,Deaths,,South Asia,3,Both,7,10-14 years,302,Diarrheal diseases,183,Clostridium difficile,1,Number,2010,684.015266,684.015266,362.07345275
1,Deaths,,South Asia,3,Both,7,10-14 years,302,Diarrheal diseases,183,Clostridium difficile,1,Number,2011,747.6507975,747.6507975,392.1693114
1,Deaths,,South Asia,3,Both,7,10-14 years,302,Diarrheal diseases,183,Clostridium difficile,1,Number,2012,767.665591,767.665591,408.0117787
1,Deaths,,South Asia,3,Both,7,10-14 years,302,Diarrheal diseases,183,Clostridium difficile,1,Number,2013,741.6631515,741.6631515,404.74269735
1,Deaths,,South Asia,3,Both,7,10-14 years,302,Diarrheal diseases,183,Clostridium difficile,1,Number,2014,758.3352545,758.3352545,416.7771625
1,Deaths,,South Asia,3,Both,7,10-14 years,302,Diarrheal diseases,183,Clostridium difficile,1,Number,2015,744.7311365,744.7311365,427.39424205
1,Deaths,,South Asia,3,Both,7,10-14 years,302,Diarrheal diseases,183,Clostridium difficile,1,Number,2016,697.3153885,697.3153885,394.1881012
1,Deaths,,South Asia,3,Both,7,10-14 years,302,Diarrheal diseases,183,Clostridium difficile,1,Number,2017,712.064806,712.064806,415.2524235
1,Deaths,,South Asia,3,Both,7,10-14 years,302,Diarrheal diseases,183,Clostridium difficile,1,Number,2018,678.727359,678.727359,378.19491875
1,Deaths,,South Asia,3,Both,7,10-14 years,302,Diarrheal diseases,183,Clostridium difficile,1,Number,2019,627.749718,627.749718,358.2836387
1,Deaths,,South Asia,3,Both,7,10-14 years,302,Diarrheal diseases,183,Clostridium difficile,1,Number,2020,574.039387,574.039387,332.6979976
1,Deaths,,South Asia,3,Both,7,10-14 years,302,Diarrheal diseases,183,Clostridium difficile,1,Number,2021,522.8755705,522.8755705,304.34472195
1,Deaths,,South Asia,3,Both,8,15-19 years,302,Diarrheal diseases,183,Clostridium difficile,1,Number,1990,696.457315,696.457315,293.61527905
1,Deaths,,South Asia,3,Both,8,15-19 years,302,Diarrheal diseases,183,Clostridium difficile,1,Number,1991,680.299888,680.299888,306.479894
1,Deaths,,South Asia,3,Both,8,15-19 years,302,Diarrheal diseases,183,Clostridium difficile,1,Number,1992,681.106278,681.106278,307.3799172
1,Deaths,,South Asia,3,Both,8,15-19 years,302,Diarrheal diseases,183,Clostridium difficile,1,Number,1993,665.94759,665.94759,300.0205317
1,Deaths,,South Asia,3,Both,8,15-19 years,302,Diarrheal diseases,183,Clostridium difficile,1,Number,1994,671.7061665,671.7061665,309.99646055
1,Deaths,,South Asia,3,Both,8,15-19 years,302,Diarrheal diseases,183,Clostridium difficile,1,Number,1995,676.7768865,676.7768865,316.1670352
1,Deaths,,South Asia,3,Both,8,15-19 years,302,Diarrheal diseases,183,Clostridium difficile,1,Number,1996,698.9591295,698.9591295,325.6124985
1,Deaths,,South Asia,3,Both,8,15-19 years,302,Diarrheal diseases,183,Clostridium difficile,1,Number,1997,712.0565225,712.0565225,334.6398617
1,Deaths,,South Asia,3,Both,8,15-19 years,302,Diarrheal diseases,183,Clostridium difficile,1,Number,1998,775.793902,775.793902,377.97689005
1,Deaths,,South Asia,3,Both,8,15-19 years,302,Diarrheal diseases,183,Clostridium difficile,1,Number,1999,812.4895865,812.4895865,388.01033415
1,Deaths,,South Asia,3,Both,8,15-19 years,302,Diarrheal diseases,183,Clostridium difficile,1,Number,2000,812.807826,812.807826,411.5557489
1,Deaths,,South Asia,3,Both,8,15-19 years,302,Diarrheal diseases,183,Clostridium difficile,1,Number,2001,780.021921,780.021921,395.3913414
1,Deaths,,South Asia,3,Both,8,15-19 years,302,Diarrheal diseases,183,Clostridium difficile,1,Number,2002,743.769277,743.769277,385.865824
1,Deaths,,South Asia,3,Both,8,15-19 years,302,Diarrheal diseases,183,Clostridium difficile,1,Number,2003,722.680931,722.680931,381.96882
1,Deaths,,South Asia,3,Both,8,15-19 years,302,Diarrheal diseases,183,Clostridium difficile,1,Number,2004,765.8120335,765.8120335,398.66263625
1,Deaths,,South Asia,3,Both,8,15-19 years,302,Diarrheal diseases,183,Clostridium difficile,1,Number,2005,867.0090815,867.0090815,479.24548875
1,Deaths,,South Asia,3,Both,8,15-19 years,302,Diarrheal diseases,183,Clostridium difficile,1,Number,2006,895.116537,895.116537,487.48937865
1,Deaths,,South Asia,3,Both,8,15-19 years,302,Diarrheal diseases,183,Clostridium difficile,1,Number,2007,874.8627115,874.8627115,491.5234542
1,Deaths,,South Asia,3,Both,8,15-19 years,302,Diarrheal diseases,183,Clostridium difficile,1,Number,2008,900.3555205,900.3555205,505.380939
1,Deaths,,South Asia,3,Both,8,15-19 years,302,Diarrheal diseases,183,Clostridium difficile,1,Number,2009,986.593107,986.593107,534.9382385
1,Deaths,,South Asia,3,Both,8,15-19 years,302,Diarrheal diseases,183,Clostridium difficile,1,Number,2010,1057.2534825,1057.2534825,614.474716
1,Deaths,,South Asia,3,Both,8,15-19 years,302,Diarrheal diseases,183,Clostridium difficile,1,Number,2011,1154.494717,1154.494717,692.3302125
1,Deaths,,South Asia,3,Both,8,15-19 years,302,Diarrheal diseases,183,Clostridium difficile,1,Number,2012,1180.6483535,1180.6483535,710.295024
1,Deaths,,South Asia,3,Both,8,15-19 years,302,Diarrheal diseases,183,Clostridium difficile,1,Number,2013,1164.7166105,1164.7166105,689.89928
1,Deaths,,South Asia,3,Both,8,15-19 years,302,Diarrheal diseases,183,Clostridium difficile,1,Number,2014,1112.1990855,1112.1990855,671.746052
1,Deaths,,South Asia,3,Both,8,15-19 years,302,Diarrheal diseases,183,Clostridium difficile,1,Number,2015,994.061731,994.061731,614.14698
1,Deaths,,South Asia,3,Both,8,15-19 years,302,Diarrheal diseases,183,Clostridium difficile,1,Number,2016,929.0975885,929.0975885,574.476922
1,Deaths,,South Asia,3,Both,8,15-19 years,302,Diarrheal diseases,183,Clostridium difficile,1,Number,2017,986.572377,986.572377,605.50796
1,Deaths,,South Asia,3,Both,8,15-19 years,302,Diarrheal diseases,183,Clostridium difficile,1,Number,2018,908.900642,908.900642,547.5408085
1,Deaths,,South Asia,3,Both,8,15-19 years,302,Diarrheal diseases,183,Clostridium difficile,1,Number,2019,817.676938,817.676938,511.1611225
1,Deaths,,South Asia,3,Both,8,15-19 years,302,Diarrheal diseases,183,Clostridium difficile,1,Number,2020,836.876166,836.876166,527.526368
1,Deaths,,South Asia,3,Both,8,15-19 years,302,Diarrheal diseases,183,Clostridium difficile,1,Number,2021,805.17509,805.17509,510.4630155
1,Deaths,,South Asia,3,Both,9,20-24 years,302,Diarrheal diseases,183,Clostridium difficile,1,Number,1990,670.8700135,670.8700135,269.03635855
1,Deaths,,South Asia,3,Both,9,20-24 years,302,Diarrheal diseases,183,Clostridium difficile,1,Number,1991,661.8975125,661.8975125,288.92586315
1,Deaths,,South Asia,3,Both,9,20-24 years,302,Diarrheal diseases,183,Clostridium difficile,1,Number,1992,681.8084525,681.8084525,287.5713317
1,Deaths,,South Asia,3,Both,9,20-24 years,302,Diarrheal diseases,183,Clostridium difficile,1,Number,1993,673.7333295,673.7333295,296.49843625
1,Deaths,,South Asia,3,Both,9,20-24 years,302,Diarrheal diseases,183,Clostridium difficile,1,Number,1994,684.359494,684.359494,298.248277
1,Deaths,,South Asia,3,Both,9,20-24 years,302,Diarrheal diseases,183,Clostridium difficile,1,Number,1995,694.6618405,694.6618405,322.07491465
1,Deaths,,South Asia,3,Both,9,20-24 years,302,Diarrheal diseases,183,Clostridium difficile,1,Number,1996,722.2778425,722.2778425,316.52286835
1,Deaths,,South Asia,3,Both,9,20-24 years,302,Diarrheal diseases,183,Clostridium difficile,1,Number,1997,716.4112935,716.4112935,334.6932071
1,Deaths,,South Asia,3,Both,9,20-24 years,302,Diarrheal diseases,183,Clostridium difficile,1,Number,1998,764.1499285,764.1499285,359.3681346
1,Deaths,,South Asia,3,Both,9,20-24 years,302,Diarrheal diseases,183,Clostridium difficile,1,Number,1999,774.719095,774.719095,369.61987865
1,Deaths,,South Asia,3,Both,9,20-24 years,302,Diarrheal diseases,183,Clostridium difficile,1,Number,2000,770.7867645,770.7867645,362.19390785
1,Deaths,,South Asia,3,Both,9,20-24 years,302,Diarrheal diseases,183,Clostridium difficile,1,Number,2001,744.542051,744.542051,371.8687212
1,Deaths,,South Asia,3,Both,9,20-24 years,302,Diarrheal diseases,183,Clostridium difficile,1,Number,2002,738.251262,738.251262,358.91667285
1,Deaths,,South Asia,3,Both,9,20-24 years,302,Diarrheal diseases,183,Clostridium difficile,1,Number,2003,674.5015695,674.5015695,353.29619945
1,Deaths,,South Asia,3,Both,9,20-24 years,302,Diarrheal diseases,183,Clostridium difficile,1,Number,2004,712.8676745,712.8676745,357.2121574
1,Deaths,,South Asia,3,Both,9,20-24 years,302,Diarrheal diseases,183,Clostridium difficile,1,Number,2005,824.9984595,824.9984595,439.0224877
1,Deaths,,South Asia,3,Both,9,20-24 years,302,Diarrheal diseases,183,Clostridium difficile,1,Number,2006,899.6211005,899.6211005,482.93847305
1,Deaths,,South Asia,3,Both,9,20-24 years,302,Diarrheal diseases,183,Clostridium difficile,1,Number,2007,937.8520335,937.8520335,510.7634535
1,Deaths,,South Asia,3,Both,9,20-24 years,302,Diarrheal diseases,183,Clostridium difficile,1,Number,2008,955.10372,955.10372,537.4059045
1,Deaths,,South Asia,3,Both,9,20-24 years,302,Diarrheal diseases,183,Clostridium difficile,1,Number,2009,1035.822541,1035.822541,560.0954725
1,Deaths,,South Asia,3,Both,9,20-24 years,302,Diarrheal diseases,183,Clostridium difficile,1,Number,2010,1087.7994265,1087.7994265,649.923202
1,Deaths,,South Asia,3,Both,9,20-24 years,302,Diarrheal diseases,183,Clostridium difficile,1,Number,2011,1199.8368025,1199.8368025,705.1527815
1,Deaths,,South Asia,3,Both,9,20-24 years,302,Diarrheal diseases,183,Clostridium difficile,1,Number,2012,1300.1965765,1300.1965765,776.1079595
1,Deaths,,South Asia,3,Both,9,20-24 years,302,Diarrheal diseases,183,Clostridium difficile,1,Number,2013,1249.604397,1249.604397,755.5754905
1,Deaths,,South Asia,3,Both,9,20-24 years,302,Diarrheal diseases,183,Clostridium difficile,1,Number,2014,1089.891008,1089.891008,669.6201565
1,Deaths,,South Asia,3,Both,9,20-24 years,302,Diarrheal diseases,183,Clostridium difficile,1,Number,2015,1040.326315,1040.326315,592.310547
1,Deaths,,South Asia,3,Both,9,20-24 years,302,Diarrheal diseases,183,Clostridium difficile,1,Number,2016,1029.5746505,1029.5746505,602.981325
1,Deaths,,South Asia,3,Both,9,20-24 years,302,Diarrheal diseases,183,Clostridium difficile,1,Number,2017,1074.8562765,1074.8562765,642.5556215
1,Deaths,,South Asia,3,Both,9,20-24 years,302,Diarrheal diseases,183,Clostridium difficile,1,Number,2018,998.451243,998.451243,599.5345565
1,Deaths,,South Asia,3,Both,9,20-24 years,302,Diarrheal diseases,183,Clostridium difficile,1,Number,2019,949.82497,949.82497,569.823238
1,Deaths,,South Asia,3,Both,9,20-24 years,302,Diarrheal diseases,183,Clostridium difficile,1,Number,2020,964.706803,964.706803,571.1068735
1,Deaths,,South Asia,3,Both,9,20-24 years,302,Diarrheal diseases,183,Clostridium difficile,1,Number,2021,931.626363,931.626363,539.567703
1,Deaths,,South Asia,3,Both,10,25-29 years,302,Diarrheal diseases,183,Clostridium difficile,1,Number,1990,558.887104,558.887104,225.75800035
1,Deaths,,South Asia,3,Both,10,25-29 years,302,Diarrheal diseases,183,Clostridium difficile,1,Number,1991,564.142847,564.142847,241.8634862
1,Deaths,,South Asia,3,Both,10,25-29 years,302,Diarrheal diseases,183,Clostridium difficile,1,Number,1992,571.586799,571.586799,243.6618636
1,Deaths,,South Asia,3,Both,10,25-29 years,302,Diarrheal diseases,183,Clostridium difficile,1,Number,1993,577.413483,577.413483,251.178503
1,Deaths,,South Asia,3,Both,10,25-29 years,302,Diarrheal diseases,183,Clostridium difficile,1,Number,1994,590.726243,590.726243,251.89269505
1,Deaths,,South Asia,3,Both,10,25-29 years,302,Diarrheal diseases,183,Clostridium difficile,1,Number,1995,597.6839885,597.6839885,272.06294415
1,Deaths,,South Asia,3,Both,10,25-29 years,302,Diarrheal diseases,183,Clostridium difficile,1,Number,1996,617.189359,617.189359,272.1206079
1,Deaths,,South Asia,3,Both,10,25-29 years,302,Diarrheal diseases,183,Clostridium difficile,1,Number,1997,620.6103745,620.6103745,289.23879445
1,Deaths,,South Asia,3,Both,10,25-29 years,302,Diarrheal diseases,183,Clostridium difficile,1,Number,1998,664.2546705,664.2546705,308.1724922
1,Deaths,,South Asia,3,Both,10,25-29 years,302,Diarrheal diseases,183,Clostridium difficile,1,Number,1999,687.254882,687.254882,325.44151435
1,Deaths,,South Asia,3,Both,10,25-29 years,302,Diarrheal diseases,183,Clostridium difficile,1,Number,2000,692.2507715,692.2507715,340.0773034
1,Deaths,,South Asia,3,Both,10,25-29 years,302,Diarrheal diseases,183,Clostridium difficile,1,Number,2001,692.3882255,692.3882255,333.4577938
1,Deaths,,South Asia,3,Both,10,25-29 years,302,Diarrheal diseases,183,Clostridium difficile,1,Number,2002,670.367476,670.367476,322.47491635
1,Deaths,,South Asia,3,Both,10,25-29 years,302,Diarrheal diseases,183,Clostridium difficile,1,Number,2003,614.932758,614.932758,314.10116345
1,Deaths,,South Asia,3,Both,10,25-29 years,302,Diarrheal diseases,183,Clostridium difficile,1,Number,2004,617.6688295,617.6688295,318.4267968
1,Deaths,,South Asia,3,Both,10,25-29 years,302,Diarrheal diseases,183,Clostridium difficile,1,Number,2005,719.077915,719.077915,369.07928585
1,Deaths,,South Asia,3,Both,10,25-29 years,302,Diarrheal diseases,183,Clostridium difficile,1,Number,2006,762.6311465,762.6311465,402.4423287
1,Deaths,,South Asia,3,Both,10,25-29 years,302,Diarrheal diseases,183,Clostridium difficile,1,Number,2007,772.7610235,772.7610235,425.7222209
1,Deaths,,South Asia,3,Both,10,25-29 years,302,Diarrheal diseases,183,Clostridium difficile,1,Number,2008,811.789895,811.789895,441.8933654
1,Deaths,,South Asia,3,Both,10,25-29 years,302,Diarrheal diseases,183,Clostridium difficile,1,Number,2009,918.6833725,918.6833725,502.1169395
1,Deaths,,South Asia,3,Both,10,25-29 years,302,Diarrheal diseases,183,Clostridium difficile,1,Number,2010,1014.5058625,1014.5058625,572.3391945
1,Deaths,,South Asia,3,Both,10,25-29 years,302,Diarrheal diseases,183,Clostridium difficile,1,Number,2011,1088.3156025,1088.3156025,638.17057
1,Deaths,,South Asia,3,Both,10,25-29 years,302,Diarrheal diseases,183,Clostridium difficile,1,Number,2012,1193.288465,1193.288465,707.2444475
1,Deaths,,South Asia,3,Both,10,25-29 years,302,Diarrheal diseases,183,Clostridium difficile,1,Number,2013,1203.1321155,1203.1321155,726.647346
1,Deaths,,South Asia,3,Both,10,25-29 years,302,Diarrheal diseases,183,Clostridium difficile,1,Number,2014,1084.1953595,1084.1953595,643.561752
1,Deaths,,South Asia,3,Both,10,25-29 years,302,Diarrheal diseases,183,Clostridium difficile,1,Number,2015,995.048028,995.048028,616.5203035
1,Deaths,,South Asia,3,Both,10,25-29 years,302,Diarrheal diseases,183,Clostridium difficile,1,Number,2016,1030.8720165,1030.8720165,620.643562
1,Deaths,,South Asia,3,Both,10,25-29 years,302,Diarrheal diseases,183,Clostridium difficile,1,Number,2017,1154.378447,1154.378447,681.63627
1,Deaths,,South Asia,3,Both,10,25-29 years,302,Diarrheal diseases,183,Clostridium difficile,1,Number,2018,1056.5259405,1056.5259405,644.060625
1,Deaths,,South Asia,3,Both,10,25-29 years,302,Diarrheal diseases,183,Clostridium difficile,1,Number,2019,1009.9878205,1009.9878205,608.9440335
1,Deaths,,South Asia,3,Both,10,25-29 years,302,Diarrheal diseases,183,Clostridium difficile,1,Number,2020,1014.1315055,1014.1315055,602.3662745
1,Deaths,,South Asia,3,Both,10,25-29 years,302,Diarrheal diseases,183,Clostridium difficile,1,Number,2021,966.7884515,966.7884515,578.7906455
1,Deaths,,South Asia,3,Both,11,30-34 years,302,Diarrheal diseases,183,Clostridium difficile,1,Number,1990,466.5908225,466.5908225,191.04570065
1,Deaths,,South Asia,3,Both,11,30-34 years,302,Diarrheal diseases,183,Clostridium difficile,1,Number,1991,483.00300765,483.00300765,198.81148495
1,Deaths,,South Asia,3,Both,11,30-34 years,302,Diarrheal diseases,183,Clostridium difficile,1,Number,1992,485.1526023,485.1526023,208.59183855
1,Deaths,,South Asia,3,Both,11,30-34 years,302,Diarrheal diseases,183,Clostridium difficile,1,Number,1993,501.26924,501.26924,210.6532691
1,Deaths,,South Asia,3,Both,11,30-34 years,302,Diarrheal diseases,183,Clostridium difficile,1,Number,1994,504.290138,504.290138,225.6793351
1,Deaths,,South Asia,3,Both,11,30-34 years,302,Diarrheal diseases,183,Clostridium difficile,1,Number,1995,521.373636,521.373636,230.5450244
1,Deaths,,South Asia,3,Both,11,30-34 years,302,Diarrheal diseases,183,Clostridium difficile,1,Number,1996,533.8494555,533.8494555,236.93011755
1,Deaths,,South Asia,3,Both,11,30-34 years,302,Diarrheal diseases,183,Clostridium difficile,1,Number,1997,546.1533295,546.1533295,250.3564966
1,Deaths,,South Asia,3,Both,11,30-34 years,302,Diarrheal diseases,183,Clostridium difficile,1,Number,1998,578.665486,578.665486,269.65623275
1,Deaths,,South Asia,3,Both,11,30-34 years,302,Diarrheal diseases,183,Clostridium difficile,1,Number,1999,600.7684475,600.7684475,271.44421505
1,Deaths,,South Asia,3,Both,11,30-34 years,302,Diarrheal diseases,183,Clostridium difficile,1,Number,2000,598.9810595,598.9810595,284.75181245
1,Deaths,,South Asia,3,Both,11,30-34 years,302,Diarrheal diseases,183,Clostridium difficile,1,Number,2001,582.894558,582.894558,281.93935655
1,Deaths,,South Asia,3,Both,11,30-34 years,302,Diarrheal diseases,183,Clostridium difficile,1,Number,2002,569.747522,569.747522,281.8591098
1,Deaths,,South Asia,3,Both,11,30-34 years,302,Diarrheal diseases,183,Clostridium difficile,1,Number,2003,562.7936855,562.7936855,281.4575415
1,Deaths,,South Asia,3,Both,11,30-34 years,302,Diarrheal diseases,183,Clostridium difficile,1,Number,2004,587.212725,587.212725,296.70528435
1,Deaths,,South Asia,3,Both,11,30-34 years,302,Diarrheal diseases,183,Clostridium difficile,1,Number,2005,664.6731095,664.6731095,349.91183095
1,Deaths,,South Asia,3,Both,11,30-34 years,302,Diarrheal diseases,183,Clostridium difficile,1,Number,2006,716.269024,716.269024,382.0794406
1,Deaths,,South Asia,3,Both,11,30-34 years,302,Diarrheal diseases,183,Clostridium difficile,1,Number,2007,743.144926,743.144926,414.2022912
1,Deaths,,South Asia,3,Both,11,30-34 years,302,Diarrheal diseases,183,Clostridium difficile,1,Number,2008,775.0682415,775.0682415,441.2061335
1,Deaths,,South Asia,3,Both,11,30-34 years,302,Diarrheal diseases,183,Clostridium difficile,1,Number,2009,873.968805,873.968805,470.96496385
1,Deaths,,South Asia,3,Both,11,30-34 years,302,Diarrheal diseases,183,Clostridium difficile,1,Number,2010,910.757862,910.757862,546.4839075
1,Deaths,,South Asia,3,Both,11,30-34 years,302,Diarrheal diseases,183,Clostridium difficile,1,Number,2011,1010.615674,1010.615674,625.5884925
1,Deaths,,South Asia,3,Both,11,30-34 years,302,Diarrheal diseases,183,Clostridium difficile,1,Number,2012,1144.006155,1144.006155,645.0673065
1,Deaths,,South Asia,3,Both,11,30-34 years,302,Diarrheal diseases,183,Clostridium difficile,1,Number,2013,1135.9959065,1135.9959065,691.9510465
1,Deaths,,South Asia,3,Both,11,30-34 years,302,Diarrheal diseases,183,Clostridium difficile,1,Number,2014,1070.680575,1070.680575,656.1189945
1,Deaths,,South Asia,3,Both,11,30-34 years,302,Diarrheal diseases,183,Clostridium difficile,1,Number,2015,1072.789185,1072.789185,626.674567
1,Deaths,,South Asia,3,Both,11,30-34 years,302,Diarrheal diseases,183,Clostridium difficile,1,Number,2016,1090.942786,1090.942786,660.8025265
1,Deaths,,South Asia,3,Both,11,30-34 years,302,Diarrheal diseases,183,Clostridium difficile,1,Number,2017,1189.683285,1189.683285,720.4969205
1,Deaths,,South Asia,3,Both,11,30-34 years,302,Diarrheal diseases,183,Clostridium difficile,1,Number,2018,1137.3403745,1137.3403745,683.3264165
1,Deaths,,South Asia,3,Both,11,30-34 years,302,Diarrheal diseases,183,Clostridium difficile,1,Number,2019,1084.8311005,1084.8311005,663.4762615
1,Deaths,,South Asia,3,Both,11,30-34 years,302,Diarrheal diseases,183,Clostridium difficile,1,Number,2020,1117.588471,1117.588471,685.5463425
1,Deaths,,South Asia,3,Both,11,30-34 years,302,Diarrheal diseases,183,Clostridium difficile,1,Number,2021,1097.6149225,1097.6149225,647.907578
1,Deaths,,South Asia,3,Both,12,35-39 years,302,Diarrheal diseases,183,Clostridium difficile,1,Number,1990,587.650615,587.650615,238.77022115
1,Deaths,,South Asia,3,Both,12,35-39 years,302,Diarrheal diseases,183,Clostridium difficile,1,Number,1991,592.221072,592.221072,252.07990375
1,Deaths,,South Asia,3,Both,12,35-39 years,302,Diarrheal diseases,183,Clostridium difficile,1,Number,1992,585.6425875,585.6425875,252.6567208
1,Deaths,,South Asia,3,Both,12,35-39 years,302,Diarrheal diseases,183,Clostridium difficile,1,Number,1993,577.0501905,577.0501905,257.44594485
1,Deaths,,South Asia,3,Both,12,35-39 years,302,Diarrheal diseases,183,Clostridium difficile,1,Number,1994,589.2888145,589.2888145,257.01751315
1,Deaths,,South Asia,3,Both,12,35-39 years,302,Diarrheal diseases,183,Clostridium difficile,1,Number,1995,608.176738,608.176738,263.16375015
1,Deaths,,South Asia,3,Both,12,35-39 years,302,Diarrheal diseases,183,Clostridium difficile,1,Number,1996,604.851491,604.851491,278.7176315
1,Deaths,,South Asia,3,Both,12,35-39 years,302,Diarrheal diseases,183,Clostridium difficile,1,Number,1997,620.6683245,620.6683245,274.69491295
1,Deaths,,South Asia,3,Both,12,35-39 years,302,Diarrheal diseases,183,Clostridium difficile,1,Number,1998,664.127617,664.127617,308.18155655
1,Deaths,,South Asia,3,Both,12,35-39 years,302,Diarrheal diseases,183,Clostridium difficile,1,Number,1999,686.502504,686.502504,331.56369525
1,Deaths,,South Asia,3,Both,12,35-39 years,302,Diarrheal diseases,183,Clostridium difficile,1,Number,2000,697.485457,697.485457,337.3963852
1,Deaths,,South Asia,3,Both,12,35-39 years,302,Diarrheal diseases,183,Clostridium difficile,1,Number,2001,727.5859765,727.5859765,335.41671355
1,Deaths,,South Asia,3,Both,12,35-39 years,302,Diarrheal diseases,183,Clostridium difficile,1,Number,2002,715.6958155,715.6958155,368.4918763
1,Deaths,,South Asia,3,Both,12,35-39 years,302,Diarrheal diseases,183,Clostridium difficile,1,Number,2003,669.099724,669.099724,353.7410315
1,Deaths,,South Asia,3,Both,12,35-39 years,302,Diarrheal diseases,183,Clostridium difficile,1,Number,2004,671.3071215,671.3071215,344.9151385
1,Deaths,,South Asia,3,Both,12,35-39 years,302,Diarrheal diseases,183,Clostridium difficile,1,Number,2005,801.92482,801.92482,411.3334597
1,Deaths,,South Asia,3,Both,12,35-39 years,302,Diarrheal diseases,183,Clostridium difficile,1,Number,2006,872.3157915,872.3157915,485.86845585
1,Deaths,,South Asia,3,Both,12,35-39 years,302,Diarrheal diseases,183,Clostridium difficile,1,Number,2007,948.557684,948.557684,506.647282
1,Deaths,,South Asia,3,Both,12,35-39 years,302,Diarrheal diseases,183,Clostridium difficile,1,Number,2008,1001.9638,1001.9638,552.9607295
1,Deaths,,South Asia,3,Both,12,35-39 years,302,Diarrheal diseases,183,Clostridium difficile,1,Number,2009,1121.2913355,1121.2913355,622.7933645
1,Deaths,,South Asia,3,Both,12,35-39 years,302,Diarrheal diseases,183,Clostridium difficile,1,Number,2010,1173.8492015,1173.8492015,675.5573015
1,Deaths,,South Asia,3,Both,12,35-39 years,302,Diarrheal diseases,183,Clostridium difficile,1,Number,2011,1249.3110385,1249.3110385,740.956017
1,Deaths,,South Asia,3,Both,12,35-39 years,302,Diarrheal diseases,183,Clostridium difficile,1,Number,2012,1402.7895315,1402.7895315,868.42795
1,Deaths,,South Asia,3,Both,12,35-39 years,302,Diarrheal diseases,183,Clostridium difficile,1,Number,2013,1472.893039,1472.893039,926.8741855
1,Deaths,,South Asia,3,Both,12,35-39 years,302,Diarrheal diseases,183,Clostridium difficile,1,Number,2014,1395.566084,1395.566084,858.918129
1,Deaths,,South Asia,3,Both,12,35-39 years,302,Diarrheal diseases,183,Clostridium difficile,1,Number,2015,1348.2558785,1348.2558785,863.707678
1,Deaths,,South Asia,3,Both,12,35-39 years,302,Diarrheal diseases,183,Clostridium difficile,1,Number,2016,1430.620875,1430.620875,869.7703065
1,Deaths,,South Asia,3,Both,12,35-39 years,302,Diarrheal diseases,183,Clostridium difficile,1,Number,2017,1573.239307,1573.239307,981.504571
1,Deaths,,South Asia,3,Both,12,35-39 years,302,Diarrheal diseases,183,Clostridium difficile,1,Number,2018,1465.0571935,1465.0571935,915.259787
1,Deaths,,South Asia,3,Both,12,35-39 years,302,Diarrheal diseases,183,Clostridium difficile,1,Number,2019,1397.625711,1397.625711,871.6153195
1,Deaths,,South Asia,3,Both,12,35-39 years,302,Diarrheal diseases,183,Clostridium difficile,1,Number,2020,1411.910529,1411.910529,865.724631
1,Deaths,,South Asia,3,Both,12,35-39 years,302,Diarrheal diseases,183,Clostridium difficile,1,Number,2021,1384.3891405,1384.3891405,803.2127175
1,Deaths,,South Asia,3,Both,13,40-44 years,302,Diarrheal diseases,183,Clostridium difficile,1,Number,1990,722.596297,722.596297,310.9205182
1,Deaths,,South Asia,3,Both,13,40-44 years,302,Diarrheal diseases,183,Clostridium difficile,1,Number,1991,761.753468,761.753468,314.56215355
1,Deaths,,South Asia,3,Both,13,40-44 years,302,Diarrheal diseases,183,Clostridium difficile,1,Number,1992,771.9247925,771.9247925,327.41531815
1,Deaths,,South Asia,3,Both,13,40-44 years,302,Diarrheal diseases,183,Clostridium difficile,1,Number,1993,787.388175,787.388175,330.29043075
1,Deaths,,South Asia,3,Both,13,40-44 years,302,Diarrheal diseases,183,Clostridium difficile,1,Number,1994,792.02246,792.02246,343.88538305
1,Deaths,,South Asia,3,Both,13,40-44 years,302,Diarrheal diseases,183,Clostridium difficile,1,Number,1995,832.8585095,832.8585095,369.77564485
1,Deaths,,South Asia,3,Both,13,40-44 years,302,Diarrheal diseases,183,Clostridium difficile,1,Number,1996,828.0405245,828.0405245,367.7720521
1,Deaths,,South Asia,3,Both,13,40-44 years,302,Diarrheal diseases,183,Clostridium difficile,1,Number,1997,820.7715445,820.7715445,357.5484191
1,Deaths,,South Asia,3,Both,13,40-44 years,302,Diarrheal diseases,183,Clostridium difficile,1,Number,1998,825.4858505,825.4858505,388.8162062
1,Deaths,,South Asia,3,Both,13,40-44 years,302,Diarrheal diseases,183,Clostridium difficile,1,Number,1999,838.3134545,838.3134545,384.37004765
1,Deaths,,South Asia,3,Both,13,40-44 years,302,Diarrheal diseases,183,Clostridium difficile,1,Number,2000,793.420403,793.420403,388.87666815
1,Deaths,,South Asia,3,Both,13,40-44 years,302,Diarrheal diseases,183,Clostridium difficile,1,Number,2001,790.054235,790.054235,380.6445347
1,Deaths,,South Asia,3,Both,13,40-44 years,302,Diarrheal diseases,183,Clostridium difficile,1,Number,2002,798.3107725,798.3107725,396.42334665
1,Deaths,,South Asia,3,Both,13,40-44 years,302,Diarrheal diseases,183,Clostridium difficile,1,Number,2003,805.547309,805.547309,403.5019728
1,Deaths,,South Asia,3,Both,13,40-44 years,302,Diarrheal diseases,183,Clostridium difficile,1,Number,2004,825.699402,825.699402,419.8145398
1,Deaths,,South Asia,3,Both,13,40-44 years,302,Diarrheal diseases,183,Clostridium difficile,1,Number,2005,949.4239775,949.4239775,494.1166102
1,Deaths,,South Asia,3,Both,13,40-44 years,302,Diarrheal diseases,183,Clostridium difficile,1,Number,2006,1054.586163,1054.586163,553.113362
1,Deaths,,South Asia,3,Both,13,40-44 years,302,Diarrheal diseases,183,Clostridium difficile,1,Number,2007,1127.483849,1127.483849,616.7741255
1,Deaths,,South Asia,3,Both,13,40-44 years,302,Diarrheal diseases,183,Clostridium difficile,1,Number,2008,1178.83348,1178.83348,647.7472925
1,Deaths,,South Asia,3,Both,13,40-44 years,302,Diarrheal diseases,183,Clostridium difficile,1,Number,2009,1311.2259655,1311.2259655,699.8298465
1,Deaths,,South Asia,3,Both,13,40-44 years,302,Diarrheal diseases,183,Clostridium difficile,1,Number,2010,1434.6169825,1434.6169825,805.878878
1,Deaths,,South Asia,3,Both,13,40-44 years,302,Diarrheal diseases,183,Clostridium difficile,1,Number,2011,1659.749028,1659.749028,966.7455455
1,Deaths,,South Asia,3,Both,13,40-44 years,302,Diarrheal diseases,183,Clostridium difficile,1,Number,2012,1857.260924,1857.260924,1097.2147275
1,Deaths,,South Asia,3,Both,13,40-44 years,302,Diarrheal diseases,183,Clostridium difficile,1,Number,2013,1953.592653,1953.592653,1148.779818
1,Deaths,,South Asia,3,Both,13,40-44 years,302,Diarrheal diseases,183,Clostridium difficile,1,Number,2014,1862.4648475,1862.4648475,1117.8288745
1,Deaths,,South Asia,3,Both,13,40-44 years,302,Diarrheal diseases,183,Clostridium difficile,1,Number,2015,1798.786303,1798.786303,1112.4745725
1,Deaths,,South Asia,3,Both,13,40-44 years,302,Diarrheal diseases,183,Clostridium difficile,1,Number,2016,1892.094212,1892.094212,1153.4680575
1,Deaths,,South Asia,3,Both,13,40-44 years,302,Diarrheal diseases,183,Clostridium difficile,1,Number,2017,2166.4349625,2166.4349625,1273.111737
1,Deaths,,South Asia,3,Both,13,40-44 years,302,Diarrheal diseases,183,Clostridium difficile,1,Number,2018,2074.295566,2074.295566,1268.7052905
1,Deaths,,South Asia,3,Both,13,40-44 years,302,Diarrheal diseases,183,Clostridium difficile,1,Number,2019,1957.228426,1957.228426,1232.920196
1,Deaths,,South Asia,3,Both,13,40-44 years,302,Diarrheal diseases,183,Clostridium difficile,1,Number,2020,2013.0655985,2013.0655985,1250.391052
1,Deaths,,South Asia,3,Both,13,40-44 years,302,Diarrheal diseases,183,Clostridium difficile,1,Number,2021,2005.2592255,2005.2592255,1156.5317085
1,Deaths,,South Asia,3,Both,14,45-49 years,302,Diarrheal diseases,183,Clostridium difficile,1,Number,1990,974.620231,974.620231,392.6949288
1,Deaths,,South Asia,3,Both,14,45-49 years,302,Diarrheal diseases,183,Clostridium difficile,1,Number,1991,977.087884,977.087884,420.03725055
1,Deaths,,South Asia,3,Both,14,45-49 years,302,Diarrheal diseases,183,Clostridium difficile,1,Number,1992,977.0097365,977.0097365,431.28715645
1,Deaths,,South Asia,3,Both,14,45-49 years,302,Diarrheal diseases,183,Clostridium difficile,1,Number,1993,989.7233085,989.7233085,437.5813401
1,Deaths,,South Asia,3,Both,14,45-49 years,302,Diarrheal diseases,183,Clostridium difficile,1,Number,1994,1000.9256425,1000.9256425,426.7968095
1,Deaths,,South Asia,3,Both,14,45-49 years,302,Diarrheal diseases,183,Clostridium difficile,1,Number,1995,1013.013176,1013.013176,442.9957236
1,Deaths,,South Asia,3,Both,14,45-49 years,302,Diarrheal diseases,183,Clostridium difficile,1,Number,1996,1037.2107685,1037.2107685,457.472837
1,Deaths,,South Asia,3,Both,14,45-49 years,302,Diarrheal diseases,183,Clostridium difficile,1,Number,1997,1039.4641,1039.4641,462.3644152
1,Deaths,,South Asia,3,Both,14,45-49 years,302,Diarrheal diseases,183,Clostridium difficile,1,Number,1998,1044.0244365,1044.0244365,491.52877055
1,Deaths,,South Asia,3,Both,14,45-49 years,302,Diarrheal diseases,183,Clostridium difficile,1,Number,1999,1071.6798795,1071.6798795,496.4147249
1,Deaths,,South Asia,3,Both,14,45-49 years,302,Diarrheal diseases,183,Clostridium difficile,1,Number,2000,1088.391887,1088.391887,504.450033
1,Deaths,,South Asia,3,Both,14,45-49 years,302,Diarrheal diseases,183,Clostridium difficile,1,Number,2001,1051.1054035,1051.1054035,513.165783
1,Deaths,,South Asia,3,Both,14,45-49 years,302,Diarrheal diseases,183,Clostridium difficile,1,Number,2002,1053.774013,1053.774013,522.8511705
1,Deaths,,South Asia,3,Both,14,45-49 years,302,Diarrheal diseases,183,Clostridium difficile,1,Number,2003,1030.5878055,1030.5878055,523.941584
1,Deaths,,South Asia,3,Both,14,45-49 years,302,Diarrheal diseases,183,Clostridium difficile,1,Number,2004,1064.3345415,1064.3345415,552.717899
1,Deaths,,South Asia,3,Both,14,45-49 years,302,Diarrheal diseases,183,Clostridium difficile,1,Number,2005,1247.6547595,1247.6547595,659.8440965
1,Deaths,,South Asia,3,Both,14,45-49 years,302,Diarrheal diseases,183,Clostridium difficile,1,Number,2006,1348.488716,1348.488716,737.6923485
1,Deaths,,South Asia,3,Both,14,45-49 years,302,Diarrheal diseases,183,Clostridium difficile,1,Number,2007,1434.426907,1434.426907,789.614282
1,Deaths,,South Asia,3,Both,14,45-49 years,302,Diarrheal diseases,183,Clostridium difficile,1,Number,2008,1531.4889585,1531.4889585,841.5779
1,Deaths,,South Asia,3,Both,14,45-49 years,302,Diarrheal diseases,183,Clostridium difficile,1,Number,2009,1719.3678015,1719.3678015,968.084782
1,Deaths,,South Asia,3,Both,14,45-49 years,302,Diarrheal diseases,183,Clostridium difficile,1,Number,2010,1934.4834815,1934.4834815,1122.710348
1,Deaths,,South Asia,3,Both,14,45-49 years,302,Diarrheal diseases,183,Clostridium difficile,1,Number,2011,2228.9033175,2228.9033175,1277.919224
1,Deaths,,South Asia,3,Both,14,45-49 years,302,Diarrheal diseases,183,Clostridium difficile,1,Number,2012,2483.9726265,2483.9726265,1482.813771
1,Deaths,,South Asia,3,Both,14,45-49 years,302,Diarrheal diseases,183,Clostridium difficile,1,Number,2013,2614.9180865,2614.9180865,1521.0966535
1,Deaths,,South Asia,3,Both,14,45-49 years,302,Diarrheal diseases,183,Clostridium difficile,1,Number,2014,2420.6391985,2420.6391985,1512.597182
1,Deaths,,South Asia,3,Both,14,45-49 years,302,Diarrheal diseases,183,Clostridium difficile,1,Number,2015,2449.660347,2449.660347,1491.734472
1,Deaths,,South Asia,3,Both,14,45-49 years,302,Diarrheal diseases,183,Clostridium difficile,1,Number,2016,2531.145219,2531.145219,1579.1682155
1,Deaths,,South Asia,3,Both,14,45-49 years,302,Diarrheal diseases,183,Clostridium difficile,1,Number,2017,2789.074726,2789.074726,1734.9927125
1,Deaths,,South Asia,3,Both,14,45-49 years,302,Diarrheal diseases,183,Clostridium difficile,1,Number,2018,2764.607339,2764.607339,1716.9568155
1,Deaths,,South Asia,3,Both,14,45-49 years,302,Diarrheal diseases,183,Clostridium difficile,1,Number,2019,2763.4678045,2763.4678045,1638.0455935
1,Deaths,,South Asia,3,Both,14,45-49 years,302,Diarrheal diseases,183,Clostridium difficile,1,Number,2020,2700.143482,2700.143482,1675.5625865
1,Deaths,,South Asia,3,Both,14,45-49 years,302,Diarrheal diseases,183,Clostridium difficile,1,Number,2021,2610.2672115,2610.2672115,1535.4683405
1,Deaths,,South Asia,3,Both,6,5-9 years,302,Diarrheal diseases,183,Clostridium difficile,1,Number,1990,976.7966235,976.7966235,374.31876865
1,Deaths,,South Asia,3,Both,6,5-9 years,302,Diarrheal diseases,183,Clostridium difficile,1,Number,1991,984.695804,984.695804,385.42342665
1,Deaths,,South Asia,3,Both,6,5-9 years,302,Diarrheal diseases,183,Clostridium difficile,1,Number,1992,1006.1086285,1006.1086285,413.06354375
1,Deaths,,South Asia,3,Both,6,5-9 years,302,Diarrheal diseases,183,Clostridium difficile,1,Number,1993,1013.9779465,1013.9779465,405.24643665
1,Deaths,,South Asia,3,Both,6,5-9 years,302,Diarrheal diseases,183,Clostridium difficile,1,Number,1994,992.7059525,992.7059525,434.29169305
1,Deaths,,South Asia,3,Both,6,5-9 years,302,Diarrheal diseases,183,Clostridium difficile,1,Number,1995,1042.1861005,1042.1861005,434.0726368
1,Deaths,,South Asia,3,Both,6,5-9 years,302,Diarrheal diseases,183,Clostridium difficile,1,Number,1996,1013.5753285,1013.5753285,434.3557306
1,Deaths,,South Asia,3,Both,6,5-9 years,302,Diarrheal diseases,183,Clostridium difficile,1,Number,1997,986.9527775,986.9527775,417.4499226
1,Deaths,,South Asia,3,Both,6,5-9 years,302,Diarrheal diseases,183,Clostridium difficile,1,Number,1998,996.0797475,996.0797475,428.02213215
1,Deaths,,South Asia,3,Both,6,5-9 years,302,Diarrheal diseases,183,Clostridium difficile,1,Number,1999,899.621145,899.621145,384.2539205
1,Deaths,,South Asia,3,Both,6,5-9 years,302,Diarrheal diseases,183,Clostridium difficile,1,Number,2000,871.8115795,871.8115795,380.3353679
1,Deaths,,South Asia,3,Both,6,5-9 years,302,Diarrheal diseases,183,Clostridium difficile,1,Number,2001,861.2514155,861.2514155,404.90870075
1,Deaths,,South Asia,3,Both,6,5-9 years,302,Diarrheal diseases,183,Clostridium difficile,1,Number,2002,774.880258,774.880258,352.10346895
1,Deaths,,South Asia,3,Both,6,5-9 years,302,Diarrheal diseases,183,Clostridium difficile,1,Number,2003,695.862126,695.862126,328.9476776
1,Deaths,,South Asia,3,Both,6,5-9 years,302,Diarrheal diseases,183,Clostridium difficile,1,Number,2004,734.954027,734.954027,347.68452535
1,Deaths,,South Asia,3,Both,6,5-9 years,302,Diarrheal diseases,183,Clostridium difficile,1,Number,2005,858.4066795,858.4066795,433.57554615
1,Deaths,,South Asia,3,Both,6,5-9 years,302,Diarrheal diseases,183,Clostridium difficile,1,Number,2006,908.7018875,908.7018875,447.77521125
1,Deaths,,South Asia,3,Both,6,5-9 years,302,Diarrheal diseases,183,Clostridium difficile,1,Number,2007,904.571273,904.571273,450.50841835
1,Deaths,,South Asia,3,Both,6,5-9 years,302,Diarrheal diseases,183,Clostridium difficile,1,Number,2008,913.6395165,913.6395165,456.7875153
1,Deaths,,South Asia,3,Both,6,5-9 years,302,Diarrheal diseases,183,Clostridium difficile,1,Number,2009,914.5637705,914.5637705,456.3477756
1,Deaths,,South Asia,3,Both,6,5-9 years,302,Diarrheal diseases,183,Clostridium difficile,1,Number,2010,961.5140035,961.5140035,455.81763515
1,Deaths,,South Asia,3,Both,6,5-9 years,302,Diarrheal diseases,183,Clostridium difficile,1,Number,2011,1141.8901445,1141.8901445,536.974895
1,Deaths,,South Asia,3,Both,6,5-9 years,302,Diarrheal diseases,183,Clostridium difficile,1,Number,2012,1278.6510365,1278.6510365,608.2659075
1,Deaths,,South Asia,3,Both,6,5-9 years,302,Diarrheal diseases,183,Clostridium difficile,1,Number,2013,1171.727932,1171.727932,560.043453
1,Deaths,,South Asia,3,Both,6,5-9 years,302,Diarrheal diseases,183,Clostridium difficile,1,Number,2014,989.2965885,989.2965885,477.0900422
1,Deaths,,South Asia,3,Both,6,5-9 years,302,Diarrheal diseases,183,Clostridium difficile,1,Number,2015,953.593975,953.593975,490.11451955
1,Deaths,,South Asia,3,Both,6,5-9 years,302,Diarrheal diseases,183,Clostridium difficile,1,Number,2016,939.1302615,939.1302615,488.19310315
1,Deaths,,South Asia,3,Both,6,5-9 years,302,Diarrheal diseases,183,Clostridium difficile,1,Number,2017,888.271585,888.271585,479.21477475
1,Deaths,,South Asia,3,Both,6,5-9 years,302,Diarrheal diseases,183,Clostridium difficile,1,Number,2018,781.449648,781.449648,411.27854955
1,Deaths,,South Asia,3,Both,6,5-9 years,302,Diarrheal diseases,183,Clostridium difficile,1,Number,2019,682.6207455,682.6207455,352.98192625
1,Deaths,,South Asia,3,Both,6,5-9 years,302,Diarrheal diseases,183,Clostridium difficile,1,Number,2020,553.498643,553.498643,303.89210055
1,Deaths,,South Asia,3,Both,6,5-9 years,302,Diarrheal diseases,183,Clostridium difficile,1,Number,2021,509.680413,509.680413,264.2212655
1,Deaths,,South Asia,3,Both,15,50-54 years,302,Diarrheal diseases,183,Clostridium difficile,1,Number,1990,1596.615529,1596.615529,674.496539
1,Deaths,,South Asia,3,Both,15,50-54 years,302,Diarrheal diseases,183,Clostridium difficile,1,Number,1991,1610.6200975,1610.6200975,703.16306
1,Deaths,,South Asia,3,Both,15,50-54 years,302,Diarrheal diseases,183,Clostridium difficile,1,Number,1992,1631.6849,1631.6849,712.2725855
1,Deaths,,South Asia,3,Both,15,50-54 years,302,Diarrheal diseases,183,Clostridium difficile,1,Number,1993,1637.7967935,1637.7967935,745.8220325
1,Deaths,,South Asia,3,Both,15,50-54 years,302,Diarrheal diseases,183,Clostridium difficile,1,Number,1994,1639.2020235,1639.2020235,740.087491
1,Deaths,,South Asia,3,Both,15,50-54 years,302,Diarrheal diseases,183,Clostridium difficile,1,Number,1995,1675.9309065,1675.9309065,769.9820455
1,Deaths,,South Asia,3,Both,15,50-54 years,302,Diarrheal diseases,183,Clostridium difficile,1,Number,1996,1688.08493,1688.08493,786.979869
1,Deaths,,South Asia,3,Both,15,50-54 years,302,Diarrheal diseases,183,Clostridium difficile,1,Number,1997,1693.585053,1693.585053,803.8428005
1,Deaths,,South Asia,3,Both,15,50-54 years,302,Diarrheal diseases,183,Clostridium difficile,1,Number,1998,1675.15864,1675.15864,811.631111
1,Deaths,,South Asia,3,Both,15,50-54 years,302,Diarrheal diseases,183,Clostridium difficile,1,Number,1999,1583.712865,1583.712865,778.1495035
1,Deaths,,South Asia,3,Both,15,50-54 years,302,Diarrheal diseases,183,Clostridium difficile,1,Number,2000,1561.5073045,1561.5073045,749.2833065
1,Deaths,,South Asia,3,Both,15,50-54 years,302,Diarrheal diseases,183,Clostridium difficile,1,Number,2001,1608.6179695,1608.6179695,751.162512
1,Deaths,,South Asia,3,Both,15,50-54 years,302,Diarrheal diseases,183,Clostridium difficile,1,Number,2002,1596.089049,1596.089049,798.0906315
1,Deaths,,South Asia,3,Both,15,50-54 years,302,Diarrheal diseases,183,Clostridium difficile,1,Number,2003,1589.9251995,1589.9251995,805.8352515
1,Deaths,,South Asia,3,Both,15,50-54 years,302,Diarrheal diseases,183,Clostridium difficile,1,Number,2004,1596.2743385,1596.2743385,836.8114065
1,Deaths,,South Asia,3,Both,15,50-54 years,302,Diarrheal diseases,183,Clostridium difficile,1,Number,2005,1904.521929,1904.521929,971.407939
1,Deaths,,South Asia,3,Both,15,50-54 years,302,Diarrheal diseases,183,Clostridium difficile,1,Number,2006,2037.4373805,2037.4373805,1122.9136805
1,Deaths,,South Asia,3,Both,15,50-54 years,302,Diarrheal diseases,183,Clostridium difficile,1,Number,2007,2175.044863,2175.044863,1212.190891
1,Deaths,,South Asia,3,Both,15,50-54 years,302,Diarrheal diseases,183,Clostridium difficile,1,Number,2008,2360.527587,2360.527587,1300.824096
1,Deaths,,South Asia,3,Both,15,50-54 years,302,Diarrheal diseases,183,Clostridium difficile,1,Number,2009,2683.15771,2683.15771,1474.6593795
1,Deaths,,South Asia,3,Both,15,50-54 years,302,Diarrheal diseases,183,Clostridium difficile,1,Number,2010,2982.2069725,2982.2069725,1682.887268
1,Deaths,,South Asia,3,Both,15,50-54 years,302,Diarrheal diseases,183,Clostridium difficile,1,Number,2011,3386.2594605,3386.2594605,2054.035118
1,Deaths,,South Asia,3,Both,15,50-54 years,302,Diarrheal diseases,183,Clostridium difficile,1,Number,2012,3780.743029,3780.743029,2312.280004
1,Deaths,,South Asia,3,Both,15,50-54 years,302,Diarrheal diseases,183,Clostridium difficile,1,Number,2013,4191.419475,4191.419475,2509.931156
1,Deaths,,South Asia,3,Both,15,50-54 years,302,Diarrheal diseases,183,Clostridium difficile,1,Number,2014,4330.2549875,4330.2549875,2701.8932645
1,Deaths,,South Asia,3,Both,15,50-54 years,302,Diarrheal diseases,183,Clostridium difficile,1,Number,2015,4595.553992,4595.553992,2726.9841215
1,Deaths,,South Asia,3,Both,15,50-54 years,302,Diarrheal diseases,183,Clostridium difficile,1,Number,2016,4548.9266645,4548.9266645,2718.2028575
1,Deaths,,South Asia,3,Both,15,50-54 years,302,Diarrheal diseases,183,Clostridium difficile,1,Number,2017,4651.868679,4651.868679,2856.14978
1,Deaths,,South Asia,3,Both,15,50-54 years,302,Diarrheal diseases,183,Clostridium difficile,1,Number,2018,4627.6910055,4627.6910055,2746.2150275
1,Deaths,,South Asia,3,Both,15,50-54 years,302,Diarrheal diseases,183,Clostridium difficile,1,Number,2019,4401.277749,4401.277749,2704.2351795
1,Deaths,,South Asia,3,Both,15,50-54 years,302,Diarrheal diseases,183,Clostridium difficile,1,Number,2020,4434.895148,4434.895148,2641.0214075
1,Deaths,,South Asia,3,Both,15,50-54 years,302,Diarrheal diseases,183,Clostridium difficile,1,Number,2021,4268.37386,4268.37386,2539.1752205
1,Deaths,,South Asia,3,Both,16,55-59 years,302,Diarrheal diseases,183,Clostridium difficile,1,Number,1990,2251.571692,2251.571692,893.3878915
1,Deaths,,South Asia,3,Both,16,55-59 years,302,Diarrheal diseases,183,Clostridium difficile,1,Number,1991,2273.0095705,2273.0095705,951.9080585
1,Deaths,,South Asia,3,Both,16,55-59 years,302,Diarrheal diseases,183,Clostridium difficile,1,Number,1992,2300.307629,2300.307629,930.504083
1,Deaths,,South Asia,3,Both,16,55-59 years,302,Diarrheal diseases,183,Clostridium difficile,1,Number,1993,2292.385432,2292.385432,955.5095435
1,Deaths,,South Asia,3,Both,16,55-59 years,302,Diarrheal diseases,183,Clostridium difficile,1,Number,1994,2231.2196255,2231.2196255,1028.98556
1,Deaths,,South Asia,3,Both,16,55-59 years,302,Diarrheal diseases,183,Clostridium difficile,1,Number,1995,2290.7596095,2290.7596095,1023.6767355
1,Deaths,,South Asia,3,Both,16,55-59 years,302,Diarrheal diseases,183,Clostridium difficile,1,Number,1996,2305.33667,2305.33667,1029.6863585
1,Deaths,,South Asia,3,Both,16,55-59 years,302,Diarrheal diseases,183,Clostridium difficile,1,Number,1997,2328.218162,2328.218162,1015.9308845
1,Deaths,,South Asia,3,Both,16,55-59 years,302,Diarrheal diseases,183,Clostridium difficile,1,Number,1998,2379.5218325,2379.5218325,1069.026827
1,Deaths,,South Asia,3,Both,16,55-59 years,302,Diarrheal diseases,183,Clostridium difficile,1,Number,1999,2399.8846235,2399.8846235,1024.824172
1,Deaths,,South Asia,3,Both,16,55-59 years,302,Diarrheal diseases,183,Clostridium difficile,1,Number,2000,2357.348438,2357.348438,1073.0114115
1,Deaths,,South Asia,3,Both,16,55-59 years,302,Diarrheal diseases,183,Clostridium difficile,1,Number,2001,2314.57944,2314.57944,1114.7575745
1,Deaths,,South Asia,3,Both,16,55-59 years,302,Diarrheal diseases,183,Clostridium difficile,1,Number,2002,2298.8374655,2298.8374655,1115.73073
1,Deaths,,South Asia,3,Both,16,55-59 years,302,Diarrheal diseases,183,Clostridium difficile,1,Number,2003,2250.340561,2250.340561,1085.7887585
1,Deaths,,South Asia,3,Both,16,55-59 years,302,Diarrheal diseases,183,Clostridium difficile,1,Number,2004,2222.655468,2222.655468,1113.124287
1,Deaths,,South Asia,3,Both,16,55-59 years,302,Diarrheal diseases,183,Clostridium difficile,1,Number,2005,2570.5565415,2570.5565415,1290.626341
1,Deaths,,South Asia,3,Both,16,55-59 years,302,Diarrheal diseases,183,Clostridium difficile,1,Number,2006,2820.358689,2820.358689,1464.456781
1,Deaths,,South Asia,3,Both,16,55-59 years,302,Diarrheal diseases,183,Clostridium difficile,1,Number,2007,2995.3128665,2995.3128665,1564.395186
1,Deaths,,South Asia,3,Both,16,55-59 years,302,Diarrheal diseases,183,Clostridium difficile,1,Number,2008,3185.2510235,3185.2510235,1680.2734295
1,Deaths,,South Asia,3,Both,16,55-59 years,302,Diarrheal diseases,183,Clostridium difficile,1,Number,2009,3577.0173025,3577.0173025,1968.497148
1,Deaths,,South Asia,3,Both,16,55-59 years,302,Diarrheal diseases,183,Clostridium difficile,1,Number,2010,4172.7568085,4172.7568085,2280.1603525
1,Deaths,,South Asia,3,Both,16,55-59 years,302,Diarrheal diseases,183,Clostridium difficile,1,Number,2011,4864.9468845,4864.9468845,2733.5568305
1,Deaths,,South Asia,3,Both,16,55-59 years,302,Diarrheal diseases,183,Clostridium difficile,1,Number,2012,5463.49328,5463.49328,3104.808903
1,Deaths,,South Asia,3,Both,16,55-59 years,302,Diarrheal diseases,183,Clostridium difficile,1,Number,2013,5606.776015,5606.776015,3219.113082
1,Deaths,,South Asia,3,Both,16,55-59 years,302,Diarrheal diseases,183,Clostridium difficile,1,Number,2014,5648.441585,5648.441585,3218.459918
1,Deaths,,South Asia,3,Both,16,55-59 years,302,Diarrheal diseases,183,Clostridium difficile,1,Number,2015,5994.112775,5994.112775,3450.624363
1,Deaths,,South Asia,3,Both,16,55-59 years,302,Diarrheal diseases,183,Clostridium difficile,1,Number,2016,6305.103185,6305.103185,3555.5342225
1,Deaths,,South Asia,3,Both,16,55-59 years,302,Diarrheal diseases,183,Clostridium difficile,1,Number,2017,6721.859085,6721.859085,4169.351782
1,Deaths,,South Asia,3,Both,16,55-59 years,302,Diarrheal diseases,183,Clostridium difficile,1,Number,2018,7101.25199,7101.25199,4292.287776
1,Deaths,,South Asia,3,Both,16,55-59 years,302,Diarrheal diseases,183,Clostridium difficile,1,Number,2019,7239.12228,7239.12228,4203.737361
1,Deaths,,South Asia,3,Both,16,55-59 years,302,Diarrheal diseases,183,Clostridium difficile,1,Number,2020,6943.30295,6943.30295,4264.4725905
1,Deaths,,South Asia,3,Both,16,55-59 years,302,Diarrheal diseases,183,Clostridium difficile,1,Number,2021,6793.36122,6793.36122,3720.9535535
1,Deaths,,South Asia,3,Both,17,60-64 years,302,Diarrheal diseases,183,Clostridium difficile,1,Number,1990,3125.071906,3125.071906,1293.936556
1,Deaths,,South Asia,3,Both,17,60-64 years,302,Diarrheal diseases,183,Clostridium difficile,1,Number,1991,3172.8331425,3172.8331425,1403.20843
1,Deaths,,South Asia,3,Both,17,60-64 years,302,Diarrheal diseases,183,Clostridium difficile,1,Number,1992,3302.2334725,3302.2334725,1447.655724
1,Deaths,,South Asia,3,Both,17,60-64 years,302,Diarrheal diseases,183,Clostridium difficile,1,Number,1993,3411.128144,3411.128144,1456.9068275
1,Deaths,,South Asia,3,Both,17,60-64 years,302,Diarrheal diseases,183,Clostridium difficile,1,Number,1994,3492.382681,3492.382681,1529.3958655
1,Deaths,,South Asia,3,Both,17,60-64 years,302,Diarrheal diseases,183,Clostridium difficile,1,Number,1995,3660.9113195,3660.9113195,1621.210295
1,Deaths,,South Asia,3,Both,17,60-64 years,302,Diarrheal diseases,183,Clostridium difficile,1,Number,1996,3736.269177,3736.269177,1614.339784
1,Deaths,,South Asia,3,Both,17,60-64 years,302,Diarrheal diseases,183,Clostridium difficile,1,Number,1997,3731.918067,3731.918067,1676.4910895
1,Deaths,,South Asia,3,Both,17,60-64 years,302,Diarrheal diseases,183,Clostridium difficile,1,Number,1998,3783.7168615,3783.7168615,1768.249956
1,Deaths,,South Asia,3,Both,17,60-64 years,302,Diarrheal diseases,183,Clostridium difficile,1,Number,1999,3558.600835,3558.600835,1616.869472
1,Deaths,,South Asia,3,Both,17,60-64 years,302,Diarrheal diseases,183,Clostridium difficile,1,Number,2000,3390.0565725,3390.0565725,1629.255109
1,Deaths,,South Asia,3,Both,17,60-64 years,302,Diarrheal diseases,183,Clostridium difficile,1,Number,2001,3400.670619,3400.670619,1624.4780215
1,Deaths,,South Asia,3,Both,17,60-64 years,302,Diarrheal diseases,183,Clostridium difficile,1,Number,2002,3378.699782,3378.699782,1737.5013975
1,Deaths,,South Asia,3,Both,17,60-64 years,302,Diarrheal diseases,183,Clostridium difficile,1,Number,2003,3489.7986695,3489.7986695,1742.1614785
1,Deaths,,South Asia,3,Both,17,60-64 years,302,Diarrheal diseases,183,Clostridium difficile,1,Number,2004,3598.866321,3598.866321,1727.0285965
1,Deaths,,South Asia,3,Both,17,60-64 years,302,Diarrheal diseases,183,Clostridium difficile,1,Number,2005,4055.1593835,4055.1593835,2108.3597195
1,Deaths,,South Asia,3,Both,17,60-64 years,302,Diarrheal diseases,183,Clostridium difficile,1,Number,2006,4435.739997,4435.739997,2405.951194
1,Deaths,,South Asia,3,Both,17,60-64 years,302,Diarrheal diseases,183,Clostridium difficile,1,Number,2007,4767.027405,4767.027405,2665.4990735
1,Deaths,,South Asia,3,Both,17,60-64 years,302,Diarrheal diseases,183,Clostridium difficile,1,Number,2008,5029.060295,5029.060295,2813.6389725
1,Deaths,,South Asia,3,Both,17,60-64 years,302,Diarrheal diseases,183,Clostridium difficile,1,Number,2009,5557.09361,5557.09361,2965.205722
1,Deaths,,South Asia,3,Both,17,60-64 years,302,Diarrheal diseases,183,Clostridium difficile,1,Number,2010,6053.43066,6053.43066,3371.372466
1,Deaths,,South Asia,3,Both,17,60-64 years,302,Diarrheal diseases,183,Clostridium difficile,1,Number,2011,7193.05381,7193.05381,4217.514484
1,Deaths,,South Asia,3,Both,17,60-64 years,302,Diarrheal diseases,183,Clostridium difficile,1,Number,2012,8162.217845,8162.217845,4798.1522245
1,Deaths,,South Asia,3,Both,17,60-64 years,302,Diarrheal diseases,183,Clostridium difficile,1,Number,2013,8061.822885,8061.822885,4903.2151945
1,Deaths,,South Asia,3,Both,17,60-64 years,302,Diarrheal diseases,183,Clostridium difficile,1,Number,2014,7945.557925,7945.557925,4742.047868
1,Deaths,,South Asia,3,Both,17,60-64 years,302,Diarrheal diseases,183,Clostridium difficile,1,Number,2015,8241.04147,8241.04147,5217.60181
1,Deaths,,South Asia,3,Both,17,60-64 years,302,Diarrheal diseases,183,Clostridium difficile,1,Number,2016,8333.564135,8333.564135,5149.67782
1,Deaths,,South Asia,3,Both,17,60-64 years,302,Diarrheal diseases,183,Clostridium difficile,1,Number,2017,9059.047965,9059.047965,5394.20178
1,Deaths,,South Asia,3,Both,17,60-64 years,302,Diarrheal diseases,183,Clostridium difficile,1,Number,2018,9396.993125,9396.993125,5681.65169
1,Deaths,,South Asia,3,Both,17,60-64 years,302,Diarrheal diseases,183,Clostridium difficile,1,Number,2019,9182.205515,9182.205515,5714.674085
1,Deaths,,South Asia,3,Both,17,60-64 years,302,Diarrheal diseases,183,Clostridium difficile,1,Number,2020,8916.899105,8916.899105,5457.756545
1,Deaths,,South Asia,3,Both,17,60-64 years,302,Diarrheal diseases,183,Clostridium difficile,1,Number,2021,8445.253405,8445.253405,5091.76821
1,Deaths,,South Asia,3,Both,18,65-69 years,302,Diarrheal diseases,183,Clostridium difficile,1,Number,1990,3420.2488145,3420.2488145,1439.435007
1,Deaths,,South Asia,3,Both,18,65-69 years,302,Diarrheal diseases,183,Clostridium difficile,1,Number,1991,3499.5774905,3499.5774905,1522.8665755
1,Deaths,,South Asia,3,Both,18,65-69 years,302,Diarrheal diseases,183,Clostridium difficile,1,Number,1992,3512.8779925,3512.8779925,1593.264666
1,Deaths,,South Asia,3,Both,18,65-69 years,302,Diarrheal diseases,183,Clostridium difficile,1,Number,1993,3689.6608005,3689.6608005,1587.0351465
1,Deaths,,South Asia,3,Both,18,65-69 years,302,Diarrheal diseases,183,Clostridium difficile,1,Number,1994,3780.9533935,3780.9533935,1714.2204195
1,Deaths,,South Asia,3,Both,18,65-69 years,302,Diarrheal diseases,183,Clostridium difficile,1,Number,1995,3889.507024,3889.507024,1783.153867
1,Deaths,,South Asia,3,Both,18,65-69 years,302,Diarrheal diseases,183,Clostridium difficile,1,Number,1996,4039.8500565,4039.8500565,1857.7019335
1,Deaths,,South Asia,3,Both,18,65-69 years,302,Diarrheal diseases,183,Clostridium difficile,1,Number,1997,4257.0553495,4257.0553495,1978.3093595
1,Deaths,,South Asia,3,Both,18,65-69 years,302,Diarrheal diseases,183,Clostridium difficile,1,Number,1998,4485.587757,4485.587757,2164.821739
1,Deaths,,South Asia,3,Both,18,65-69 years,302,Diarrheal diseases,183,Clostridium difficile,1,Number,1999,4389.2901115,4389.2901115,2143.495976
1,Deaths,,South Asia,3,Both,18,65-69 years,302,Diarrheal diseases,183,Clostridium difficile,1,Number,2000,4453.976348,4453.976348,2211.2240915
1,Deaths,,South Asia,3,Both,18,65-69 years,302,Diarrheal diseases,183,Clostridium difficile,1,Number,2001,4615.750821,4615.750821,2315.993583
1,Deaths,,South Asia,3,Both,18,65-69 years,302,Diarrheal diseases,183,Clostridium difficile,1,Number,2002,4667.332016,4667.332016,2361.225614
1,Deaths,,South Asia,3,Both,18,65-69 years,302,Diarrheal diseases,183,Clostridium difficile,1,Number,2003,4486.8474695,4486.8474695,2327.2992785
1,Deaths,,South Asia,3,Both,18,65-69 years,302,Diarrheal diseases,183,Clostridium difficile,1,Number,2004,4422.1438425,4422.1438425,2270.370763
1,Deaths,,South Asia,3,Both,18,65-69 years,302,Diarrheal diseases,183,Clostridium difficile,1,Number,2005,5081.73136,5081.73136,2844.559021
1,Deaths,,South Asia,3,Both,18,65-69 years,302,Diarrheal diseases,183,Clostridium difficile,1,Number,2006,5755.862305,5755.862305,3097.9302505
1,Deaths,,South Asia,3,Both,18,65-69 years,302,Diarrheal diseases,183,Clostridium difficile,1,Number,2007,6014.43274,6014.43274,3352.468781
1,Deaths,,South Asia,3,Both,18,65-69 years,302,Diarrheal diseases,183,Clostridium difficile,1,Number,2008,6456.6766,6456.6766,3511.710272
1,Deaths,,South Asia,3,Both,18,65-69 years,302,Diarrheal diseases,183,Clostridium difficile,1,Number,2009,7120.423175,7120.423175,4090.6397415
1,Deaths,,South Asia,3,Both,18,65-69 years,302,Diarrheal diseases,183,Clostridium difficile,1,Number,2010,8236.586245,8236.586245,4701.4015665
1,Deaths,,South Asia,3,Both,18,65-69 years,302,Diarrheal diseases,183,Clostridium difficile,1,Number,2011,9488.442395,9488.442395,5730.772555
1,Deaths,,South Asia,3,Both,18,65-69 years,302,Diarrheal diseases,183,Clostridium difficile,1,Number,2012,10633.77114,10633.77114,6102.50152
1,Deaths,,South Asia,3,Both,18,65-69 years,302,Diarrheal diseases,183,Clostridium difficile,1,Number,2013,10063.433485,10063.433485,6343.82619
1,Deaths,,South Asia,3,Both,18,65-69 years,302,Diarrheal diseases,183,Clostridium difficile,1,Number,2014,9477.63019,9477.63019,5931.014755
1,Deaths,,South Asia,3,Both,18,65-69 years,302,Diarrheal diseases,183,Clostridium difficile,1,Number,2015,9737.52411,9737.52411,6004.9276
1,Deaths,,South Asia,3,Both,18,65-69 years,302,Diarrheal diseases,183,Clostridium difficile,1,Number,2016,10468.982925,10468.982925,6328.70124
1,Deaths,,South Asia,3,Both,18,65-69 years,302,Diarrheal diseases,183,Clostridium difficile,1,Number,2017,11698.32586,11698.32586,7393.317055
1,Deaths,,South Asia,3,Both,18,65-69 years,302,Diarrheal diseases,183,Clostridium difficile,1,Number,2018,12705.906005,12705.906005,7759.476435
1,Deaths,,South Asia,3,Both,18,65-69 years,302,Diarrheal diseases,183,Clostridium difficile,1,Number,2019,12459.4748,12459.4748,7943.991205
1,Deaths,,South Asia,3,Both,18,65-69 years,302,Diarrheal diseases,183,Clostridium difficile,1,Number,2020,12230.88869,12230.88869,7515.385985
1,Deaths,,South Asia,3,Both,18,65-69 years,302,Diarrheal diseases,183,Clostridium difficile,1,Number,2021,11428.877965,11428.877965,6656.773155
1,Deaths,,South Asia,3,Both,19,70-74 years,302,Diarrheal diseases,183,Clostridium difficile,1,Number,1990,3108.3896495,3108.3896495,1298.302335
1,Deaths,,South Asia,3,Both,19,70-74 years,302,Diarrheal diseases,183,Clostridium difficile,1,Number,1991,3231.2545045,3231.2545045,1354.6392075
1,Deaths,,South Asia,3,Both,19,70-74 years,302,Diarrheal diseases,183,Clostridium difficile,1,Number,1992,3366.1764555,3366.1764555,1397.9872
1,Deaths,,South Asia,3,Both,19,70-74 years,302,Diarrheal diseases,183,Clostridium difficile,1,Number,1993,3414.861145,3414.861145,1459.8046495
1,Deaths,,South Asia,3,Both,19,70-74 years,302,Diarrheal diseases,183,Clostridium difficile,1,Number,1994,3527.7790625,3527.7790625,1550.6617515
1,Deaths,,South Asia,3,Both,19,70-74 years,302,Diarrheal diseases,183,Clostridium difficile,1,Number,1995,3769.0062605,3769.0062605,1673.626769
1,Deaths,,South Asia,3,Both,19,70-74 years,302,Diarrheal diseases,183,Clostridium difficile,1,Number,1996,3875.5447125,3875.5447125,1680.1777085
1,Deaths,,South Asia,3,Both,19,70-74 years,302,Diarrheal diseases,183,Clostridium difficile,1,Number,1997,3941.969401,3941.969401,1727.9096145
1,Deaths,,South Asia,3,Both,19,70-74 years,302,Diarrheal diseases,183,Clostridium difficile,1,Number,1998,4173.6965845,4173.6965845,1929.6757175
1,Deaths,,South Asia,3,Both,19,70-74 years,302,Diarrheal diseases,183,Clostridium difficile,1,Number,1999,4098.3627885,4098.3627885,1873.4060645
1,Deaths,,South Asia,3,Both,19,70-74 years,302,Diarrheal diseases,183,Clostridium difficile,1,Number,2000,3921.182578,3921.182578,1838.92069
1,Deaths,,South Asia,3,Both,19,70-74 years,302,Diarrheal diseases,183,Clostridium difficile,1,Number,2001,3963.6227725,3963.6227725,1970.773977
1,Deaths,,South Asia,3,Both,19,70-74 years,302,Diarrheal diseases,183,Clostridium difficile,1,Number,2002,4179.621417,4179.621417,2061.709428
1,Deaths,,South Asia,3,Both,19,70-74 years,302,Diarrheal diseases,183,Clostridium difficile,1,Number,2003,4362.378623,4362.378623,2165.2427405
1,Deaths,,South Asia,3,Both,19,70-74 years,302,Diarrheal diseases,183,Clostridium difficile,1,Number,2004,4579.683971,4579.683971,2314.526968
1,Deaths,,South Asia,3,Both,19,70-74 years,302,Diarrheal diseases,183,Clostridium difficile,1,Number,2005,5300.47308,5300.47308,2803.5914355
1,Deaths,,South Asia,3,Both,19,70-74 years,302,Diarrheal diseases,183,Clostridium difficile,1,Number,2006,5739.307955,5739.307955,3065.8217315
1,Deaths,,South Asia,3,Both,19,70-74 years,302,Diarrheal diseases,183,Clostridium difficile,1,Number,2007,6632.1157,6632.1157,3504.201346
1,Deaths,,South Asia,3,Both,19,70-74 years,302,Diarrheal diseases,183,Clostridium difficile,1,Number,2008,7025.14586,7025.14586,3825.6397385
1,Deaths,,South Asia,3,Both,19,70-74 years,302,Diarrheal diseases,183,Clostridium difficile,1,Number,2009,7569.50849,7569.50849,4223.0159715
1,Deaths,,South Asia,3,Both,19,70-74 years,302,Diarrheal diseases,183,Clostridium difficile,1,Number,2010,8435.10799,8435.10799,4894.778755
1,Deaths,,South Asia,3,Both,19,70-74 years,302,Diarrheal diseases,183,Clostridium difficile,1,Number,2011,10092.75033,10092.75033,5895.47998
1,Deaths,,South Asia,3,Both,19,70-74 years,302,Diarrheal diseases,183,Clostridium difficile,1,Number,2012,11244.876655,11244.876655,6690.182745
1,Deaths,,South Asia,3,Both,19,70-74 years,302,Diarrheal diseases,183,Clostridium difficile,1,Number,2013,11184.755565,11184.755565,6797.710245
1,Deaths,,South Asia,3,Both,19,70-74 years,302,Diarrheal diseases,183,Clostridium difficile,1,Number,2014,10280.07556,10280.07556,6174.010465
1,Deaths,,South Asia,3,Both,19,70-74 years,302,Diarrheal diseases,183,Clostridium difficile,1,Number,2015,10019.05008,10019.05008,6197.708825
1,Deaths,,South Asia,3,Both,19,70-74 years,302,Diarrheal diseases,183,Clostridium difficile,1,Number,2016,10620.68921,10620.68921,6592.958985
1,Deaths,,South Asia,3,Both,19,70-74 years,302,Diarrheal diseases,183,Clostridium difficile,1,Number,2017,12513.78174,12513.78174,7315.409705
1,Deaths,,South Asia,3,Both,19,70-74 years,302,Diarrheal diseases,183,Clostridium difficile,1,Number,2018,12613.058325,12613.058325,7897.54446
1,Deaths,,South Asia,3,Both,19,70-74 years,302,Diarrheal diseases,183,Clostridium difficile,1,Number,2019,12399.274085,12399.274085,7585.57563
1,Deaths,,South Asia,3,Both,19,70-74 years,302,Diarrheal diseases,183,Clostridium difficile,1,Number,2020,12614.977775,12614.977775,7415.147185
1,Deaths,,South Asia,3,Both,19,70-74 years,302,Diarrheal diseases,183,Clostridium difficile,1,Number,2021,11991.548815,11991.548815,7274.671855
1,Deaths,,South Asia,3,Both,20,75-79 years,302,Diarrheal diseases,183,Clostridium difficile,1,Number,1990,2789.685689,2789.685689,1152.7267005
1,Deaths,,South Asia,3,Both,20,75-79 years,302,Diarrheal diseases,183,Clostridium difficile,1,Number,1991,2835.385949,2835.385949,1171.6698585
1,Deaths,,South Asia,3,Both,20,75-79 years,302,Diarrheal diseases,183,Clostridium difficile,1,Number,1992,2877.3994425,2877.3994425,1243.4022495
1,Deaths,,South Asia,3,Both,20,75-79 years,302,Diarrheal diseases,183,Clostridium difficile,1,Number,1993,2927.3891825,2927.3891825,1274.173362
1,Deaths,,South Asia,3,Both,20,75-79 years,302,Diarrheal diseases,183,Clostridium difficile,1,Number,1994,3030.3885865,3030.3885865,1336.417021
1,Deaths,,South Asia,3,Both,20,75-79 years,302,Diarrheal diseases,183,Clostridium difficile,1,Number,1995,3321.2781615,3321.2781615,1447.7323255
1,Deaths,,South Asia,3,Both,20,75-79 years,302,Diarrheal diseases,183,Clostridium difficile,1,Number,1996,3330.897811,3330.897811,1531.476624
1,Deaths,,South Asia,3,Both,20,75-79 years,302,Diarrheal diseases,183,Clostridium difficile,1,Number,1997,3318.9650175,3318.9650175,1497.467805
1,Deaths,,South Asia,3,Both,20,75-79 years,302,Diarrheal diseases,183,Clostridium difficile,1,Number,1998,3394.2029505,3394.2029505,1579.0230635
1,Deaths,,South Asia,3,Both,20,75-79 years,302,Diarrheal diseases,183,Clostridium difficile,1,Number,1999,3417.61866,3417.61866,1573.512316
1,Deaths,,South Asia,3,Both,20,75-79 years,302,Diarrheal diseases,183,Clostridium difficile,1,Number,2000,3474.7650275,3474.7650275,1701.6280945
1,Deaths,,South Asia,3,Both,20,75-79 years,302,Diarrheal diseases,183,Clostridium difficile,1,Number,2001,3598.995749,3598.995749,1742.450025
1,Deaths,,South Asia,3,Both,20,75-79 years,302,Diarrheal diseases,183,Clostridium difficile,1,Number,2002,3657.848943,3657.848943,1808.390846
1,Deaths,,South Asia,3,Both,20,75-79 years,302,Diarrheal diseases,183,Clostridium difficile,1,Number,2003,3758.360876,3758.360876,1882.609269
1,Deaths,,South Asia,3,Both,20,75-79 years,302,Diarrheal diseases,183,Clostridium difficile,1,Number,2004,3956.595571,3956.595571,1957.0089505
1,Deaths,,South Asia,3,Both,20,75-79 years,302,Diarrheal diseases,183,Clostridium difficile,1,Number,2005,4665.923813,4665.923813,2464.85708
1,Deaths,,South Asia,3,Both,20,75-79 years,302,Diarrheal diseases,183,Clostridium difficile,1,Number,2006,5273.359875,5273.359875,2780.5114275
1,Deaths,,South Asia,3,Both,20,75-79 years,302,Diarrheal diseases,183,Clostridium difficile,1,Number,2007,5792.623535,5792.623535,3134.678308
1,Deaths,,South Asia,3,Both,20,75-79 years,302,Diarrheal diseases,183,Clostridium difficile,1,Number,2008,6316.76374,6316.76374,3517.170102
1,Deaths,,South Asia,3,Both,20,75-79 years,302,Diarrheal diseases,183,Clostridium difficile,1,Number,2009,7050.95163,7050.95163,3930.135936
1,Deaths,,South Asia,3,Both,20,75-79 years,302,Diarrheal diseases,183,Clostridium difficile,1,Number,2010,8111.467365,8111.467365,4572.6948015
1,Deaths,,South Asia,3,Both,20,75-79 years,302,Diarrheal diseases,183,Clostridium difficile,1,Number,2011,9697.004165,9697.004165,5440.26016
1,Deaths,,South Asia,3,Both,20,75-79 years,302,Diarrheal diseases,183,Clostridium difficile,1,Number,2012,10554.902385,10554.902385,6174.05771
1,Deaths,,South Asia,3,Both,20,75-79 years,302,Diarrheal diseases,183,Clostridium difficile,1,Number,2013,11064.74735,11064.74735,6553.937995
1,Deaths,,South Asia,3,Both,20,75-79 years,302,Diarrheal diseases,183,Clostridium difficile,1,Number,2014,10822.38786,10822.38786,6515.788475
1,Deaths,,South Asia,3,Both,20,75-79 years,302,Diarrheal diseases,183,Clostridium difficile,1,Number,2015,10390.684315,10390.684315,6410.694755
1,Deaths,,South Asia,3,Both,20,75-79 years,302,Diarrheal diseases,183,Clostridium difficile,1,Number,2016,10578.967575,10578.967575,6436.64458
1,Deaths,,South Asia,3,Both,20,75-79 years,302,Diarrheal diseases,183,Clostridium difficile,1,Number,2017,11519.50449,11519.50449,7389.86793
1,Deaths,,South Asia,3,Both,20,75-79 years,302,Diarrheal diseases,183,Clostridium difficile,1,Number,2018,12142.07819,12142.07819,7350.927625
1,Deaths,,South Asia,3,Both,20,75-79 years,302,Diarrheal diseases,183,Clostridium difficile,1,Number,2019,12231.02449,12231.02449,7479.25541
1,Deaths,,South Asia,3,Both,20,75-79 years,302,Diarrheal diseases,183,Clostridium difficile,1,Number,2020,11759.278525,11759.278525,7361.806595
1,Deaths,,South Asia,3,Both,20,75-79 years,302,Diarrheal diseases,183,Clostridium difficile,1,Number,2021,11012.992625,11012.992625,6552.088255
1,Deaths,,South Asia,3,Both,30,80-84 years,302,Diarrheal diseases,183,Clostridium difficile,1,Number,1990,2173.1002435,2173.1002435,754.160163
1,Deaths,,South Asia,3,Both,30,80-84 years,302,Diarrheal diseases,183,Clostridium difficile,1,Number,1991,2153.243911,2153.243911,880.0811855
1,Deaths,,South Asia,3,Both,30,80-84 years,302,Diarrheal diseases,183,Clostridium difficile,1,Number,1992,2234.4561325,2234.4561325,928.437549
1,Deaths,,South Asia,3,Both,30,80-84 years,302,Diarrheal diseases,183,Clostridium difficile,1,Number,1993,2257.100405,2257.100405,926.3395085
1,Deaths,,South Asia,3,Both,30,80-84 years,302,Diarrheal diseases,183,Clostridium difficile,1,Number,1994,2308.5553495,2308.5553495,967.3572585
1,Deaths,,South Asia,3,Both,30,80-84 years,302,Diarrheal diseases,183,Clostridium difficile,1,Number,1995,2515.745139,2515.745139,1039.9434535
1,Deaths,,South Asia,3,Both,30,80-84 years,302,Diarrheal diseases,183,Clostridium difficile,1,Number,1996,2439.857074,2439.857074,1081.693185
1,Deaths,,South Asia,3,Both,30,80-84 years,302,Diarrheal diseases,183,Clostridium difficile,1,Number,1997,2380.832166,2380.832166,1043.8390725
1,Deaths,,South Asia,3,Both,30,80-84 years,302,Diarrheal diseases,183,Clostridium difficile,1,Number,1998,2487.2468015,2487.2468015,1059.2610835
1,Deaths,,South Asia,3,Both,30,80-84 years,302,Diarrheal diseases,183,Clostridium difficile,1,Number,1999,2456.3082665,2456.3082665,1011.6500855
1,Deaths,,South Asia,3,Both,30,80-84 years,302,Diarrheal diseases,183,Clostridium difficile,1,Number,2000,2403.128281,2403.128281,1091.1436835
1,Deaths,,South Asia,3,Both,30,80-84 years,302,Diarrheal diseases,183,Clostridium difficile,1,Number,2001,2470.819461,2470.819461,1151.996997
1,Deaths,,South Asia,3,Both,30,80-84 years,302,Diarrheal diseases,183,Clostridium difficile,1,Number,2002,2618.3902285,2618.3902285,1207.2853765
1,Deaths,,South Asia,3,Both,30,80-84 years,302,Diarrheal diseases,183,Clostridium difficile,1,Number,2003,2791.870725,2791.870725,1309.1328105
1,Deaths,,South Asia,3,Both,30,80-84 years,302,Diarrheal diseases,183,Clostridium difficile,1,Number,2004,2937.567645,2937.567645,1464.6167905
1,Deaths,,South Asia,3,Both,30,80-84 years,302,Diarrheal diseases,183,Clostridium difficile,1,Number,2005,3490.4642295,3490.4642295,1676.48762
1,Deaths,,South Asia,3,Both,30,80-84 years,302,Diarrheal diseases,183,Clostridium difficile,1,Number,2006,3943.776714,3943.776714,1875.7285175
1,Deaths,,South Asia,3,Both,30,80-84 years,302,Diarrheal diseases,183,Clostridium difficile,1,Number,2007,4368.3076405,4368.3076405,2297.6341155
1,Deaths,,South Asia,3,Both,30,80-84 years,302,Diarrheal diseases,183,Clostridium difficile,1,Number,2008,4958.9270725,4958.9270725,2488.298179
1,Deaths,,South Asia,3,Both,30,80-84 years,302,Diarrheal diseases,183,Clostridium difficile,1,Number,2009,5499.36937,5499.36937,2858.1075545
1,Deaths,,South Asia,3,Both,30,80-84 years,302,Diarrheal diseases,183,Clostridium difficile,1,Number,2010,6454.0355,6454.0355,3308.621768
1,Deaths,,South Asia,3,Both,30,80-84 years,302,Diarrheal diseases,183,Clostridium difficile,1,Number,2011,7743.066685,7743.066685,4160.6347395
1,Deaths,,South Asia,3,Both,30,80-84 years,302,Diarrheal diseases,183,Clostridium difficile,1,Number,2012,8981.49387,8981.49387,4720.9145175
1,Deaths,,South Asia,3,Both,30,80-84 years,302,Diarrheal diseases,183,Clostridium difficile,1,Number,2013,10286.539485,10286.539485,5463.916845
1,Deaths,,South Asia,3,Both,30,80-84 years,302,Diarrheal diseases,183,Clostridium difficile,1,Number,2014,10808.532145,10808.532145,6039.23377
1,Deaths,,South Asia,3,Both,30,80-84 years,302,Diarrheal diseases,183,Clostridium difficile,1,Number,2015,10372.139065,10372.139065,5833.77643
1,Deaths,,South Asia,3,Both,30,80-84 years,302,Diarrheal diseases,183,Clostridium difficile,1,Number,2016,10216.25871,10216.25871,5785.558915
1,Deaths,,South Asia,3,Both,30,80-84 years,302,Diarrheal diseases,183,Clostridium difficile,1,Number,2017,11126.796115,11126.796115,6243.259145
1,Deaths,,South Asia,3,Both,30,80-84 years,302,Diarrheal diseases,183,Clostridium difficile,1,Number,2018,10861.509395,10861.509395,6440.730725
1,Deaths,,South Asia,3,Both,30,80-84 years,302,Diarrheal diseases,183,Clostridium difficile,1,Number,2019,10644.22305,10644.22305,6183.99695
1,Deaths,,South Asia,3,Both,30,80-84 years,302,Diarrheal diseases,183,Clostridium difficile,1,Number,2020,10473.227915,10473.227915,6168.23635
1,Deaths,,South Asia,3,Both,30,80-84 years,302,Diarrheal diseases,183,Clostridium difficile,1,Number,2021,9880.21103,9880.21103,5713.944735
1,Deaths,,South Asia,3,Both,31,85-89 years,302,Diarrheal diseases,183,Clostridium difficile,1,Number,1990,1104.1241785,1104.1241785,406.44404575
1,Deaths,,South Asia,3,Both,31,85-89 years,302,Diarrheal diseases,183,Clostridium difficile,1,Number,1991,1178.4586565,1178.4586565,453.73640765
1,Deaths,,South Asia,3,Both,31,85-89 years,302,Diarrheal diseases,183,Clostridium difficile,1,Number,1992,1262.959577,1262.959577,508.507626
1,Deaths,,South Asia,3,Both,31,85-89 years,302,Diarrheal diseases,183,Clostridium difficile,1,Number,1993,1336.582612,1336.582612,526.4111215
1,Deaths,,South Asia,3,Both,31,85-89 years,302,Diarrheal diseases,183,Clostridium difficile,1,Number,1994,1419.944955,1419.944955,571.9413395
1,Deaths,,South Asia,3,Both,31,85-89 years,302,Diarrheal diseases,183,Clostridium difficile,1,Number,1995,1578.090934,1578.090934,634.887125
1,Deaths,,South Asia,3,Both,31,85-89 years,302,Diarrheal diseases,183,Clostridium difficile,1,Number,1996,1579.7769955,1579.7769955,628.37836
1,Deaths,,South Asia,3,Both,31,85-89 years,302,Diarrheal diseases,183,Clostridium difficile,1,Number,1997,1530.8835155,1530.8835155,633.83038
1,Deaths,,South Asia,3,Both,31,85-89 years,302,Diarrheal diseases,183,Clostridium difficile,1,Number,1998,1533.8673205,1533.8673205,672.0394045
1,Deaths,,South Asia,3,Both,31,85-89 years,302,Diarrheal diseases,183,Clostridium difficile,1,Number,1999,1458.43503,1458.43503,602.2967245
1,Deaths,,South Asia,3,Both,31,85-89 years,302,Diarrheal diseases,183,Clostridium difficile,1,Number,2000,1398.230394,1398.230394,644.850138
1,Deaths,,South Asia,3,Both,31,85-89 years,302,Diarrheal diseases,183,Clostridium difficile,1,Number,2001,1516.3235115,1516.3235115,620.8422985
1,Deaths,,South Asia,3,Both,31,85-89 years,302,Diarrheal diseases,183,Clostridium difficile,1,Number,2002,1564.2450495,1564.2450495,690.342131
1,Deaths,,South Asia,3,Both,31,85-89 years,302,Diarrheal diseases,183,Clostridium difficile,1,Number,2003,1668.073778,1668.073778,767.792248
1,Deaths,,South Asia,3,Both,31,85-89 years,302,Diarrheal diseases,183,Clostridium difficile,1,Number,2004,1816.929132,1816.929132,843.3886655
1,Deaths,,South Asia,3,Both,31,85-89 years,302,Diarrheal diseases,183,Clostridium difficile,1,Number,2005,2143.2292875,2143.2292875,961.439095
1,Deaths,,South Asia,3,Both,31,85-89 years,302,Diarrheal diseases,183,Clostridium difficile,1,Number,2006,2471.331527,2471.331527,1147.9887235
1,Deaths,,South Asia,3,Both,31,85-89 years,302,Diarrheal diseases,183,Clostridium difficile,1,Number,2007,2797.4898895,2797.4898895,1350.1678385
1,Deaths,,South Asia,3,Both,31,85-89 years,302,Diarrheal diseases,183,Clostridium difficile,1,Number,2008,2966.9970235,2966.9970235,1438.9938885
1,Deaths,,South Asia,3,Both,31,85-89 years,302,Diarrheal diseases,183,Clostridium difficile,1,Number,2009,3055.662828,3055.662828,1588.913435
1,Deaths,,South Asia,3,Both,31,85-89 years,302,Diarrheal diseases,183,Clostridium difficile,1,Number,2010,3580.0665005,3580.0665005,1835.504659
1,Deaths,,South Asia,3,Both,31,85-89 years,302,Diarrheal diseases,183,Clostridium difficile,1,Number,2011,4420.749753,4420.749753,2128.4511775
1,Deaths,,South Asia,3,Both,31,85-89 years,302,Diarrheal diseases,183,Clostridium difficile,1,Number,2012,5283.80251,5283.80251,2636.3213865
1,Deaths,,South Asia,3,Both,31,85-89 years,302,Diarrheal diseases,183,Clostridium difficile,1,Number,2013,6536.455895,6536.455895,3555.607382
1,Deaths,,South Asia,3,Both,31,85-89 years,302,Diarrheal diseases,183,Clostridium difficile,1,Number,2014,7343.871675,7343.871675,3920.707348
1,Deaths,,South Asia,3,Both,31,85-89 years,302,Diarrheal diseases,183,Clostridium difficile,1,Number,2015,6792.691105,6792.691105,3713.4791565
1,Deaths,,South Asia,3,Both,31,85-89 years,302,Diarrheal diseases,183,Clostridium difficile,1,Number,2016,6611.40706,6611.40706,3458.731542
1,Deaths,,South Asia,3,Both,31,85-89 years,302,Diarrheal diseases,183,Clostridium difficile,1,Number,2017,6735.486725,6735.486725,3865.3952035
1,Deaths,,South Asia,3,Both,31,85-89 years,302,Diarrheal diseases,183,Clostridium difficile,1,Number,2018,6606.17789,6606.17789,3652.3334555
1,Deaths,,South Asia,3,Both,31,85-89 years,302,Diarrheal diseases,183,Clostridium difficile,1,Number,2019,6630.19755,6630.19755,3628.2049605
1,Deaths,,South Asia,3,Both,31,85-89 years,302,Diarrheal diseases,183,Clostridium difficile,1,Number,2020,6593.93572,6593.93572,3784.2368225
1,Deaths,,South Asia,3,Both,31,85-89 years,302,Diarrheal diseases,183,Clostridium difficile,1,Number,2021,6389.11839,6389.11839,3412.0825445
1,Deaths,,South Asia,3,Both,32,90-94 years,302,Diarrheal diseases,183,Clostridium difficile,1,Number,1990,373.5698901,373.5698901,145.78109775
1,Deaths,,South Asia,3,Both,32,90-94 years,302,Diarrheal diseases,183,Clostridium difficile,1,Number,1991,401.2355076,401.2355076,160.2864617
1,Deaths,,South Asia,3,Both,32,90-94 years,302,Diarrheal diseases,183,Clostridium difficile,1,Number,1992,437.9310528,437.9310528,178.80321825
1,Deaths,,South Asia,3,Both,32,90-94 years,302,Diarrheal diseases,183,Clostridium difficile,1,Number,1993,468.0269194,468.0269194,197.9595295
1,Deaths,,South Asia,3,Both,32,90-94 years,302,Diarrheal diseases,183,Clostridium difficile,1,Number,1994,521.0461815,521.0461815,216.2167094
1,Deaths,,South Asia,3,Both,32,90-94 years,302,Diarrheal diseases,183,Clostridium difficile,1,Number,1995,600.58065,600.58065,247.09473415
1,Deaths,,South Asia,3,Both,32,90-94 years,302,Diarrheal diseases,183,Clostridium difficile,1,Number,1996,633.713891,633.713891,250.30548295
1,Deaths,,South Asia,3,Both,32,90-94 years,302,Diarrheal diseases,183,Clostridium difficile,1,Number,1997,645.1141205,645.1141205,270.8642492
1,Deaths,,South Asia,3,Both,32,90-94 years,302,Diarrheal diseases,183,Clostridium difficile,1,Number,1998,693.968872,693.968872,280.2815346
1,Deaths,,South Asia,3,Both,32,90-94 years,302,Diarrheal diseases,183,Clostridium difficile,1,Number,1999,664.9071045,664.9071045,279.64701535
1,Deaths,,South Asia,3,Both,32,90-94 years,302,Diarrheal diseases,183,Clostridium difficile,1,Number,2000,682.0577355,682.0577355,290.58103725
1,Deaths,,South Asia,3,Both,32,90-94 years,302,Diarrheal diseases,183,Clostridium difficile,1,Number,2001,719.7203325,719.7203325,318.48604495
1,Deaths,,South Asia,3,Both,32,90-94 years,302,Diarrheal diseases,183,Clostridium difficile,1,Number,2002,767.2185525,767.2185525,329.30605885
1,Deaths,,South Asia,3,Both,32,90-94 years,302,Diarrheal diseases,183,Clostridium difficile,1,Number,2003,807.272073,807.272073,362.4906674
1,Deaths,,South Asia,3,Both,32,90-94 years,302,Diarrheal diseases,183,Clostridium difficile,1,Number,2004,861.5924395,861.5924395,394.6574682
1,Deaths,,South Asia,3,Both,32,90-94 years,302,Diarrheal diseases,183,Clostridium difficile,1,Number,2005,981.3251905,981.3251905,458.64859525
1,Deaths,,South Asia,3,Both,32,90-94 years,302,Diarrheal diseases,183,Clostridium difficile,1,Number,2006,1129.6320045,1129.6320045,558.1019455
1,Deaths,,South Asia,3,Both,32,90-94 years,302,Diarrheal diseases,183,Clostridium difficile,1,Number,2007,1310.949468,1310.949468,645.252503
1,Deaths,,South Asia,3,Both,32,90-94 years,302,Diarrheal diseases,183,Clostridium difficile,1,Number,2008,1411.780565,1411.780565,663.4168765
1,Deaths,,South Asia,3,Both,32,90-94 years,302,Diarrheal diseases,183,Clostridium difficile,1,Number,2009,1473.540221,1473.540221,721.5244625
1,Deaths,,South Asia,3,Both,32,90-94 years,302,Diarrheal diseases,183,Clostridium difficile,1,Number,2010,1790.0734575,1790.0734575,845.7981775
1,Deaths,,South Asia,3,Both,32,90-94 years,302,Diarrheal diseases,183,Clostridium difficile,1,Number,2011,2158.522251,2158.522251,1022.015185
1,Deaths,,South Asia,3,Both,32,90-94 years,302,Diarrheal diseases,183,Clostridium difficile,1,Number,2012,2557.779239,2557.779239,1238.68874
1,Deaths,,South Asia,3,Both,32,90-94 years,302,Diarrheal diseases,183,Clostridium difficile,1,Number,2013,3161.883544,3161.883544,1702.8075685
1,Deaths,,South Asia,3,Both,32,90-94 years,302,Diarrheal diseases,183,Clostridium difficile,1,Number,2014,3417.0588805,3417.0588805,1862.244936
1,Deaths,,South Asia,3,Both,32,90-94 years,302,Diarrheal diseases,183,Clostridium difficile,1,Number,2015,3032.1485175,3032.1485175,1624.7037175
1,Deaths,,South Asia,3,Both,32,90-94 years,302,Diarrheal diseases,183,Clostridium difficile,1,Number,2016,2854.0337225,2854.0337225,1518.357234
1,Deaths,,South Asia,3,Both,32,90-94 years,302,Diarrheal diseases,183,Clostridium difficile,1,Number,2017,2913.9060005,2913.9060005,1608.2706745
1,Deaths,,South Asia,3,Both,32,90-94 years,302,Diarrheal diseases,183,Clostridium difficile,1,Number,2018,2861.4485755,2861.4485755,1524.4496605
1,Deaths,,South Asia,3,Both,32,90-94 years,302,Diarrheal diseases,183,Clostridium difficile,1,Number,2019,2862.0038405,2862.0038405,1650.0726125
1,Deaths,,South Asia,3,Both,32,90-94 years,302,Diarrheal diseases,183,Clostridium difficile,1,Number,2020,2958.836506,2958.836506,1653.460927
1,Deaths,,South Asia,3,Both,32,90-94 years,302,Diarrheal diseases,183,Clostridium difficile,1,Number,2021,2828.993105,2828.993105,1479.3244825
1,Deaths,,South Asia,3,Both,235,95+ years,302,Diarrheal diseases,183,Clostridium difficile,1,Number,1990,103.3644712,103.3644712,36.566247545
1,Deaths,,South Asia,3,Both,235,95+ years,302,Diarrheal diseases,183,Clostridium difficile,1,Number,1991,108.95947465,108.95947465,40.325401905
1,Deaths,,South Asia,3,Both,235,95+ years,302,Diarrheal diseases,183,Clostridium difficile,1,Number,1992,117.6245395,117.6245395,44.07114046
1,Deaths,,South Asia,3,Both,235,95+ years,302,Diarrheal diseases,183,Clostridium difficile,1,Number,1993,124.6315715,124.6315715,47.29497242
1,Deaths,,South Asia,3,Both,235,95+ years,302,Diarrheal diseases,183,Clostridium difficile,1,Number,1994,133.7329126,133.7329126,50.8954308
1,Deaths,,South Asia,3,Both,235,95+ years,302,Diarrheal diseases,183,Clostridium difficile,1,Number,1995,153.9546241,153.9546241,58.1058197
1,Deaths,,South Asia,3,Both,235,95+ years,302,Diarrheal diseases,183,Clostridium difficile,1,Number,1996,159.5098114,159.5098114,62.69489765
1,Deaths,,South Asia,3,Both,235,95+ years,302,Diarrheal diseases,183,Clostridium difficile,1,Number,1997,166.84191375,166.84191375,64.39493245
1,Deaths,,South Asia,3,Both,235,95+ years,302,Diarrheal diseases,183,Clostridium difficile,1,Number,1998,177.31884975,177.31884975,71.42363895
1,Deaths,,South Asia,3,Both,235,95+ years,302,Diarrheal diseases,183,Clostridium difficile,1,Number,1999,180.81932675,180.81932675,70.1163207
1,Deaths,,South Asia,3,Both,235,95+ years,302,Diarrheal diseases,183,Clostridium difficile,1,Number,2000,194.1090503,194.1090503,79.2790867
1,Deaths,,South Asia,3,Both,235,95+ years,302,Diarrheal diseases,183,Clostridium difficile,1,Number,2001,216.8871966,216.8871966,92.8981792
1,Deaths,,South Asia,3,Both,235,95+ years,302,Diarrheal diseases,183,Clostridium difficile,1,Number,2002,242.5921339,242.5921339,96.3134241
1,Deaths,,South Asia,3,Both,235,95+ years,302,Diarrheal diseases,183,Clostridium difficile,1,Number,2003,264.07146,264.07146,109.4446663
1,Deaths,,South Asia,3,Both,235,95+ years,302,Diarrheal diseases,183,Clostridium difficile,1,Number,2004,293.58343145,293.58343145,124.8246226
1,Deaths,,South Asia,3,Both,235,95+ years,302,Diarrheal diseases,183,Clostridium difficile,1,Number,2005,345.6077819,345.6077819,152.26599895
1,Deaths,,South Asia,3,Both,235,95+ years,302,Diarrheal diseases,183,Clostridium difficile,1,Number,2006,424.8722878,424.8722878,181.980194
1,Deaths,,South Asia,3,Both,235,95+ years,302,Diarrheal diseases,183,Clostridium difficile,1,Number,2007,490.58303265,490.58303265,220.08241965
1,Deaths,,South Asia,3,Both,235,95+ years,302,Diarrheal diseases,183,Clostridium difficile,1,Number,2008,507.1634365,507.1634365,223.78005785
1,Deaths,,South Asia,3,Both,235,95+ years,302,Diarrheal diseases,183,Clostridium difficile,1,Number,2009,532.529034,532.529034,231.752804
1,Deaths,,South Asia,3,Both,235,95+ years,302,Diarrheal diseases,183,Clostridium difficile,1,Number,2010,654.5054855,654.5054855,279.1234585
1,Deaths,,South Asia,3,Both,235,95+ years,302,Diarrheal diseases,183,Clostridium difficile,1,Number,2011,778.836978,778.836978,345.432893
1,Deaths,,South Asia,3,Both,235,95+ years,302,Diarrheal diseases,183,Clostridium difficile,1,Number,2012,956.4902585,956.4902585,420.45384215
1,Deaths,,South Asia,3,Both,235,95+ years,302,Diarrheal diseases,183,Clostridium difficile,1,Number,2013,1214.4480295,1214.4480295,571.2679965
1,Deaths,,South Asia,3,Both,235,95+ years,302,Diarrheal diseases,183,Clostridium difficile,1,Number,2014,1262.1909325,1262.1909325,606.2760935
1,Deaths,,South Asia,3,Both,235,95+ years,302,Diarrheal diseases,183,Clostridium difficile,1,Number,2015,1078.2733265,1078.2733265,523.156278
1,Deaths,,South Asia,3,Both,235,95+ years,302,Diarrheal diseases,183,Clostridium difficile,1,Number,2016,988.5620805,988.5620805,490.05622165
1,Deaths,,South Asia,3,Both,235,95+ years,302,Diarrheal diseases,183,Clostridium difficile,1,Number,2017,980.0527775,980.0527775,502.3870295
1,Deaths,,South Asia,3,Both,235,95+ years,302,Diarrheal diseases,183,Clostridium difficile,1,Number,2018,915.955395,915.955395,471.5575916
1,Deaths,,South Asia,3,Both,235,95+ years,302,Diarrheal diseases,183,Clostridium difficile,1,Number,2019,948.080813,948.080813,470.06478665
1,Deaths,,South Asia,3,Both,235,95+ years,302,Diarrheal diseases,183,Clostridium difficile,1,Number,2020,928.623877,928.623877,475.61980525
1,Deaths,,South Asia,3,Both,235,95+ years,302,Diarrheal diseases,183,Clostridium difficile,1,Number,2021,836.92786,836.92786,405.371278
1,Deaths,,South Asia,3,Both,1,<5 years,302,Diarrheal diseases,183,Clostridium difficile,1,Number,1990,28204.312185,28204.312185,11879.501665
1,Deaths,,South Asia,3,Both,1,<5 years,302,Diarrheal diseases,183,Clostridium difficile,1,Number,1991,28256.604725,28256.604725,11617.123745
1,Deaths,,South Asia,3,Both,1,<5 years,302,Diarrheal diseases,183,Clostridium difficile,1,Number,1992,27227.308115,27227.308115,11726.680165
1,Deaths,,South Asia,3,Both,1,<5 years,302,Diarrheal diseases,183,Clostridium difficile,1,Number,1993,26858.920905,26858.920905,11953.20081
1,Deaths,,South Asia,3,Both,1,<5 years,302,Diarrheal diseases,183,Clostridium difficile,1,Number,1994,26582.95671,26582.95671,11826.426055
1,Deaths,,South Asia,3,Both,1,<5 years,302,Diarrheal diseases,183,Clostridium difficile,1,Number,1995,26360.2872,26360.2872,12135.980785
1,Deaths,,South Asia,3,Both,1,<5 years,302,Diarrheal diseases,183,Clostridium difficile,1,Number,1996,26735.486895,26735.486895,11272.045005
1,Deaths,,South Asia,3,Both,1,<5 years,302,Diarrheal diseases,183,Clostridium difficile,1,Number,1997,26065.512305,26065.512305,10996.4623
1,Deaths,,South Asia,3,Both,1,<5 years,302,Diarrheal diseases,183,Clostridium difficile,1,Number,1998,25320.65286,25320.65286,11742.14305
1,Deaths,,South Asia,3,Both,1,<5 years,302,Diarrheal diseases,183,Clostridium difficile,1,Number,1999,24996.901865,24996.901865,11195.335855
1,Deaths,,South Asia,3,Both,1,<5 years,302,Diarrheal diseases,183,Clostridium difficile,1,Number,2000,24237.968495,24237.968495,10913.18917
1,Deaths,,South Asia,3,Both,1,<5 years,302,Diarrheal diseases,183,Clostridium difficile,1,Number,2001,22975.027675,22975.027675,11375.51657
1,Deaths,,South Asia,3,Both,1,<5 years,302,Diarrheal diseases,183,Clostridium difficile,1,Number,2002,22943.539615,22943.539615,10863.614345
1,Deaths,,South Asia,3,Both,1,<5 years,302,Diarrheal diseases,183,Clostridium difficile,1,Number,2003,22314.9974,22314.9974,10523.60509
1,Deaths,,South Asia,3,Both,1,<5 years,302,Diarrheal diseases,183,Clostridium difficile,1,Number,2004,21936.087795,21936.087795,11091.918715
1,Deaths,,South Asia,3,Both,1,<5 years,302,Diarrheal diseases,183,Clostridium difficile,1,Number,2005,23655.47867,23655.47867,12169.20745
1,Deaths,,South Asia,3,Both,1,<5 years,302,Diarrheal diseases,183,Clostridium difficile,1,Number,2006,25551.32692,25551.32692,12745.965235
1,Deaths,,South Asia,3,Both,1,<5 years,302,Diarrheal diseases,183,Clostridium difficile,1,Number,2007,26010.353725,26010.353725,13252.891595
1,Deaths,,South Asia,3,Both,1,<5 years,302,Diarrheal diseases,183,Clostridium difficile,1,Number,2008,27072.79201,27072.79201,13034.76247
1,Deaths,,South Asia,3,Both,1,<5 years,302,Diarrheal diseases,183,Clostridium difficile,1,Number,2009,28410.097865,28410.097865,14499.906335
1,Deaths,,South Asia,3,Both,1,<5 years,302,Diarrheal diseases,183,Clostridium difficile,1,Number,2010,30609.335075,30609.335075,15810.59115
1,Deaths,,South Asia,3,Both,1,<5 years,302,Diarrheal diseases,183,Clostridium difficile,1,Number,2011,34382.028595,34382.028595,17676.0697
1,Deaths,,South Asia,3,Both,1,<5 years,302,Diarrheal diseases,183,Clostridium difficile,1,Number,2012,36200.57515,36200.57515,18786.36078
1,Deaths,,South Asia,3,Both,1,<5 years,302,Diarrheal diseases,183,Clostridium difficile,1,Number,2013,35571.676345,35571.676345,18834.85627
1,Deaths,,South Asia,3,Both,1,<5 years,302,Diarrheal diseases,183,Clostridium difficile,1,Number,2014,32654.53176,32654.53176,17685.724495
1,Deaths,,South Asia,3,Both,1,<5 years,302,Diarrheal diseases,183,Clostridium difficile,1,Number,2015,30832.98374,30832.98374,17578.17021
1,Deaths,,South Asia,3,Both,1,<5 years,302,Diarrheal diseases,183,Clostridium difficile,1,Number,2016,29745.46037,29745.46037,17054.512125
1,Deaths,,South Asia,3,Both,1,<5 years,302,Diarrheal diseases,183,Clostridium difficile,1,Number,2017,29389.23884,29389.23884,16675.173445
1,Deaths,,South Asia,3,Both,1,<5 years,302,Diarrheal diseases,183,Clostridium difficile,1,Number,2018,27821.888735,27821.888735,15737.062865
1,Deaths,,South Asia,3,Both,1,<5 years,302,Diarrheal diseases,183,Clostridium difficile,1,Number,2019,26172.551735,26172.551735,14001.95057
1,Deaths,,South Asia,3,Both,1,<5 years,302,Diarrheal diseases,183,Clostridium difficile,1,Number,2020,22301.4786,22301.4786,12357.96365
1,Deaths,,South Asia,3,Both,1,<5 years,302,Diarrheal diseases,183,Clostridium difficile,1,Number,2021,20909.440305,20909.440305,10443.66325
1,Deaths,,"Southeast Asia, East Asia, and Oceania",3,Both,7,10-14 years,302,Diarrheal diseases,183,Clostridium difficile,1,Number,1990,319.8640324,319.8640324,139.909212
1,Deaths,,"Southeast Asia, East Asia, and Oceania",3,Both,7,10-14 years,302,Diarrheal diseases,183,Clostridium difficile,1,Number,1991,314.3871146,314.3871146,140.1170163
1,Deaths,,"Southeast Asia, East Asia, and Oceania",3,Both,7,10-14 years,302,Diarrheal diseases,183,Clostridium difficile,1,Number,1992,307.509282,307.509282,141.9500277
1,Deaths,,"Southeast Asia, East Asia, and Oceania",3,Both,7,10-14 years,302,Diarrheal diseases,183,Clostridium difficile,1,Number,1993,309.4249533,309.4249533,130.3025396
1,Deaths,,"Southeast Asia, East Asia, and Oceania",3,Both,7,10-14 years,302,Diarrheal diseases,183,Clostridium difficile,1,Number,1994,299.1543362,299.1543362,137.4151514
1,Deaths,,"Southeast Asia, East Asia, and Oceania",3,Both,7,10-14 years,302,Diarrheal diseases,183,Clostridium difficile,1,Number,1995,296.4901124,296.4901124,141.5347217
1,Deaths,,"Southeast Asia, East Asia, and Oceania",3,Both,7,10-14 years,302,Diarrheal diseases,183,Clostridium difficile,1,Number,1996,292.7022421,292.7022421,131.5595586
1,Deaths,,"Southeast Asia, East Asia, and Oceania",3,Both,7,10-14 years,302,Diarrheal diseases,183,Clostridium difficile,1,Number,1997,280.639167,280.639167,130.1151459
1,Deaths,,"Southeast Asia, East Asia, and Oceania",3,Both,7,10-14 years,302,Diarrheal diseases,183,Clostridium difficile,1,Number,1998,280.732366,280.732366,125.730199
1,Deaths,,"Southeast Asia, East Asia, and Oceania",3,Both,7,10-14 years,302,Diarrheal diseases,183,Clostridium difficile,1,Number,1999,269.0514342,269.0514342,122.1933587
1,Deaths,,"Southeast Asia, East Asia, and Oceania",3,Both,7,10-14 years,302,Diarrheal diseases,183,Clostridium difficile,1,Number,2000,257.7910188,257.7910188,113.4550841
1,Deaths,,"Southeast Asia, East Asia, and Oceania",3,Both,7,10-14 years,302,Diarrheal diseases,183,Clostridium difficile,1,Number,2001,246.7541636,246.7541636,109.9886809
1,Deaths,,"Southeast Asia, East Asia, and Oceania",3,Both,7,10-14 years,302,Diarrheal diseases,183,Clostridium difficile,1,Number,2002,233.1097982,233.1097982,112.9941337
1,Deaths,,"Southeast Asia, East Asia, and Oceania",3,Both,7,10-14 years,302,Diarrheal diseases,183,Clostridium difficile,1,Number,2003,224.3860495,224.3860495,105.7053822
1,Deaths,,"Southeast Asia, East Asia, and Oceania",3,Both,7,10-14 years,302,Diarrheal diseases,183,Clostridium difficile,1,Number,2004,219.6413823,219.6413823,105.4448506
1,Deaths,,"Southeast Asia, East Asia, and Oceania",3,Both,7,10-14 years,302,Diarrheal diseases,183,Clostridium difficile,1,Number,2005,210.3353508,210.3353508,100.4396855
1,Deaths,,"Southeast Asia, East Asia, and Oceania",3,Both,7,10-14 years,302,Diarrheal diseases,183,Clostridium difficile,1,Number,2006,204.6710221,204.6710221,104.7167504
1,Deaths,,"Southeast Asia, East Asia, and Oceania",3,Both,7,10-14 years,302,Diarrheal diseases,183,Clostridium difficile,1,Number,2007,199.4534045,199.4534045,104.2122875
1,Deaths,,"Southeast Asia, East Asia, and Oceania",3,Both,7,10-14 years,302,Diarrheal diseases,183,Clostridium difficile,1,Number,2008,210.1921471,210.1921471,107.6761751
1,Deaths,,"Southeast Asia, East Asia, and Oceania",3,Both,7,10-14 years,302,Diarrheal diseases,183,Clostridium difficile,1,Number,2009,218.5724754,218.5724754,115.3818548
1,Deaths,,"Southeast Asia, East Asia, and Oceania",3,Both,7,10-14 years,302,Diarrheal diseases,183,Clostridium difficile,1,Number,2010,217.7086874,217.7086874,117.8526297
1,Deaths,,"Southeast Asia, East Asia, and Oceania",3,Both,7,10-14 years,302,Diarrheal diseases,183,Clostridium difficile,1,Number,2011,211.6931728,211.6931728,104.3728789
1,Deaths,,"Southeast Asia, East Asia, and Oceania",3,Both,7,10-14 years,302,Diarrheal diseases,183,Clostridium difficile,1,Number,2012,195.5551166,195.5551166,107.8928878
1,Deaths,,"Southeast Asia, East Asia, and Oceania",3,Both,7,10-14 years,302,Diarrheal diseases,183,Clostridium difficile,1,Number,2013,197.9467514,197.9467514,107.1492884
1,Deaths,,"Southeast Asia, East Asia, and Oceania",3,Both,7,10-14 years,302,Diarrheal diseases,183,Clostridium difficile,1,Number,2014,191.7961606,191.7961606,109.0997175
1,Deaths,,"Southeast Asia, East Asia, and Oceania",3,Both,7,10-14 years,302,Diarrheal diseases,183,Clostridium difficile,1,Number,2015,190.69323,190.69323,114.0282018
1,Deaths,,"Southeast Asia, East Asia, and Oceania",3,Both,7,10-14 years,302,Diarrheal diseases,183,Clostridium difficile,1,Number,2016,196.5828898,196.5828898,108.532382
1,Deaths,,"Southeast Asia, East Asia, and Oceania",3,Both,7,10-14 years,302,Diarrheal diseases,183,Clostridium difficile,1,Number,2017,193.8988403,193.8988403,112.5961969
1,Deaths,,"Southeast Asia, East Asia, and Oceania",3,Both,7,10-14 years,302,Diarrheal diseases,183,Clostridium difficile,1,Number,2018,196.2670266,196.2670266,105.0078492
1,Deaths,,"Southeast Asia, East Asia, and Oceania",3,Both,7,10-14 years,302,Diarrheal diseases,183,Clostridium difficile,1,Number,2019,190.5119475,190.5119475,106.1090017
1,Deaths,,"Southeast Asia, East Asia, and Oceania",3,Both,7,10-14 years,302,Diarrheal diseases,183,Clostridium difficile,1,Number,2020,174.8472769,174.8472769,98.1453438
1,Deaths,,"Southeast Asia, East Asia, and Oceania",3,Both,7,10-14 years,302,Diarrheal diseases,183,Clostridium difficile,1,Number,2021,166.0100248,166.0100248,93.99559674
1,Deaths,,"Southeast Asia, East Asia, and Oceania",3,Both,8,15-19 years,302,Diarrheal diseases,183,Clostridium difficile,1,Number,1990,464.2786459,464.2786459,192.3880293
1,Deaths,,"Southeast Asia, East Asia, and Oceania",3,Both,8,15-19 years,302,Diarrheal diseases,183,Clostridium difficile,1,Number,1991,444.0182872,444.0182872,203.0926696
1,Deaths,,"Southeast Asia, East Asia, and Oceania",3,Both,8,15-19 years,302,Diarrheal diseases,183,Clostridium difficile,1,Number,1992,427.0531439,427.0531439,190.7531675
1,Deaths,,"Southeast Asia, East Asia, and Oceania",3,Both,8,15-19 years,302,Diarrheal diseases,183,Clostridium difficile,1,Number,1993,391.915273,391.915273,180.3172419
1,Deaths,,"Southeast Asia, East Asia, and Oceania",3,Both,8,15-19 years,302,Diarrheal diseases,183,Clostridium difficile,1,Number,1994,381.3015278,381.3015278,176.4391564
1,Deaths,,"Southeast Asia, East Asia, and Oceania",3,Both,8,15-19 years,302,Diarrheal diseases,183,Clostridium difficile,1,Number,1995,384.0790863,384.0790863,178.7540843
1,Deaths,,"Southeast Asia, East Asia, and Oceania",3,Both,8,15-19 years,302,Diarrheal diseases,183,Clostridium difficile,1,Number,1996,366.252294,366.252294,167.36279
1,Deaths,,"Southeast Asia, East Asia, and Oceania",3,Both,8,15-19 years,302,Diarrheal diseases,183,Clostridium difficile,1,Number,1997,349.1350043,349.1350043,158.8322381
1,Deaths,,"Southeast Asia, East Asia, and Oceania",3,Both,8,15-19 years,302,Diarrheal diseases,183,Clostridium difficile,1,Number,1998,337.0738378,337.0738378,162.4406621
1,Deaths,,"Southeast Asia, East Asia, and Oceania",3,Both,8,15-19 years,302,Diarrheal diseases,183,Clostridium difficile,1,Number,1999,328.9359304,328.9359304,154.5845171
1,Deaths,,"Southeast Asia, East Asia, and Oceania",3,Both,8,15-19 years,302,Diarrheal diseases,183,Clostridium difficile,1,Number,2000,318.2223791,318.2223791,154.9596398
1,Deaths,,"Southeast Asia, East Asia, and Oceania",3,Both,8,15-19 years,302,Diarrheal diseases,183,Clostridium difficile,1,Number,2001,317.1870132,317.1870132,147.8286047
1,Deaths,,"Southeast Asia, East Asia, and Oceania",3,Both,8,15-19 years,302,Diarrheal diseases,183,Clostridium difficile,1,Number,2002,315.3596555,315.3596555,151.4572832
1,Deaths,,"Southeast Asia, East Asia, and Oceania",3,Both,8,15-19 years,302,Diarrheal diseases,183,Clostridium difficile,1,Number,2003,320.786752,320.786752,146.706521
1,Deaths,,"Southeast Asia, East Asia, and Oceania",3,Both,8,15-19 years,302,Diarrheal diseases,183,Clostridium difficile,1,Number,2004,325.7491632,325.7491632,151.5403188
1,Deaths,,"Southeast Asia, East Asia, and Oceania",3,Both,8,15-19 years,302,Diarrheal diseases,183,Clostridium difficile,1,Number,2005,320.4435965,320.4435965,149.0043281
1,Deaths,,"Southeast Asia, East Asia, and Oceania",3,Both,8,15-19 years,302,Diarrheal diseases,183,Clostridium difficile,1,Number,2006,324.6236776,324.6236776,160.0964888
1,Deaths,,"Southeast Asia, East Asia, and Oceania",3,Both,8,15-19 years,302,Diarrheal diseases,183,Clostridium difficile,1,Number,2007,318.192639,318.192639,162.1278399
1,Deaths,,"Southeast Asia, East Asia, and Oceania",3,Both,8,15-19 years,302,Diarrheal diseases,183,Clostridium difficile,1,Number,2008,339.2127664,339.2127664,164.6276129
1,Deaths,,"Southeast Asia, East Asia, and Oceania",3,Both,8,15-19 years,302,Diarrheal diseases,183,Clostridium difficile,1,Number,2009,340.9316005,340.9316005,171.4545741
1,Deaths,,"Southeast Asia, East Asia, and Oceania",3,Both,8,15-19 years,302,Diarrheal diseases,183,Clostridium difficile,1,Number,2010,323.8512226,323.8512226,168.8039964
1,Deaths,,"Southeast Asia, East Asia, and Oceania",3,Both,8,15-19 years,302,Diarrheal diseases,183,Clostridium difficile,1,Number,2011,292.3002631,292.3002631,153.0734295
1,Deaths,,"Southeast Asia, East Asia, and Oceania",3,Both,8,15-19 years,302,Diarrheal diseases,183,Clostridium difficile,1,Number,2012,271.1640919,271.1640919,157.370347
1,Deaths,,"Southeast Asia, East Asia, and Oceania",3,Both,8,15-19 years,302,Diarrheal diseases,183,Clostridium difficile,1,Number,2013,282.3566177,282.3566177,145.8475545
1,Deaths,,"Southeast Asia, East Asia, and Oceania",3,Both,8,15-19 years,302,Diarrheal diseases,183,Clostridium difficile,1,Number,2014,269.6777683,269.6777683,149.7792077
1,Deaths,,"Southeast Asia, East Asia, and Oceania",3,Both,8,15-19 years,302,Diarrheal diseases,183,Clostridium difficile,1,Number,2015,274.9923788,274.9923788,154.9364959
1,Deaths,,"Southeast Asia, East Asia, and Oceania",3,Both,8,15-19 years,302,Diarrheal diseases,183,Clostridium difficile,1,Number,2016,271.8415029,271.8415029,155.5543409
1,Deaths,,"Southeast Asia, East Asia, and Oceania",3,Both,8,15-19 years,302,Diarrheal diseases,183,Clostridium difficile,1,Number,2017,278.1228623,278.1228623,156.5581567
1,Deaths,,"Southeast Asia, East Asia, and Oceania",3,Both,8,15-19 years,302,Diarrheal diseases,183,Clostridium difficile,1,Number,2018,270.3766608,270.3766608,146.4483448
1,Deaths,,"Southeast Asia, East Asia, and Oceania",3,Both,8,15-19 years,302,Diarrheal diseases,183,Clostridium difficile,1,Number,2019,262.5752434,262.5752434,151.0917545
1,Deaths,,"Southeast Asia, East Asia, and Oceania",3,Both,8,15-19 years,302,Diarrheal diseases,183,Clostridium difficile,1,Number,2020,242.6138303,242.6138303,140.9037695
1,Deaths,,"Southeast Asia, East Asia, and Oceania",3,Both,8,15-19 years,302,Diarrheal diseases,183,Clostridium difficile,1,Number,2021,245.4212288,245.4212288,149.0010969
1,Deaths,,"Southeast Asia, East Asia, and Oceania",3,Both,9,20-24 years,302,Diarrheal diseases,183,Clostridium difficile,1,Number,1990,456.5777524,456.5777524,187.658246
1,Deaths,,"Southeast Asia, East Asia, and Oceania",3,Both,9,20-24 years,302,Diarrheal diseases,183,Clostridium difficile,1,Number,1991,448.9188831,448.9188831,196.4298103
1,Deaths,,"Southeast Asia, East Asia, and Oceania",3,Both,9,20-24 years,302,Diarrheal diseases,183,Clostridium difficile,1,Number,1992,448.7960915,448.7960915,187.4232154
1,Deaths,,"Southeast Asia, East Asia, and Oceania",3,Both,9,20-24 years,302,Diarrheal diseases,183,Clostridium difficile,1,Number,1993,426.9138225,426.9138225,190.1326834
1,Deaths,,"Southeast Asia, East Asia, and Oceania",3,Both,9,20-24 years,302,Diarrheal diseases,183,Clostridium difficile,1,Number,1994,416.6525398,416.6525398,192.6602972
1,Deaths,,"Southeast Asia, East Asia, and Oceania",3,Both,9,20-24 years,302,Diarrheal diseases,183,Clostridium difficile,1,Number,1995,420.3347625,420.3347625,185.2057658
1,Deaths,,"Southeast Asia, East Asia, and Oceania",3,Both,9,20-24 years,302,Diarrheal diseases,183,Clostridium difficile,1,Number,1996,393.5090127,393.5090127,179.9986535
1,Deaths,,"Southeast Asia, East Asia, and Oceania",3,Both,9,20-24 years,302,Diarrheal diseases,183,Clostridium difficile,1,Number,1997,369.4963253,369.4963253,171.517574
1,Deaths,,"Southeast Asia, East Asia, and Oceania",3,Both,9,20-24 years,302,Diarrheal diseases,183,Clostridium difficile,1,Number,1998,360.5596623,360.5596623,166.2918113
1,Deaths,,"Southeast Asia, East Asia, and Oceania",3,Both,9,20-24 years,302,Diarrheal diseases,183,Clostridium difficile,1,Number,1999,349.8746017,349.8746017,157.0419139
1,Deaths,,"Southeast Asia, East Asia, and Oceania",3,Both,9,20-24 years,302,Diarrheal diseases,183,Clostridium difficile,1,Number,2000,346.4450257,346.4450257,151.0069591
1,Deaths,,"Southeast Asia, East Asia, and Oceania",3,Both,9,20-24 years,302,Diarrheal diseases,183,Clostridium difficile,1,Number,2001,333.6087311,333.6087311,156.8262109
1,Deaths,,"Southeast Asia, East Asia, and Oceania",3,Both,9,20-24 years,302,Diarrheal diseases,183,Clostridium difficile,1,Number,2002,334.0242824,334.0242824,158.8491586
1,Deaths,,"Southeast Asia, East Asia, and Oceania",3,Both,9,20-24 years,302,Diarrheal diseases,183,Clostridium difficile,1,Number,2003,338.516225,338.516225,157.3748485
1,Deaths,,"Southeast Asia, East Asia, and Oceania",3,Both,9,20-24 years,302,Diarrheal diseases,183,Clostridium difficile,1,Number,2004,347.8697301,347.8697301,155.2186418
1,Deaths,,"Southeast Asia, East Asia, and Oceania",3,Both,9,20-24 years,302,Diarrheal diseases,183,Clostridium difficile,1,Number,2005,343.2403466,343.2403466,159.2315099
1,Deaths,,"Southeast Asia, East Asia, and Oceania",3,Both,9,20-24 years,302,Diarrheal diseases,183,Clostridium difficile,1,Number,2006,360.3680975,360.3680975,172.5097399
1,Deaths,,"Southeast Asia, East Asia, and Oceania",3,Both,9,20-24 years,302,Diarrheal diseases,183,Clostridium difficile,1,Number,2007,372.5770761,372.5770761,182.0937508
1,Deaths,,"Southeast Asia, East Asia, and Oceania",3,Both,9,20-24 years,302,Diarrheal diseases,183,Clostridium difficile,1,Number,2008,388.6706446,388.6706446,208.7641818
1,Deaths,,"Southeast Asia, East Asia, and Oceania",3,Both,9,20-24 years,302,Diarrheal diseases,183,Clostridium difficile,1,Number,2009,418.8150462,418.8150462,210.1653119
1,Deaths,,"Southeast Asia, East Asia, and Oceania",3,Both,9,20-24 years,302,Diarrheal diseases,183,Clostridium difficile,1,Number,2010,420.3590983,420.3590983,222.3955099
1,Deaths,,"Southeast Asia, East Asia, and Oceania",3,Both,9,20-24 years,302,Diarrheal diseases,183,Clostridium difficile,1,Number,2011,398.6370976,398.6370976,202.7490498
1,Deaths,,"Southeast Asia, East Asia, and Oceania",3,Both,9,20-24 years,302,Diarrheal diseases,183,Clostridium difficile,1,Number,2012,367.7791353,367.7791353,204.9320484
1,Deaths,,"Southeast Asia, East Asia, and Oceania",3,Both,9,20-24 years,302,Diarrheal diseases,183,Clostridium difficile,1,Number,2013,374.4241453,374.4241453,200.6825226
1,Deaths,,"Southeast Asia, East Asia, and Oceania",3,Both,9,20-24 years,302,Diarrheal diseases,183,Clostridium difficile,1,Number,2014,366.1461072,366.1461072,207.8156807
1,Deaths,,"Southeast Asia, East Asia, and Oceania",3,Both,9,20-24 years,302,Diarrheal diseases,183,Clostridium difficile,1,Number,2015,379.4297799,379.4297799,201.0039655
1,Deaths,,"Southeast Asia, East Asia, and Oceania",3,Both,9,20-24 years,302,Diarrheal diseases,183,Clostridium difficile,1,Number,2016,374.9790106,374.9790106,201.7221449
1,Deaths,,"Southeast Asia, East Asia, and Oceania",3,Both,9,20-24 years,302,Diarrheal diseases,183,Clostridium difficile,1,Number,2017,368.4620366,368.4620366,210.5229491
1,Deaths,,"Southeast Asia, East Asia, and Oceania",3,Both,9,20-24 years,302,Diarrheal diseases,183,Clostridium difficile,1,Number,2018,365.8845556,365.8845556,197.5732125
1,Deaths,,"Southeast Asia, East Asia, and Oceania",3,Both,9,20-24 years,302,Diarrheal diseases,183,Clostridium difficile,1,Number,2019,355.098207,355.098207,192.2245435
1,Deaths,,"Southeast Asia, East Asia, and Oceania",3,Both,9,20-24 years,302,Diarrheal diseases,183,Clostridium difficile,1,Number,2020,327.5590363,327.5590363,176.0085839
1,Deaths,,"Southeast Asia, East Asia, and Oceania",3,Both,9,20-24 years,302,Diarrheal diseases,183,Clostridium difficile,1,Number,2021,326.6298137,326.6298137,183.3948038
1,Deaths,,"Southeast Asia, East Asia, and Oceania",3,Both,10,25-29 years,302,Diarrheal diseases,183,Clostridium difficile,1,Number,1990,370.3985431,370.3985431,153.8288564
1,Deaths,,"Southeast Asia, East Asia, and Oceania",3,Both,10,25-29 years,302,Diarrheal diseases,183,Clostridium difficile,1,Number,1991,379.6170073,379.6170073,168.8404989
1,Deaths,,"Southeast Asia, East Asia, and Oceania",3,Both,10,25-29 years,302,Diarrheal diseases,183,Clostridium difficile,1,Number,1992,392.9773697,392.9773697,172.9874451
1,Deaths,,"Southeast Asia, East Asia, and Oceania",3,Both,10,25-29 years,302,Diarrheal diseases,183,Clostridium difficile,1,Number,1993,400.4392931,400.4392931,173.9674515
1,Deaths,,"Southeast Asia, East Asia, and Oceania",3,Both,10,25-29 years,302,Diarrheal diseases,183,Clostridium difficile,1,Number,1994,401.5298791,401.5298791,178.7851654
1,Deaths,,"Southeast Asia, East Asia, and Oceania",3,Both,10,25-29 years,302,Diarrheal diseases,183,Clostridium difficile,1,Number,1995,398.9411101,398.9411101,185.2414129
1,Deaths,,"Southeast Asia, East Asia, and Oceania",3,Both,10,25-29 years,302,Diarrheal diseases,183,Clostridium difficile,1,Number,1996,394.9213935,394.9213935,171.5199124
1,Deaths,,"Southeast Asia, East Asia, and Oceania",3,Both,10,25-29 years,302,Diarrheal diseases,183,Clostridium difficile,1,Number,1997,369.0809346,369.0809346,172.1694837
1,Deaths,,"Southeast Asia, East Asia, and Oceania",3,Both,10,25-29 years,302,Diarrheal diseases,183,Clostridium difficile,1,Number,1998,365.0531171,365.0531171,171.4992712
1,Deaths,,"Southeast Asia, East Asia, and Oceania",3,Both,10,25-29 years,302,Diarrheal diseases,183,Clostridium difficile,1,Number,1999,364.8347021,364.8347021,167.7183516
1,Deaths,,"Southeast Asia, East Asia, and Oceania",3,Both,10,25-29 years,302,Diarrheal diseases,183,Clostridium difficile,1,Number,2000,363.1535243,363.1535243,164.2396188
1,Deaths,,"Southeast Asia, East Asia, and Oceania",3,Both,10,25-29 years,302,Diarrheal diseases,183,Clostridium difficile,1,Number,2001,353.9459108,353.9459108,167.7284159
1,Deaths,,"Southeast Asia, East Asia, and Oceania",3,Both,10,25-29 years,302,Diarrheal diseases,183,Clostridium difficile,1,Number,2002,357.3394575,357.3394575,163.8524958
1,Deaths,,"Southeast Asia, East Asia, and Oceania",3,Both,10,25-29 years,302,Diarrheal diseases,183,Clostridium difficile,1,Number,2003,356.4098018,356.4098018,161.9506876
1,Deaths,,"Southeast Asia, East Asia, and Oceania",3,Both,10,25-29 years,302,Diarrheal diseases,183,Clostridium difficile,1,Number,2004,351.3682785,351.3682785,165.8289084
1,Deaths,,"Southeast Asia, East Asia, and Oceania",3,Both,10,25-29 years,302,Diarrheal diseases,183,Clostridium difficile,1,Number,2005,349.2286065,349.2286065,157.9627721
1,Deaths,,"Southeast Asia, East Asia, and Oceania",3,Both,10,25-29 years,302,Diarrheal diseases,183,Clostridium difficile,1,Number,2006,344.3364306,344.3364306,170.7442432
1,Deaths,,"Southeast Asia, East Asia, and Oceania",3,Both,10,25-29 years,302,Diarrheal diseases,183,Clostridium difficile,1,Number,2007,350.2565998,350.2565998,173.1816602
1,Deaths,,"Southeast Asia, East Asia, and Oceania",3,Both,10,25-29 years,302,Diarrheal diseases,183,Clostridium difficile,1,Number,2008,370.9332976,370.9332976,189.0782268
1,Deaths,,"Southeast Asia, East Asia, and Oceania",3,Both,10,25-29 years,302,Diarrheal diseases,183,Clostridium difficile,1,Number,2009,398.2248065,398.2248065,208.6765209
1,Deaths,,"Southeast Asia, East Asia, and Oceania",3,Both,10,25-29 years,302,Diarrheal diseases,183,Clostridium difficile,1,Number,2010,418.5763437,418.5763437,220.2893434
1,Deaths,,"Southeast Asia, East Asia, and Oceania",3,Both,10,25-29 years,302,Diarrheal diseases,183,Clostridium difficile,1,Number,2011,412.4640852,412.4640852,223.1841245
1,Deaths,,"Southeast Asia, East Asia, and Oceania",3,Both,10,25-29 years,302,Diarrheal diseases,183,Clostridium difficile,1,Number,2012,415.9611753,415.9611753,230.4207245
1,Deaths,,"Southeast Asia, East Asia, and Oceania",3,Both,10,25-29 years,302,Diarrheal diseases,183,Clostridium difficile,1,Number,2013,432.0468852,432.0468852,247.1302553
1,Deaths,,"Southeast Asia, East Asia, and Oceania",3,Both,10,25-29 years,302,Diarrheal diseases,183,Clostridium difficile,1,Number,2014,449.4991734,449.4991734,253.0398418
1,Deaths,,"Southeast Asia, East Asia, and Oceania",3,Both,10,25-29 years,302,Diarrheal diseases,183,Clostridium difficile,1,Number,2015,461.8165137,461.8165137,267.3495757
1,Deaths,,"Southeast Asia, East Asia, and Oceania",3,Both,10,25-29 years,302,Diarrheal diseases,183,Clostridium difficile,1,Number,2016,468.7204267,468.7204267,270.0087911
1,Deaths,,"Southeast Asia, East Asia, and Oceania",3,Both,10,25-29 years,302,Diarrheal diseases,183,Clostridium difficile,1,Number,2017,474.0996912,474.0996912,264.0260198
1,Deaths,,"Southeast Asia, East Asia, and Oceania",3,Both,10,25-29 years,302,Diarrheal diseases,183,Clostridium difficile,1,Number,2018,461.369794,461.369794,254.4672102
1,Deaths,,"Southeast Asia, East Asia, and Oceania",3,Both,10,25-29 years,302,Diarrheal diseases,183,Clostridium difficile,1,Number,2019,441.8147299,441.8147299,240.8947675
1,Deaths,,"Southeast Asia, East Asia, and Oceania",3,Both,10,25-29 years,302,Diarrheal diseases,183,Clostridium difficile,1,Number,2020,394.3525344,394.3525344,229.8929857
1,Deaths,,"Southeast Asia, East Asia, and Oceania",3,Both,10,25-29 years,302,Diarrheal diseases,183,Clostridium difficile,1,Number,2021,388.5884684,388.5884684,230.2710786
1,Deaths,,"Southeast Asia, East Asia, and Oceania",3,Both,11,30-34 years,302,Diarrheal diseases,183,Clostridium difficile,1,Number,1990,384.3462471,384.3462471,166.1787219
1,Deaths,,"Southeast Asia, East Asia, and Oceania",3,Both,11,30-34 years,302,Diarrheal diseases,183,Clostridium difficile,1,Number,1991,385.395885,385.395885,165.542357
1,Deaths,,"Southeast Asia, East Asia, and Oceania",3,Both,11,30-34 years,302,Diarrheal diseases,183,Clostridium difficile,1,Number,1992,387.7101909,387.7101909,171.2737974
1,Deaths,,"Southeast Asia, East Asia, and Oceania",3,Both,11,30-34 years,302,Diarrheal diseases,183,Clostridium difficile,1,Number,1993,401.8778542,401.8778542,178.6492758
1,Deaths,,"Southeast Asia, East Asia, and Oceania",3,Both,11,30-34 years,302,Diarrheal diseases,183,Clostridium difficile,1,Number,1994,413.165005,413.165005,198.2097323
1,Deaths,,"Southeast Asia, East Asia, and Oceania",3,Both,11,30-34 years,302,Diarrheal diseases,183,Clostridium difficile,1,Number,1995,437.385479,437.385479,207.091738
1,Deaths,,"Southeast Asia, East Asia, and Oceania",3,Both,11,30-34 years,302,Diarrheal diseases,183,Clostridium difficile,1,Number,1996,449.0009903,449.0009903,204.7426699
1,Deaths,,"Southeast Asia, East Asia, and Oceania",3,Both,11,30-34 years,302,Diarrheal diseases,183,Clostridium difficile,1,Number,1997,447.0608284,447.0608284,201.4764405
1,Deaths,,"Southeast Asia, East Asia, and Oceania",3,Both,11,30-34 years,302,Diarrheal diseases,183,Clostridium difficile,1,Number,1998,446.6849755,446.6849755,214.1477227
1,Deaths,,"Southeast Asia, East Asia, and Oceania",3,Both,11,30-34 years,302,Diarrheal diseases,183,Clostridium difficile,1,Number,1999,452.9186204,452.9186204,214.9849802
1,Deaths,,"Southeast Asia, East Asia, and Oceania",3,Both,11,30-34 years,302,Diarrheal diseases,183,Clostridium difficile,1,Number,2000,468.0551841,468.0551841,203.0222103
1,Deaths,,"Southeast Asia, East Asia, and Oceania",3,Both,11,30-34 years,302,Diarrheal diseases,183,Clostridium difficile,1,Number,2001,460.9808178,460.9808178,211.5237601
1,Deaths,,"Southeast Asia, East Asia, and Oceania",3,Both,11,30-34 years,302,Diarrheal diseases,183,Clostridium difficile,1,Number,2002,467.6017335,467.6017335,217.748183
1,Deaths,,"Southeast Asia, East Asia, and Oceania",3,Both,11,30-34 years,302,Diarrheal diseases,183,Clostridium difficile,1,Number,2003,478.6794424,478.6794424,216.6026127
1,Deaths,,"Southeast Asia, East Asia, and Oceania",3,Both,11,30-34 years,302,Diarrheal diseases,183,Clostridium difficile,1,Number,2004,481.8644827,481.8644827,224.8894364
1,Deaths,,"Southeast Asia, East Asia, and Oceania",3,Both,11,30-34 years,302,Diarrheal diseases,183,Clostridium difficile,1,Number,2005,469.7299477,469.7299477,220.4578428
1,Deaths,,"Southeast Asia, East Asia, and Oceania",3,Both,11,30-34 years,302,Diarrheal diseases,183,Clostridium difficile,1,Number,2006,474.2610598,474.2610598,233.0110096
1,Deaths,,"Southeast Asia, East Asia, and Oceania",3,Both,11,30-34 years,302,Diarrheal diseases,183,Clostridium difficile,1,Number,2007,469.6549697,469.6549697,238.6413071
1,Deaths,,"Southeast Asia, East Asia, and Oceania",3,Both,11,30-34 years,302,Diarrheal diseases,183,Clostridium difficile,1,Number,2008,484.3054234,484.3054234,262.3192479
1,Deaths,,"Southeast Asia, East Asia, and Oceania",3,Both,11,30-34 years,302,Diarrheal diseases,183,Clostridium difficile,1,Number,2009,518.6576853,518.6576853,278.5217821
1,Deaths,,"Southeast Asia, East Asia, and Oceania",3,Both,11,30-34 years,302,Diarrheal diseases,183,Clostridium difficile,1,Number,2010,522.330568,522.330568,307.1347282
1,Deaths,,"Southeast Asia, East Asia, and Oceania",3,Both,11,30-34 years,302,Diarrheal diseases,183,Clostridium difficile,1,Number,2011,513.1820154,513.1820154,283.325694
1,Deaths,,"Southeast Asia, East Asia, and Oceania",3,Both,11,30-34 years,302,Diarrheal diseases,183,Clostridium difficile,1,Number,2012,512.4326702,512.4326702,265.5766021
1,Deaths,,"Southeast Asia, East Asia, and Oceania",3,Both,11,30-34 years,302,Diarrheal diseases,183,Clostridium difficile,1,Number,2013,513.1347998,513.1347998,291.2436809
1,Deaths,,"Southeast Asia, East Asia, and Oceania",3,Both,11,30-34 years,302,Diarrheal diseases,183,Clostridium difficile,1,Number,2014,531.6853889,531.6853889,311.3686742
1,Deaths,,"Southeast Asia, East Asia, and Oceania",3,Both,11,30-34 years,302,Diarrheal diseases,183,Clostridium difficile,1,Number,2015,568.3759875,568.3759875,319.8898586
1,Deaths,,"Southeast Asia, East Asia, and Oceania",3,Both,11,30-34 years,302,Diarrheal diseases,183,Clostridium difficile,1,Number,2016,594.9009294,594.9009294,341.037364
1,Deaths,,"Southeast Asia, East Asia, and Oceania",3,Both,11,30-34 years,302,Diarrheal diseases,183,Clostridium difficile,1,Number,2017,638.8314996,638.8314996,352.3065154
1,Deaths,,"Southeast Asia, East Asia, and Oceania",3,Both,11,30-34 years,302,Diarrheal diseases,183,Clostridium difficile,1,Number,2018,668.2798993,668.2798993,355.0078331
1,Deaths,,"Southeast Asia, East Asia, and Oceania",3,Both,11,30-34 years,302,Diarrheal diseases,183,Clostridium difficile,1,Number,2019,649.2660848,649.2660848,370.7843085
1,Deaths,,"Southeast Asia, East Asia, and Oceania",3,Both,11,30-34 years,302,Diarrheal diseases,183,Clostridium difficile,1,Number,2020,612.4971957,612.4971957,341.2801109
1,Deaths,,"Southeast Asia, East Asia, and Oceania",3,Both,11,30-34 years,302,Diarrheal diseases,183,Clostridium difficile,1,Number,2021,615.3653988,615.3653988,345.3393795
1,Deaths,,"Southeast Asia, East Asia, and Oceania",3,Both,12,35-39 years,302,Diarrheal diseases,183,Clostridium difficile,1,Number,1990,565.2693713,565.2693713,238.6994266
1,Deaths,,"Southeast Asia, East Asia, and Oceania",3,Both,12,35-39 years,302,Diarrheal diseases,183,Clostridium difficile,1,Number,1991,576.9644392,576.9644392,255.0327129
1,Deaths,,"Southeast Asia, East Asia, and Oceania",3,Both,12,35-39 years,302,Diarrheal diseases,183,Clostridium difficile,1,Number,1992,602.1490755,602.1490755,249.2636888
1,Deaths,,"Southeast Asia, East Asia, and Oceania",3,Both,12,35-39 years,302,Diarrheal diseases,183,Clostridium difficile,1,Number,1993,587.2670214,587.2670214,262.1566638
1,Deaths,,"Southeast Asia, East Asia, and Oceania",3,Both,12,35-39 years,302,Diarrheal diseases,183,Clostridium difficile,1,Number,1994,575.7855561,575.7855561,269.9879766
1,Deaths,,"Southeast Asia, East Asia, and Oceania",3,Both,12,35-39 years,302,Diarrheal diseases,183,Clostridium difficile,1,Number,1995,581.2189425,581.2189425,253.4337764
1,Deaths,,"Southeast Asia, East Asia, and Oceania",3,Both,12,35-39 years,302,Diarrheal diseases,183,Clostridium difficile,1,Number,1996,544.7557892,544.7557892,262.4455025
1,Deaths,,"Southeast Asia, East Asia, and Oceania",3,Both,12,35-39 years,302,Diarrheal diseases,183,Clostridium difficile,1,Number,1997,550.487788,550.487788,242.3426527
1,Deaths,,"Southeast Asia, East Asia, and Oceania",3,Both,12,35-39 years,302,Diarrheal diseases,183,Clostridium difficile,1,Number,1998,564.7567451,564.7567451,260.5146469
1,Deaths,,"Southeast Asia, East Asia, and Oceania",3,Both,12,35-39 years,302,Diarrheal diseases,183,Clostridium difficile,1,Number,1999,583.3939647,583.3939647,276.3802435
1,Deaths,,"Southeast Asia, East Asia, and Oceania",3,Both,12,35-39 years,302,Diarrheal diseases,183,Clostridium difficile,1,Number,2000,615.5081863,615.5081863,278.6087254
1,Deaths,,"Southeast Asia, East Asia, and Oceania",3,Both,12,35-39 years,302,Diarrheal diseases,183,Clostridium difficile,1,Number,2001,647.4275641,647.4275641,287.0765076
1,Deaths,,"Southeast Asia, East Asia, and Oceania",3,Both,12,35-39 years,302,Diarrheal diseases,183,Clostridium difficile,1,Number,2002,670.1054509,670.1054509,315.6598837
1,Deaths,,"Southeast Asia, East Asia, and Oceania",3,Both,12,35-39 years,302,Diarrheal diseases,183,Clostridium difficile,1,Number,2003,686.4622118,686.4622118,328.0529514
1,Deaths,,"Southeast Asia, East Asia, and Oceania",3,Both,12,35-39 years,302,Diarrheal diseases,183,Clostridium difficile,1,Number,2004,726.5269402,726.5269402,340.3891643
1,Deaths,,"Southeast Asia, East Asia, and Oceania",3,Both,12,35-39 years,302,Diarrheal diseases,183,Clostridium difficile,1,Number,2005,742.9048991,742.9048991,349.0355688
1,Deaths,,"Southeast Asia, East Asia, and Oceania",3,Both,12,35-39 years,302,Diarrheal diseases,183,Clostridium difficile,1,Number,2006,767.2023609,767.2023609,411.7357519
1,Deaths,,"Southeast Asia, East Asia, and Oceania",3,Both,12,35-39 years,302,Diarrheal diseases,183,Clostridium difficile,1,Number,2007,813.4975796,813.4975796,399.9940798
1,Deaths,,"Southeast Asia, East Asia, and Oceania",3,Both,12,35-39 years,302,Diarrheal diseases,183,Clostridium difficile,1,Number,2008,829.0880533,829.0880533,435.421716
1,Deaths,,"Southeast Asia, East Asia, and Oceania",3,Both,12,35-39 years,302,Diarrheal diseases,183,Clostridium difficile,1,Number,2009,839.6806338,839.6806338,442.6195557
1,Deaths,,"Southeast Asia, East Asia, and Oceania",3,Both,12,35-39 years,302,Diarrheal diseases,183,Clostridium difficile,1,Number,2010,843.5413979,843.5413979,453.7441739
1,Deaths,,"Southeast Asia, East Asia, and Oceania",3,Both,12,35-39 years,302,Diarrheal diseases,183,Clostridium difficile,1,Number,2011,785.6883425,785.6883425,435.9241033
1,Deaths,,"Southeast Asia, East Asia, and Oceania",3,Both,12,35-39 years,302,Diarrheal diseases,183,Clostridium difficile,1,Number,2012,747.0870588,747.0870588,420.244834
1,Deaths,,"Southeast Asia, East Asia, and Oceania",3,Both,12,35-39 years,302,Diarrheal diseases,183,Clostridium difficile,1,Number,2013,739.5790524,739.5790524,436.2443438
1,Deaths,,"Southeast Asia, East Asia, and Oceania",3,Both,12,35-39 years,302,Diarrheal diseases,183,Clostridium difficile,1,Number,2014,765.1110135,765.1110135,450.2061865
1,Deaths,,"Southeast Asia, East Asia, and Oceania",3,Both,12,35-39 years,302,Diarrheal diseases,183,Clostridium difficile,1,Number,2015,793.9561731,793.9561731,465.9166206
1,Deaths,,"Southeast Asia, East Asia, and Oceania",3,Both,12,35-39 years,302,Diarrheal diseases,183,Clostridium difficile,1,Number,2016,822.873132,822.873132,465.9952425
1,Deaths,,"Southeast Asia, East Asia, and Oceania",3,Both,12,35-39 years,302,Diarrheal diseases,183,Clostridium difficile,1,Number,2017,851.3855127,851.3855127,481.6884608
1,Deaths,,"Southeast Asia, East Asia, and Oceania",3,Both,12,35-39 years,302,Diarrheal diseases,183,Clostridium difficile,1,Number,2018,862.7459059,862.7459059,490.3122525
1,Deaths,,"Southeast Asia, East Asia, and Oceania",3,Both,12,35-39 years,302,Diarrheal diseases,183,Clostridium difficile,1,Number,2019,848.2544189,848.2544189,493.8021973
1,Deaths,,"Southeast Asia, East Asia, and Oceania",3,Both,12,35-39 years,302,Diarrheal diseases,183,Clostridium difficile,1,Number,2020,811.5304055,811.5304055,466.5127744
1,Deaths,,"Southeast Asia, East Asia, and Oceania",3,Both,12,35-39 years,302,Diarrheal diseases,183,Clostridium difficile,1,Number,2021,845.3335733,845.3335733,473.6651629
1,Deaths,,"Southeast Asia, East Asia, and Oceania",3,Both,13,40-44 years,302,Diarrheal diseases,183,Clostridium difficile,1,Number,1990,696.3155856,696.3155856,302.4214983
1,Deaths,,"Southeast Asia, East Asia, and Oceania",3,Both,13,40-44 years,302,Diarrheal diseases,183,Clostridium difficile,1,Number,1991,745.8175509,745.8175509,300.2724374
1,Deaths,,"Southeast Asia, East Asia, and Oceania",3,Both,13,40-44 years,302,Diarrheal diseases,183,Clostridium difficile,1,Number,1992,774.769383,774.769383,319.8804463
1,Deaths,,"Southeast Asia, East Asia, and Oceania",3,Both,13,40-44 years,302,Diarrheal diseases,183,Clostridium difficile,1,Number,1993,810.0573563,810.0573563,335.3868098
1,Deaths,,"Southeast Asia, East Asia, and Oceania",3,Both,13,40-44 years,302,Diarrheal diseases,183,Clostridium difficile,1,Number,1994,824.6059766,824.6059766,362.692207
1,Deaths,,"Southeast Asia, East Asia, and Oceania",3,Both,13,40-44 years,302,Diarrheal diseases,183,Clostridium difficile,1,Number,1995,855.465407,855.465407,387.0611641
1,Deaths,,"Southeast Asia, East Asia, and Oceania",3,Both,13,40-44 years,302,Diarrheal diseases,183,Clostridium difficile,1,Number,1996,850.5454336,850.5454336,375.1167388
1,Deaths,,"Southeast Asia, East Asia, and Oceania",3,Both,13,40-44 years,302,Diarrheal diseases,183,Clostridium difficile,1,Number,1997,834.1246884,834.1246884,358.8227739
1,Deaths,,"Southeast Asia, East Asia, and Oceania",3,Both,13,40-44 years,302,Diarrheal diseases,183,Clostridium difficile,1,Number,1998,807.7685282,807.7685282,383.2105516
1,Deaths,,"Southeast Asia, East Asia, and Oceania",3,Both,13,40-44 years,302,Diarrheal diseases,183,Clostridium difficile,1,Number,1999,807.9928701,807.9928701,353.9530466
1,Deaths,,"Southeast Asia, East Asia, and Oceania",3,Both,13,40-44 years,302,Diarrheal diseases,183,Clostridium difficile,1,Number,2000,770.634052,770.634052,354.0630211
1,Deaths,,"Southeast Asia, East Asia, and Oceania",3,Both,13,40-44 years,302,Diarrheal diseases,183,Clostridium difficile,1,Number,2001,774.5520592,774.5520592,351.7355469
1,Deaths,,"Southeast Asia, East Asia, and Oceania",3,Both,13,40-44 years,302,Diarrheal diseases,183,Clostridium difficile,1,Number,2002,803.2406348,803.2406348,372.4811515
1,Deaths,,"Southeast Asia, East Asia, and Oceania",3,Both,13,40-44 years,302,Diarrheal diseases,183,Clostridium difficile,1,Number,2003,851.4149032,851.4149032,377.0705343
1,Deaths,,"Southeast Asia, East Asia, and Oceania",3,Both,13,40-44 years,302,Diarrheal diseases,183,Clostridium difficile,1,Number,2004,920.0352366,920.0352366,428.1003749
1,Deaths,,"Southeast Asia, East Asia, and Oceania",3,Both,13,40-44 years,302,Diarrheal diseases,183,Clostridium difficile,1,Number,2005,1005.987319,1005.987319,468.1537645
1,Deaths,,"Southeast Asia, East Asia, and Oceania",3,Both,13,40-44 years,302,Diarrheal diseases,183,Clostridium difficile,1,Number,2006,1155.973811,1155.973811,572.5945445
1,Deaths,,"Southeast Asia, East Asia, and Oceania",3,Both,13,40-44 years,302,Diarrheal diseases,183,Clostridium difficile,1,Number,2007,1257.442373,1257.442373,640.5048177
1,Deaths,,"Southeast Asia, East Asia, and Oceania",3,Both,13,40-44 years,302,Diarrheal diseases,183,Clostridium difficile,1,Number,2008,1327.242876,1327.242876,681.6326818
1,Deaths,,"Southeast Asia, East Asia, and Oceania",3,Both,13,40-44 years,302,Diarrheal diseases,183,Clostridium difficile,1,Number,2009,1328.922274,1328.922274,687.8359497
1,Deaths,,"Southeast Asia, East Asia, and Oceania",3,Both,13,40-44 years,302,Diarrheal diseases,183,Clostridium difficile,1,Number,2010,1344.970116,1344.970116,728.7367473
1,Deaths,,"Southeast Asia, East Asia, and Oceania",3,Both,13,40-44 years,302,Diarrheal diseases,183,Clostridium difficile,1,Number,2011,1312.50735,1312.50735,688.1470846
1,Deaths,,"Southeast Asia, East Asia, and Oceania",3,Both,13,40-44 years,302,Diarrheal diseases,183,Clostridium difficile,1,Number,2012,1243.204943,1243.204943,695.4462057
1,Deaths,,"Southeast Asia, East Asia, and Oceania",3,Both,13,40-44 years,302,Diarrheal diseases,183,Clostridium difficile,1,Number,2013,1268.467501,1268.467501,709.1688082
1,Deaths,,"Southeast Asia, East Asia, and Oceania",3,Both,13,40-44 years,302,Diarrheal diseases,183,Clostridium difficile,1,Number,2014,1322.242093,1322.242093,731.4739261
1,Deaths,,"Southeast Asia, East Asia, and Oceania",3,Both,13,40-44 years,302,Diarrheal diseases,183,Clostridium difficile,1,Number,2015,1320.131515,1320.131515,790.3393106
1,Deaths,,"Southeast Asia, East Asia, and Oceania",3,Both,13,40-44 years,302,Diarrheal diseases,183,Clostridium difficile,1,Number,2016,1379.785621,1379.785621,752.4352041
1,Deaths,,"Southeast Asia, East Asia, and Oceania",3,Both,13,40-44 years,302,Diarrheal diseases,183,Clostridium difficile,1,Number,2017,1370.977284,1370.977284,769.6889617
1,Deaths,,"Southeast Asia, East Asia, and Oceania",3,Both,13,40-44 years,302,Diarrheal diseases,183,Clostridium difficile,1,Number,2018,1352.740352,1352.740352,741.9019106
1,Deaths,,"Southeast Asia, East Asia, and Oceania",3,Both,13,40-44 years,302,Diarrheal diseases,183,Clostridium difficile,1,Number,2019,1267.987899,1267.987899,740.5831234
1,Deaths,,"Southeast Asia, East Asia, and Oceania",3,Both,13,40-44 years,302,Diarrheal diseases,183,Clostridium difficile,1,Number,2020,1176.039774,1176.039774,686.8074577
1,Deaths,,"Southeast Asia, East Asia, and Oceania",3,Both,13,40-44 years,302,Diarrheal diseases,183,Clostridium difficile,1,Number,2021,1181.524536,1181.524536,673.3481776
1,Deaths,,"Southeast Asia, East Asia, and Oceania",3,Both,14,45-49 years,302,Diarrheal diseases,183,Clostridium difficile,1,Number,1990,887.4821133,887.4821133,351.6869893
1,Deaths,,"Southeast Asia, East Asia, and Oceania",3,Both,14,45-49 years,302,Diarrheal diseases,183,Clostridium difficile,1,Number,1991,876.5816021,876.5816021,388.1010326
1,Deaths,,"Southeast Asia, East Asia, and Oceania",3,Both,14,45-49 years,302,Diarrheal diseases,183,Clostridium difficile,1,Number,1992,903.4699221,903.4699221,396.3083638
1,Deaths,,"Southeast Asia, East Asia, and Oceania",3,Both,14,45-49 years,302,Diarrheal diseases,183,Clostridium difficile,1,Number,1993,923.2300545,923.2300545,394.4048052
1,Deaths,,"Southeast Asia, East Asia, and Oceania",3,Both,14,45-49 years,302,Diarrheal diseases,183,Clostridium difficile,1,Number,1994,972.5854076,972.5854076,420.6930619
1,Deaths,,"Southeast Asia, East Asia, and Oceania",3,Both,14,45-49 years,302,Diarrheal diseases,183,Clostridium difficile,1,Number,1995,981.8089729,981.8089729,446.7315472
1,Deaths,,"Southeast Asia, East Asia, and Oceania",3,Both,14,45-49 years,302,Diarrheal diseases,183,Clostridium difficile,1,Number,1996,984.4562026,984.4562026,447.5235587
1,Deaths,,"Southeast Asia, East Asia, and Oceania",3,Both,14,45-49 years,302,Diarrheal diseases,183,Clostridium difficile,1,Number,1997,998.1362976,998.1362976,430.6506261
1,Deaths,,"Southeast Asia, East Asia, and Oceania",3,Both,14,45-49 years,302,Diarrheal diseases,183,Clostridium difficile,1,Number,1998,1034.00156,1034.00156,458.6727238
1,Deaths,,"Southeast Asia, East Asia, and Oceania",3,Both,14,45-49 years,302,Diarrheal diseases,183,Clostridium difficile,1,Number,1999,1032.257817,1032.257817,474.2397615
1,Deaths,,"Southeast Asia, East Asia, and Oceania",3,Both,14,45-49 years,302,Diarrheal diseases,183,Clostridium difficile,1,Number,2000,1087.155561,1087.155561,471.0157311
1,Deaths,,"Southeast Asia, East Asia, and Oceania",3,Both,14,45-49 years,302,Diarrheal diseases,183,Clostridium difficile,1,Number,2001,1087.789535,1087.789535,501.9520886
1,Deaths,,"Southeast Asia, East Asia, and Oceania",3,Both,14,45-49 years,302,Diarrheal diseases,183,Clostridium difficile,1,Number,2002,1132.475918,1132.475918,519.2989998
1,Deaths,,"Southeast Asia, East Asia, and Oceania",3,Both,14,45-49 years,302,Diarrheal diseases,183,Clostridium difficile,1,Number,2003,1144.625495,1144.625495,547.4467744
1,Deaths,,"Southeast Asia, East Asia, and Oceania",3,Both,14,45-49 years,302,Diarrheal diseases,183,Clostridium difficile,1,Number,2004,1177.541137,1177.541137,585.4064476
1,Deaths,,"Southeast Asia, East Asia, and Oceania",3,Both,14,45-49 years,302,Diarrheal diseases,183,Clostridium difficile,1,Number,2005,1212.565803,1212.565803,567.4187238
1,Deaths,,"Southeast Asia, East Asia, and Oceania",3,Both,14,45-49 years,302,Diarrheal diseases,183,Clostridium difficile,1,Number,2006,1240.256209,1240.256209,632.7127735
1,Deaths,,"Southeast Asia, East Asia, and Oceania",3,Both,14,45-49 years,302,Diarrheal diseases,183,Clostridium difficile,1,Number,2007,1293.759043,1293.759043,662.3058225
1,Deaths,,"Southeast Asia, East Asia, and Oceania",3,Both,14,45-49 years,302,Diarrheal diseases,183,Clostridium difficile,1,Number,2008,1477.584063,1477.584063,744.1889728
1,Deaths,,"Southeast Asia, East Asia, and Oceania",3,Both,14,45-49 years,302,Diarrheal diseases,183,Clostridium difficile,1,Number,2009,1649.86572,1649.86572,889.7939035
1,Deaths,,"Southeast Asia, East Asia, and Oceania",3,Both,14,45-49 years,302,Diarrheal diseases,183,Clostridium difficile,1,Number,2010,1820.911,1820.911,1007.73632
1,Deaths,,"Southeast Asia, East Asia, and Oceania",3,Both,14,45-49 years,302,Diarrheal diseases,183,Clostridium difficile,1,Number,2011,1928.122227,1928.122227,981.154531
1,Deaths,,"Southeast Asia, East Asia, and Oceania",3,Both,14,45-49 years,302,Diarrheal diseases,183,Clostridium difficile,1,Number,2012,1919.702809,1919.702809,1057.788965
1,Deaths,,"Southeast Asia, East Asia, and Oceania",3,Both,14,45-49 years,302,Diarrheal diseases,183,Clostridium difficile,1,Number,2013,2014.267936,2014.267936,1074.436652
1,Deaths,,"Southeast Asia, East Asia, and Oceania",3,Both,14,45-49 years,302,Diarrheal diseases,183,Clostridium difficile,1,Number,2014,1994.873842,1994.873842,1147.238295
1,Deaths,,"Southeast Asia, East Asia, and Oceania",3,Both,14,45-49 years,302,Diarrheal diseases,183,Clostridium difficile,1,Number,2015,2072.068267,2072.068267,1153.295773
1,Deaths,,"Southeast Asia, East Asia, and Oceania",3,Both,14,45-49 years,302,Diarrheal diseases,183,Clostridium difficile,1,Number,2016,2076.670288,2076.670288,1216.375525
1,Deaths,,"Southeast Asia, East Asia, and Oceania",3,Both,14,45-49 years,302,Diarrheal diseases,183,Clostridium difficile,1,Number,2017,2093.825469,2093.825469,1195.300932
1,Deaths,,"Southeast Asia, East Asia, and Oceania",3,Both,14,45-49 years,302,Diarrheal diseases,183,Clostridium difficile,1,Number,2018,2065.230445,2065.230445,1153.417659
1,Deaths,,"Southeast Asia, East Asia, and Oceania",3,Both,14,45-49 years,302,Diarrheal diseases,183,Clostridium difficile,1,Number,2019,1997.183536,1997.183536,1104.087573
1,Deaths,,"Southeast Asia, East Asia, and Oceania",3,Both,14,45-49 years,302,Diarrheal diseases,183,Clostridium difficile,1,Number,2020,1813.129923,1813.129923,1044.161739
1,Deaths,,"Southeast Asia, East Asia, and Oceania",3,Both,14,45-49 years,302,Diarrheal diseases,183,Clostridium difficile,1,Number,2021,1796.050972,1796.050972,1005.454152
1,Deaths,,"Southeast Asia, East Asia, and Oceania",3,Both,6,5-9 years,302,Diarrheal diseases,183,Clostridium difficile,1,Number,1990,521.7348166,521.7348166,222.4817242
1,Deaths,,"Southeast Asia, East Asia, and Oceania",3,Both,6,5-9 years,302,Diarrheal diseases,183,Clostridium difficile,1,Number,1991,512.7715421,512.7715421,237.4022485
1,Deaths,,"Southeast Asia, East Asia, and Oceania",3,Both,6,5-9 years,302,Diarrheal diseases,183,Clostridium difficile,1,Number,1992,517.2789024,517.2789024,232.6939758
1,Deaths,,"Southeast Asia, East Asia, and Oceania",3,Both,6,5-9 years,302,Diarrheal diseases,183,Clostridium difficile,1,Number,1993,501.0406635,501.0406635,226.6830228
1,Deaths,,"Southeast Asia, East Asia, and Oceania",3,Both,6,5-9 years,302,Diarrheal diseases,183,Clostridium difficile,1,Number,1994,479.3584127,479.3584127,226.3754125
1,Deaths,,"Southeast Asia, East Asia, and Oceania",3,Both,6,5-9 years,302,Diarrheal diseases,183,Clostridium difficile,1,Number,1995,474.6887462,474.6887462,217.2218022
1,Deaths,,"Southeast Asia, East Asia, and Oceania",3,Both,6,5-9 years,302,Diarrheal diseases,183,Clostridium difficile,1,Number,1996,439.8647586,439.8647586,203.6579777
1,Deaths,,"Southeast Asia, East Asia, and Oceania",3,Both,6,5-9 years,302,Diarrheal diseases,183,Clostridium difficile,1,Number,1997,401.2885728,401.2885728,188.5123317
1,Deaths,,"Southeast Asia, East Asia, and Oceania",3,Both,6,5-9 years,302,Diarrheal diseases,183,Clostridium difficile,1,Number,1998,378.8768779,378.8768779,176.2339877
1,Deaths,,"Southeast Asia, East Asia, and Oceania",3,Both,6,5-9 years,302,Diarrheal diseases,183,Clostridium difficile,1,Number,1999,355.2188961,355.2188961,156.5169803
1,Deaths,,"Southeast Asia, East Asia, and Oceania",3,Both,6,5-9 years,302,Diarrheal diseases,183,Clostridium difficile,1,Number,2000,322.0530602,322.0530602,145.1034155
1,Deaths,,"Southeast Asia, East Asia, and Oceania",3,Both,6,5-9 years,302,Diarrheal diseases,183,Clostridium difficile,1,Number,2001,298.9889278,298.9889278,140.9229408
1,Deaths,,"Southeast Asia, East Asia, and Oceania",3,Both,6,5-9 years,302,Diarrheal diseases,183,Clostridium difficile,1,Number,2002,282.891241,282.891241,132.9141967
1,Deaths,,"Southeast Asia, East Asia, and Oceania",3,Both,6,5-9 years,302,Diarrheal diseases,183,Clostridium difficile,1,Number,2003,263.8048034,263.8048034,123.7034362
1,Deaths,,"Southeast Asia, East Asia, and Oceania",3,Both,6,5-9 years,302,Diarrheal diseases,183,Clostridium difficile,1,Number,2004,256.6523421,256.6523421,119.8119187
1,Deaths,,"Southeast Asia, East Asia, and Oceania",3,Both,6,5-9 years,302,Diarrheal diseases,183,Clostridium difficile,1,Number,2005,244.2790468,244.2790468,121.5729239
1,Deaths,,"Southeast Asia, East Asia, and Oceania",3,Both,6,5-9 years,302,Diarrheal diseases,183,Clostridium difficile,1,Number,2006,244.3718578,244.3718578,119.2005505
1,Deaths,,"Southeast Asia, East Asia, and Oceania",3,Both,6,5-9 years,302,Diarrheal diseases,183,Clostridium difficile,1,Number,2007,239.153522,239.153522,117.4983477
1,Deaths,,"Southeast Asia, East Asia, and Oceania",3,Both,6,5-9 years,302,Diarrheal diseases,183,Clostridium difficile,1,Number,2008,251.0794724,251.0794724,130.3776229
1,Deaths,,"Southeast Asia, East Asia, and Oceania",3,Both,6,5-9 years,302,Diarrheal diseases,183,Clostridium difficile,1,Number,2009,261.1071946,261.1071946,138.0176464
1,Deaths,,"Southeast Asia, East Asia, and Oceania",3,Both,6,5-9 years,302,Diarrheal diseases,183,Clostridium difficile,1,Number,2010,251.3347628,251.3347628,139.4331461
1,Deaths,,"Southeast Asia, East Asia, and Oceania",3,Both,6,5-9 years,302,Diarrheal diseases,183,Clostridium difficile,1,Number,2011,239.0256474,239.0256474,130.6147836
1,Deaths,,"Southeast Asia, East Asia, and Oceania",3,Both,6,5-9 years,302,Diarrheal diseases,183,Clostridium difficile,1,Number,2012,235.3298689,235.3298689,128.3900879
1,Deaths,,"Southeast Asia, East Asia, and Oceania",3,Both,6,5-9 years,302,Diarrheal diseases,183,Clostridium difficile,1,Number,2013,241.7726967,241.7726967,129.4750754
1,Deaths,,"Southeast Asia, East Asia, and Oceania",3,Both,6,5-9 years,302,Diarrheal diseases,183,Clostridium difficile,1,Number,2014,234.6149009,234.6149009,133.3372185
1,Deaths,,"Southeast Asia, East Asia, and Oceania",3,Both,6,5-9 years,302,Diarrheal diseases,183,Clostridium difficile,1,Number,2015,237.611074,237.611074,135.0577827
1,Deaths,,"Southeast Asia, East Asia, and Oceania",3,Both,6,5-9 years,302,Diarrheal diseases,183,Clostridium difficile,1,Number,2016,238.5087163,238.5087163,132.6214439
1,Deaths,,"Southeast Asia, East Asia, and Oceania",3,Both,6,5-9 years,302,Diarrheal diseases,183,Clostridium difficile,1,Number,2017,237.1623136,237.1623136,134.5534901
1,Deaths,,"Southeast Asia, East Asia, and Oceania",3,Both,6,5-9 years,302,Diarrheal diseases,183,Clostridium difficile,1,Number,2018,225.9899579,225.9899579,128.1688291
1,Deaths,,"Southeast Asia, East Asia, and Oceania",3,Both,6,5-9 years,302,Diarrheal diseases,183,Clostridium difficile,1,Number,2019,223.1113965,223.1113965,121.4487536
1,Deaths,,"Southeast Asia, East Asia, and Oceania",3,Both,6,5-9 years,302,Diarrheal diseases,183,Clostridium difficile,1,Number,2020,197.6587829,197.6587829,109.8680709
1,Deaths,,"Southeast Asia, East Asia, and Oceania",3,Both,6,5-9 years,302,Diarrheal diseases,183,Clostridium difficile,1,Number,2021,195.3152413,195.3152413,111.3374062
1,Deaths,,"Southeast Asia, East Asia, and Oceania",3,Both,15,50-54 years,302,Diarrheal diseases,183,Clostridium difficile,1,Number,1990,1785.470684,1785.470684,763.0801558
1,Deaths,,"Southeast Asia, East Asia, and Oceania",3,Both,15,50-54 years,302,Diarrheal diseases,183,Clostridium difficile,1,Number,1991,1757.026979,1757.026979,757.9907503
1,Deaths,,"Southeast Asia, East Asia, and Oceania",3,Both,15,50-54 years,302,Diarrheal diseases,183,Clostridium difficile,1,Number,1992,1774.404667,1774.404667,721.9105564
1,Deaths,,"Southeast Asia, East Asia, and Oceania",3,Both,15,50-54 years,302,Diarrheal diseases,183,Clostridium difficile,1,Number,1993,1702.680207,1702.680207,750.9897832
1,Deaths,,"Southeast Asia, East Asia, and Oceania",3,Both,15,50-54 years,302,Diarrheal diseases,183,Clostridium difficile,1,Number,1994,1678.906917,1678.906917,773.4122877
1,Deaths,,"Southeast Asia, East Asia, and Oceania",3,Both,15,50-54 years,302,Diarrheal diseases,183,Clostridium difficile,1,Number,1995,1665.15811,1665.15811,772.1469247
1,Deaths,,"Southeast Asia, East Asia, and Oceania",3,Both,15,50-54 years,302,Diarrheal diseases,183,Clostridium difficile,1,Number,1996,1638.864691,1638.864691,745.7669245
1,Deaths,,"Southeast Asia, East Asia, and Oceania",3,Both,15,50-54 years,302,Diarrheal diseases,183,Clostridium difficile,1,Number,1997,1587.151302,1587.151302,724.3547933
1,Deaths,,"Southeast Asia, East Asia, and Oceania",3,Both,15,50-54 years,302,Diarrheal diseases,183,Clostridium difficile,1,Number,1998,1610.023581,1610.023581,736.1205005
1,Deaths,,"Southeast Asia, East Asia, and Oceania",3,Both,15,50-54 years,302,Diarrheal diseases,183,Clostridium difficile,1,Number,1999,1664.240216,1664.240216,756.3576433
1,Deaths,,"Southeast Asia, East Asia, and Oceania",3,Both,15,50-54 years,302,Diarrheal diseases,183,Clostridium difficile,1,Number,2000,1664.811404,1664.811404,767.9018772
1,Deaths,,"Southeast Asia, East Asia, and Oceania",3,Both,15,50-54 years,302,Diarrheal diseases,183,Clostridium difficile,1,Number,2001,1758.431017,1758.431017,755.167637
1,Deaths,,"Southeast Asia, East Asia, and Oceania",3,Both,15,50-54 years,302,Diarrheal diseases,183,Clostridium difficile,1,Number,2002,1833.685868,1833.685868,834.9102661
1,Deaths,,"Southeast Asia, East Asia, and Oceania",3,Both,15,50-54 years,302,Diarrheal diseases,183,Clostridium difficile,1,Number,2003,1930.535292,1930.535292,894.0905287
1,Deaths,,"Southeast Asia, East Asia, and Oceania",3,Both,15,50-54 years,302,Diarrheal diseases,183,Clostridium difficile,1,Number,2004,2084.11472,2084.11472,980.5095487
1,Deaths,,"Southeast Asia, East Asia, and Oceania",3,Both,15,50-54 years,302,Diarrheal diseases,183,Clostridium difficile,1,Number,2005,2327.473793,2327.473793,997.6667932
1,Deaths,,"Southeast Asia, East Asia, and Oceania",3,Both,15,50-54 years,302,Diarrheal diseases,183,Clostridium difficile,1,Number,2006,2477.430416,2477.430416,1257.41709
1,Deaths,,"Southeast Asia, East Asia, and Oceania",3,Both,15,50-54 years,302,Diarrheal diseases,183,Clostridium difficile,1,Number,2007,2560.397172,2560.397172,1336.355047
1,Deaths,,"Southeast Asia, East Asia, and Oceania",3,Both,15,50-54 years,302,Diarrheal diseases,183,Clostridium difficile,1,Number,2008,2667.259697,2667.259697,1364.434204
1,Deaths,,"Southeast Asia, East Asia, and Oceania",3,Both,15,50-54 years,302,Diarrheal diseases,183,Clostridium difficile,1,Number,2009,2580.612522,2580.612522,1392.557723
1,Deaths,,"Southeast Asia, East Asia, and Oceania",3,Both,15,50-54 years,302,Diarrheal diseases,183,Clostridium difficile,1,Number,2010,2614.804453,2614.804453,1378.381051
1,Deaths,,"Southeast Asia, East Asia, and Oceania",3,Both,15,50-54 years,302,Diarrheal diseases,183,Clostridium difficile,1,Number,2011,2515.004755,2515.004755,1395.096585
1,Deaths,,"Southeast Asia, East Asia, and Oceania",3,Both,15,50-54 years,302,Diarrheal diseases,183,Clostridium difficile,1,Number,2012,2522.421748,2522.421748,1467.90479
1,Deaths,,"Southeast Asia, East Asia, and Oceania",3,Both,15,50-54 years,302,Diarrheal diseases,183,Clostridium difficile,1,Number,2013,2743.540171,2743.540171,1499.485919
1,Deaths,,"Southeast Asia, East Asia, and Oceania",3,Both,15,50-54 years,302,Diarrheal diseases,183,Clostridium difficile,1,Number,2014,2908.755879,2908.755879,1699.091835
1,Deaths,,"Southeast Asia, East Asia, and Oceania",3,Both,15,50-54 years,302,Diarrheal diseases,183,Clostridium difficile,1,Number,2015,3262.679077,3262.679077,1831.538859
1,Deaths,,"Southeast Asia, East Asia, and Oceania",3,Both,15,50-54 years,302,Diarrheal diseases,183,Clostridium difficile,1,Number,2016,3530.667801,3530.667801,1959.191555
1,Deaths,,"Southeast Asia, East Asia, and Oceania",3,Both,15,50-54 years,302,Diarrheal diseases,183,Clostridium difficile,1,Number,2017,3691.403343,3691.403343,2089.135468
1,Deaths,,"Southeast Asia, East Asia, and Oceania",3,Both,15,50-54 years,302,Diarrheal diseases,183,Clostridium difficile,1,Number,2018,3830.814595,3830.814595,2020.704971
1,Deaths,,"Southeast Asia, East Asia, and Oceania",3,Both,15,50-54 years,302,Diarrheal diseases,183,Clostridium difficile,1,Number,2019,3645.125215,3645.125215,2061.713259
1,Deaths,,"Southeast Asia, East Asia, and Oceania",3,Both,15,50-54 years,302,Diarrheal diseases,183,Clostridium difficile,1,Number,2020,3431.481575,3431.481575,1887.562466
1,Deaths,,"Southeast Asia, East Asia, and Oceania",3,Both,15,50-54 years,302,Diarrheal diseases,183,Clostridium difficile,1,Number,2021,3357.427644,3357.427644,1943.056532
1,Deaths,,"Southeast Asia, East Asia, and Oceania",3,Both,16,55-59 years,302,Diarrheal diseases,183,Clostridium difficile,1,Number,1990,2698.763291,2698.763291,1002.962458
1,Deaths,,"Southeast Asia, East Asia, and Oceania",3,Both,16,55-59 years,302,Diarrheal diseases,183,Clostridium difficile,1,Number,1991,2634.121587,2634.121587,1088.165599
1,Deaths,,"Southeast Asia, East Asia, and Oceania",3,Both,16,55-59 years,302,Diarrheal diseases,183,Clostridium difficile,1,Number,1992,2773.827574,2773.827574,959.173014
1,Deaths,,"Southeast Asia, East Asia, and Oceania",3,Both,16,55-59 years,302,Diarrheal diseases,183,Clostridium difficile,1,Number,1993,2625.283821,2625.283821,1038.961482
1,Deaths,,"Southeast Asia, East Asia, and Oceania",3,Both,16,55-59 years,302,Diarrheal diseases,183,Clostridium difficile,1,Number,1994,2476.487966,2476.487966,1149.831029
1,Deaths,,"Southeast Asia, East Asia, and Oceania",3,Both,16,55-59 years,302,Diarrheal diseases,183,Clostridium difficile,1,Number,1995,2494.580732,2494.580732,1066.529808
1,Deaths,,"Southeast Asia, East Asia, and Oceania",3,Both,16,55-59 years,302,Diarrheal diseases,183,Clostridium difficile,1,Number,1996,2354.997853,2354.997853,1025.83615
1,Deaths,,"Southeast Asia, East Asia, and Oceania",3,Both,16,55-59 years,302,Diarrheal diseases,183,Clostridium difficile,1,Number,1997,2257.606903,2257.606903,912.6101174
1,Deaths,,"Southeast Asia, East Asia, and Oceania",3,Both,16,55-59 years,302,Diarrheal diseases,183,Clostridium difficile,1,Number,1998,2228.586881,2228.586881,901.4150681
1,Deaths,,"Southeast Asia, East Asia, and Oceania",3,Both,16,55-59 years,302,Diarrheal diseases,183,Clostridium difficile,1,Number,1999,2230.907628,2230.907628,841.1317089
1,Deaths,,"Southeast Asia, East Asia, and Oceania",3,Both,16,55-59 years,302,Diarrheal diseases,183,Clostridium difficile,1,Number,2000,2162.623225,2162.623225,844.7235954
1,Deaths,,"Southeast Asia, East Asia, and Oceania",3,Both,16,55-59 years,302,Diarrheal diseases,183,Clostridium difficile,1,Number,2001,2110.826292,2110.826292,930.7409487
1,Deaths,,"Southeast Asia, East Asia, and Oceania",3,Both,16,55-59 years,302,Diarrheal diseases,183,Clostridium difficile,1,Number,2002,2230.355678,2230.355678,937.4932954
1,Deaths,,"Southeast Asia, East Asia, and Oceania",3,Both,16,55-59 years,302,Diarrheal diseases,183,Clostridium difficile,1,Number,2003,2300.443805,2300.443805,957.9992966
1,Deaths,,"Southeast Asia, East Asia, and Oceania",3,Both,16,55-59 years,302,Diarrheal diseases,183,Clostridium difficile,1,Number,2004,2517.376641,2517.376641,1108.974668
1,Deaths,,"Southeast Asia, East Asia, and Oceania",3,Both,16,55-59 years,302,Diarrheal diseases,183,Clostridium difficile,1,Number,2005,2714.927841,2714.927841,1147.771065
1,Deaths,,"Southeast Asia, East Asia, and Oceania",3,Both,16,55-59 years,302,Diarrheal diseases,183,Clostridium difficile,1,Number,2006,3019.43419,3019.43419,1380.032396
1,Deaths,,"Southeast Asia, East Asia, and Oceania",3,Both,16,55-59 years,302,Diarrheal diseases,183,Clostridium difficile,1,Number,2007,3188.211291,3188.211291,1524.553624
1,Deaths,,"Southeast Asia, East Asia, and Oceania",3,Both,16,55-59 years,302,Diarrheal diseases,183,Clostridium difficile,1,Number,2008,3559.150078,3559.150078,1612.68494
1,Deaths,,"Southeast Asia, East Asia, and Oceania",3,Both,16,55-59 years,302,Diarrheal diseases,183,Clostridium difficile,1,Number,2009,3566.094357,3566.094357,1760.277794
1,Deaths,,"Southeast Asia, East Asia, and Oceania",3,Both,16,55-59 years,302,Diarrheal diseases,183,Clostridium difficile,1,Number,2010,3791.905992,3791.905992,1923.631842
1,Deaths,,"Southeast Asia, East Asia, and Oceania",3,Both,16,55-59 years,302,Diarrheal diseases,183,Clostridium difficile,1,Number,2011,3889.502347,3889.502347,1857.31423
1,Deaths,,"Southeast Asia, East Asia, and Oceania",3,Both,16,55-59 years,302,Diarrheal diseases,183,Clostridium difficile,1,Number,2012,3822.320229,3822.320229,2024.015281
1,Deaths,,"Southeast Asia, East Asia, and Oceania",3,Both,16,55-59 years,302,Diarrheal diseases,183,Clostridium difficile,1,Number,2013,3977.809317,3977.809317,1977.593389
1,Deaths,,"Southeast Asia, East Asia, and Oceania",3,Both,16,55-59 years,302,Diarrheal diseases,183,Clostridium difficile,1,Number,2014,3975.014888,3975.014888,2037.75919
1,Deaths,,"Southeast Asia, East Asia, and Oceania",3,Both,16,55-59 years,302,Diarrheal diseases,183,Clostridium difficile,1,Number,2015,4103.361459,4103.361459,2094.49459
1,Deaths,,"Southeast Asia, East Asia, and Oceania",3,Both,16,55-59 years,302,Diarrheal diseases,183,Clostridium difficile,1,Number,2016,4216.03839,4216.03839,2131.085557
1,Deaths,,"Southeast Asia, East Asia, and Oceania",3,Both,16,55-59 years,302,Diarrheal diseases,183,Clostridium difficile,1,Number,2017,4297.092872,4297.092872,2250.067288
1,Deaths,,"Southeast Asia, East Asia, and Oceania",3,Both,16,55-59 years,302,Diarrheal diseases,183,Clostridium difficile,1,Number,2018,4435.387423,4435.387423,2347.039969
1,Deaths,,"Southeast Asia, East Asia, and Oceania",3,Both,16,55-59 years,302,Diarrheal diseases,183,Clostridium difficile,1,Number,2019,4489.01187,4489.01187,2457.904534
1,Deaths,,"Southeast Asia, East Asia, and Oceania",3,Both,16,55-59 years,302,Diarrheal diseases,183,Clostridium difficile,1,Number,2020,4353.584982,4353.584982,2483.202218
1,Deaths,,"Southeast Asia, East Asia, and Oceania",3,Both,16,55-59 years,302,Diarrheal diseases,183,Clostridium difficile,1,Number,2021,4687.681392,4687.681392,2456.46594
1,Deaths,,"Southeast Asia, East Asia, and Oceania",3,Both,17,60-64 years,302,Diarrheal diseases,183,Clostridium difficile,1,Number,1990,3514.94646,3514.94646,1418.029402
1,Deaths,,"Southeast Asia, East Asia, and Oceania",3,Both,17,60-64 years,302,Diarrheal diseases,183,Clostridium difficile,1,Number,1991,3490.511187,3490.511187,1489.490457
1,Deaths,,"Southeast Asia, East Asia, and Oceania",3,Both,17,60-64 years,302,Diarrheal diseases,183,Clostridium difficile,1,Number,1992,3572.251707,3572.251707,1470.176501
1,Deaths,,"Southeast Asia, East Asia, and Oceania",3,Both,17,60-64 years,302,Diarrheal diseases,183,Clostridium difficile,1,Number,1993,3525.03731,3525.03731,1485.265303
1,Deaths,,"Southeast Asia, East Asia, and Oceania",3,Both,17,60-64 years,302,Diarrheal diseases,183,Clostridium difficile,1,Number,1994,3542.709817,3542.709817,1505.721107
1,Deaths,,"Southeast Asia, East Asia, and Oceania",3,Both,17,60-64 years,302,Diarrheal diseases,183,Clostridium difficile,1,Number,1995,3507.24783,3507.24783,1504.708537
1,Deaths,,"Southeast Asia, East Asia, and Oceania",3,Both,17,60-64 years,302,Diarrheal diseases,183,Clostridium difficile,1,Number,1996,3424.297674,3424.297674,1428.352584
1,Deaths,,"Southeast Asia, East Asia, and Oceania",3,Both,17,60-64 years,302,Diarrheal diseases,183,Clostridium difficile,1,Number,1997,3199.416722,3199.416722,1410.028367
1,Deaths,,"Southeast Asia, East Asia, and Oceania",3,Both,17,60-64 years,302,Diarrheal diseases,183,Clostridium difficile,1,Number,1998,3121.556434,3121.556434,1433.326574
1,Deaths,,"Southeast Asia, East Asia, and Oceania",3,Both,17,60-64 years,302,Diarrheal diseases,183,Clostridium difficile,1,Number,1999,3164.535901,3164.535901,1279.422953
1,Deaths,,"Southeast Asia, East Asia, and Oceania",3,Both,17,60-64 years,302,Diarrheal diseases,183,Clostridium difficile,1,Number,2000,2976.765623,2976.765623,1333.067606
1,Deaths,,"Southeast Asia, East Asia, and Oceania",3,Both,17,60-64 years,302,Diarrheal diseases,183,Clostridium difficile,1,Number,2001,2954.773961,2954.773961,1284.562205
1,Deaths,,"Southeast Asia, East Asia, and Oceania",3,Both,17,60-64 years,302,Diarrheal diseases,183,Clostridium difficile,1,Number,2002,2926.109497,2926.109497,1353.747894
1,Deaths,,"Southeast Asia, East Asia, and Oceania",3,Both,17,60-64 years,302,Diarrheal diseases,183,Clostridium difficile,1,Number,2003,2980.871945,2980.871945,1328.172144
1,Deaths,,"Southeast Asia, East Asia, and Oceania",3,Both,17,60-64 years,302,Diarrheal diseases,183,Clostridium difficile,1,Number,2004,3174.062685,3174.062685,1366.252847
1,Deaths,,"Southeast Asia, East Asia, and Oceania",3,Both,17,60-64 years,302,Diarrheal diseases,183,Clostridium difficile,1,Number,2005,3231.763315,3231.763315,1423.616833
1,Deaths,,"Southeast Asia, East Asia, and Oceania",3,Both,17,60-64 years,302,Diarrheal diseases,183,Clostridium difficile,1,Number,2006,3378.434088,3378.434088,1725.682938
1,Deaths,,"Southeast Asia, East Asia, and Oceania",3,Both,17,60-64 years,302,Diarrheal diseases,183,Clostridium difficile,1,Number,2007,3543.77575,3543.77575,1886.59401
1,Deaths,,"Southeast Asia, East Asia, and Oceania",3,Both,17,60-64 years,302,Diarrheal diseases,183,Clostridium difficile,1,Number,2008,3963.244668,3963.244668,2029.512878
1,Deaths,,"Southeast Asia, East Asia, and Oceania",3,Both,17,60-64 years,302,Diarrheal diseases,183,Clostridium difficile,1,Number,2009,4347.509315,4347.509315,2275.607213
1,Deaths,,"Southeast Asia, East Asia, and Oceania",3,Both,17,60-64 years,302,Diarrheal diseases,183,Clostridium difficile,1,Number,2010,4668.976785,4668.976785,2409.013367
1,Deaths,,"Southeast Asia, East Asia, and Oceania",3,Both,17,60-64 years,302,Diarrheal diseases,183,Clostridium difficile,1,Number,2011,4665.096895,4665.096895,2511.831057
1,Deaths,,"Southeast Asia, East Asia, and Oceania",3,Both,17,60-64 years,302,Diarrheal diseases,183,Clostridium difficile,1,Number,2012,4855.607766,4855.607766,2488.722564
1,Deaths,,"Southeast Asia, East Asia, and Oceania",3,Both,17,60-64 years,302,Diarrheal diseases,183,Clostridium difficile,1,Number,2013,5004.028998,5004.028998,2852.121843
1,Deaths,,"Southeast Asia, East Asia, and Oceania",3,Both,17,60-64 years,302,Diarrheal diseases,183,Clostridium difficile,1,Number,2014,5261.541464,5261.541464,2940.990874
1,Deaths,,"Southeast Asia, East Asia, and Oceania",3,Both,17,60-64 years,302,Diarrheal diseases,183,Clostridium difficile,1,Number,2015,5619.127668,5619.127668,3320.592914
1,Deaths,,"Southeast Asia, East Asia, and Oceania",3,Both,17,60-64 years,302,Diarrheal diseases,183,Clostridium difficile,1,Number,2016,6050.28565,6050.28565,3367.639962
1,Deaths,,"Southeast Asia, East Asia, and Oceania",3,Both,17,60-64 years,302,Diarrheal diseases,183,Clostridium difficile,1,Number,2017,6209.725863,6209.725863,3435.882813
1,Deaths,,"Southeast Asia, East Asia, and Oceania",3,Both,17,60-64 years,302,Diarrheal diseases,183,Clostridium difficile,1,Number,2018,6293.96304,6293.96304,3229.188168
1,Deaths,,"Southeast Asia, East Asia, and Oceania",3,Both,17,60-64 years,302,Diarrheal diseases,183,Clostridium difficile,1,Number,2019,5837.331712,5837.331712,3295.485164
1,Deaths,,"Southeast Asia, East Asia, and Oceania",3,Both,17,60-64 years,302,Diarrheal diseases,183,Clostridium difficile,1,Number,2020,5360.199149,5360.199149,3079.417466
1,Deaths,,"Southeast Asia, East Asia, and Oceania",3,Both,17,60-64 years,302,Diarrheal diseases,183,Clostridium difficile,1,Number,2021,5258.857296,5258.857296,3185.20081
1,Deaths,,"Southeast Asia, East Asia, and Oceania",3,Both,18,65-69 years,302,Diarrheal diseases,183,Clostridium difficile,1,Number,1990,4413.605659,4413.605659,1828.694503
1,Deaths,,"Southeast Asia, East Asia, and Oceania",3,Both,18,65-69 years,302,Diarrheal diseases,183,Clostridium difficile,1,Number,1991,4345.595153,4345.595153,1960.522907
1,Deaths,,"Southeast Asia, East Asia, and Oceania",3,Both,18,65-69 years,302,Diarrheal diseases,183,Clostridium difficile,1,Number,1992,4384.325964,4384.325964,2014.09975
1,Deaths,,"Southeast Asia, East Asia, and Oceania",3,Both,18,65-69 years,302,Diarrheal diseases,183,Clostridium difficile,1,Number,1993,4470.16153,4470.16153,1927.023877
1,Deaths,,"Southeast Asia, East Asia, and Oceania",3,Both,18,65-69 years,302,Diarrheal diseases,183,Clostridium difficile,1,Number,1994,4418.231106,4418.231106,2084.974593
1,Deaths,,"Southeast Asia, East Asia, and Oceania",3,Both,18,65-69 years,302,Diarrheal diseases,183,Clostridium difficile,1,Number,1995,4467.788971,4467.788971,2065.320863
1,Deaths,,"Southeast Asia, East Asia, and Oceania",3,Both,18,65-69 years,302,Diarrheal diseases,183,Clostridium difficile,1,Number,1996,4341.206615,4341.206615,2010.382322
1,Deaths,,"Southeast Asia, East Asia, and Oceania",3,Both,18,65-69 years,302,Diarrheal diseases,183,Clostridium difficile,1,Number,1997,4191.501602,4191.501602,1895.341198
1,Deaths,,"Southeast Asia, East Asia, and Oceania",3,Both,18,65-69 years,302,Diarrheal diseases,183,Clostridium difficile,1,Number,1998,4190.223355,4190.223355,1884.170919
1,Deaths,,"Southeast Asia, East Asia, and Oceania",3,Both,18,65-69 years,302,Diarrheal diseases,183,Clostridium difficile,1,Number,1999,4082.082677,4082.082677,1932.351914
1,Deaths,,"Southeast Asia, East Asia, and Oceania",3,Both,18,65-69 years,302,Diarrheal diseases,183,Clostridium difficile,1,Number,2000,4107.879922,4107.879922,1818.401184
1,Deaths,,"Southeast Asia, East Asia, and Oceania",3,Both,18,65-69 years,302,Diarrheal diseases,183,Clostridium difficile,1,Number,2001,4023.876988,4023.876988,1925.943164
1,Deaths,,"Southeast Asia, East Asia, and Oceania",3,Both,18,65-69 years,302,Diarrheal diseases,183,Clostridium difficile,1,Number,2002,4159.808738,4159.808738,1921.887738
1,Deaths,,"Southeast Asia, East Asia, and Oceania",3,Both,18,65-69 years,302,Diarrheal diseases,183,Clostridium difficile,1,Number,2003,4219.503237,4219.503237,1998.510744
1,Deaths,,"Southeast Asia, East Asia, and Oceania",3,Both,18,65-69 years,302,Diarrheal diseases,183,Clostridium difficile,1,Number,2004,4460.095828,4460.095828,2067.27995
1,Deaths,,"Southeast Asia, East Asia, and Oceania",3,Both,18,65-69 years,302,Diarrheal diseases,183,Clostridium difficile,1,Number,2005,4418.018284,4418.018284,2154.301339
1,Deaths,,"Southeast Asia, East Asia, and Oceania",3,Both,18,65-69 years,302,Diarrheal diseases,183,Clostridium difficile,1,Number,2006,4602.916403,4602.916403,2276.131401
1,Deaths,,"Southeast Asia, East Asia, and Oceania",3,Both,18,65-69 years,302,Diarrheal diseases,183,Clostridium difficile,1,Number,2007,4624.254883,4624.254883,2347.953592
1,Deaths,,"Southeast Asia, East Asia, and Oceania",3,Both,18,65-69 years,302,Diarrheal diseases,183,Clostridium difficile,1,Number,2008,4902.697867,4902.697867,2581.765587
1,Deaths,,"Southeast Asia, East Asia, and Oceania",3,Both,18,65-69 years,302,Diarrheal diseases,183,Clostridium difficile,1,Number,2009,5127.738484,5127.738484,2759.323605
1,Deaths,,"Southeast Asia, East Asia, and Oceania",3,Both,18,65-69 years,302,Diarrheal diseases,183,Clostridium difficile,1,Number,2010,5408.378338,5408.378338,2885.923992
1,Deaths,,"Southeast Asia, East Asia, and Oceania",3,Both,18,65-69 years,302,Diarrheal diseases,183,Clostridium difficile,1,Number,2011,5355.281516,5355.281516,2947.857593
1,Deaths,,"Southeast Asia, East Asia, and Oceania",3,Both,18,65-69 years,302,Diarrheal diseases,183,Clostridium difficile,1,Number,2012,5480.965749,5480.965749,2967.456471
1,Deaths,,"Southeast Asia, East Asia, and Oceania",3,Both,18,65-69 years,302,Diarrheal diseases,183,Clostridium difficile,1,Number,2013,5590.542854,5590.542854,3221.673719
1,Deaths,,"Southeast Asia, East Asia, and Oceania",3,Both,18,65-69 years,302,Diarrheal diseases,183,Clostridium difficile,1,Number,2014,5904.01121,5904.01121,3537.879957
1,Deaths,,"Southeast Asia, East Asia, and Oceania",3,Both,18,65-69 years,302,Diarrheal diseases,183,Clostridium difficile,1,Number,2015,6415.128766,6415.128766,3697.010359
1,Deaths,,"Southeast Asia, East Asia, and Oceania",3,Both,18,65-69 years,302,Diarrheal diseases,183,Clostridium difficile,1,Number,2016,7027.896852,7027.896852,3834.256683
1,Deaths,,"Southeast Asia, East Asia, and Oceania",3,Both,18,65-69 years,302,Diarrheal diseases,183,Clostridium difficile,1,Number,2017,7214.194759,7214.194759,4204.00196
1,Deaths,,"Southeast Asia, East Asia, and Oceania",3,Both,18,65-69 years,302,Diarrheal diseases,183,Clostridium difficile,1,Number,2018,7734.758652,7734.758652,4160.278047
1,Deaths,,"Southeast Asia, East Asia, and Oceania",3,Both,18,65-69 years,302,Diarrheal diseases,183,Clostridium difficile,1,Number,2019,7482.212386,7482.212386,4371.195291
1,Deaths,,"Southeast Asia, East Asia, and Oceania",3,Both,18,65-69 years,302,Diarrheal diseases,183,Clostridium difficile,1,Number,2020,7371.423298,7371.423298,4249.979072
1,Deaths,,"Southeast Asia, East Asia, and Oceania",3,Both,18,65-69 years,302,Diarrheal diseases,183,Clostridium difficile,1,Number,2021,7608.018764,7608.018764,4362.824577
1,Deaths,,"Southeast Asia, East Asia, and Oceania",3,Both,19,70-74 years,302,Diarrheal diseases,183,Clostridium difficile,1,Number,1990,4826.826195,4826.826195,2075.32269
1,Deaths,,"Southeast Asia, East Asia, and Oceania",3,Both,19,70-74 years,302,Diarrheal diseases,183,Clostridium difficile,1,Number,1991,4801.721901,4801.721901,2182.429366
1,Deaths,,"Southeast Asia, East Asia, and Oceania",3,Both,19,70-74 years,302,Diarrheal diseases,183,Clostridium difficile,1,Number,1992,4973.976572,4973.976572,2132.992915
1,Deaths,,"Southeast Asia, East Asia, and Oceania",3,Both,19,70-74 years,302,Diarrheal diseases,183,Clostridium difficile,1,Number,1993,4936.972919,4936.972919,2172.815356
1,Deaths,,"Southeast Asia, East Asia, and Oceania",3,Both,19,70-74 years,302,Diarrheal diseases,183,Clostridium difficile,1,Number,1994,4874.937378,4874.937378,2375.612426
1,Deaths,,"Southeast Asia, East Asia, and Oceania",3,Both,19,70-74 years,302,Diarrheal diseases,183,Clostridium difficile,1,Number,1995,4996.88126,4996.88126,2316.77954
1,Deaths,,"Southeast Asia, East Asia, and Oceania",3,Both,19,70-74 years,302,Diarrheal diseases,183,Clostridium difficile,1,Number,1996,4940.34117,4940.34117,2178.352642
1,Deaths,,"Southeast Asia, East Asia, and Oceania",3,Both,19,70-74 years,302,Diarrheal diseases,183,Clostridium difficile,1,Number,1997,4729.839299,4729.839299,2115.362725
1,Deaths,,"Southeast Asia, East Asia, and Oceania",3,Both,19,70-74 years,302,Diarrheal diseases,183,Clostridium difficile,1,Number,1998,4787.968548,4787.968548,2085.926865
1,Deaths,,"Southeast Asia, East Asia, and Oceania",3,Both,19,70-74 years,302,Diarrheal diseases,183,Clostridium difficile,1,Number,1999,4774.825072,4774.825072,2140.216297
1,Deaths,,"Southeast Asia, East Asia, and Oceania",3,Both,19,70-74 years,302,Diarrheal diseases,183,Clostridium difficile,1,Number,2000,4773.836906,4773.836906,2138.900166
1,Deaths,,"Southeast Asia, East Asia, and Oceania",3,Both,19,70-74 years,302,Diarrheal diseases,183,Clostridium difficile,1,Number,2001,4735.885441,4735.885441,2237.255886
1,Deaths,,"Southeast Asia, East Asia, and Oceania",3,Both,19,70-74 years,302,Diarrheal diseases,183,Clostridium difficile,1,Number,2002,4922.774296,4922.774296,2255.563676
1,Deaths,,"Southeast Asia, East Asia, and Oceania",3,Both,19,70-74 years,302,Diarrheal diseases,183,Clostridium difficile,1,Number,2003,5038.302432,5038.302432,2320.755065
1,Deaths,,"Southeast Asia, East Asia, and Oceania",3,Both,19,70-74 years,302,Diarrheal diseases,183,Clostridium difficile,1,Number,2004,5367.645624,5367.645624,2488.452581
1,Deaths,,"Southeast Asia, East Asia, and Oceania",3,Both,19,70-74 years,302,Diarrheal diseases,183,Clostridium difficile,1,Number,2005,5396.384035,5396.384035,2667.120006
1,Deaths,,"Southeast Asia, East Asia, and Oceania",3,Both,19,70-74 years,302,Diarrheal diseases,183,Clostridium difficile,1,Number,2006,5762.274987,5762.274987,2935.895003
1,Deaths,,"Southeast Asia, East Asia, and Oceania",3,Both,19,70-74 years,302,Diarrheal diseases,183,Clostridium difficile,1,Number,2007,5965.833348,5965.833348,2962.418564
1,Deaths,,"Southeast Asia, East Asia, and Oceania",3,Both,19,70-74 years,302,Diarrheal diseases,183,Clostridium difficile,1,Number,2008,6291.219197,6291.219197,3225.345529
1,Deaths,,"Southeast Asia, East Asia, and Oceania",3,Both,19,70-74 years,302,Diarrheal diseases,183,Clostridium difficile,1,Number,2009,6286.431353,6286.431353,3453.503067
1,Deaths,,"Southeast Asia, East Asia, and Oceania",3,Both,19,70-74 years,302,Diarrheal diseases,183,Clostridium difficile,1,Number,2010,6396.978564,6396.978564,3614.538971
1,Deaths,,"Southeast Asia, East Asia, and Oceania",3,Both,19,70-74 years,302,Diarrheal diseases,183,Clostridium difficile,1,Number,2011,6294.77159,6294.77159,3370.743628
1,Deaths,,"Southeast Asia, East Asia, and Oceania",3,Both,19,70-74 years,302,Diarrheal diseases,183,Clostridium difficile,1,Number,2012,6028.398447,6028.398447,3401.957285
1,Deaths,,"Southeast Asia, East Asia, and Oceania",3,Both,19,70-74 years,302,Diarrheal diseases,183,Clostridium difficile,1,Number,2013,6080.402036,6080.402036,3511.081555
1,Deaths,,"Southeast Asia, East Asia, and Oceania",3,Both,19,70-74 years,302,Diarrheal diseases,183,Clostridium difficile,1,Number,2014,6300.487376,6300.487376,3571.952747
1,Deaths,,"Southeast Asia, East Asia, and Oceania",3,Both,19,70-74 years,302,Diarrheal diseases,183,Clostridium difficile,1,Number,2015,6596.198004,6596.198004,3783.466669
1,Deaths,,"Southeast Asia, East Asia, and Oceania",3,Both,19,70-74 years,302,Diarrheal diseases,183,Clostridium difficile,1,Number,2016,6968.040085,6968.040085,3984.080974
1,Deaths,,"Southeast Asia, East Asia, and Oceania",3,Both,19,70-74 years,302,Diarrheal diseases,183,Clostridium difficile,1,Number,2017,7499.340415,7499.340415,3985.403133
1,Deaths,,"Southeast Asia, East Asia, and Oceania",3,Both,19,70-74 years,302,Diarrheal diseases,183,Clostridium difficile,1,Number,2018,7522.804496,7522.804496,4224.070271
1,Deaths,,"Southeast Asia, East Asia, and Oceania",3,Both,19,70-74 years,302,Diarrheal diseases,183,Clostridium difficile,1,Number,2019,7733.704806,7733.704806,4281.204296
1,Deaths,,"Southeast Asia, East Asia, and Oceania",3,Both,19,70-74 years,302,Diarrheal diseases,183,Clostridium difficile,1,Number,2020,7333.119992,7333.119992,4091.478167
1,Deaths,,"Southeast Asia, East Asia, and Oceania",3,Both,19,70-74 years,302,Diarrheal diseases,183,Clostridium difficile,1,Number,2021,7475.475981,7475.475981,4533.295887
1,Deaths,,"Southeast Asia, East Asia, and Oceania",3,Both,20,75-79 years,302,Diarrheal diseases,183,Clostridium difficile,1,Number,1990,4634.431055,4634.431055,1981.78469
1,Deaths,,"Southeast Asia, East Asia, and Oceania",3,Both,20,75-79 years,302,Diarrheal diseases,183,Clostridium difficile,1,Number,1991,4689.989523,4689.989523,2045.849403
1,Deaths,,"Southeast Asia, East Asia, and Oceania",3,Both,20,75-79 years,302,Diarrheal diseases,183,Clostridium difficile,1,Number,1992,4786.741146,4786.741146,2095.6121
1,Deaths,,"Southeast Asia, East Asia, and Oceania",3,Both,20,75-79 years,302,Diarrheal diseases,183,Clostridium difficile,1,Number,1993,4745.44328,4745.44328,2158.779267
1,Deaths,,"Southeast Asia, East Asia, and Oceania",3,Both,20,75-79 years,302,Diarrheal diseases,183,Clostridium difficile,1,Number,1994,4758.483497,4758.483497,2232.539126
1,Deaths,,"Southeast Asia, East Asia, and Oceania",3,Both,20,75-79 years,302,Diarrheal diseases,183,Clostridium difficile,1,Number,1995,4903.093557,4903.093557,2150.739468
1,Deaths,,"Southeast Asia, East Asia, and Oceania",3,Both,20,75-79 years,302,Diarrheal diseases,183,Clostridium difficile,1,Number,1996,4654.65348,4654.65348,2230.687115
1,Deaths,,"Southeast Asia, East Asia, and Oceania",3,Both,20,75-79 years,302,Diarrheal diseases,183,Clostridium difficile,1,Number,1997,4574.804616,4574.804616,2065.216686
1,Deaths,,"Southeast Asia, East Asia, and Oceania",3,Both,20,75-79 years,302,Diarrheal diseases,183,Clostridium difficile,1,Number,1998,4586.771805,4586.771805,2090.311222
1,Deaths,,"Southeast Asia, East Asia, and Oceania",3,Both,20,75-79 years,302,Diarrheal diseases,183,Clostridium difficile,1,Number,1999,4653.593902,4653.593902,2094.570061
1,Deaths,,"Southeast Asia, East Asia, and Oceania",3,Both,20,75-79 years,302,Diarrheal diseases,183,Clostridium difficile,1,Number,2000,4607.330257,4607.330257,2156.082444
1,Deaths,,"Southeast Asia, East Asia, and Oceania",3,Both,20,75-79 years,302,Diarrheal diseases,183,Clostridium difficile,1,Number,2001,4691.761715,4691.761715,2168.392299
1,Deaths,,"Southeast Asia, East Asia, and Oceania",3,Both,20,75-79 years,302,Diarrheal diseases,183,Clostridium difficile,1,Number,2002,4853.812824,4853.812824,2255.706063
1,Deaths,,"Southeast Asia, East Asia, and Oceania",3,Both,20,75-79 years,302,Diarrheal diseases,183,Clostridium difficile,1,Number,2003,5013.667894,5013.667894,2390.396617
1,Deaths,,"Southeast Asia, East Asia, and Oceania",3,Both,20,75-79 years,302,Diarrheal diseases,183,Clostridium difficile,1,Number,2004,5499.840771,5499.840771,2575.941277
1,Deaths,,"Southeast Asia, East Asia, and Oceania",3,Both,20,75-79 years,302,Diarrheal diseases,183,Clostridium difficile,1,Number,2005,5680.399792,5680.399792,2776.802591
1,Deaths,,"Southeast Asia, East Asia, and Oceania",3,Both,20,75-79 years,302,Diarrheal diseases,183,Clostridium difficile,1,Number,2006,6111.447928,6111.447928,3037.205374
1,Deaths,,"Southeast Asia, East Asia, and Oceania",3,Both,20,75-79 years,302,Diarrheal diseases,183,Clostridium difficile,1,Number,2007,6179.891851,6179.891851,3319.577578
1,Deaths,,"Southeast Asia, East Asia, and Oceania",3,Both,20,75-79 years,302,Diarrheal diseases,183,Clostridium difficile,1,Number,2008,6768.081075,6768.081075,3664.752834
1,Deaths,,"Southeast Asia, East Asia, and Oceania",3,Both,20,75-79 years,302,Diarrheal diseases,183,Clostridium difficile,1,Number,2009,7166.21836,7166.21836,3916.217141
1,Deaths,,"Southeast Asia, East Asia, and Oceania",3,Both,20,75-79 years,302,Diarrheal diseases,183,Clostridium difficile,1,Number,2010,7472.093772,7472.093772,4204.628786
1,Deaths,,"Southeast Asia, East Asia, and Oceania",3,Both,20,75-79 years,302,Diarrheal diseases,183,Clostridium difficile,1,Number,2011,7592.170693,7592.170693,3982.383733
1,Deaths,,"Southeast Asia, East Asia, and Oceania",3,Both,20,75-79 years,302,Diarrheal diseases,183,Clostridium difficile,1,Number,2012,7298.307552,7298.307552,4180.976229
1,Deaths,,"Southeast Asia, East Asia, and Oceania",3,Both,20,75-79 years,302,Diarrheal diseases,183,Clostridium difficile,1,Number,2013,7386.556307,7386.556307,4338.755227
1,Deaths,,"Southeast Asia, East Asia, and Oceania",3,Both,20,75-79 years,302,Diarrheal diseases,183,Clostridium difficile,1,Number,2014,7481.621354,7481.621354,4507.263747
1,Deaths,,"Southeast Asia, East Asia, and Oceania",3,Both,20,75-79 years,302,Diarrheal diseases,183,Clostridium difficile,1,Number,2015,7810.340892,7810.340892,4682.940587
1,Deaths,,"Southeast Asia, East Asia, and Oceania",3,Both,20,75-79 years,302,Diarrheal diseases,183,Clostridium difficile,1,Number,2016,8108.510002,8108.510002,4784.70651
1,Deaths,,"Southeast Asia, East Asia, and Oceania",3,Both,20,75-79 years,302,Diarrheal diseases,183,Clostridium difficile,1,Number,2017,8247.158764,8247.158764,4846.113287
1,Deaths,,"Southeast Asia, East Asia, and Oceania",3,Both,20,75-79 years,302,Diarrheal diseases,183,Clostridium difficile,1,Number,2018,8418.587015,8418.587015,4669.509726
1,Deaths,,"Southeast Asia, East Asia, and Oceania",3,Both,20,75-79 years,302,Diarrheal diseases,183,Clostridium difficile,1,Number,2019,8210.009536,8210.009536,4565.634043
1,Deaths,,"Southeast Asia, East Asia, and Oceania",3,Both,20,75-79 years,302,Diarrheal diseases,183,Clostridium difficile,1,Number,2020,7425.28497,7425.28497,4439.50282
1,Deaths,,"Southeast Asia, East Asia, and Oceania",3,Both,20,75-79 years,302,Diarrheal diseases,183,Clostridium difficile,1,Number,2021,7746.303397,7746.303397,4550.717917
1,Deaths,,"Southeast Asia, East Asia, and Oceania",3,Both,30,80-84 years,302,Diarrheal diseases,183,Clostridium difficile,1,Number,1990,3707.800929,3707.800929,1403.469694
1,Deaths,,"Southeast Asia, East Asia, and Oceania",3,Both,30,80-84 years,302,Diarrheal diseases,183,Clostridium difficile,1,Number,1991,3611.705552,3611.705552,1596.020022
1,Deaths,,"Southeast Asia, East Asia, and Oceania",3,Both,30,80-84 years,302,Diarrheal diseases,183,Clostridium difficile,1,Number,1992,3695.323961,3695.323961,1657.052173
1,Deaths,,"Southeast Asia, East Asia, and Oceania",3,Both,30,80-84 years,302,Diarrheal diseases,183,Clostridium difficile,1,Number,1993,3807.387291,3807.387291,1613.595806
1,Deaths,,"Southeast Asia, East Asia, and Oceania",3,Both,30,80-84 years,302,Diarrheal diseases,183,Clostridium difficile,1,Number,1994,3856.168895,3856.168895,1737.800833
1,Deaths,,"Southeast Asia, East Asia, and Oceania",3,Both,30,80-84 years,302,Diarrheal diseases,183,Clostridium difficile,1,Number,1995,4023.226114,4023.226114,1702.662119
1,Deaths,,"Southeast Asia, East Asia, and Oceania",3,Both,30,80-84 years,302,Diarrheal diseases,183,Clostridium difficile,1,Number,1996,3823.084978,3823.084978,1818.033581
1,Deaths,,"Southeast Asia, East Asia, and Oceania",3,Both,30,80-84 years,302,Diarrheal diseases,183,Clostridium difficile,1,Number,1997,3812.790006,3812.790006,1663.31006
1,Deaths,,"Southeast Asia, East Asia, and Oceania",3,Both,30,80-84 years,302,Diarrheal diseases,183,Clostridium difficile,1,Number,1998,3854.156956,3854.156956,1677.849899
1,Deaths,,"Southeast Asia, East Asia, and Oceania",3,Both,30,80-84 years,302,Diarrheal diseases,183,Clostridium difficile,1,Number,1999,3998.156288,3998.156288,1555.127671
1,Deaths,,"Southeast Asia, East Asia, and Oceania",3,Both,30,80-84 years,302,Diarrheal diseases,183,Clostridium difficile,1,Number,2000,3822.379738,3822.379738,1727.609822
1,Deaths,,"Southeast Asia, East Asia, and Oceania",3,Both,30,80-84 years,302,Diarrheal diseases,183,Clostridium difficile,1,Number,2001,3833.984271,3833.984271,1818.734452
1,Deaths,,"Southeast Asia, East Asia, and Oceania",3,Both,30,80-84 years,302,Diarrheal diseases,183,Clostridium difficile,1,Number,2002,4030.596527,4030.596527,1827.772893
1,Deaths,,"Southeast Asia, East Asia, and Oceania",3,Both,30,80-84 years,302,Diarrheal diseases,183,Clostridium difficile,1,Number,2003,4168.775406,4168.775406,1915.267303
1,Deaths,,"Southeast Asia, East Asia, and Oceania",3,Both,30,80-84 years,302,Diarrheal diseases,183,Clostridium difficile,1,Number,2004,4508.171865,4508.171865,2176.328926
1,Deaths,,"Southeast Asia, East Asia, and Oceania",3,Both,30,80-84 years,302,Diarrheal diseases,183,Clostridium difficile,1,Number,2005,4885.392259,4885.392259,2183.860775
1,Deaths,,"Southeast Asia, East Asia, and Oceania",3,Both,30,80-84 years,302,Diarrheal diseases,183,Clostridium difficile,1,Number,2006,5295.119566,5295.119566,2417.801083
1,Deaths,,"Southeast Asia, East Asia, and Oceania",3,Both,30,80-84 years,302,Diarrheal diseases,183,Clostridium difficile,1,Number,2007,5406.414044,5406.414044,2737.301076
1,Deaths,,"Southeast Asia, East Asia, and Oceania",3,Both,30,80-84 years,302,Diarrheal diseases,183,Clostridium difficile,1,Number,2008,6189.288856,6189.288856,2994.978383
1,Deaths,,"Southeast Asia, East Asia, and Oceania",3,Both,30,80-84 years,302,Diarrheal diseases,183,Clostridium difficile,1,Number,2009,6513.292772,6513.292772,3452.300691
1,Deaths,,"Southeast Asia, East Asia, and Oceania",3,Both,30,80-84 years,302,Diarrheal diseases,183,Clostridium difficile,1,Number,2010,7103.594907,7103.594907,3732.325558
1,Deaths,,"Southeast Asia, East Asia, and Oceania",3,Both,30,80-84 years,302,Diarrheal diseases,183,Clostridium difficile,1,Number,2011,6978.069062,6978.069062,3721.688126
1,Deaths,,"Southeast Asia, East Asia, and Oceania",3,Both,30,80-84 years,302,Diarrheal diseases,183,Clostridium difficile,1,Number,2012,6910.211661,6910.211661,3558.153653
1,Deaths,,"Southeast Asia, East Asia, and Oceania",3,Both,30,80-84 years,302,Diarrheal diseases,183,Clostridium difficile,1,Number,2013,7219.087431,7219.087431,3697.82305
1,Deaths,,"Southeast Asia, East Asia, and Oceania",3,Both,30,80-84 years,302,Diarrheal diseases,183,Clostridium difficile,1,Number,2014,7467.459883,7467.459883,4132.503005
1,Deaths,,"Southeast Asia, East Asia, and Oceania",3,Both,30,80-84 years,302,Diarrheal diseases,183,Clostridium difficile,1,Number,2015,7775.978137,7775.978137,4466.17634
1,Deaths,,"Southeast Asia, East Asia, and Oceania",3,Both,30,80-84 years,302,Diarrheal diseases,183,Clostridium difficile,1,Number,2016,8479.834741,8479.834741,4534.809146
1,Deaths,,"Southeast Asia, East Asia, and Oceania",3,Both,30,80-84 years,302,Diarrheal diseases,183,Clostridium difficile,1,Number,2017,8875.764315,8875.764315,4654.036821
1,Deaths,,"Southeast Asia, East Asia, and Oceania",3,Both,30,80-84 years,302,Diarrheal diseases,183,Clostridium difficile,1,Number,2018,8800.866282,8800.866282,4858.017143
1,Deaths,,"Southeast Asia, East Asia, and Oceania",3,Both,30,80-84 years,302,Diarrheal diseases,183,Clostridium difficile,1,Number,2019,8604.49373,8604.49373,4698.247693
1,Deaths,,"Southeast Asia, East Asia, and Oceania",3,Both,30,80-84 years,302,Diarrheal diseases,183,Clostridium difficile,1,Number,2020,7714.262087,7714.262087,4488.920231
1,Deaths,,"Southeast Asia, East Asia, and Oceania",3,Both,30,80-84 years,302,Diarrheal diseases,183,Clostridium difficile,1,Number,2021,7878.90326,7878.90326,4519.565781
1,Deaths,,"Southeast Asia, East Asia, and Oceania",3,Both,31,85-89 years,302,Diarrheal diseases,183,Clostridium difficile,1,Number,1990,2238.912837,2238.912837,828.8252931
1,Deaths,,"Southeast Asia, East Asia, and Oceania",3,Both,31,85-89 years,302,Diarrheal diseases,183,Clostridium difficile,1,Number,1991,2287.684746,2287.684746,922.2192473
1,Deaths,,"Southeast Asia, East Asia, and Oceania",3,Both,31,85-89 years,302,Diarrheal diseases,183,Clostridium difficile,1,Number,1992,2369.957957,2369.957957,1013.068059
1,Deaths,,"Southeast Asia, East Asia, and Oceania",3,Both,31,85-89 years,302,Diarrheal diseases,183,Clostridium difficile,1,Number,1993,2463.118046,2463.118046,982.0815424
1,Deaths,,"Southeast Asia, East Asia, and Oceania",3,Both,31,85-89 years,302,Diarrheal diseases,183,Clostridium difficile,1,Number,1994,2482.379159,2482.379159,1053.448078
1,Deaths,,"Southeast Asia, East Asia, and Oceania",3,Both,31,85-89 years,302,Diarrheal diseases,183,Clostridium difficile,1,Number,1995,2564.008424,2564.008424,1052.552759
1,Deaths,,"Southeast Asia, East Asia, and Oceania",3,Both,31,85-89 years,302,Diarrheal diseases,183,Clostridium difficile,1,Number,1996,2592.36015,2592.36015,981.3110837
1,Deaths,,"Southeast Asia, East Asia, and Oceania",3,Both,31,85-89 years,302,Diarrheal diseases,183,Clostridium difficile,1,Number,1997,2467.63918,2467.63918,1036.388138
1,Deaths,,"Southeast Asia, East Asia, and Oceania",3,Both,31,85-89 years,302,Diarrheal diseases,183,Clostridium difficile,1,Number,1998,2487.53617,2487.53617,1086.559383
1,Deaths,,"Southeast Asia, East Asia, and Oceania",3,Both,31,85-89 years,302,Diarrheal diseases,183,Clostridium difficile,1,Number,1999,2603.890337,2603.890337,1053.34449
1,Deaths,,"Southeast Asia, East Asia, and Oceania",3,Both,31,85-89 years,302,Diarrheal diseases,183,Clostridium difficile,1,Number,2000,2633.524237,2633.524237,1172.769326
1,Deaths,,"Southeast Asia, East Asia, and Oceania",3,Both,31,85-89 years,302,Diarrheal diseases,183,Clostridium difficile,1,Number,2001,2876.63745,2876.63745,1095.698599
1,Deaths,,"Southeast Asia, East Asia, and Oceania",3,Both,31,85-89 years,302,Diarrheal diseases,183,Clostridium difficile,1,Number,2002,2891.47564,2891.47564,1227.970458
1,Deaths,,"Southeast Asia, East Asia, and Oceania",3,Both,31,85-89 years,302,Diarrheal diseases,183,Clostridium difficile,1,Number,2003,3044.309016,3044.309016,1333.679759
1,Deaths,,"Southeast Asia, East Asia, and Oceania",3,Both,31,85-89 years,302,Diarrheal diseases,183,Clostridium difficile,1,Number,2004,3295.899635,3295.899635,1480.849864
1,Deaths,,"Southeast Asia, East Asia, and Oceania",3,Both,31,85-89 years,302,Diarrheal diseases,183,Clostridium difficile,1,Number,2005,3552.269623,3552.269623,1469.150371
1,Deaths,,"Southeast Asia, East Asia, and Oceania",3,Both,31,85-89 years,302,Diarrheal diseases,183,Clostridium difficile,1,Number,2006,3700.766633,3700.766633,1649.372667
1,Deaths,,"Southeast Asia, East Asia, and Oceania",3,Both,31,85-89 years,302,Diarrheal diseases,183,Clostridium difficile,1,Number,2007,3846.674706,3846.674706,1814.63483
1,Deaths,,"Southeast Asia, East Asia, and Oceania",3,Both,31,85-89 years,302,Diarrheal diseases,183,Clostridium difficile,1,Number,2008,4334.313113,4334.313113,2057.070722
1,Deaths,,"Southeast Asia, East Asia, and Oceania",3,Both,31,85-89 years,302,Diarrheal diseases,183,Clostridium difficile,1,Number,2009,4552.471088,4552.471088,2372.575152
1,Deaths,,"Southeast Asia, East Asia, and Oceania",3,Both,31,85-89 years,302,Diarrheal diseases,183,Clostridium difficile,1,Number,2010,4874.07242,4874.07242,2618.85971
1,Deaths,,"Southeast Asia, East Asia, and Oceania",3,Both,31,85-89 years,302,Diarrheal diseases,183,Clostridium difficile,1,Number,2011,4989.879791,4989.879791,2480.805122
1,Deaths,,"Southeast Asia, East Asia, and Oceania",3,Both,31,85-89 years,302,Diarrheal diseases,183,Clostridium difficile,1,Number,2012,4938.343377,4938.343377,2478.792231
1,Deaths,,"Southeast Asia, East Asia, and Oceania",3,Both,31,85-89 years,302,Diarrheal diseases,183,Clostridium difficile,1,Number,2013,5119.945125,5119.945125,2773.721934
1,Deaths,,"Southeast Asia, East Asia, and Oceania",3,Both,31,85-89 years,302,Diarrheal diseases,183,Clostridium difficile,1,Number,2014,5527.033682,5527.033682,2922.209241
1,Deaths,,"Southeast Asia, East Asia, and Oceania",3,Both,31,85-89 years,302,Diarrheal diseases,183,Clostridium difficile,1,Number,2015,5856.593747,5856.593747,3260.349204
1,Deaths,,"Southeast Asia, East Asia, and Oceania",3,Both,31,85-89 years,302,Diarrheal diseases,183,Clostridium difficile,1,Number,2016,6514.583569,6514.583569,3336.760736
1,Deaths,,"Southeast Asia, East Asia, and Oceania",3,Both,31,85-89 years,302,Diarrheal diseases,183,Clostridium difficile,1,Number,2017,6684.382522,6684.382522,3643.961435
1,Deaths,,"Southeast Asia, East Asia, and Oceania",3,Both,31,85-89 years,302,Diarrheal diseases,183,Clostridium difficile,1,Number,2018,6874.819676,6874.819676,3673.894106
1,Deaths,,"Southeast Asia, East Asia, and Oceania",3,Both,31,85-89 years,302,Diarrheal diseases,183,Clostridium difficile,1,Number,2019,6913.974298,6913.974298,3639.306031
1,Deaths,,"Southeast Asia, East Asia, and Oceania",3,Both,31,85-89 years,302,Diarrheal diseases,183,Clostridium difficile,1,Number,2020,6316.205203,6316.205203,3550.217296
1,Deaths,,"Southeast Asia, East Asia, and Oceania",3,Both,31,85-89 years,302,Diarrheal diseases,183,Clostridium difficile,1,Number,2021,6824.115902,6824.115902,3459.231642
1,Deaths,,"Southeast Asia, East Asia, and Oceania",3,Both,32,90-94 years,302,Diarrheal diseases,183,Clostridium difficile,1,Number,1990,674.1243035,674.1243035,290.4510867
1,Deaths,,"Southeast Asia, East Asia, and Oceania",3,Both,32,90-94 years,302,Diarrheal diseases,183,Clostridium difficile,1,Number,1991,710.329742,710.329742,313.2034129
1,Deaths,,"Southeast Asia, East Asia, and Oceania",3,Both,32,90-94 years,302,Diarrheal diseases,183,Clostridium difficile,1,Number,1992,750.9692683,750.9692683,338.5942355
1,Deaths,,"Southeast Asia, East Asia, and Oceania",3,Both,32,90-94 years,302,Diarrheal diseases,183,Clostridium difficile,1,Number,1993,784.4701876,784.4701876,363.7481982
1,Deaths,,"Southeast Asia, East Asia, and Oceania",3,Both,32,90-94 years,302,Diarrheal diseases,183,Clostridium difficile,1,Number,1994,842.9502537,842.9502537,386.009378
1,Deaths,,"Southeast Asia, East Asia, and Oceania",3,Both,32,90-94 years,302,Diarrheal diseases,183,Clostridium difficile,1,Number,1995,917.3494211,917.3494211,401.8065999
1,Deaths,,"Southeast Asia, East Asia, and Oceania",3,Both,32,90-94 years,302,Diarrheal diseases,183,Clostridium difficile,1,Number,1996,950.1114936,950.1114936,398.2363886
1,Deaths,,"Southeast Asia, East Asia, and Oceania",3,Both,32,90-94 years,302,Diarrheal diseases,183,Clostridium difficile,1,Number,1997,957.253569,957.253569,414.5558286
1,Deaths,,"Southeast Asia, East Asia, and Oceania",3,Both,32,90-94 years,302,Diarrheal diseases,183,Clostridium difficile,1,Number,1998,1006.395575,1006.395575,404.5455733
1,Deaths,,"Southeast Asia, East Asia, and Oceania",3,Both,32,90-94 years,302,Diarrheal diseases,183,Clostridium difficile,1,Number,1999,1009.699848,1009.699848,428.9425561
1,Deaths,,"Southeast Asia, East Asia, and Oceania",3,Both,32,90-94 years,302,Diarrheal diseases,183,Clostridium difficile,1,Number,2000,1017.069935,1017.069935,440.6665931
1,Deaths,,"Southeast Asia, East Asia, and Oceania",3,Both,32,90-94 years,302,Diarrheal diseases,183,Clostridium difficile,1,Number,2001,1020.2871,1020.2871,459.3922494
1,Deaths,,"Southeast Asia, East Asia, and Oceania",3,Both,32,90-94 years,302,Diarrheal diseases,183,Clostridium difficile,1,Number,2002,1060.649956,1060.649956,465.7752328
1,Deaths,,"Southeast Asia, East Asia, and Oceania",3,Both,32,90-94 years,302,Diarrheal diseases,183,Clostridium difficile,1,Number,2003,1116.775049,1116.775049,504.7668443
1,Deaths,,"Southeast Asia, East Asia, and Oceania",3,Both,32,90-94 years,302,Diarrheal diseases,183,Clostridium difficile,1,Number,2004,1196.324909,1196.324909,559.641357
1,Deaths,,"Southeast Asia, East Asia, and Oceania",3,Both,32,90-94 years,302,Diarrheal diseases,183,Clostridium difficile,1,Number,2005,1279.592016,1279.592016,576.5739959
1,Deaths,,"Southeast Asia, East Asia, and Oceania",3,Both,32,90-94 years,302,Diarrheal diseases,183,Clostridium difficile,1,Number,2006,1351.853813,1351.853813,675.9028294
1,Deaths,,"Southeast Asia, East Asia, and Oceania",3,Both,32,90-94 years,302,Diarrheal diseases,183,Clostridium difficile,1,Number,2007,1506.009024,1506.009024,738.1150327
1,Deaths,,"Southeast Asia, East Asia, and Oceania",3,Both,32,90-94 years,302,Diarrheal diseases,183,Clostridium difficile,1,Number,2008,1732.405711,1732.405711,835.8691636
1,Deaths,,"Southeast Asia, East Asia, and Oceania",3,Both,32,90-94 years,302,Diarrheal diseases,183,Clostridium difficile,1,Number,2009,1841.008743,1841.008743,950.1130393
1,Deaths,,"Southeast Asia, East Asia, and Oceania",3,Both,32,90-94 years,302,Diarrheal diseases,183,Clostridium difficile,1,Number,2010,2010.241523,2010.241523,1030.869775
1,Deaths,,"Southeast Asia, East Asia, and Oceania",3,Both,32,90-94 years,302,Diarrheal diseases,183,Clostridium difficile,1,Number,2011,2028.720117,2028.720117,1062.855977
1,Deaths,,"Southeast Asia, East Asia, and Oceania",3,Both,32,90-94 years,302,Diarrheal diseases,183,Clostridium difficile,1,Number,2012,2045.476206,2045.476206,1077.772561
1,Deaths,,"Southeast Asia, East Asia, and Oceania",3,Both,32,90-94 years,302,Diarrheal diseases,183,Clostridium difficile,1,Number,2013,2133.768959,2133.768959,1247.778385
1,Deaths,,"Southeast Asia, East Asia, and Oceania",3,Both,32,90-94 years,302,Diarrheal diseases,183,Clostridium difficile,1,Number,2014,2321.961559,2321.961559,1315.261661
1,Deaths,,"Southeast Asia, East Asia, and Oceania",3,Both,32,90-94 years,302,Diarrheal diseases,183,Clostridium difficile,1,Number,2015,2529.254707,2529.254707,1423.146855
1,Deaths,,"Southeast Asia, East Asia, and Oceania",3,Both,32,90-94 years,302,Diarrheal diseases,183,Clostridium difficile,1,Number,2016,2831.558055,2831.558055,1495.189527
1,Deaths,,"Southeast Asia, East Asia, and Oceania",3,Both,32,90-94 years,302,Diarrheal diseases,183,Clostridium difficile,1,Number,2017,2947.664099,2947.664099,1631.127013
1,Deaths,,"Southeast Asia, East Asia, and Oceania",3,Both,32,90-94 years,302,Diarrheal diseases,183,Clostridium difficile,1,Number,2018,3127.044313,3127.044313,1612.276141
1,Deaths,,"Southeast Asia, East Asia, and Oceania",3,Both,32,90-94 years,302,Diarrheal diseases,183,Clostridium difficile,1,Number,2019,3095.527472,3095.527472,1735.688346
1,Deaths,,"Southeast Asia, East Asia, and Oceania",3,Both,32,90-94 years,302,Diarrheal diseases,183,Clostridium difficile,1,Number,2020,2959.31157,2959.31157,1589.469492
1,Deaths,,"Southeast Asia, East Asia, and Oceania",3,Both,32,90-94 years,302,Diarrheal diseases,183,Clostridium difficile,1,Number,2021,3141.920264,3141.920264,1671.945441
1,Deaths,,"Southeast Asia, East Asia, and Oceania",3,Both,235,95+ years,302,Diarrheal diseases,183,Clostridium difficile,1,Number,1990,137.6113525,137.6113525,52.77694269
1,Deaths,,"Southeast Asia, East Asia, and Oceania",3,Both,235,95+ years,302,Diarrheal diseases,183,Clostridium difficile,1,Number,1991,135.1343673,135.1343673,55.85646642
1,Deaths,,"Southeast Asia, East Asia, and Oceania",3,Both,235,95+ years,302,Diarrheal diseases,183,Clostridium difficile,1,Number,1992,141.3624807,141.3624807,59.20956167
1,Deaths,,"Southeast Asia, East Asia, and Oceania",3,Both,235,95+ years,302,Diarrheal diseases,183,Clostridium difficile,1,Number,1993,150.241055,150.241055,59.40846505
1,Deaths,,"Southeast Asia, East Asia, and Oceania",3,Both,235,95+ years,302,Diarrheal diseases,183,Clostridium difficile,1,Number,1994,157.7724835,157.7724835,63.482105
1,Deaths,,"Southeast Asia, East Asia, and Oceania",3,Both,235,95+ years,302,Diarrheal diseases,183,Clostridium difficile,1,Number,1995,173.0249314,173.0249314,65.98837009
1,Deaths,,"Southeast Asia, East Asia, and Oceania",3,Both,235,95+ years,302,Diarrheal diseases,183,Clostridium difficile,1,Number,1996,174.5311306,174.5311306,73.66064218
1,Deaths,,"Southeast Asia, East Asia, and Oceania",3,Both,235,95+ years,302,Diarrheal diseases,183,Clostridium difficile,1,Number,1997,183.8817778,183.8817778,71.75113891
1,Deaths,,"Southeast Asia, East Asia, and Oceania",3,Both,235,95+ years,302,Diarrheal diseases,183,Clostridium difficile,1,Number,1998,192.3638509,192.3638509,80.20206407
1,Deaths,,"Southeast Asia, East Asia, and Oceania",3,Both,235,95+ years,302,Diarrheal diseases,183,Clostridium difficile,1,Number,1999,209.9600714,209.9600714,80.91982627
1,Deaths,,"Southeast Asia, East Asia, and Oceania",3,Both,235,95+ years,302,Diarrheal diseases,183,Clostridium difficile,1,Number,2000,219.3828181,219.3828181,88.59111279
1,Deaths,,"Southeast Asia, East Asia, and Oceania",3,Both,235,95+ years,302,Diarrheal diseases,183,Clostridium difficile,1,Number,2001,228.1388589,228.1388589,99.1981504
1,Deaths,,"Southeast Asia, East Asia, and Oceania",3,Both,235,95+ years,302,Diarrheal diseases,183,Clostridium difficile,1,Number,2002,251.2965243,251.2965243,103.3640323
1,Deaths,,"Southeast Asia, East Asia, and Oceania",3,Both,235,95+ years,302,Diarrheal diseases,183,Clostridium difficile,1,Number,2003,268.6551777,268.6551777,117.5373139
1,Deaths,,"Southeast Asia, East Asia, and Oceania",3,Both,235,95+ years,302,Diarrheal diseases,183,Clostridium difficile,1,Number,2004,286.0082477,286.0082477,124.0313847
1,Deaths,,"Southeast Asia, East Asia, and Oceania",3,Both,235,95+ years,302,Diarrheal diseases,183,Clostridium difficile,1,Number,2005,303.952378,303.952378,132.0108845
1,Deaths,,"Southeast Asia, East Asia, and Oceania",3,Both,235,95+ years,302,Diarrheal diseases,183,Clostridium difficile,1,Number,2006,331.8890052,331.8890052,144.3466551
1,Deaths,,"Southeast Asia, East Asia, and Oceania",3,Both,235,95+ years,302,Diarrheal diseases,183,Clostridium difficile,1,Number,2007,352.0054458,352.0054458,166.3662669
1,Deaths,,"Southeast Asia, East Asia, and Oceania",3,Both,235,95+ years,302,Diarrheal diseases,183,Clostridium difficile,1,Number,2008,398.7784141,398.7784141,182.3398391
1,Deaths,,"Southeast Asia, East Asia, and Oceania",3,Both,235,95+ years,302,Diarrheal diseases,183,Clostridium difficile,1,Number,2009,437.9816181,437.9816181,193.7007516
1,Deaths,,"Southeast Asia, East Asia, and Oceania",3,Both,235,95+ years,302,Diarrheal diseases,183,Clostridium difficile,1,Number,2010,469.7497664,469.7497664,218.1326199
1,Deaths,,"Southeast Asia, East Asia, and Oceania",3,Both,235,95+ years,302,Diarrheal diseases,183,Clostridium difficile,1,Number,2011,475.8915103,475.8915103,232.3969077
1,Deaths,,"Southeast Asia, East Asia, and Oceania",3,Both,235,95+ years,302,Diarrheal diseases,183,Clostridium difficile,1,Number,2012,488.1409152,488.1409152,234.1294663
1,Deaths,,"Southeast Asia, East Asia, and Oceania",3,Both,235,95+ years,302,Diarrheal diseases,183,Clostridium difficile,1,Number,2013,539.354139,539.354139,254.9382649
1,Deaths,,"Southeast Asia, East Asia, and Oceania",3,Both,235,95+ years,302,Diarrheal diseases,183,Clostridium difficile,1,Number,2014,588.2769164,588.2769164,291.2505988
1,Deaths,,"Southeast Asia, East Asia, and Oceania",3,Both,235,95+ years,302,Diarrheal diseases,183,Clostridium difficile,1,Number,2015,646.7220351,646.7220351,324.2997862
1,Deaths,,"Southeast Asia, East Asia, and Oceania",3,Both,235,95+ years,302,Diarrheal diseases,183,Clostridium difficile,1,Number,2016,725.053807,725.053807,362.1726529
1,Deaths,,"Southeast Asia, East Asia, and Oceania",3,Both,235,95+ years,302,Diarrheal diseases,183,Clostridium difficile,1,Number,2017,797.6265651,797.6265651,409.784609
1,Deaths,,"Southeast Asia, East Asia, and Oceania",3,Both,235,95+ years,302,Diarrheal diseases,183,Clostridium difficile,1,Number,2018,846.9152282,846.9152282,439.5794287
1,Deaths,,"Southeast Asia, East Asia, and Oceania",3,Both,235,95+ years,302,Diarrheal diseases,183,Clostridium difficile,1,Number,2019,900.7444985,900.7444985,436.0296416
1,Deaths,,"Southeast Asia, East Asia, and Oceania",3,Both,235,95+ years,302,Diarrheal diseases,183,Clostridium difficile,1,Number,2020,845.8523231,845.8523231,426.3442724
1,Deaths,,"Southeast Asia, East Asia, and Oceania",3,Both,235,95+ years,302,Diarrheal diseases,183,Clostridium difficile,1,Number,2021,928.4644967,928.4644967,444.874018
1,Deaths,,"Southeast Asia, East Asia, and Oceania",3,Both,1,<5 years,302,Diarrheal diseases,183,Clostridium difficile,1,Number,1990,12026.38688,12026.38688,5267.582996
1,Deaths,,"Southeast Asia, East Asia, and Oceania",3,Both,1,<5 years,302,Diarrheal diseases,183,Clostridium difficile,1,Number,1991,11651.67103,11651.67103,5173.483173
1,Deaths,,"Southeast Asia, East Asia, and Oceania",3,Both,1,<5 years,302,Diarrheal diseases,183,Clostridium difficile,1,Number,1992,11191.7719,11191.7719,5116.716675
1,Deaths,,"Southeast Asia, East Asia, and Oceania",3,Both,1,<5 years,302,Diarrheal diseases,183,Clostridium difficile,1,Number,1993,10648.14759,10648.14759,4828.153886
1,Deaths,,"Southeast Asia, East Asia, and Oceania",3,Both,1,<5 years,302,Diarrheal diseases,183,Clostridium difficile,1,Number,1994,10109.37415,10109.37415,4646.635656
1,Deaths,,"Southeast Asia, East Asia, and Oceania",3,Both,1,<5 years,302,Diarrheal diseases,183,Clostridium difficile,1,Number,1995,9823.633794,9823.633794,4574.597152
1,Deaths,,"Southeast Asia, East Asia, and Oceania",3,Both,1,<5 years,302,Diarrheal diseases,183,Clostridium difficile,1,Number,1996,9237.745409,9237.745409,4150.008771
1,Deaths,,"Southeast Asia, East Asia, and Oceania",3,Both,1,<5 years,302,Diarrheal diseases,183,Clostridium difficile,1,Number,1997,8666.042766,8666.042766,3684.800211
1,Deaths,,"Southeast Asia, East Asia, and Oceania",3,Both,1,<5 years,302,Diarrheal diseases,183,Clostridium difficile,1,Number,1998,8100.847085,8100.847085,3722.847631
1,Deaths,,"Southeast Asia, East Asia, and Oceania",3,Both,1,<5 years,302,Diarrheal diseases,183,Clostridium difficile,1,Number,1999,7684.296746,7684.296746,3435.642631
1,Deaths,,"Southeast Asia, East Asia, and Oceania",3,Both,1,<5 years,302,Diarrheal diseases,183,Clostridium difficile,1,Number,2000,7287.553331,7287.553331,3183.700912
1,Deaths,,"Southeast Asia, East Asia, and Oceania",3,Both,1,<5 years,302,Diarrheal diseases,183,Clostridium difficile,1,Number,2001,6919.08621,6919.08621,3245.860906
1,Deaths,,"Southeast Asia, East Asia, and Oceania",3,Both,1,<5 years,302,Diarrheal diseases,183,Clostridium difficile,1,Number,2002,6833.296842,6833.296842,3066.467971
1,Deaths,,"Southeast Asia, East Asia, and Oceania",3,Both,1,<5 years,302,Diarrheal diseases,183,Clostridium difficile,1,Number,2003,6421.671849,6421.671849,2871.265674
1,Deaths,,"Southeast Asia, East Asia, and Oceania",3,Both,1,<5 years,302,Diarrheal diseases,183,Clostridium difficile,1,Number,2004,6081.720885,6081.720885,2867.699682
1,Deaths,,"Southeast Asia, East Asia, and Oceania",3,Both,1,<5 years,302,Diarrheal diseases,183,Clostridium difficile,1,Number,2005,5900.895013,5900.895013,2836.989767
1,Deaths,,"Southeast Asia, East Asia, and Oceania",3,Both,1,<5 years,302,Diarrheal diseases,183,Clostridium difficile,1,Number,2006,5865.172479,5865.172479,2829.380198
1,Deaths,,"Southeast Asia, East Asia, and Oceania",3,Both,1,<5 years,302,Diarrheal diseases,183,Clostridium difficile,1,Number,2007,5713.383142,5713.383142,2863.085001
1,Deaths,,"Southeast Asia, East Asia, and Oceania",3,Both,1,<5 years,302,Diarrheal diseases,183,Clostridium difficile,1,Number,2008,5855.069161,5855.069161,2784.075858
1,Deaths,,"Southeast Asia, East Asia, and Oceania",3,Both,1,<5 years,302,Diarrheal diseases,183,Clostridium difficile,1,Number,2009,5759.229715,5759.229715,2814.876068
1,Deaths,,"Southeast Asia, East Asia, and Oceania",3,Both,1,<5 years,302,Diarrheal diseases,183,Clostridium difficile,1,Number,2010,5445.225711,5445.225711,2750.502909
1,Deaths,,"Southeast Asia, East Asia, and Oceania",3,Both,1,<5 years,302,Diarrheal diseases,183,Clostridium difficile,1,Number,2011,5114.540923,5114.540923,2606.361388
1,Deaths,,"Southeast Asia, East Asia, and Oceania",3,Both,1,<5 years,302,Diarrheal diseases,183,Clostridium difficile,1,Number,2012,5041.244297,5041.244297,2589.867558
1,Deaths,,"Southeast Asia, East Asia, and Oceania",3,Both,1,<5 years,302,Diarrheal diseases,183,Clostridium difficile,1,Number,2013,5067.195558,5067.195558,2623.111246
1,Deaths,,"Southeast Asia, East Asia, and Oceania",3,Both,1,<5 years,302,Diarrheal diseases,183,Clostridium difficile,1,Number,2014,4803.668796,4803.668796,2627.011258
1,Deaths,,"Southeast Asia, East Asia, and Oceania",3,Both,1,<5 years,302,Diarrheal diseases,183,Clostridium difficile,1,Number,2015,4810.426171,4810.426171,2695.627679
1,Deaths,,"Southeast Asia, East Asia, and Oceania",3,Both,1,<5 years,302,Diarrheal diseases,183,Clostridium difficile,1,Number,2016,4803.252998,4803.252998,2636.053718
1,Deaths,,"Southeast Asia, East Asia, and Oceania",3,Both,1,<5 years,302,Diarrheal diseases,183,Clostridium difficile,1,Number,2017,4659.718982,4659.718982,2566.488285
1,Deaths,,"Southeast Asia, East Asia, and Oceania",3,Both,1,<5 years,302,Diarrheal diseases,183,Clostridium difficile,1,Number,2018,4394.158933,4394.158933,2400.175457
1,Deaths,,"Southeast Asia, East Asia, and Oceania",3,Both,1,<5 years,302,Diarrheal diseases,183,Clostridium difficile,1,Number,2019,4097.758885,4097.758885,2204.925906
1,Deaths,,"Southeast Asia, East Asia, and Oceania",3,Both,1,<5 years,302,Diarrheal diseases,183,Clostridium difficile,1,Number,2020,3640.861551,3640.861551,2007.71959
1,Deaths,,"Southeast Asia, East Asia, and Oceania",3,Both,1,<5 years,302,Diarrheal diseases,183,Clostridium difficile,1,Number,2021,3497.297837,3497.297837,1800.751446
1,Deaths,,Sub-Saharan Africa,3,Both,7,10-14 years,302,Diarrheal diseases,183,Clostridium difficile,1,Number,1990,208.3769803,208.3769803,78.37791371
1,Deaths,,Sub-Saharan Africa,3,Both,7,10-14 years,302,Diarrheal diseases,183,Clostridium difficile,1,Number,1991,211.6141055,211.6141055,77.26782476
1,Deaths,,Sub-Saharan Africa,3,Both,7,10-14 years,302,Diarrheal diseases,183,Clostridium difficile,1,Number,1992,204.4902549,204.4902549,79.6864706
1,Deaths,,Sub-Saharan Africa,3,Both,7,10-14 years,302,Diarrheal diseases,183,Clostridium difficile,1,Number,1993,208.3559932,208.3559932,80.1305667
1,Deaths,,Sub-Saharan Africa,3,Both,7,10-14 years,302,Diarrheal diseases,183,Clostridium difficile,1,Number,1994,443.6407481,443.6407481,111.2343801
1,Deaths,,Sub-Saharan Africa,3,Both,7,10-14 years,302,Diarrheal diseases,183,Clostridium difficile,1,Number,1995,214.5429722,214.5429722,86.5074583
1,Deaths,,Sub-Saharan Africa,3,Both,7,10-14 years,302,Diarrheal diseases,183,Clostridium difficile,1,Number,1996,226.8541009,226.8541009,88.96335239
1,Deaths,,Sub-Saharan Africa,3,Both,7,10-14 years,302,Diarrheal diseases,183,Clostridium difficile,1,Number,1997,227.4529257,227.4529257,93.11997625
1,Deaths,,Sub-Saharan Africa,3,Both,7,10-14 years,302,Diarrheal diseases,183,Clostridium difficile,1,Number,1998,238.1675005,238.1675005,95.32056574
1,Deaths,,Sub-Saharan Africa,3,Both,7,10-14 years,302,Diarrheal diseases,183,Clostridium difficile,1,Number,1999,242.250461,242.250461,97.48757433
1,Deaths,,Sub-Saharan Africa,3,Both,7,10-14 years,302,Diarrheal diseases,183,Clostridium difficile,1,Number,2000,246.9030089,246.9030089,96.58395979
1,Deaths,,Sub-Saharan Africa,3,Both,7,10-14 years,302,Diarrheal diseases,183,Clostridium difficile,1,Number,2001,239.5535796,239.5535796,94.09614417
1,Deaths,,Sub-Saharan Africa,3,Both,7,10-14 years,302,Diarrheal diseases,183,Clostridium difficile,1,Number,2002,246.4130105,246.4130105,99.91930701
1,Deaths,,Sub-Saharan Africa,3,Both,7,10-14 years,302,Diarrheal diseases,183,Clostridium difficile,1,Number,2003,254.2323945,254.2323945,102.3553165
1,Deaths,,Sub-Saharan Africa,3,Both,7,10-14 years,302,Diarrheal diseases,183,Clostridium difficile,1,Number,2004,253.5563209,253.5563209,104.2859551
1,Deaths,,Sub-Saharan Africa,3,Both,7,10-14 years,302,Diarrheal diseases,183,Clostridium difficile,1,Number,2005,252.2500517,252.2500517,103.8661111
1,Deaths,,Sub-Saharan Africa,3,Both,7,10-14 years,302,Diarrheal diseases,183,Clostridium difficile,1,Number,2006,253.8696015,253.8696015,105.6072348
1,Deaths,,Sub-Saharan Africa,3,Both,7,10-14 years,302,Diarrheal diseases,183,Clostridium difficile,1,Number,2007,258.9086794,258.9086794,110.0483692
1,Deaths,,Sub-Saharan Africa,3,Both,7,10-14 years,302,Diarrheal diseases,183,Clostridium difficile,1,Number,2008,267.0794778,267.0794778,114.0632084
1,Deaths,,Sub-Saharan Africa,3,Both,7,10-14 years,302,Diarrheal diseases,183,Clostridium difficile,1,Number,2009,277.3792133,277.3792133,121.598118
1,Deaths,,Sub-Saharan Africa,3,Both,7,10-14 years,302,Diarrheal diseases,183,Clostridium difficile,1,Number,2010,295.1839218,295.1839218,127.5325447
1,Deaths,,Sub-Saharan Africa,3,Both,7,10-14 years,302,Diarrheal diseases,183,Clostridium difficile,1,Number,2011,370.4990761,370.4990761,144.4861079
1,Deaths,,Sub-Saharan Africa,3,Both,7,10-14 years,302,Diarrheal diseases,183,Clostridium difficile,1,Number,2012,318.5905444,318.5905444,139.0440534
1,Deaths,,Sub-Saharan Africa,3,Both,7,10-14 years,302,Diarrheal diseases,183,Clostridium difficile,1,Number,2013,313.5223817,313.5223817,133.3008345
1,Deaths,,Sub-Saharan Africa,3,Both,7,10-14 years,302,Diarrheal diseases,183,Clostridium difficile,1,Number,2014,324.7460383,324.7460383,143.6686528
1,Deaths,,Sub-Saharan Africa,3,Both,7,10-14 years,302,Diarrheal diseases,183,Clostridium difficile,1,Number,2015,353.1453655,353.1453655,154.7887639
1,Deaths,,Sub-Saharan Africa,3,Both,7,10-14 years,302,Diarrheal diseases,183,Clostridium difficile,1,Number,2016,371.6691232,371.6691232,163.4797085
1,Deaths,,Sub-Saharan Africa,3,Both,7,10-14 years,302,Diarrheal diseases,183,Clostridium difficile,1,Number,2017,387.688111,387.688111,171.5515209
1,Deaths,,Sub-Saharan Africa,3,Both,7,10-14 years,302,Diarrheal diseases,183,Clostridium difficile,1,Number,2018,396.8258403,396.8258403,172.0934309
1,Deaths,,Sub-Saharan Africa,3,Both,7,10-14 years,302,Diarrheal diseases,183,Clostridium difficile,1,Number,2019,404.702493,404.702493,177.7035524
1,Deaths,,Sub-Saharan Africa,3,Both,7,10-14 years,302,Diarrheal diseases,183,Clostridium difficile,1,Number,2020,399.3267551,399.3267551,177.0901487
1,Deaths,,Sub-Saharan Africa,3,Both,7,10-14 years,302,Diarrheal diseases,183,Clostridium difficile,1,Number,2021,402.7796606,402.7796606,179.2415893
1,Deaths,,Sub-Saharan Africa,3,Both,8,15-19 years,302,Diarrheal diseases,183,Clostridium difficile,1,Number,1990,433.7309174,433.7309174,129.8724107
1,Deaths,,Sub-Saharan Africa,3,Both,8,15-19 years,302,Diarrheal diseases,183,Clostridium difficile,1,Number,1991,364.5375595,364.5375595,137.0014369
1,Deaths,,Sub-Saharan Africa,3,Both,8,15-19 years,302,Diarrheal diseases,183,Clostridium difficile,1,Number,1992,291.6261153,291.6261153,116.2158419
1,Deaths,,Sub-Saharan Africa,3,Both,8,15-19 years,302,Diarrheal diseases,183,Clostridium difficile,1,Number,1993,303.0267863,303.0267863,119.7533108
1,Deaths,,Sub-Saharan Africa,3,Both,8,15-19 years,302,Diarrheal diseases,183,Clostridium difficile,1,Number,1994,2883.825227,2883.825227,170.9329841
1,Deaths,,Sub-Saharan Africa,3,Both,8,15-19 years,302,Diarrheal diseases,183,Clostridium difficile,1,Number,1995,350.1180236,350.1180236,140.360066
1,Deaths,,Sub-Saharan Africa,3,Both,8,15-19 years,302,Diarrheal diseases,183,Clostridium difficile,1,Number,1996,392.6577143,392.6577143,153.4345413
1,Deaths,,Sub-Saharan Africa,3,Both,8,15-19 years,302,Diarrheal diseases,183,Clostridium difficile,1,Number,1997,470.5858221,470.5858221,154.0960297
1,Deaths,,Sub-Saharan Africa,3,Both,8,15-19 years,302,Diarrheal diseases,183,Clostridium difficile,1,Number,1998,453.4255407,453.4255407,180.9255385
1,Deaths,,Sub-Saharan Africa,3,Both,8,15-19 years,302,Diarrheal diseases,183,Clostridium difficile,1,Number,1999,563.1563607,563.1563607,139.2801605
1,Deaths,,Sub-Saharan Africa,3,Both,8,15-19 years,302,Diarrheal diseases,183,Clostridium difficile,1,Number,2000,513.2084988,513.2084988,180.9561553
1,Deaths,,Sub-Saharan Africa,3,Both,8,15-19 years,302,Diarrheal diseases,183,Clostridium difficile,1,Number,2001,407.5901472,407.5901472,157.9030422
1,Deaths,,Sub-Saharan Africa,3,Both,8,15-19 years,302,Diarrheal diseases,183,Clostridium difficile,1,Number,2002,415.4416625,415.4416625,170.0994706
1,Deaths,,Sub-Saharan Africa,3,Both,8,15-19 years,302,Diarrheal diseases,183,Clostridium difficile,1,Number,2003,429.0954229,429.0954229,168.2349717
1,Deaths,,Sub-Saharan Africa,3,Both,8,15-19 years,302,Diarrheal diseases,183,Clostridium difficile,1,Number,2004,415.8787739,415.8787739,170.8062594
1,Deaths,,Sub-Saharan Africa,3,Both,8,15-19 years,302,Diarrheal diseases,183,Clostridium difficile,1,Number,2005,402.7890138,402.7890138,172.5825985
1,Deaths,,Sub-Saharan Africa,3,Both,8,15-19 years,302,Diarrheal diseases,183,Clostridium difficile,1,Number,2006,372.6068465,372.6068465,158.8346358
1,Deaths,,Sub-Saharan Africa,3,Both,8,15-19 years,302,Diarrheal diseases,183,Clostridium difficile,1,Number,2007,379.0914343,379.0914343,164.9177958
1,Deaths,,Sub-Saharan Africa,3,Both,8,15-19 years,302,Diarrheal diseases,183,Clostridium difficile,1,Number,2008,403.4422106,403.4422106,168.3137797
1,Deaths,,Sub-Saharan Africa,3,Both,8,15-19 years,302,Diarrheal diseases,183,Clostridium difficile,1,Number,2009,424.2926209,424.2926209,178.9772852
1,Deaths,,Sub-Saharan Africa,3,Both,8,15-19 years,302,Diarrheal diseases,183,Clostridium difficile,1,Number,2010,417.5548834,417.5548834,187.5620996
1,Deaths,,Sub-Saharan Africa,3,Both,8,15-19 years,302,Diarrheal diseases,183,Clostridium difficile,1,Number,2011,465.7638151,465.7638151,201.0278662
1,Deaths,,Sub-Saharan Africa,3,Both,8,15-19 years,302,Diarrheal diseases,183,Clostridium difficile,1,Number,2012,451.4763275,451.4763275,197.4247647
1,Deaths,,Sub-Saharan Africa,3,Both,8,15-19 years,302,Diarrheal diseases,183,Clostridium difficile,1,Number,2013,482.4768237,482.4768237,196.6813464
1,Deaths,,Sub-Saharan Africa,3,Both,8,15-19 years,302,Diarrheal diseases,183,Clostridium difficile,1,Number,2014,515.143134,515.143134,212.8847988
1,Deaths,,Sub-Saharan Africa,3,Both,8,15-19 years,302,Diarrheal diseases,183,Clostridium difficile,1,Number,2015,537.4343118,537.4343118,227.216895
1,Deaths,,Sub-Saharan Africa,3,Both,8,15-19 years,302,Diarrheal diseases,183,Clostridium difficile,1,Number,2016,548.1710595,548.1710595,239.646197
1,Deaths,,Sub-Saharan Africa,3,Both,8,15-19 years,302,Diarrheal diseases,183,Clostridium difficile,1,Number,2017,591.4776717,591.4776717,259.7745862
1,Deaths,,Sub-Saharan Africa,3,Both,8,15-19 years,302,Diarrheal diseases,183,Clostridium difficile,1,Number,2018,598.6290748,598.6290748,257.9998905
1,Deaths,,Sub-Saharan Africa,3,Both,8,15-19 years,302,Diarrheal diseases,183,Clostridium difficile,1,Number,2019,617.806922,617.806922,273.9127413
1,Deaths,,Sub-Saharan Africa,3,Both,8,15-19 years,302,Diarrheal diseases,183,Clostridium difficile,1,Number,2020,612.6899321,612.6899321,277.1447116
1,Deaths,,Sub-Saharan Africa,3,Both,8,15-19 years,302,Diarrheal diseases,183,Clostridium difficile,1,Number,2021,654.0203993,654.0203993,282.1915955
1,Deaths,,Sub-Saharan Africa,3,Both,9,20-24 years,302,Diarrheal diseases,183,Clostridium difficile,1,Number,1990,299.5432878,299.5432878,99.84735686
1,Deaths,,Sub-Saharan Africa,3,Both,9,20-24 years,302,Diarrheal diseases,183,Clostridium difficile,1,Number,1991,279.4963919,279.4963919,107.2673395
1,Deaths,,Sub-Saharan Africa,3,Both,9,20-24 years,302,Diarrheal diseases,183,Clostridium difficile,1,Number,1992,261.9317668,261.9317668,101.734466
1,Deaths,,Sub-Saharan Africa,3,Both,9,20-24 years,302,Diarrheal diseases,183,Clostridium difficile,1,Number,1993,262.1530695,262.1530695,107.5348352
1,Deaths,,Sub-Saharan Africa,3,Both,9,20-24 years,302,Diarrheal diseases,183,Clostridium difficile,1,Number,1994,1001.498098,1001.498098,107.640074
1,Deaths,,Sub-Saharan Africa,3,Both,9,20-24 years,302,Diarrheal diseases,183,Clostridium difficile,1,Number,1995,281.2777656,281.2777656,116.0077401
1,Deaths,,Sub-Saharan Africa,3,Both,9,20-24 years,302,Diarrheal diseases,183,Clostridium difficile,1,Number,1996,305.9312026,305.9312026,120.9672502
1,Deaths,,Sub-Saharan Africa,3,Both,9,20-24 years,302,Diarrheal diseases,183,Clostridium difficile,1,Number,1997,331.2592807,331.2592807,129.0184077
1,Deaths,,Sub-Saharan Africa,3,Both,9,20-24 years,302,Diarrheal diseases,183,Clostridium difficile,1,Number,1998,346.1214508,346.1214508,135.8530827
1,Deaths,,Sub-Saharan Africa,3,Both,9,20-24 years,302,Diarrheal diseases,183,Clostridium difficile,1,Number,1999,382.1820373,382.1820373,126.4794847
1,Deaths,,Sub-Saharan Africa,3,Both,9,20-24 years,302,Diarrheal diseases,183,Clostridium difficile,1,Number,2000,379.5774511,379.5774511,141.1150363
1,Deaths,,Sub-Saharan Africa,3,Both,9,20-24 years,302,Diarrheal diseases,183,Clostridium difficile,1,Number,2001,347.6723551,347.6723551,146.6277739
1,Deaths,,Sub-Saharan Africa,3,Both,9,20-24 years,302,Diarrheal diseases,183,Clostridium difficile,1,Number,2002,364.9417674,364.9417674,155.0506659
1,Deaths,,Sub-Saharan Africa,3,Both,9,20-24 years,302,Diarrheal diseases,183,Clostridium difficile,1,Number,2003,378.5657104,378.5657104,166.5840875
1,Deaths,,Sub-Saharan Africa,3,Both,9,20-24 years,302,Diarrheal diseases,183,Clostridium difficile,1,Number,2004,384.5157184,384.5157184,166.0171371
1,Deaths,,Sub-Saharan Africa,3,Both,9,20-24 years,302,Diarrheal diseases,183,Clostridium difficile,1,Number,2005,382.2447458,382.2447458,165.9085682
1,Deaths,,Sub-Saharan Africa,3,Both,9,20-24 years,302,Diarrheal diseases,183,Clostridium difficile,1,Number,2006,376.5544072,376.5544072,158.7773439
1,Deaths,,Sub-Saharan Africa,3,Both,9,20-24 years,302,Diarrheal diseases,183,Clostridium difficile,1,Number,2007,372.92459,372.92459,168.1430386
1,Deaths,,Sub-Saharan Africa,3,Both,9,20-24 years,302,Diarrheal diseases,183,Clostridium difficile,1,Number,2008,382.9666425,382.9666425,176.3507634
1,Deaths,,Sub-Saharan Africa,3,Both,9,20-24 years,302,Diarrheal diseases,183,Clostridium difficile,1,Number,2009,402.3226254,402.3226254,176.0991983
1,Deaths,,Sub-Saharan Africa,3,Both,9,20-24 years,302,Diarrheal diseases,183,Clostridium difficile,1,Number,2010,401.5697976,401.5697976,185.6722126
1,Deaths,,Sub-Saharan Africa,3,Both,9,20-24 years,302,Diarrheal diseases,183,Clostridium difficile,1,Number,2011,432.5335873,432.5335873,183.2711551
1,Deaths,,Sub-Saharan Africa,3,Both,9,20-24 years,302,Diarrheal diseases,183,Clostridium difficile,1,Number,2012,423.2439056,423.2439056,178.5764593
1,Deaths,,Sub-Saharan Africa,3,Both,9,20-24 years,302,Diarrheal diseases,183,Clostridium difficile,1,Number,2013,430.3536539,430.3536539,183.0913344
1,Deaths,,Sub-Saharan Africa,3,Both,9,20-24 years,302,Diarrheal diseases,183,Clostridium difficile,1,Number,2014,448.0139508,448.0139508,197.7059429
1,Deaths,,Sub-Saharan Africa,3,Both,9,20-24 years,302,Diarrheal diseases,183,Clostridium difficile,1,Number,2015,492.246786,492.246786,199.8871622
1,Deaths,,Sub-Saharan Africa,3,Both,9,20-24 years,302,Diarrheal diseases,183,Clostridium difficile,1,Number,2016,502.5305486,502.5305486,217.1159953
1,Deaths,,Sub-Saharan Africa,3,Both,9,20-24 years,302,Diarrheal diseases,183,Clostridium difficile,1,Number,2017,523.1368485,523.1368485,230.5762332
1,Deaths,,Sub-Saharan Africa,3,Both,9,20-24 years,302,Diarrheal diseases,183,Clostridium difficile,1,Number,2018,530.8379414,530.8379414,235.8520422
1,Deaths,,Sub-Saharan Africa,3,Both,9,20-24 years,302,Diarrheal diseases,183,Clostridium difficile,1,Number,2019,558.1557495,558.1557495,239.8200187
1,Deaths,,Sub-Saharan Africa,3,Both,9,20-24 years,302,Diarrheal diseases,183,Clostridium difficile,1,Number,2020,557.7496338,557.7496338,243.6522986
1,Deaths,,Sub-Saharan Africa,3,Both,9,20-24 years,302,Diarrheal diseases,183,Clostridium difficile,1,Number,2021,579.0950435,579.0950435,254.8600895
1,Deaths,,Sub-Saharan Africa,3,Both,10,25-29 years,302,Diarrheal diseases,183,Clostridium difficile,1,Number,1990,222.6568177,222.6568177,85.82888776
1,Deaths,,Sub-Saharan Africa,3,Both,10,25-29 years,302,Diarrheal diseases,183,Clostridium difficile,1,Number,1991,225.0824492,225.0824492,90.24618157
1,Deaths,,Sub-Saharan Africa,3,Both,10,25-29 years,302,Diarrheal diseases,183,Clostridium difficile,1,Number,1992,225.8092975,225.8092975,91.50669272
1,Deaths,,Sub-Saharan Africa,3,Both,10,25-29 years,302,Diarrheal diseases,183,Clostridium difficile,1,Number,1993,223.2233409,223.2233409,92.24294905
1,Deaths,,Sub-Saharan Africa,3,Both,10,25-29 years,302,Diarrheal diseases,183,Clostridium difficile,1,Number,1994,309.1062488,309.1062488,96.77480275
1,Deaths,,Sub-Saharan Africa,3,Both,10,25-29 years,302,Diarrheal diseases,183,Clostridium difficile,1,Number,1995,221.6982816,221.6982816,96.48781195
1,Deaths,,Sub-Saharan Africa,3,Both,10,25-29 years,302,Diarrheal diseases,183,Clostridium difficile,1,Number,1996,229.72654,229.72654,96.52022076
1,Deaths,,Sub-Saharan Africa,3,Both,10,25-29 years,302,Diarrheal diseases,183,Clostridium difficile,1,Number,1997,235.6575125,235.6575125,98.94504469
1,Deaths,,Sub-Saharan Africa,3,Both,10,25-29 years,302,Diarrheal diseases,183,Clostridium difficile,1,Number,1998,250.4638593,250.4638593,105.3916676
1,Deaths,,Sub-Saharan Africa,3,Both,10,25-29 years,302,Diarrheal diseases,183,Clostridium difficile,1,Number,1999,258.9855279,258.9855279,108.542413
1,Deaths,,Sub-Saharan Africa,3,Both,10,25-29 years,302,Diarrheal diseases,183,Clostridium difficile,1,Number,2000,273.4055457,273.4055457,116.3978479
1,Deaths,,Sub-Saharan Africa,3,Both,10,25-29 years,302,Diarrheal diseases,183,Clostridium difficile,1,Number,2001,288.9537355,288.9537355,121.6588845
1,Deaths,,Sub-Saharan Africa,3,Both,10,25-29 years,302,Diarrheal diseases,183,Clostridium difficile,1,Number,2002,309.8667812,309.8667812,133.9272656
1,Deaths,,Sub-Saharan Africa,3,Both,10,25-29 years,302,Diarrheal diseases,183,Clostridium difficile,1,Number,2003,329.7769332,329.7769332,145.9307657
1,Deaths,,Sub-Saharan Africa,3,Both,10,25-29 years,302,Diarrheal diseases,183,Clostridium difficile,1,Number,2004,336.6383461,336.6383461,151.0519382
1,Deaths,,Sub-Saharan Africa,3,Both,10,25-29 years,302,Diarrheal diseases,183,Clostridium difficile,1,Number,2005,335.5119973,335.5119973,147.1290259
1,Deaths,,Sub-Saharan Africa,3,Both,10,25-29 years,302,Diarrheal diseases,183,Clostridium difficile,1,Number,2006,330.1219187,330.1219187,148.788624
1,Deaths,,Sub-Saharan Africa,3,Both,10,25-29 years,302,Diarrheal diseases,183,Clostridium difficile,1,Number,2007,326.0876964,326.0876964,152.018184
1,Deaths,,Sub-Saharan Africa,3,Both,10,25-29 years,302,Diarrheal diseases,183,Clostridium difficile,1,Number,2008,340.0430232,340.0430232,153.0020777
1,Deaths,,Sub-Saharan Africa,3,Both,10,25-29 years,302,Diarrheal diseases,183,Clostridium difficile,1,Number,2009,347.6875735,347.6875735,157.0262407
1,Deaths,,Sub-Saharan Africa,3,Both,10,25-29 years,302,Diarrheal diseases,183,Clostridium difficile,1,Number,2010,356.0946319,356.0946319,161.2219652
1,Deaths,,Sub-Saharan Africa,3,Both,10,25-29 years,302,Diarrheal diseases,183,Clostridium difficile,1,Number,2011,366.924566,366.924566,162.928107
1,Deaths,,Sub-Saharan Africa,3,Both,10,25-29 years,302,Diarrheal diseases,183,Clostridium difficile,1,Number,2012,361.5539061,361.5539061,160.2820135
1,Deaths,,Sub-Saharan Africa,3,Both,10,25-29 years,302,Diarrheal diseases,183,Clostridium difficile,1,Number,2013,363.1975291,363.1975291,161.3615976
1,Deaths,,Sub-Saharan Africa,3,Both,10,25-29 years,302,Diarrheal diseases,183,Clostridium difficile,1,Number,2014,376.6733384,376.6733384,169.4613715
1,Deaths,,Sub-Saharan Africa,3,Both,10,25-29 years,302,Diarrheal diseases,183,Clostridium difficile,1,Number,2015,409.3783953,409.3783953,179.9871633
1,Deaths,,Sub-Saharan Africa,3,Both,10,25-29 years,302,Diarrheal diseases,183,Clostridium difficile,1,Number,2016,425.5557634,425.5557634,188.0952849
1,Deaths,,Sub-Saharan Africa,3,Both,10,25-29 years,302,Diarrheal diseases,183,Clostridium difficile,1,Number,2017,435.5473994,435.5473994,196.3193156
1,Deaths,,Sub-Saharan Africa,3,Both,10,25-29 years,302,Diarrheal diseases,183,Clostridium difficile,1,Number,2018,445.6989335,445.6989335,201.217652
1,Deaths,,Sub-Saharan Africa,3,Both,10,25-29 years,302,Diarrheal diseases,183,Clostridium difficile,1,Number,2019,467.6111313,467.6111313,210.5288717
1,Deaths,,Sub-Saharan Africa,3,Both,10,25-29 years,302,Diarrheal diseases,183,Clostridium difficile,1,Number,2020,470.1186155,470.1186155,208.9311696
1,Deaths,,Sub-Saharan Africa,3,Both,10,25-29 years,302,Diarrheal diseases,183,Clostridium difficile,1,Number,2021,480.01059,480.01059,219.6044662
1,Deaths,,Sub-Saharan Africa,3,Both,11,30-34 years,302,Diarrheal diseases,183,Clostridium difficile,1,Number,1990,210.5378871,210.5378871,81.93038887
1,Deaths,,Sub-Saharan Africa,3,Both,11,30-34 years,302,Diarrheal diseases,183,Clostridium difficile,1,Number,1991,217.7786632,217.7786632,85.30010603
1,Deaths,,Sub-Saharan Africa,3,Both,11,30-34 years,302,Diarrheal diseases,183,Clostridium difficile,1,Number,1992,219.6870787,219.6870787,89.26421683
1,Deaths,,Sub-Saharan Africa,3,Both,11,30-34 years,302,Diarrheal diseases,183,Clostridium difficile,1,Number,1993,217.1151489,217.1151489,89.84767192
1,Deaths,,Sub-Saharan Africa,3,Both,11,30-34 years,302,Diarrheal diseases,183,Clostridium difficile,1,Number,1994,261.1292336,261.1292336,97.99523786
1,Deaths,,Sub-Saharan Africa,3,Both,11,30-34 years,302,Diarrheal diseases,183,Clostridium difficile,1,Number,1995,215.8238494,215.8238494,91.648982
1,Deaths,,Sub-Saharan Africa,3,Both,11,30-34 years,302,Diarrheal diseases,183,Clostridium difficile,1,Number,1996,219.0665618,219.0665618,90.97148135
1,Deaths,,Sub-Saharan Africa,3,Both,11,30-34 years,302,Diarrheal diseases,183,Clostridium difficile,1,Number,1997,222.971161,222.971161,93.60158528
1,Deaths,,Sub-Saharan Africa,3,Both,11,30-34 years,302,Diarrheal diseases,183,Clostridium difficile,1,Number,1998,236.0191505,236.0191505,98.77390949
1,Deaths,,Sub-Saharan Africa,3,Both,11,30-34 years,302,Diarrheal diseases,183,Clostridium difficile,1,Number,1999,242.6159787,242.6159787,101.9205442
1,Deaths,,Sub-Saharan Africa,3,Both,11,30-34 years,302,Diarrheal diseases,183,Clostridium difficile,1,Number,2000,257.9240901,257.9240901,107.9361472
1,Deaths,,Sub-Saharan Africa,3,Both,11,30-34 years,302,Diarrheal diseases,183,Clostridium difficile,1,Number,2001,271.481814,271.481814,115.689751
1,Deaths,,Sub-Saharan Africa,3,Both,11,30-34 years,302,Diarrheal diseases,183,Clostridium difficile,1,Number,2002,293.4083731,293.4083731,129.6855282
1,Deaths,,Sub-Saharan Africa,3,Both,11,30-34 years,302,Diarrheal diseases,183,Clostridium difficile,1,Number,2003,320.8582767,320.8582767,144.1054664
1,Deaths,,Sub-Saharan Africa,3,Both,11,30-34 years,302,Diarrheal diseases,183,Clostridium difficile,1,Number,2004,333.5721717,333.5721717,152.3991216
1,Deaths,,Sub-Saharan Africa,3,Both,11,30-34 years,302,Diarrheal diseases,183,Clostridium difficile,1,Number,2005,335.9111973,335.9111973,153.014595
1,Deaths,,Sub-Saharan Africa,3,Both,11,30-34 years,302,Diarrheal diseases,183,Clostridium difficile,1,Number,2006,336.0463881,336.0463881,157.1227537
1,Deaths,,Sub-Saharan Africa,3,Both,11,30-34 years,302,Diarrheal diseases,183,Clostridium difficile,1,Number,2007,332.6072549,332.6072549,160.5928121
1,Deaths,,Sub-Saharan Africa,3,Both,11,30-34 years,302,Diarrheal diseases,183,Clostridium difficile,1,Number,2008,341.2820103,341.2820103,166.5371929
1,Deaths,,Sub-Saharan Africa,3,Both,11,30-34 years,302,Diarrheal diseases,183,Clostridium difficile,1,Number,2009,348.8997714,348.8997714,161.0873779
1,Deaths,,Sub-Saharan Africa,3,Both,11,30-34 years,302,Diarrheal diseases,183,Clostridium difficile,1,Number,2010,348.6796636,348.6796636,169.6855867
1,Deaths,,Sub-Saharan Africa,3,Both,11,30-34 years,302,Diarrheal diseases,183,Clostridium difficile,1,Number,2011,356.5784674,356.5784674,167.1956901
1,Deaths,,Sub-Saharan Africa,3,Both,11,30-34 years,302,Diarrheal diseases,183,Clostridium difficile,1,Number,2012,360.0436758,360.0436758,161.1506348
1,Deaths,,Sub-Saharan Africa,3,Both,11,30-34 years,302,Diarrheal diseases,183,Clostridium difficile,1,Number,2013,365.9130102,365.9130102,162.106813
1,Deaths,,Sub-Saharan Africa,3,Both,11,30-34 years,302,Diarrheal diseases,183,Clostridium difficile,1,Number,2014,380.2146326,380.2146326,173.511516
1,Deaths,,Sub-Saharan Africa,3,Both,11,30-34 years,302,Diarrheal diseases,183,Clostridium difficile,1,Number,2015,415.0480615,415.0480615,182.7414192
1,Deaths,,Sub-Saharan Africa,3,Both,11,30-34 years,302,Diarrheal diseases,183,Clostridium difficile,1,Number,2016,428.1381102,428.1381102,196.7707341
1,Deaths,,Sub-Saharan Africa,3,Both,11,30-34 years,302,Diarrheal diseases,183,Clostridium difficile,1,Number,2017,443.2537111,443.2537111,204.6640437
1,Deaths,,Sub-Saharan Africa,3,Both,11,30-34 years,302,Diarrheal diseases,183,Clostridium difficile,1,Number,2018,459.6752847,459.6752847,211.4260465
1,Deaths,,Sub-Saharan Africa,3,Both,11,30-34 years,302,Diarrheal diseases,183,Clostridium difficile,1,Number,2019,488.1718717,488.1718717,226.1856736
1,Deaths,,Sub-Saharan Africa,3,Both,11,30-34 years,302,Diarrheal diseases,183,Clostridium difficile,1,Number,2020,490.731643,490.731643,224.1245552
1,Deaths,,Sub-Saharan Africa,3,Both,11,30-34 years,302,Diarrheal diseases,183,Clostridium difficile,1,Number,2021,504.1375903,504.1375903,230.9401831
1,Deaths,,Sub-Saharan Africa,3,Both,12,35-39 years,302,Diarrheal diseases,183,Clostridium difficile,1,Number,1990,229.2612922,229.2612922,89.27956422
1,Deaths,,Sub-Saharan Africa,3,Both,12,35-39 years,302,Diarrheal diseases,183,Clostridium difficile,1,Number,1991,235.5559582,235.5559582,94.02603668
1,Deaths,,Sub-Saharan Africa,3,Both,12,35-39 years,302,Diarrheal diseases,183,Clostridium difficile,1,Number,1992,239.8999917,239.8999917,97.38258368
1,Deaths,,Sub-Saharan Africa,3,Both,12,35-39 years,302,Diarrheal diseases,183,Clostridium difficile,1,Number,1993,238.6390958,238.6390958,100.3254099
1,Deaths,,Sub-Saharan Africa,3,Both,12,35-39 years,302,Diarrheal diseases,183,Clostridium difficile,1,Number,1994,277.8187131,277.8187131,107.5162858
1,Deaths,,Sub-Saharan Africa,3,Both,12,35-39 years,302,Diarrheal diseases,183,Clostridium difficile,1,Number,1995,245.6847594,245.6847594,101.2568284
1,Deaths,,Sub-Saharan Africa,3,Both,12,35-39 years,302,Diarrheal diseases,183,Clostridium difficile,1,Number,1996,247.9953901,247.9953901,105.1003917
1,Deaths,,Sub-Saharan Africa,3,Both,12,35-39 years,302,Diarrheal diseases,183,Clostridium difficile,1,Number,1997,257.5421416,257.5421416,106.8174401
1,Deaths,,Sub-Saharan Africa,3,Both,12,35-39 years,302,Diarrheal diseases,183,Clostridium difficile,1,Number,1998,270.5447829,270.5447829,114.4352334
1,Deaths,,Sub-Saharan Africa,3,Both,12,35-39 years,302,Diarrheal diseases,183,Clostridium difficile,1,Number,1999,274.87702,274.87702,118.1543761
1,Deaths,,Sub-Saharan Africa,3,Both,12,35-39 years,302,Diarrheal diseases,183,Clostridium difficile,1,Number,2000,289.8535819,289.8535819,123.0991866
1,Deaths,,Sub-Saharan Africa,3,Both,12,35-39 years,302,Diarrheal diseases,183,Clostridium difficile,1,Number,2001,306.0584497,306.0584497,125.5596169
1,Deaths,,Sub-Saharan Africa,3,Both,12,35-39 years,302,Diarrheal diseases,183,Clostridium difficile,1,Number,2002,319.9091811,319.9091811,142.3424532
1,Deaths,,Sub-Saharan Africa,3,Both,12,35-39 years,302,Diarrheal diseases,183,Clostridium difficile,1,Number,2003,344.2293234,344.2293234,154.7741699
1,Deaths,,Sub-Saharan Africa,3,Both,12,35-39 years,302,Diarrheal diseases,183,Clostridium difficile,1,Number,2004,359.2958378,359.2958378,160.5551074
1,Deaths,,Sub-Saharan Africa,3,Both,12,35-39 years,302,Diarrheal diseases,183,Clostridium difficile,1,Number,2005,365.3721813,365.3721813,162.800881
1,Deaths,,Sub-Saharan Africa,3,Both,12,35-39 years,302,Diarrheal diseases,183,Clostridium difficile,1,Number,2006,363.1122281,363.1122281,172.5913379
1,Deaths,,Sub-Saharan Africa,3,Both,12,35-39 years,302,Diarrheal diseases,183,Clostridium difficile,1,Number,2007,370.7609672,370.7609672,171.7381397
1,Deaths,,Sub-Saharan Africa,3,Both,12,35-39 years,302,Diarrheal diseases,183,Clostridium difficile,1,Number,2008,383.6600824,383.6600824,186.4831831
1,Deaths,,Sub-Saharan Africa,3,Both,12,35-39 years,302,Diarrheal diseases,183,Clostridium difficile,1,Number,2009,392.6813692,392.6813692,189.4519263
1,Deaths,,Sub-Saharan Africa,3,Both,12,35-39 years,302,Diarrheal diseases,183,Clostridium difficile,1,Number,2010,406.9465947,406.9465947,193.5492005
1,Deaths,,Sub-Saharan Africa,3,Both,12,35-39 years,302,Diarrheal diseases,183,Clostridium difficile,1,Number,2011,412.0696694,412.0696694,197.7554446
1,Deaths,,Sub-Saharan Africa,3,Both,12,35-39 years,302,Diarrheal diseases,183,Clostridium difficile,1,Number,2012,415.2776396,415.2776396,193.9061351
1,Deaths,,Sub-Saharan Africa,3,Both,12,35-39 years,302,Diarrheal diseases,183,Clostridium difficile,1,Number,2013,423.7337921,423.7337921,195.0389763
1,Deaths,,Sub-Saharan Africa,3,Both,12,35-39 years,302,Diarrheal diseases,183,Clostridium difficile,1,Number,2014,445.5972215,445.5972215,207.8920651
1,Deaths,,Sub-Saharan Africa,3,Both,12,35-39 years,302,Diarrheal diseases,183,Clostridium difficile,1,Number,2015,478.60398,478.60398,228.5286873
1,Deaths,,Sub-Saharan Africa,3,Both,12,35-39 years,302,Diarrheal diseases,183,Clostridium difficile,1,Number,2016,507.0894273,507.0894273,232.6068102
1,Deaths,,Sub-Saharan Africa,3,Both,12,35-39 years,302,Diarrheal diseases,183,Clostridium difficile,1,Number,2017,519.7437188,519.7437188,245.2995935
1,Deaths,,Sub-Saharan Africa,3,Both,12,35-39 years,302,Diarrheal diseases,183,Clostridium difficile,1,Number,2018,539.9083822,539.9083822,255.6513222
1,Deaths,,Sub-Saharan Africa,3,Both,12,35-39 years,302,Diarrheal diseases,183,Clostridium difficile,1,Number,2019,571.9871859,571.9871859,274.807124
1,Deaths,,Sub-Saharan Africa,3,Both,12,35-39 years,302,Diarrheal diseases,183,Clostridium difficile,1,Number,2020,577.8240909,577.8240909,272.2032731
1,Deaths,,Sub-Saharan Africa,3,Both,12,35-39 years,302,Diarrheal diseases,183,Clostridium difficile,1,Number,2021,595.3640461,595.3640461,282.7295291
1,Deaths,,Sub-Saharan Africa,3,Both,13,40-44 years,302,Diarrheal diseases,183,Clostridium difficile,1,Number,1990,259.003978,259.003978,103.9943154
1,Deaths,,Sub-Saharan Africa,3,Both,13,40-44 years,302,Diarrheal diseases,183,Clostridium difficile,1,Number,1991,274.9658551,274.9658551,104.7694004
1,Deaths,,Sub-Saharan Africa,3,Both,13,40-44 years,302,Diarrheal diseases,183,Clostridium difficile,1,Number,1992,280.4392265,280.4392265,111.9702586
1,Deaths,,Sub-Saharan Africa,3,Both,13,40-44 years,302,Diarrheal diseases,183,Clostridium difficile,1,Number,1993,287.0331356,287.0331356,114.1115324
1,Deaths,,Sub-Saharan Africa,3,Both,13,40-44 years,302,Diarrheal diseases,183,Clostridium difficile,1,Number,1994,327.4549596,327.4549596,132.5856106
1,Deaths,,Sub-Saharan Africa,3,Both,13,40-44 years,302,Diarrheal diseases,183,Clostridium difficile,1,Number,1995,302.4031934,302.4031934,125.9521804
1,Deaths,,Sub-Saharan Africa,3,Both,13,40-44 years,302,Diarrheal diseases,183,Clostridium difficile,1,Number,1996,310.8932826,310.8932826,127.6559144
1,Deaths,,Sub-Saharan Africa,3,Both,13,40-44 years,302,Diarrheal diseases,183,Clostridium difficile,1,Number,1997,323.6330365,323.6330365,131.9996519
1,Deaths,,Sub-Saharan Africa,3,Both,13,40-44 years,302,Diarrheal diseases,183,Clostridium difficile,1,Number,1998,338.9968299,338.9968299,140.3628992
1,Deaths,,Sub-Saharan Africa,3,Both,13,40-44 years,302,Diarrheal diseases,183,Clostridium difficile,1,Number,1999,344.8965123,344.8965123,142.1033252
1,Deaths,,Sub-Saharan Africa,3,Both,13,40-44 years,302,Diarrheal diseases,183,Clostridium difficile,1,Number,2000,355.7572303,355.7572303,151.1395641
1,Deaths,,Sub-Saharan Africa,3,Both,13,40-44 years,302,Diarrheal diseases,183,Clostridium difficile,1,Number,2001,369.5762186,369.5762186,153.5855483
1,Deaths,,Sub-Saharan Africa,3,Both,13,40-44 years,302,Diarrheal diseases,183,Clostridium difficile,1,Number,2002,385.3978491,385.3978491,166.7182611
1,Deaths,,Sub-Saharan Africa,3,Both,13,40-44 years,302,Diarrheal diseases,183,Clostridium difficile,1,Number,2003,410.655707,410.655707,178.6154684
1,Deaths,,Sub-Saharan Africa,3,Both,13,40-44 years,302,Diarrheal diseases,183,Clostridium difficile,1,Number,2004,423.5813238,423.5813238,184.1969902
1,Deaths,,Sub-Saharan Africa,3,Both,13,40-44 years,302,Diarrheal diseases,183,Clostridium difficile,1,Number,2005,427.8351066,427.8351066,189.6102873
1,Deaths,,Sub-Saharan Africa,3,Both,13,40-44 years,302,Diarrheal diseases,183,Clostridium difficile,1,Number,2006,431.8606151,431.8606151,193.2087353
1,Deaths,,Sub-Saharan Africa,3,Both,13,40-44 years,302,Diarrheal diseases,183,Clostridium difficile,1,Number,2007,437.6569651,437.6569651,197.0984612
1,Deaths,,Sub-Saharan Africa,3,Both,13,40-44 years,302,Diarrheal diseases,183,Clostridium difficile,1,Number,2008,451.6806016,451.6806016,210.9565348
1,Deaths,,Sub-Saharan Africa,3,Both,13,40-44 years,302,Diarrheal diseases,183,Clostridium difficile,1,Number,2009,469.4674232,469.4674232,214.8351845
1,Deaths,,Sub-Saharan Africa,3,Both,13,40-44 years,302,Diarrheal diseases,183,Clostridium difficile,1,Number,2010,488.4682221,488.4682221,225.9776439
1,Deaths,,Sub-Saharan Africa,3,Both,13,40-44 years,302,Diarrheal diseases,183,Clostridium difficile,1,Number,2011,506.7910695,506.7910695,229.8755469
1,Deaths,,Sub-Saharan Africa,3,Both,13,40-44 years,302,Diarrheal diseases,183,Clostridium difficile,1,Number,2012,514.5370146,514.5370146,231.9008439
1,Deaths,,Sub-Saharan Africa,3,Both,13,40-44 years,302,Diarrheal diseases,183,Clostridium difficile,1,Number,2013,533.2078768,533.2078768,234.9863014
1,Deaths,,Sub-Saharan Africa,3,Both,13,40-44 years,302,Diarrheal diseases,183,Clostridium difficile,1,Number,2014,560.5444888,560.5444888,257.8865191
1,Deaths,,Sub-Saharan Africa,3,Both,13,40-44 years,302,Diarrheal diseases,183,Clostridium difficile,1,Number,2015,606.6683843,606.6683843,286.750246
1,Deaths,,Sub-Saharan Africa,3,Both,13,40-44 years,302,Diarrheal diseases,183,Clostridium difficile,1,Number,2016,647.3245759,647.3245759,294.1886501
1,Deaths,,Sub-Saharan Africa,3,Both,13,40-44 years,302,Diarrheal diseases,183,Clostridium difficile,1,Number,2017,670.8668798,670.8668798,306.3548825
1,Deaths,,Sub-Saharan Africa,3,Both,13,40-44 years,302,Diarrheal diseases,183,Clostridium difficile,1,Number,2018,696.1944628,696.1944628,323.0019195
1,Deaths,,Sub-Saharan Africa,3,Both,13,40-44 years,302,Diarrheal diseases,183,Clostridium difficile,1,Number,2019,729.5702627,729.5702627,349.1470471
1,Deaths,,Sub-Saharan Africa,3,Both,13,40-44 years,302,Diarrheal diseases,183,Clostridium difficile,1,Number,2020,740.4519567,740.4519567,346.6235306
1,Deaths,,Sub-Saharan Africa,3,Both,13,40-44 years,302,Diarrheal diseases,183,Clostridium difficile,1,Number,2021,773.4945642,773.4945642,352.6063328
1,Deaths,,Sub-Saharan Africa,3,Both,14,45-49 years,302,Diarrheal diseases,183,Clostridium difficile,1,Number,1990,341.4111533,341.4111533,130.9552546
1,Deaths,,Sub-Saharan Africa,3,Both,14,45-49 years,302,Diarrheal diseases,183,Clostridium difficile,1,Number,1991,346.2708821,346.2708821,137.00278
1,Deaths,,Sub-Saharan Africa,3,Both,14,45-49 years,302,Diarrheal diseases,183,Clostridium difficile,1,Number,1992,347.804098,347.804098,139.2610839
1,Deaths,,Sub-Saharan Africa,3,Both,14,45-49 years,302,Diarrheal diseases,183,Clostridium difficile,1,Number,1993,349.8163404,349.8163404,141.7704738
1,Deaths,,Sub-Saharan Africa,3,Both,14,45-49 years,302,Diarrheal diseases,183,Clostridium difficile,1,Number,1994,388.0946785,388.0946785,159.2769228
1,Deaths,,Sub-Saharan Africa,3,Both,14,45-49 years,302,Diarrheal diseases,183,Clostridium difficile,1,Number,1995,357.2926558,357.2926558,147.0100187
1,Deaths,,Sub-Saharan Africa,3,Both,14,45-49 years,302,Diarrheal diseases,183,Clostridium difficile,1,Number,1996,373.2703733,373.2703733,153.4906818
1,Deaths,,Sub-Saharan Africa,3,Both,14,45-49 years,302,Diarrheal diseases,183,Clostridium difficile,1,Number,1997,395.540674,395.540674,160.5835321
1,Deaths,,Sub-Saharan Africa,3,Both,14,45-49 years,302,Diarrheal diseases,183,Clostridium difficile,1,Number,1998,412.7391584,412.7391584,177.4179251
1,Deaths,,Sub-Saharan Africa,3,Both,14,45-49 years,302,Diarrheal diseases,183,Clostridium difficile,1,Number,1999,424.3318834,424.3318834,178.8601942
1,Deaths,,Sub-Saharan Africa,3,Both,14,45-49 years,302,Diarrheal diseases,183,Clostridium difficile,1,Number,2000,445.8413554,445.8413554,184.2629019
1,Deaths,,Sub-Saharan Africa,3,Both,14,45-49 years,302,Diarrheal diseases,183,Clostridium difficile,1,Number,2001,449.611576,449.611576,188.7122801
1,Deaths,,Sub-Saharan Africa,3,Both,14,45-49 years,302,Diarrheal diseases,183,Clostridium difficile,1,Number,2002,464.0899756,464.0899756,198.8605522
1,Deaths,,Sub-Saharan Africa,3,Both,14,45-49 years,302,Diarrheal diseases,183,Clostridium difficile,1,Number,2003,488.2119323,488.2119323,208.8509031
1,Deaths,,Sub-Saharan Africa,3,Both,14,45-49 years,302,Diarrheal diseases,183,Clostridium difficile,1,Number,2004,496.9358751,496.9358751,216.5560719
1,Deaths,,Sub-Saharan Africa,3,Both,14,45-49 years,302,Diarrheal diseases,183,Clostridium difficile,1,Number,2005,511.1537149,511.1537149,219.8706681
1,Deaths,,Sub-Saharan Africa,3,Both,14,45-49 years,302,Diarrheal diseases,183,Clostridium difficile,1,Number,2006,514.0547686,514.0547686,229.885745
1,Deaths,,Sub-Saharan Africa,3,Both,14,45-49 years,302,Diarrheal diseases,183,Clostridium difficile,1,Number,2007,523.2578276,523.2578276,240.9608509
1,Deaths,,Sub-Saharan Africa,3,Both,14,45-49 years,302,Diarrheal diseases,183,Clostridium difficile,1,Number,2008,555.0566124,555.0566124,249.958295
1,Deaths,,Sub-Saharan Africa,3,Both,14,45-49 years,302,Diarrheal diseases,183,Clostridium difficile,1,Number,2009,572.7607799,572.7607799,270.1085405
1,Deaths,,Sub-Saharan Africa,3,Both,14,45-49 years,302,Diarrheal diseases,183,Clostridium difficile,1,Number,2010,603.5916772,603.5916772,285.1976343
1,Deaths,,Sub-Saharan Africa,3,Both,14,45-49 years,302,Diarrheal diseases,183,Clostridium difficile,1,Number,2011,634.9929224,634.9929224,288.0969835
1,Deaths,,Sub-Saharan Africa,3,Both,14,45-49 years,302,Diarrheal diseases,183,Clostridium difficile,1,Number,2012,645.8106557,645.8106557,291.0088319
1,Deaths,,Sub-Saharan Africa,3,Both,14,45-49 years,302,Diarrheal diseases,183,Clostridium difficile,1,Number,2013,667.5415976,667.5415976,291.3233004
1,Deaths,,Sub-Saharan Africa,3,Both,14,45-49 years,302,Diarrheal diseases,183,Clostridium difficile,1,Number,2014,690.7120732,690.7120732,325.194556
1,Deaths,,Sub-Saharan Africa,3,Both,14,45-49 years,302,Diarrheal diseases,183,Clostridium difficile,1,Number,2015,760.8781234,760.8781234,344.128267
1,Deaths,,Sub-Saharan Africa,3,Both,14,45-49 years,302,Diarrheal diseases,183,Clostridium difficile,1,Number,2016,790.5092714,790.5092714,370.2853619
1,Deaths,,Sub-Saharan Africa,3,Both,14,45-49 years,302,Diarrheal diseases,183,Clostridium difficile,1,Number,2017,816.2916377,816.2916377,384.6401381
1,Deaths,,Sub-Saharan Africa,3,Both,14,45-49 years,302,Diarrheal diseases,183,Clostridium difficile,1,Number,2018,854.1374254,854.1374254,396.4417257
1,Deaths,,Sub-Saharan Africa,3,Both,14,45-49 years,302,Diarrheal diseases,183,Clostridium difficile,1,Number,2019,901.9140684,901.9140684,414.1958326
1,Deaths,,Sub-Saharan Africa,3,Both,14,45-49 years,302,Diarrheal diseases,183,Clostridium difficile,1,Number,2020,911.0081558,911.0081558,430.1003549
1,Deaths,,Sub-Saharan Africa,3,Both,14,45-49 years,302,Diarrheal diseases,183,Clostridium difficile,1,Number,2021,949.9824817,949.9824817,440.0778519
1,Deaths,,Sub-Saharan Africa,3,Both,6,5-9 years,302,Diarrheal diseases,183,Clostridium difficile,1,Number,1990,400.1067324,400.1067324,130.4621258
1,Deaths,,Sub-Saharan Africa,3,Both,6,5-9 years,302,Diarrheal diseases,183,Clostridium difficile,1,Number,1991,391.2222954,391.2222954,128.6539103
1,Deaths,,Sub-Saharan Africa,3,Both,6,5-9 years,302,Diarrheal diseases,183,Clostridium difficile,1,Number,1992,366.1432872,366.1432872,127.1708714
1,Deaths,,Sub-Saharan Africa,3,Both,6,5-9 years,302,Diarrheal diseases,183,Clostridium difficile,1,Number,1993,362.2869678,362.2869678,130.628292
1,Deaths,,Sub-Saharan Africa,3,Both,6,5-9 years,302,Diarrheal diseases,183,Clostridium difficile,1,Number,1994,954.6778669,954.6778669,190.2817292
1,Deaths,,Sub-Saharan Africa,3,Both,6,5-9 years,302,Diarrheal diseases,183,Clostridium difficile,1,Number,1995,372.5042243,372.5042243,131.7384961
1,Deaths,,Sub-Saharan Africa,3,Both,6,5-9 years,302,Diarrheal diseases,183,Clostridium difficile,1,Number,1996,385.9115398,385.9115398,140.4422416
1,Deaths,,Sub-Saharan Africa,3,Both,6,5-9 years,302,Diarrheal diseases,183,Clostridium difficile,1,Number,1997,387.5862604,387.5862604,143.9231479
1,Deaths,,Sub-Saharan Africa,3,Both,6,5-9 years,302,Diarrheal diseases,183,Clostridium difficile,1,Number,1998,408.6191511,408.6191511,144.3171906
1,Deaths,,Sub-Saharan Africa,3,Both,6,5-9 years,302,Diarrheal diseases,183,Clostridium difficile,1,Number,1999,423.6564589,423.6564589,144.0621444
1,Deaths,,Sub-Saharan Africa,3,Both,6,5-9 years,302,Diarrheal diseases,183,Clostridium difficile,1,Number,2000,422.0841598,422.0841598,149.3781369
1,Deaths,,Sub-Saharan Africa,3,Both,6,5-9 years,302,Diarrheal diseases,183,Clostridium difficile,1,Number,2001,401.2571618,401.2571618,148.1646221
1,Deaths,,Sub-Saharan Africa,3,Both,6,5-9 years,302,Diarrheal diseases,183,Clostridium difficile,1,Number,2002,430.6750471,430.6750471,149.1682923
1,Deaths,,Sub-Saharan Africa,3,Both,6,5-9 years,302,Diarrheal diseases,183,Clostridium difficile,1,Number,2003,434.5809465,434.5809465,160.846253
1,Deaths,,Sub-Saharan Africa,3,Both,6,5-9 years,302,Diarrheal diseases,183,Clostridium difficile,1,Number,2004,442.4417567,442.4417567,156.8514722
1,Deaths,,Sub-Saharan Africa,3,Both,6,5-9 years,302,Diarrheal diseases,183,Clostridium difficile,1,Number,2005,422.5360241,422.5360241,164.3045819
1,Deaths,,Sub-Saharan Africa,3,Both,6,5-9 years,302,Diarrheal diseases,183,Clostridium difficile,1,Number,2006,429.8937938,429.8937938,161.4886974
1,Deaths,,Sub-Saharan Africa,3,Both,6,5-9 years,302,Diarrheal diseases,183,Clostridium difficile,1,Number,2007,441.8661924,441.8661924,169.9901508
1,Deaths,,Sub-Saharan Africa,3,Both,6,5-9 years,302,Diarrheal diseases,183,Clostridium difficile,1,Number,2008,449.4011704,449.4011704,170.7617692
1,Deaths,,Sub-Saharan Africa,3,Both,6,5-9 years,302,Diarrheal diseases,183,Clostridium difficile,1,Number,2009,467.1904218,467.1904218,181.3432291
1,Deaths,,Sub-Saharan Africa,3,Both,6,5-9 years,302,Diarrheal diseases,183,Clostridium difficile,1,Number,2010,492.4343749,492.4343749,197.5580546
1,Deaths,,Sub-Saharan Africa,3,Both,6,5-9 years,302,Diarrheal diseases,183,Clostridium difficile,1,Number,2011,655.9576182,655.9576182,238.1669556
1,Deaths,,Sub-Saharan Africa,3,Both,6,5-9 years,302,Diarrheal diseases,183,Clostridium difficile,1,Number,2012,548.1243112,548.1243112,217.728949
1,Deaths,,Sub-Saharan Africa,3,Both,6,5-9 years,302,Diarrheal diseases,183,Clostridium difficile,1,Number,2013,525.2395025,525.2395025,210.4278052
1,Deaths,,Sub-Saharan Africa,3,Both,6,5-9 years,302,Diarrheal diseases,183,Clostridium difficile,1,Number,2014,551.0869534,551.0869534,220.807851
1,Deaths,,Sub-Saharan Africa,3,Both,6,5-9 years,302,Diarrheal diseases,183,Clostridium difficile,1,Number,2015,597.2814252,597.2814252,239.3029449
1,Deaths,,Sub-Saharan Africa,3,Both,6,5-9 years,302,Diarrheal diseases,183,Clostridium difficile,1,Number,2016,621.7455977,621.7455977,250.99342
1,Deaths,,Sub-Saharan Africa,3,Both,6,5-9 years,302,Diarrheal diseases,183,Clostridium difficile,1,Number,2017,632.1990029,632.1990029,266.5612445
1,Deaths,,Sub-Saharan Africa,3,Both,6,5-9 years,302,Diarrheal diseases,183,Clostridium difficile,1,Number,2018,633.9124196,633.9124196,259.7229167
1,Deaths,,Sub-Saharan Africa,3,Both,6,5-9 years,302,Diarrheal diseases,183,Clostridium difficile,1,Number,2019,631.9678647,631.9678647,262.3500446
1,Deaths,,Sub-Saharan Africa,3,Both,6,5-9 years,302,Diarrheal diseases,183,Clostridium difficile,1,Number,2020,608.1930801,608.1930801,253.4425968
1,Deaths,,Sub-Saharan Africa,3,Both,6,5-9 years,302,Diarrheal diseases,183,Clostridium difficile,1,Number,2021,596.2277486,596.2277486,248.2039306
1,Deaths,,Sub-Saharan Africa,3,Both,15,50-54 years,302,Diarrheal diseases,183,Clostridium difficile,1,Number,1990,496.5603958,496.5603958,192.3107531
1,Deaths,,Sub-Saharan Africa,3,Both,15,50-54 years,302,Diarrheal diseases,183,Clostridium difficile,1,Number,1991,508.9515779,508.9515779,194.8391003
1,Deaths,,Sub-Saharan Africa,3,Both,15,50-54 years,302,Diarrheal diseases,183,Clostridium difficile,1,Number,1992,509.1163703,509.1163703,203.6751719
1,Deaths,,Sub-Saharan Africa,3,Both,15,50-54 years,302,Diarrheal diseases,183,Clostridium difficile,1,Number,1993,511.259178,511.259178,210.1963723
1,Deaths,,Sub-Saharan Africa,3,Both,15,50-54 years,302,Diarrheal diseases,183,Clostridium difficile,1,Number,1994,571.5470552,571.5470552,233.8914352
1,Deaths,,Sub-Saharan Africa,3,Both,15,50-54 years,302,Diarrheal diseases,183,Clostridium difficile,1,Number,1995,517.7655558,517.7655558,222.6095655
1,Deaths,,Sub-Saharan Africa,3,Both,15,50-54 years,302,Diarrheal diseases,183,Clostridium difficile,1,Number,1996,532.4828985,532.4828985,228.6696165
1,Deaths,,Sub-Saharan Africa,3,Both,15,50-54 years,302,Diarrheal diseases,183,Clostridium difficile,1,Number,1997,550.8058682,550.8058682,234.0757031
1,Deaths,,Sub-Saharan Africa,3,Both,15,50-54 years,302,Diarrheal diseases,183,Clostridium difficile,1,Number,1998,574.4043477,574.4043477,248.6440617
1,Deaths,,Sub-Saharan Africa,3,Both,15,50-54 years,302,Diarrheal diseases,183,Clostridium difficile,1,Number,1999,577.0804789,577.0804789,244.3860508
1,Deaths,,Sub-Saharan Africa,3,Both,15,50-54 years,302,Diarrheal diseases,183,Clostridium difficile,1,Number,2000,591.0749334,591.0749334,249.0983857
1,Deaths,,Sub-Saharan Africa,3,Both,15,50-54 years,302,Diarrheal diseases,183,Clostridium difficile,1,Number,2001,618.2641949,618.2641949,251.1732353
1,Deaths,,Sub-Saharan Africa,3,Both,15,50-54 years,302,Diarrheal diseases,183,Clostridium difficile,1,Number,2002,636.5148862,636.5148862,277.4432085
1,Deaths,,Sub-Saharan Africa,3,Both,15,50-54 years,302,Diarrheal diseases,183,Clostridium difficile,1,Number,2003,678.904028,678.904028,291.4021
1,Deaths,,Sub-Saharan Africa,3,Both,15,50-54 years,302,Diarrheal diseases,183,Clostridium difficile,1,Number,2004,698.033241,698.033241,304.9781157
1,Deaths,,Sub-Saharan Africa,3,Both,15,50-54 years,302,Diarrheal diseases,183,Clostridium difficile,1,Number,2005,729.6803359,729.6803359,313.7000759
1,Deaths,,Sub-Saharan Africa,3,Both,15,50-54 years,302,Diarrheal diseases,183,Clostridium difficile,1,Number,2006,731.3535978,731.3535978,330.7370624
1,Deaths,,Sub-Saharan Africa,3,Both,15,50-54 years,302,Diarrheal diseases,183,Clostridium difficile,1,Number,2007,751.4734613,751.4734613,344.884119
1,Deaths,,Sub-Saharan Africa,3,Both,15,50-54 years,302,Diarrheal diseases,183,Clostridium difficile,1,Number,2008,796.108447,796.108447,365.1239605
1,Deaths,,Sub-Saharan Africa,3,Both,15,50-54 years,302,Diarrheal diseases,183,Clostridium difficile,1,Number,2009,828.4399858,828.4399858,390.1044598
1,Deaths,,Sub-Saharan Africa,3,Both,15,50-54 years,302,Diarrheal diseases,183,Clostridium difficile,1,Number,2010,879.7264566,879.7264566,411.1692623
1,Deaths,,Sub-Saharan Africa,3,Both,15,50-54 years,302,Diarrheal diseases,183,Clostridium difficile,1,Number,2011,972.3743125,972.3743125,455.1887598
1,Deaths,,Sub-Saharan Africa,3,Both,15,50-54 years,302,Diarrheal diseases,183,Clostridium difficile,1,Number,2012,922.6087455,922.6087455,429.5991353
1,Deaths,,Sub-Saharan Africa,3,Both,15,50-54 years,302,Diarrheal diseases,183,Clostridium difficile,1,Number,2013,957.7407913,957.7407913,424.154122
1,Deaths,,Sub-Saharan Africa,3,Both,15,50-54 years,302,Diarrheal diseases,183,Clostridium difficile,1,Number,2014,990.945576,990.945576,470.8809487
1,Deaths,,Sub-Saharan Africa,3,Both,15,50-54 years,302,Diarrheal diseases,183,Clostridium difficile,1,Number,2015,1087.503817,1087.503817,492.4985664
1,Deaths,,Sub-Saharan Africa,3,Both,15,50-54 years,302,Diarrheal diseases,183,Clostridium difficile,1,Number,2016,1132.729956,1132.729956,515.9510286
1,Deaths,,Sub-Saharan Africa,3,Both,15,50-54 years,302,Diarrheal diseases,183,Clostridium difficile,1,Number,2017,1156.867139,1156.867139,537.0618568
1,Deaths,,Sub-Saharan Africa,3,Both,15,50-54 years,302,Diarrheal diseases,183,Clostridium difficile,1,Number,2018,1193.489828,1193.489828,553.3427234
1,Deaths,,Sub-Saharan Africa,3,Both,15,50-54 years,302,Diarrheal diseases,183,Clostridium difficile,1,Number,2019,1235.014119,1235.014119,580.9286023
1,Deaths,,Sub-Saharan Africa,3,Both,15,50-54 years,302,Diarrheal diseases,183,Clostridium difficile,1,Number,2020,1260.39856,1260.39856,578.0125747
1,Deaths,,Sub-Saharan Africa,3,Both,15,50-54 years,302,Diarrheal diseases,183,Clostridium difficile,1,Number,2021,1283.801036,1283.801036,615.6856555
1,Deaths,,Sub-Saharan Africa,3,Both,16,55-59 years,302,Diarrheal diseases,183,Clostridium difficile,1,Number,1990,658.60161,658.60161,251.3270197
1,Deaths,,Sub-Saharan Africa,3,Both,16,55-59 years,302,Diarrheal diseases,183,Clostridium difficile,1,Number,1991,671.443577,671.443577,249.4179896
1,Deaths,,Sub-Saharan Africa,3,Both,16,55-59 years,302,Diarrheal diseases,183,Clostridium difficile,1,Number,1992,669.3166526,669.3166526,259.1510911
1,Deaths,,Sub-Saharan Africa,3,Both,16,55-59 years,302,Diarrheal diseases,183,Clostridium difficile,1,Number,1993,674.7247101,674.7247101,265.4580748
1,Deaths,,Sub-Saharan Africa,3,Both,16,55-59 years,302,Diarrheal diseases,183,Clostridium difficile,1,Number,1994,780.3451258,780.3451258,330.0697717
1,Deaths,,Sub-Saharan Africa,3,Both,16,55-59 years,302,Diarrheal diseases,183,Clostridium difficile,1,Number,1995,677.4133489,677.4133489,291.9471855
1,Deaths,,Sub-Saharan Africa,3,Both,16,55-59 years,302,Diarrheal diseases,183,Clostridium difficile,1,Number,1996,713.6536969,713.6536969,286.3189917
1,Deaths,,Sub-Saharan Africa,3,Both,16,55-59 years,302,Diarrheal diseases,183,Clostridium difficile,1,Number,1997,741.5565828,741.5565828,300.2453658
1,Deaths,,Sub-Saharan Africa,3,Both,16,55-59 years,302,Diarrheal diseases,183,Clostridium difficile,1,Number,1998,780.0539779,780.0539779,317.0630597
1,Deaths,,Sub-Saharan Africa,3,Both,16,55-59 years,302,Diarrheal diseases,183,Clostridium difficile,1,Number,1999,793.5768363,793.5768363,304.9575998
1,Deaths,,Sub-Saharan Africa,3,Both,16,55-59 years,302,Diarrheal diseases,183,Clostridium difficile,1,Number,2000,790.9754461,790.9754461,318.1680947
1,Deaths,,Sub-Saharan Africa,3,Both,16,55-59 years,302,Diarrheal diseases,183,Clostridium difficile,1,Number,2001,792.504975,792.504975,325.9481685
1,Deaths,,Sub-Saharan Africa,3,Both,16,55-59 years,302,Diarrheal diseases,183,Clostridium difficile,1,Number,2002,807.9503788,807.9503788,341.5379787
1,Deaths,,Sub-Saharan Africa,3,Both,16,55-59 years,302,Diarrheal diseases,183,Clostridium difficile,1,Number,2003,852.9209548,852.9209548,347.305193
1,Deaths,,Sub-Saharan Africa,3,Both,16,55-59 years,302,Diarrheal diseases,183,Clostridium difficile,1,Number,2004,852.2617567,852.2617567,367.677141
1,Deaths,,Sub-Saharan Africa,3,Both,16,55-59 years,302,Diarrheal diseases,183,Clostridium difficile,1,Number,2005,875.5553498,875.5553498,371.512189
1,Deaths,,Sub-Saharan Africa,3,Both,16,55-59 years,302,Diarrheal diseases,183,Clostridium difficile,1,Number,2006,895.7675285,895.7675285,393.6851554
1,Deaths,,Sub-Saharan Africa,3,Both,16,55-59 years,302,Diarrheal diseases,183,Clostridium difficile,1,Number,2007,928.1617318,928.1617318,418.8616429
1,Deaths,,Sub-Saharan Africa,3,Both,16,55-59 years,302,Diarrheal diseases,183,Clostridium difficile,1,Number,2008,990.9603071,990.9603071,444.3056624
1,Deaths,,Sub-Saharan Africa,3,Both,16,55-59 years,302,Diarrheal diseases,183,Clostridium difficile,1,Number,2009,1034.111095,1034.111095,478.4105668
1,Deaths,,Sub-Saharan Africa,3,Both,16,55-59 years,302,Diarrheal diseases,183,Clostridium difficile,1,Number,2010,1100.594352,1100.594352,512.2371449
1,Deaths,,Sub-Saharan Africa,3,Both,16,55-59 years,302,Diarrheal diseases,183,Clostridium difficile,1,Number,2011,1199.282195,1199.282195,520.4550804
1,Deaths,,Sub-Saharan Africa,3,Both,16,55-59 years,302,Diarrheal diseases,183,Clostridium difficile,1,Number,2012,1164.491121,1164.491121,517.3613785
1,Deaths,,Sub-Saharan Africa,3,Both,16,55-59 years,302,Diarrheal diseases,183,Clostridium difficile,1,Number,2013,1199.576045,1199.576045,525.6821676
1,Deaths,,Sub-Saharan Africa,3,Both,16,55-59 years,302,Diarrheal diseases,183,Clostridium difficile,1,Number,2014,1260.77304,1260.77304,571.7376622
1,Deaths,,Sub-Saharan Africa,3,Both,16,55-59 years,302,Diarrheal diseases,183,Clostridium difficile,1,Number,2015,1380.6376,1380.6376,611.0159683
1,Deaths,,Sub-Saharan Africa,3,Both,16,55-59 years,302,Diarrheal diseases,183,Clostridium difficile,1,Number,2016,1447.00243,1447.00243,638.3863351
1,Deaths,,Sub-Saharan Africa,3,Both,16,55-59 years,302,Diarrheal diseases,183,Clostridium difficile,1,Number,2017,1459.756132,1459.756132,690.2306779
1,Deaths,,Sub-Saharan Africa,3,Both,16,55-59 years,302,Diarrheal diseases,183,Clostridium difficile,1,Number,2018,1510.43913,1510.43913,708.6848697
1,Deaths,,Sub-Saharan Africa,3,Both,16,55-59 years,302,Diarrheal diseases,183,Clostridium difficile,1,Number,2019,1580.523256,1580.523256,722.3722942
1,Deaths,,Sub-Saharan Africa,3,Both,16,55-59 years,302,Diarrheal diseases,183,Clostridium difficile,1,Number,2020,1589.338021,1589.338021,741.4523264
1,Deaths,,Sub-Saharan Africa,3,Both,16,55-59 years,302,Diarrheal diseases,183,Clostridium difficile,1,Number,2021,1638.450241,1638.450241,752.8526181
1,Deaths,,Sub-Saharan Africa,3,Both,17,60-64 years,302,Diarrheal diseases,183,Clostridium difficile,1,Number,1990,861.5140489,861.5140489,333.3899595
1,Deaths,,Sub-Saharan Africa,3,Both,17,60-64 years,302,Diarrheal diseases,183,Clostridium difficile,1,Number,1991,877.3642209,877.3642209,340.4547006
1,Deaths,,Sub-Saharan Africa,3,Both,17,60-64 years,302,Diarrheal diseases,183,Clostridium difficile,1,Number,1992,875.1379608,875.1379608,355.8594375
1,Deaths,,Sub-Saharan Africa,3,Both,17,60-64 years,302,Diarrheal diseases,183,Clostridium difficile,1,Number,1993,882.9575202,882.9575202,362.4354875
1,Deaths,,Sub-Saharan Africa,3,Both,17,60-64 years,302,Diarrheal diseases,183,Clostridium difficile,1,Number,1994,989.7444015,989.7444015,414.9999952
1,Deaths,,Sub-Saharan Africa,3,Both,17,60-64 years,302,Diarrheal diseases,183,Clostridium difficile,1,Number,1995,898.9124991,898.9124991,374.3733452
1,Deaths,,Sub-Saharan Africa,3,Both,17,60-64 years,302,Diarrheal diseases,183,Clostridium difficile,1,Number,1996,924.6721623,924.6721623,379.2112366
1,Deaths,,Sub-Saharan Africa,3,Both,17,60-64 years,302,Diarrheal diseases,183,Clostridium difficile,1,Number,1997,952.813026,952.813026,396.8627472
1,Deaths,,Sub-Saharan Africa,3,Both,17,60-64 years,302,Diarrheal diseases,183,Clostridium difficile,1,Number,1998,986.7502068,986.7502068,430.2055782
1,Deaths,,Sub-Saharan Africa,3,Both,17,60-64 years,302,Diarrheal diseases,183,Clostridium difficile,1,Number,1999,1003.915373,1003.915373,416.3220792
1,Deaths,,Sub-Saharan Africa,3,Both,17,60-64 years,302,Diarrheal diseases,183,Clostridium difficile,1,Number,2000,1014.373636,1014.373636,431.0197766
1,Deaths,,Sub-Saharan Africa,3,Both,17,60-64 years,302,Diarrheal diseases,183,Clostridium difficile,1,Number,2001,1036.307267,1036.307267,432.2185325
1,Deaths,,Sub-Saharan Africa,3,Both,17,60-64 years,302,Diarrheal diseases,183,Clostridium difficile,1,Number,2002,1051.542672,1051.542672,464.1543588
1,Deaths,,Sub-Saharan Africa,3,Both,17,60-64 years,302,Diarrheal diseases,183,Clostridium difficile,1,Number,2003,1102.745047,1102.745047,473.6915044
1,Deaths,,Sub-Saharan Africa,3,Both,17,60-64 years,302,Diarrheal diseases,183,Clostridium difficile,1,Number,2004,1117.095272,1117.095272,475.2460504
1,Deaths,,Sub-Saharan Africa,3,Both,17,60-64 years,302,Diarrheal diseases,183,Clostridium difficile,1,Number,2005,1121.258597,1121.258597,475.709843
1,Deaths,,Sub-Saharan Africa,3,Both,17,60-64 years,302,Diarrheal diseases,183,Clostridium difficile,1,Number,2006,1108.973222,1108.973222,499.6893351
1,Deaths,,Sub-Saharan Africa,3,Both,17,60-64 years,302,Diarrheal diseases,183,Clostridium difficile,1,Number,2007,1117.752336,1117.752336,527.4438088
1,Deaths,,Sub-Saharan Africa,3,Both,17,60-64 years,302,Diarrheal diseases,183,Clostridium difficile,1,Number,2008,1172.820037,1172.820037,549.9752239
1,Deaths,,Sub-Saharan Africa,3,Both,17,60-64 years,302,Diarrheal diseases,183,Clostridium difficile,1,Number,2009,1236.423223,1236.423223,560.1901333
1,Deaths,,Sub-Saharan Africa,3,Both,17,60-64 years,302,Diarrheal diseases,183,Clostridium difficile,1,Number,2010,1280.528166,1280.528166,612.556666
1,Deaths,,Sub-Saharan Africa,3,Both,17,60-64 years,302,Diarrheal diseases,183,Clostridium difficile,1,Number,2011,1373.788876,1373.788876,640.3650069
1,Deaths,,Sub-Saharan Africa,3,Both,17,60-64 years,302,Diarrheal diseases,183,Clostridium difficile,1,Number,2012,1410.509075,1410.509075,626.917844
1,Deaths,,Sub-Saharan Africa,3,Both,17,60-64 years,302,Diarrheal diseases,183,Clostridium difficile,1,Number,2013,1440.757686,1440.757686,667.9338434
1,Deaths,,Sub-Saharan Africa,3,Both,17,60-64 years,302,Diarrheal diseases,183,Clostridium difficile,1,Number,2014,1543.732034,1543.732034,714.9932105
1,Deaths,,Sub-Saharan Africa,3,Both,17,60-64 years,302,Diarrheal diseases,183,Clostridium difficile,1,Number,2015,1687.294947,1687.294947,796.687853
1,Deaths,,Sub-Saharan Africa,3,Both,17,60-64 years,302,Diarrheal diseases,183,Clostridium difficile,1,Number,2016,1768.12774,1768.12774,820.8122409
1,Deaths,,Sub-Saharan Africa,3,Both,17,60-64 years,302,Diarrheal diseases,183,Clostridium difficile,1,Number,2017,1830.286023,1830.286023,841.0170651
1,Deaths,,Sub-Saharan Africa,3,Both,17,60-64 years,302,Diarrheal diseases,183,Clostridium difficile,1,Number,2018,1889.200134,1889.200134,880.2159068
1,Deaths,,Sub-Saharan Africa,3,Both,17,60-64 years,302,Diarrheal diseases,183,Clostridium difficile,1,Number,2019,1934.954191,1934.954191,951.7958361
1,Deaths,,Sub-Saharan Africa,3,Both,17,60-64 years,302,Diarrheal diseases,183,Clostridium difficile,1,Number,2020,1974.791798,1974.791798,945.689489
1,Deaths,,Sub-Saharan Africa,3,Both,17,60-64 years,302,Diarrheal diseases,183,Clostridium difficile,1,Number,2021,1999.305935,1999.305935,988.721817
1,Deaths,,Sub-Saharan Africa,3,Both,18,65-69 years,302,Diarrheal diseases,183,Clostridium difficile,1,Number,1990,1021.995641,1021.995641,406.6939376
1,Deaths,,Sub-Saharan Africa,3,Both,18,65-69 years,302,Diarrheal diseases,183,Clostridium difficile,1,Number,1991,1035.964733,1035.964733,410.951958
1,Deaths,,Sub-Saharan Africa,3,Both,18,65-69 years,302,Diarrheal diseases,183,Clostridium difficile,1,Number,1992,1036.67516,1036.67516,424.9323603
1,Deaths,,Sub-Saharan Africa,3,Both,18,65-69 years,302,Diarrheal diseases,183,Clostridium difficile,1,Number,1993,1043.943387,1043.943387,431.3525842
1,Deaths,,Sub-Saharan Africa,3,Both,18,65-69 years,302,Diarrheal diseases,183,Clostridium difficile,1,Number,1994,1145.862433,1145.862433,488.2857667
1,Deaths,,Sub-Saharan Africa,3,Both,18,65-69 years,302,Diarrheal diseases,183,Clostridium difficile,1,Number,1995,1063.113964,1063.113964,459.8934478
1,Deaths,,Sub-Saharan Africa,3,Both,18,65-69 years,302,Diarrheal diseases,183,Clostridium difficile,1,Number,1996,1105.193436,1105.193436,463.0229663
1,Deaths,,Sub-Saharan Africa,3,Both,18,65-69 years,302,Diarrheal diseases,183,Clostridium difficile,1,Number,1997,1138.975092,1138.975092,491.41749
1,Deaths,,Sub-Saharan Africa,3,Both,18,65-69 years,302,Diarrheal diseases,183,Clostridium difficile,1,Number,1998,1201.807347,1201.807347,519.9727094
1,Deaths,,Sub-Saharan Africa,3,Both,18,65-69 years,302,Diarrheal diseases,183,Clostridium difficile,1,Number,1999,1188.711105,1188.711105,530.1870198
1,Deaths,,Sub-Saharan Africa,3,Both,18,65-69 years,302,Diarrheal diseases,183,Clostridium difficile,1,Number,2000,1216.019023,1216.019023,522.1085589
1,Deaths,,Sub-Saharan Africa,3,Both,18,65-69 years,302,Diarrheal diseases,183,Clostridium difficile,1,Number,2001,1230.179512,1230.179512,531.449284
1,Deaths,,Sub-Saharan Africa,3,Both,18,65-69 years,302,Diarrheal diseases,183,Clostridium difficile,1,Number,2002,1267.68807,1267.68807,551.2093508
1,Deaths,,Sub-Saharan Africa,3,Both,18,65-69 years,302,Diarrheal diseases,183,Clostridium difficile,1,Number,2003,1303.584442,1303.584442,578.9707587
1,Deaths,,Sub-Saharan Africa,3,Both,18,65-69 years,302,Diarrheal diseases,183,Clostridium difficile,1,Number,2004,1328.565322,1328.565322,576.3773322
1,Deaths,,Sub-Saharan Africa,3,Both,18,65-69 years,302,Diarrheal diseases,183,Clostridium difficile,1,Number,2005,1324.681389,1324.681389,605.6292997
1,Deaths,,Sub-Saharan Africa,3,Both,18,65-69 years,302,Diarrheal diseases,183,Clostridium difficile,1,Number,2006,1348.32758,1348.32758,605.9076766
1,Deaths,,Sub-Saharan Africa,3,Both,18,65-69 years,302,Diarrheal diseases,183,Clostridium difficile,1,Number,2007,1376.707156,1376.707156,628.2876151
1,Deaths,,Sub-Saharan Africa,3,Both,18,65-69 years,302,Diarrheal diseases,183,Clostridium difficile,1,Number,2008,1427.29626,1427.29626,655.1372599
1,Deaths,,Sub-Saharan Africa,3,Both,18,65-69 years,302,Diarrheal diseases,183,Clostridium difficile,1,Number,2009,1465.18447,1465.18447,689.2280169
1,Deaths,,Sub-Saharan Africa,3,Both,18,65-69 years,302,Diarrheal diseases,183,Clostridium difficile,1,Number,2010,1520.415706,1520.415706,710.6278498
1,Deaths,,Sub-Saharan Africa,3,Both,18,65-69 years,302,Diarrheal diseases,183,Clostridium difficile,1,Number,2011,1561.42359,1561.42359,736.7743931
1,Deaths,,Sub-Saharan Africa,3,Both,18,65-69 years,302,Diarrheal diseases,183,Clostridium difficile,1,Number,2012,1600.078579,1600.078579,726.6283111
1,Deaths,,Sub-Saharan Africa,3,Both,18,65-69 years,302,Diarrheal diseases,183,Clostridium difficile,1,Number,2013,1617.78021,1617.78021,759.5410063
1,Deaths,,Sub-Saharan Africa,3,Both,18,65-69 years,302,Diarrheal diseases,183,Clostridium difficile,1,Number,2014,1691.861965,1691.861965,805.2509076
1,Deaths,,Sub-Saharan Africa,3,Both,18,65-69 years,302,Diarrheal diseases,183,Clostridium difficile,1,Number,2015,1830.282266,1830.282266,869.8462938
1,Deaths,,Sub-Saharan Africa,3,Both,18,65-69 years,302,Diarrheal diseases,183,Clostridium difficile,1,Number,2016,1943.274889,1943.274889,918.0059072
1,Deaths,,Sub-Saharan Africa,3,Both,18,65-69 years,302,Diarrheal diseases,183,Clostridium difficile,1,Number,2017,2004.722742,2004.722742,984.2404167
1,Deaths,,Sub-Saharan Africa,3,Both,18,65-69 years,302,Diarrheal diseases,183,Clostridium difficile,1,Number,2018,2116.030194,2116.030194,1012.914332
1,Deaths,,Sub-Saharan Africa,3,Both,18,65-69 years,302,Diarrheal diseases,183,Clostridium difficile,1,Number,2019,2201.166807,2201.166807,1094.465069
1,Deaths,,Sub-Saharan Africa,3,Both,18,65-69 years,302,Diarrheal diseases,183,Clostridium difficile,1,Number,2020,2278.3023,2278.3023,1106.241645
1,Deaths,,Sub-Saharan Africa,3,Both,18,65-69 years,302,Diarrheal diseases,183,Clostridium difficile,1,Number,2021,2332.001832,2332.001832,1101.066383
1,Deaths,,Sub-Saharan Africa,3,Both,19,70-74 years,302,Diarrheal diseases,183,Clostridium difficile,1,Number,1990,1022.690831,1022.690831,394.4736412
1,Deaths,,Sub-Saharan Africa,3,Both,19,70-74 years,302,Diarrheal diseases,183,Clostridium difficile,1,Number,1991,1048.582099,1048.582099,402.6444488
1,Deaths,,Sub-Saharan Africa,3,Both,19,70-74 years,302,Diarrheal diseases,183,Clostridium difficile,1,Number,1992,1044.509876,1044.509876,421.3741167
1,Deaths,,Sub-Saharan Africa,3,Both,19,70-74 years,302,Diarrheal diseases,183,Clostridium difficile,1,Number,1993,1051.16073,1051.16073,423.5333146
1,Deaths,,Sub-Saharan Africa,3,Both,19,70-74 years,302,Diarrheal diseases,183,Clostridium difficile,1,Number,1994,1083.572688,1083.572688,459.8842873
1,Deaths,,Sub-Saharan Africa,3,Both,19,70-74 years,302,Diarrheal diseases,183,Clostridium difficile,1,Number,1995,1047.716081,1047.716081,455.3550049
1,Deaths,,Sub-Saharan Africa,3,Both,19,70-74 years,302,Diarrheal diseases,183,Clostridium difficile,1,Number,1996,1084.026952,1084.026952,446.8000143
1,Deaths,,Sub-Saharan Africa,3,Both,19,70-74 years,302,Diarrheal diseases,183,Clostridium difficile,1,Number,1997,1114.382093,1114.382093,460.1765874
1,Deaths,,Sub-Saharan Africa,3,Both,19,70-74 years,302,Diarrheal diseases,183,Clostridium difficile,1,Number,1998,1169.618658,1169.618658,490.4289837
1,Deaths,,Sub-Saharan Africa,3,Both,19,70-74 years,302,Diarrheal diseases,183,Clostridium difficile,1,Number,1999,1167.277551,1167.277551,501.2922045
1,Deaths,,Sub-Saharan Africa,3,Both,19,70-74 years,302,Diarrheal diseases,183,Clostridium difficile,1,Number,2000,1211.642995,1211.642995,503.1431375
1,Deaths,,Sub-Saharan Africa,3,Both,19,70-74 years,302,Diarrheal diseases,183,Clostridium difficile,1,Number,2001,1233.613727,1233.613727,526.2099284
1,Deaths,,Sub-Saharan Africa,3,Both,19,70-74 years,302,Diarrheal diseases,183,Clostridium difficile,1,Number,2002,1277.751167,1277.751167,544.7444699
1,Deaths,,Sub-Saharan Africa,3,Both,19,70-74 years,302,Diarrheal diseases,183,Clostridium difficile,1,Number,2003,1327.146035,1327.146035,561.2708592
1,Deaths,,Sub-Saharan Africa,3,Both,19,70-74 years,302,Diarrheal diseases,183,Clostridium difficile,1,Number,2004,1327.72592,1327.72592,570.0346169
1,Deaths,,Sub-Saharan Africa,3,Both,19,70-74 years,302,Diarrheal diseases,183,Clostridium difficile,1,Number,2005,1301.335304,1301.335304,586.3245847
1,Deaths,,Sub-Saharan Africa,3,Both,19,70-74 years,302,Diarrheal diseases,183,Clostridium difficile,1,Number,2006,1311.716385,1311.716385,590.1524705
1,Deaths,,Sub-Saharan Africa,3,Both,19,70-74 years,302,Diarrheal diseases,183,Clostridium difficile,1,Number,2007,1351.039187,1351.039187,598.5218308
1,Deaths,,Sub-Saharan Africa,3,Both,19,70-74 years,302,Diarrheal diseases,183,Clostridium difficile,1,Number,2008,1377.430892,1377.430892,643.3832073
1,Deaths,,Sub-Saharan Africa,3,Both,19,70-74 years,302,Diarrheal diseases,183,Clostridium difficile,1,Number,2009,1423.280514,1423.280514,668.8443368
1,Deaths,,Sub-Saharan Africa,3,Both,19,70-74 years,302,Diarrheal diseases,183,Clostridium difficile,1,Number,2010,1476.179548,1476.179548,718.1182634
1,Deaths,,Sub-Saharan Africa,3,Both,19,70-74 years,302,Diarrheal diseases,183,Clostridium difficile,1,Number,2011,1542.811389,1542.811389,698.3096932
1,Deaths,,Sub-Saharan Africa,3,Both,19,70-74 years,302,Diarrheal diseases,183,Clostridium difficile,1,Number,2012,1569.186877,1569.186877,724.9131997
1,Deaths,,Sub-Saharan Africa,3,Both,19,70-74 years,302,Diarrheal diseases,183,Clostridium difficile,1,Number,2013,1588.407993,1588.407993,737.7723308
1,Deaths,,Sub-Saharan Africa,3,Both,19,70-74 years,302,Diarrheal diseases,183,Clostridium difficile,1,Number,2014,1659.122391,1659.122391,775.804465
1,Deaths,,Sub-Saharan Africa,3,Both,19,70-74 years,302,Diarrheal diseases,183,Clostridium difficile,1,Number,2015,1781.665107,1781.665107,833.2593662
1,Deaths,,Sub-Saharan Africa,3,Both,19,70-74 years,302,Diarrheal diseases,183,Clostridium difficile,1,Number,2016,1846.57666,1846.57666,871.9005874
1,Deaths,,Sub-Saharan Africa,3,Both,19,70-74 years,302,Diarrheal diseases,183,Clostridium difficile,1,Number,2017,1900.990865,1900.990865,884.5776014
1,Deaths,,Sub-Saharan Africa,3,Both,19,70-74 years,302,Diarrheal diseases,183,Clostridium difficile,1,Number,2018,1921.164281,1921.164281,948.2760316
1,Deaths,,Sub-Saharan Africa,3,Both,19,70-74 years,302,Diarrheal diseases,183,Clostridium difficile,1,Number,2019,2000.656168,2000.656168,958.7580687
1,Deaths,,Sub-Saharan Africa,3,Both,19,70-74 years,302,Diarrheal diseases,183,Clostridium difficile,1,Number,2020,2013.352638,2013.352638,937.995572
1,Deaths,,Sub-Saharan Africa,3,Both,19,70-74 years,302,Diarrheal diseases,183,Clostridium difficile,1,Number,2021,2009.635114,2009.635114,1021.320114
1,Deaths,,Sub-Saharan Africa,3,Both,20,75-79 years,302,Diarrheal diseases,183,Clostridium difficile,1,Number,1990,894.3725923,894.3725923,347.9422673
1,Deaths,,Sub-Saharan Africa,3,Both,20,75-79 years,302,Diarrheal diseases,183,Clostridium difficile,1,Number,1991,921.2185168,921.2185168,357.4474312
1,Deaths,,Sub-Saharan Africa,3,Both,20,75-79 years,302,Diarrheal diseases,183,Clostridium difficile,1,Number,1992,937.481358,937.481358,373.545529
1,Deaths,,Sub-Saharan Africa,3,Both,20,75-79 years,302,Diarrheal diseases,183,Clostridium difficile,1,Number,1993,948.8017541,948.8017541,387.9034718
1,Deaths,,Sub-Saharan Africa,3,Both,20,75-79 years,302,Diarrheal diseases,183,Clostridium difficile,1,Number,1994,982.1962375,982.1962375,405.412593
1,Deaths,,Sub-Saharan Africa,3,Both,20,75-79 years,302,Diarrheal diseases,183,Clostridium difficile,1,Number,1995,1000.71527,1000.71527,406.2972224
1,Deaths,,Sub-Saharan Africa,3,Both,20,75-79 years,302,Diarrheal diseases,183,Clostridium difficile,1,Number,1996,1024.085512,1024.085512,437.4321143
1,Deaths,,Sub-Saharan Africa,3,Both,20,75-79 years,302,Diarrheal diseases,183,Clostridium difficile,1,Number,1997,1059.667895,1059.667895,448.8426973
1,Deaths,,Sub-Saharan Africa,3,Both,20,75-79 years,302,Diarrheal diseases,183,Clostridium difficile,1,Number,1998,1115.48677,1115.48677,477.1477215
1,Deaths,,Sub-Saharan Africa,3,Both,20,75-79 years,302,Diarrheal diseases,183,Clostridium difficile,1,Number,1999,1108.420577,1108.420577,474.9106386
1,Deaths,,Sub-Saharan Africa,3,Both,20,75-79 years,302,Diarrheal diseases,183,Clostridium difficile,1,Number,2000,1131.193761,1131.193761,491.38256
1,Deaths,,Sub-Saharan Africa,3,Both,20,75-79 years,302,Diarrheal diseases,183,Clostridium difficile,1,Number,2001,1152.298693,1152.298693,484.0956182
1,Deaths,,Sub-Saharan Africa,3,Both,20,75-79 years,302,Diarrheal diseases,183,Clostridium difficile,1,Number,2002,1203.330106,1203.330106,516.5411554
1,Deaths,,Sub-Saharan Africa,3,Both,20,75-79 years,302,Diarrheal diseases,183,Clostridium difficile,1,Number,2003,1232.630248,1232.630248,535.0290195
1,Deaths,,Sub-Saharan Africa,3,Both,20,75-79 years,302,Diarrheal diseases,183,Clostridium difficile,1,Number,2004,1250.086895,1250.086895,545.0426573
1,Deaths,,Sub-Saharan Africa,3,Both,20,75-79 years,302,Diarrheal diseases,183,Clostridium difficile,1,Number,2005,1242.223736,1242.223736,561.3449673
1,Deaths,,Sub-Saharan Africa,3,Both,20,75-79 years,302,Diarrheal diseases,183,Clostridium difficile,1,Number,2006,1283.250846,1283.250846,572.8940652
1,Deaths,,Sub-Saharan Africa,3,Both,20,75-79 years,302,Diarrheal diseases,183,Clostridium difficile,1,Number,2007,1297.678472,1297.678472,593.2099117
1,Deaths,,Sub-Saharan Africa,3,Both,20,75-79 years,302,Diarrheal diseases,183,Clostridium difficile,1,Number,2008,1359.970657,1359.970657,627.5934746
1,Deaths,,Sub-Saharan Africa,3,Both,20,75-79 years,302,Diarrheal diseases,183,Clostridium difficile,1,Number,2009,1401.588109,1401.588109,651.8216529
1,Deaths,,Sub-Saharan Africa,3,Both,20,75-79 years,302,Diarrheal diseases,183,Clostridium difficile,1,Number,2010,1454.112023,1454.112023,684.6328726
1,Deaths,,Sub-Saharan Africa,3,Both,20,75-79 years,302,Diarrheal diseases,183,Clostridium difficile,1,Number,2011,1494.735419,1494.735419,676.4910551
1,Deaths,,Sub-Saharan Africa,3,Both,20,75-79 years,302,Diarrheal diseases,183,Clostridium difficile,1,Number,2012,1534.238687,1534.238687,703.5739426
1,Deaths,,Sub-Saharan Africa,3,Both,20,75-79 years,302,Diarrheal diseases,183,Clostridium difficile,1,Number,2013,1556.506963,1556.506963,711.1067865
1,Deaths,,Sub-Saharan Africa,3,Both,20,75-79 years,302,Diarrheal diseases,183,Clostridium difficile,1,Number,2014,1591.33358,1591.33358,764.4843462
1,Deaths,,Sub-Saharan Africa,3,Both,20,75-79 years,302,Diarrheal diseases,183,Clostridium difficile,1,Number,2015,1753.764682,1753.764682,835.0576833
1,Deaths,,Sub-Saharan Africa,3,Both,20,75-79 years,302,Diarrheal diseases,183,Clostridium difficile,1,Number,2016,1809.114063,1809.114063,866.1980593
1,Deaths,,Sub-Saharan Africa,3,Both,20,75-79 years,302,Diarrheal diseases,183,Clostridium difficile,1,Number,2017,1846.450612,1846.450612,919.246655
1,Deaths,,Sub-Saharan Africa,3,Both,20,75-79 years,302,Diarrheal diseases,183,Clostridium difficile,1,Number,2018,1917.960204,1917.960204,951.2232001
1,Deaths,,Sub-Saharan Africa,3,Both,20,75-79 years,302,Diarrheal diseases,183,Clostridium difficile,1,Number,2019,2006.406997,2006.406997,975.0058345
1,Deaths,,Sub-Saharan Africa,3,Both,20,75-79 years,302,Diarrheal diseases,183,Clostridium difficile,1,Number,2020,1976.948705,1976.948705,972.7814454
1,Deaths,,Sub-Saharan Africa,3,Both,20,75-79 years,302,Diarrheal diseases,183,Clostridium difficile,1,Number,2021,1971.384895,1971.384895,978.9314913
1,Deaths,,Sub-Saharan Africa,3,Both,30,80-84 years,302,Diarrheal diseases,183,Clostridium difficile,1,Number,1990,638.7629356,638.7629356,231.4311127
1,Deaths,,Sub-Saharan Africa,3,Both,30,80-84 years,302,Diarrheal diseases,183,Clostridium difficile,1,Number,1991,649.8180065,649.8180065,248.2047128
1,Deaths,,Sub-Saharan Africa,3,Both,30,80-84 years,302,Diarrheal diseases,183,Clostridium difficile,1,Number,1992,656.2681884,656.2681884,264.9389003
1,Deaths,,Sub-Saharan Africa,3,Both,30,80-84 years,302,Diarrheal diseases,183,Clostridium difficile,1,Number,1993,666.5706037,666.5706037,278.2207553
1,Deaths,,Sub-Saharan Africa,3,Both,30,80-84 years,302,Diarrheal diseases,183,Clostridium difficile,1,Number,1994,686.5278199,686.5278199,284.3166972
1,Deaths,,Sub-Saharan Africa,3,Both,30,80-84 years,302,Diarrheal diseases,183,Clostridium difficile,1,Number,1995,705.9005808,705.9005808,296.7394559
1,Deaths,,Sub-Saharan Africa,3,Both,30,80-84 years,302,Diarrheal diseases,183,Clostridium difficile,1,Number,1996,734.9034976,734.9034976,312.9087339
1,Deaths,,Sub-Saharan Africa,3,Both,30,80-84 years,302,Diarrheal diseases,183,Clostridium difficile,1,Number,1997,772.9442108,772.9442108,324.0654491
1,Deaths,,Sub-Saharan Africa,3,Both,30,80-84 years,302,Diarrheal diseases,183,Clostridium difficile,1,Number,1998,836.2327444,836.2327444,345.1448239
1,Deaths,,Sub-Saharan Africa,3,Both,30,80-84 years,302,Diarrheal diseases,183,Clostridium difficile,1,Number,1999,855.4652681,855.4652681,349.8734279
1,Deaths,,Sub-Saharan Africa,3,Both,30,80-84 years,302,Diarrheal diseases,183,Clostridium difficile,1,Number,2000,886.9275015,886.9275015,375.4489454
1,Deaths,,Sub-Saharan Africa,3,Both,30,80-84 years,302,Diarrheal diseases,183,Clostridium difficile,1,Number,2001,920.2004808,920.2004808,399.1342468
1,Deaths,,Sub-Saharan Africa,3,Both,30,80-84 years,302,Diarrheal diseases,183,Clostridium difficile,1,Number,2002,980.9261696,980.9261696,417.0944789
1,Deaths,,Sub-Saharan Africa,3,Both,30,80-84 years,302,Diarrheal diseases,183,Clostridium difficile,1,Number,2003,1011.322543,1011.322543,440.6639787
1,Deaths,,Sub-Saharan Africa,3,Both,30,80-84 years,302,Diarrheal diseases,183,Clostridium difficile,1,Number,2004,1011.686924,1011.686924,453.7026117
1,Deaths,,Sub-Saharan Africa,3,Both,30,80-84 years,302,Diarrheal diseases,183,Clostridium difficile,1,Number,2005,999.6981181,999.6981181,449.4023241
1,Deaths,,Sub-Saharan Africa,3,Both,30,80-84 years,302,Diarrheal diseases,183,Clostridium difficile,1,Number,2006,1026.878311,1026.878311,460.5436776
1,Deaths,,Sub-Saharan Africa,3,Both,30,80-84 years,302,Diarrheal diseases,183,Clostridium difficile,1,Number,2007,1044.148089,1044.148089,474.3093374
1,Deaths,,Sub-Saharan Africa,3,Both,30,80-84 years,302,Diarrheal diseases,183,Clostridium difficile,1,Number,2008,1097.171625,1097.171625,506.5416431
1,Deaths,,Sub-Saharan Africa,3,Both,30,80-84 years,302,Diarrheal diseases,183,Clostridium difficile,1,Number,2009,1131.414324,1131.414324,535.8529236
1,Deaths,,Sub-Saharan Africa,3,Both,30,80-84 years,302,Diarrheal diseases,183,Clostridium difficile,1,Number,2010,1193.244115,1193.244115,570.8313612
1,Deaths,,Sub-Saharan Africa,3,Both,30,80-84 years,302,Diarrheal diseases,183,Clostridium difficile,1,Number,2011,1208.827524,1208.827524,572.9719755
1,Deaths,,Sub-Saharan Africa,3,Both,30,80-84 years,302,Diarrheal diseases,183,Clostridium difficile,1,Number,2012,1264.440809,1264.440809,576.3098536
1,Deaths,,Sub-Saharan Africa,3,Both,30,80-84 years,302,Diarrheal diseases,183,Clostridium difficile,1,Number,2013,1291.437718,1291.437718,578.2816579
1,Deaths,,Sub-Saharan Africa,3,Both,30,80-84 years,302,Diarrheal diseases,183,Clostridium difficile,1,Number,2014,1330.85631,1330.85631,628.6869738
1,Deaths,,Sub-Saharan Africa,3,Both,30,80-84 years,302,Diarrheal diseases,183,Clostridium difficile,1,Number,2015,1441.71844,1441.71844,696.2385834
1,Deaths,,Sub-Saharan Africa,3,Both,30,80-84 years,302,Diarrheal diseases,183,Clostridium difficile,1,Number,2016,1499.109496,1499.109496,707.2450318
1,Deaths,,Sub-Saharan Africa,3,Both,30,80-84 years,302,Diarrheal diseases,183,Clostridium difficile,1,Number,2017,1545.10782,1545.10782,734.9824883
1,Deaths,,Sub-Saharan Africa,3,Both,30,80-84 years,302,Diarrheal diseases,183,Clostridium difficile,1,Number,2018,1589.678681,1589.678681,785.9644299
1,Deaths,,Sub-Saharan Africa,3,Both,30,80-84 years,302,Diarrheal diseases,183,Clostridium difficile,1,Number,2019,1664.047111,1664.047111,814.6917256
1,Deaths,,Sub-Saharan Africa,3,Both,30,80-84 years,302,Diarrheal diseases,183,Clostridium difficile,1,Number,2020,1628.185326,1628.185326,831.0623328
1,Deaths,,Sub-Saharan Africa,3,Both,30,80-84 years,302,Diarrheal diseases,183,Clostridium difficile,1,Number,2021,1619.593426,1619.593426,813.4129685
1,Deaths,,Sub-Saharan Africa,3,Both,31,85-89 years,302,Diarrheal diseases,183,Clostridium difficile,1,Number,1990,354.0004413,354.0004413,128.2474243
1,Deaths,,Sub-Saharan Africa,3,Both,31,85-89 years,302,Diarrheal diseases,183,Clostridium difficile,1,Number,1991,368.6558944,368.6558944,136.1394851
1,Deaths,,Sub-Saharan Africa,3,Both,31,85-89 years,302,Diarrheal diseases,183,Clostridium difficile,1,Number,1992,371.2088785,371.2088785,148.3059687
1,Deaths,,Sub-Saharan Africa,3,Both,31,85-89 years,302,Diarrheal diseases,183,Clostridium difficile,1,Number,1993,378.1992248,378.1992248,152.2176474
1,Deaths,,Sub-Saharan Africa,3,Both,31,85-89 years,302,Diarrheal diseases,183,Clostridium difficile,1,Number,1994,382.6551884,382.6551884,158.1670737
1,Deaths,,Sub-Saharan Africa,3,Both,31,85-89 years,302,Diarrheal diseases,183,Clostridium difficile,1,Number,1995,394.967492,394.967492,157.6802964
1,Deaths,,Sub-Saharan Africa,3,Both,31,85-89 years,302,Diarrheal diseases,183,Clostridium difficile,1,Number,1996,412.36821,412.36821,166.8893617
1,Deaths,,Sub-Saharan Africa,3,Both,31,85-89 years,302,Diarrheal diseases,183,Clostridium difficile,1,Number,1997,428.4396335,428.4396335,176.8645458
1,Deaths,,Sub-Saharan Africa,3,Both,31,85-89 years,302,Diarrheal diseases,183,Clostridium difficile,1,Number,1998,463.9868891,463.9868891,190.2818735
1,Deaths,,Sub-Saharan Africa,3,Both,31,85-89 years,302,Diarrheal diseases,183,Clostridium difficile,1,Number,1999,473.5160799,473.5160799,191.4504065
1,Deaths,,Sub-Saharan Africa,3,Both,31,85-89 years,302,Diarrheal diseases,183,Clostridium difficile,1,Number,2000,483.5627389,483.5627389,207.5159587
1,Deaths,,Sub-Saharan Africa,3,Both,31,85-89 years,302,Diarrheal diseases,183,Clostridium difficile,1,Number,2001,515.8629016,515.8629016,204.9921118
1,Deaths,,Sub-Saharan Africa,3,Both,31,85-89 years,302,Diarrheal diseases,183,Clostridium difficile,1,Number,2002,546.0025636,546.0025636,228.8505214
1,Deaths,,Sub-Saharan Africa,3,Both,31,85-89 years,302,Diarrheal diseases,183,Clostridium difficile,1,Number,2003,571.1024559,571.1024559,247.1038702
1,Deaths,,Sub-Saharan Africa,3,Both,31,85-89 years,302,Diarrheal diseases,183,Clostridium difficile,1,Number,2004,593.2817793,593.2817793,255.2432358
1,Deaths,,Sub-Saharan Africa,3,Both,31,85-89 years,302,Diarrheal diseases,183,Clostridium difficile,1,Number,2005,593.8611147,593.8611147,259.0740106
1,Deaths,,Sub-Saharan Africa,3,Both,31,85-89 years,302,Diarrheal diseases,183,Clostridium difficile,1,Number,2006,620.2587759,620.2587759,280.7182692
1,Deaths,,Sub-Saharan Africa,3,Both,31,85-89 years,302,Diarrheal diseases,183,Clostridium difficile,1,Number,2007,638.7489903,638.7489903,290.131796
1,Deaths,,Sub-Saharan Africa,3,Both,31,85-89 years,302,Diarrheal diseases,183,Clostridium difficile,1,Number,2008,666.7922226,666.7922226,314.3226659
1,Deaths,,Sub-Saharan Africa,3,Both,31,85-89 years,302,Diarrheal diseases,183,Clostridium difficile,1,Number,2009,680.7129127,680.7129127,329.8776152
1,Deaths,,Sub-Saharan Africa,3,Both,31,85-89 years,302,Diarrheal diseases,183,Clostridium difficile,1,Number,2010,718.2347582,718.2347582,344.7063213
1,Deaths,,Sub-Saharan Africa,3,Both,31,85-89 years,302,Diarrheal diseases,183,Clostridium difficile,1,Number,2011,724.2019538,724.2019538,334.6725717
1,Deaths,,Sub-Saharan Africa,3,Both,31,85-89 years,302,Diarrheal diseases,183,Clostridium difficile,1,Number,2012,751.9647688,751.9647688,342.4913116
1,Deaths,,Sub-Saharan Africa,3,Both,31,85-89 years,302,Diarrheal diseases,183,Clostridium difficile,1,Number,2013,755.0019572,755.0019572,352.6354865
1,Deaths,,Sub-Saharan Africa,3,Both,31,85-89 years,302,Diarrheal diseases,183,Clostridium difficile,1,Number,2014,800.3908152,800.3908152,378.0628044
1,Deaths,,Sub-Saharan Africa,3,Both,31,85-89 years,302,Diarrheal diseases,183,Clostridium difficile,1,Number,2015,871.8306506,871.8306506,418.8262623
1,Deaths,,Sub-Saharan Africa,3,Both,31,85-89 years,302,Diarrheal diseases,183,Clostridium difficile,1,Number,2016,923.8981725,923.8981725,426.8704245
1,Deaths,,Sub-Saharan Africa,3,Both,31,85-89 years,302,Diarrheal diseases,183,Clostridium difficile,1,Number,2017,943.7714059,943.7714059,462.5126255
1,Deaths,,Sub-Saharan Africa,3,Both,31,85-89 years,302,Diarrheal diseases,183,Clostridium difficile,1,Number,2018,990.1333254,990.1333254,486.7486259
1,Deaths,,Sub-Saharan Africa,3,Both,31,85-89 years,302,Diarrheal diseases,183,Clostridium difficile,1,Number,2019,1034.480388,1034.480388,509.5532817
1,Deaths,,Sub-Saharan Africa,3,Both,31,85-89 years,302,Diarrheal diseases,183,Clostridium difficile,1,Number,2020,1014.56984,1014.56984,513.9879687
1,Deaths,,Sub-Saharan Africa,3,Both,31,85-89 years,302,Diarrheal diseases,183,Clostridium difficile,1,Number,2021,993.5242365,993.5242365,486.877713
1,Deaths,,Sub-Saharan Africa,3,Both,32,90-94 years,302,Diarrheal diseases,183,Clostridium difficile,1,Number,1990,144.0839953,144.0839953,52.04666282
1,Deaths,,Sub-Saharan Africa,3,Both,32,90-94 years,302,Diarrheal diseases,183,Clostridium difficile,1,Number,1991,153.0896376,153.0896376,55.4666157
1,Deaths,,Sub-Saharan Africa,3,Both,32,90-94 years,302,Diarrheal diseases,183,Clostridium difficile,1,Number,1992,156.3078849,156.3078849,61.06639613
1,Deaths,,Sub-Saharan Africa,3,Both,32,90-94 years,302,Diarrheal diseases,183,Clostridium difficile,1,Number,1993,160.9837207,160.9837207,64.39010634
1,Deaths,,Sub-Saharan Africa,3,Both,32,90-94 years,302,Diarrheal diseases,183,Clostridium difficile,1,Number,1994,164.7038823,164.7038823,66.07164725
1,Deaths,,Sub-Saharan Africa,3,Both,32,90-94 years,302,Diarrheal diseases,183,Clostridium difficile,1,Number,1995,169.7183042,169.7183042,67.1080518
1,Deaths,,Sub-Saharan Africa,3,Both,32,90-94 years,302,Diarrheal diseases,183,Clostridium difficile,1,Number,1996,180.2785507,180.2785507,70.94790923
1,Deaths,,Sub-Saharan Africa,3,Both,32,90-94 years,302,Diarrheal diseases,183,Clostridium difficile,1,Number,1997,186.1435533,186.1435533,76.73611517
1,Deaths,,Sub-Saharan Africa,3,Both,32,90-94 years,302,Diarrheal diseases,183,Clostridium difficile,1,Number,1998,200.8993854,200.8993854,80.08909407
1,Deaths,,Sub-Saharan Africa,3,Both,32,90-94 years,302,Diarrheal diseases,183,Clostridium difficile,1,Number,1999,201.5997075,201.5997075,81.55078824
1,Deaths,,Sub-Saharan Africa,3,Both,32,90-94 years,302,Diarrheal diseases,183,Clostridium difficile,1,Number,2000,206.7972873,206.7972873,83.55541286
1,Deaths,,Sub-Saharan Africa,3,Both,32,90-94 years,302,Diarrheal diseases,183,Clostridium difficile,1,Number,2001,215.0053295,215.0053295,88.14922954
1,Deaths,,Sub-Saharan Africa,3,Both,32,90-94 years,302,Diarrheal diseases,183,Clostridium difficile,1,Number,2002,228.6792282,228.6792282,93.65763067
1,Deaths,,Sub-Saharan Africa,3,Both,32,90-94 years,302,Diarrheal diseases,183,Clostridium difficile,1,Number,2003,238.4528352,238.4528352,99.22188322
1,Deaths,,Sub-Saharan Africa,3,Both,32,90-94 years,302,Diarrheal diseases,183,Clostridium difficile,1,Number,2004,241.9694979,241.9694979,103.3230318
1,Deaths,,Sub-Saharan Africa,3,Both,32,90-94 years,302,Diarrheal diseases,183,Clostridium difficile,1,Number,2005,237.889204,237.889204,100.6034059
1,Deaths,,Sub-Saharan Africa,3,Both,32,90-94 years,302,Diarrheal diseases,183,Clostridium difficile,1,Number,2006,243.9205166,243.9205166,106.390703
1,Deaths,,Sub-Saharan Africa,3,Both,32,90-94 years,302,Diarrheal diseases,183,Clostridium difficile,1,Number,2007,256.0252931,256.0252931,111.5377878
1,Deaths,,Sub-Saharan Africa,3,Both,32,90-94 years,302,Diarrheal diseases,183,Clostridium difficile,1,Number,2008,270.0912212,270.0912212,121.4756947
1,Deaths,,Sub-Saharan Africa,3,Both,32,90-94 years,302,Diarrheal diseases,183,Clostridium difficile,1,Number,2009,284.8921338,284.8921338,132.3304982
1,Deaths,,Sub-Saharan Africa,3,Both,32,90-94 years,302,Diarrheal diseases,183,Clostridium difficile,1,Number,2010,307.8218476,307.8218476,143.562961
1,Deaths,,Sub-Saharan Africa,3,Both,32,90-94 years,302,Diarrheal diseases,183,Clostridium difficile,1,Number,2011,318.089348,318.089348,144.5778398
1,Deaths,,Sub-Saharan Africa,3,Both,32,90-94 years,302,Diarrheal diseases,183,Clostridium difficile,1,Number,2012,333.2919383,333.2919383,149.0949533
1,Deaths,,Sub-Saharan Africa,3,Both,32,90-94 years,302,Diarrheal diseases,183,Clostridium difficile,1,Number,2013,333.2347616,333.2347616,154.7514067
1,Deaths,,Sub-Saharan Africa,3,Both,32,90-94 years,302,Diarrheal diseases,183,Clostridium difficile,1,Number,2014,353.3478039,353.3478039,164.387753
1,Deaths,,Sub-Saharan Africa,3,Both,32,90-94 years,302,Diarrheal diseases,183,Clostridium difficile,1,Number,2015,384.8913538,384.8913538,181.0708693
1,Deaths,,Sub-Saharan Africa,3,Both,32,90-94 years,302,Diarrheal diseases,183,Clostridium difficile,1,Number,2016,407.432718,407.432718,186.8846226
1,Deaths,,Sub-Saharan Africa,3,Both,32,90-94 years,302,Diarrheal diseases,183,Clostridium difficile,1,Number,2017,422.7388536,422.7388536,199.9071081
1,Deaths,,Sub-Saharan Africa,3,Both,32,90-94 years,302,Diarrheal diseases,183,Clostridium difficile,1,Number,2018,448.6803693,448.6803693,208.7472364
1,Deaths,,Sub-Saharan Africa,3,Both,32,90-94 years,302,Diarrheal diseases,183,Clostridium difficile,1,Number,2019,465.6680239,465.6680239,229.1278025
1,Deaths,,Sub-Saharan Africa,3,Both,32,90-94 years,302,Diarrheal diseases,183,Clostridium difficile,1,Number,2020,461.3712808,461.3712808,222.2480173
1,Deaths,,Sub-Saharan Africa,3,Both,32,90-94 years,302,Diarrheal diseases,183,Clostridium difficile,1,Number,2021,431.5177467,431.5177467,207.9918239
1,Deaths,,Sub-Saharan Africa,3,Both,235,95+ years,302,Diarrheal diseases,183,Clostridium difficile,1,Number,1990,42.42840549,42.42840549,14.24745874
1,Deaths,,Sub-Saharan Africa,3,Both,235,95+ years,302,Diarrheal diseases,183,Clostridium difficile,1,Number,1991,45.07704104,45.07704104,15.46661446
1,Deaths,,Sub-Saharan Africa,3,Both,235,95+ years,302,Diarrheal diseases,183,Clostridium difficile,1,Number,1992,46.42261146,46.42261146,16.58012587
1,Deaths,,Sub-Saharan Africa,3,Both,235,95+ years,302,Diarrheal diseases,183,Clostridium difficile,1,Number,1993,48.03398733,48.03398733,17.24932094
1,Deaths,,Sub-Saharan Africa,3,Both,235,95+ years,302,Diarrheal diseases,183,Clostridium difficile,1,Number,1994,48.65059752,48.65059752,18.06492031
1,Deaths,,Sub-Saharan Africa,3,Both,235,95+ years,302,Diarrheal diseases,183,Clostridium difficile,1,Number,1995,50.72991926,50.72991926,18.3161444
1,Deaths,,Sub-Saharan Africa,3,Both,235,95+ years,302,Diarrheal diseases,183,Clostridium difficile,1,Number,1996,53.25594957,53.25594957,20.26911447
1,Deaths,,Sub-Saharan Africa,3,Both,235,95+ years,302,Diarrheal diseases,183,Clostridium difficile,1,Number,1997,56.15895958,56.15895958,21.424419
1,Deaths,,Sub-Saharan Africa,3,Both,235,95+ years,302,Diarrheal diseases,183,Clostridium difficile,1,Number,1998,61.22194711,61.22194711,23.66336972
1,Deaths,,Sub-Saharan Africa,3,Both,235,95+ years,302,Diarrheal diseases,183,Clostridium difficile,1,Number,1999,63.11874628,63.11874628,24.1077648
1,Deaths,,Sub-Saharan Africa,3,Both,235,95+ years,302,Diarrheal diseases,183,Clostridium difficile,1,Number,2000,65.2897533,65.2897533,25.26371057
1,Deaths,,Sub-Saharan Africa,3,Both,235,95+ years,302,Diarrheal diseases,183,Clostridium difficile,1,Number,2001,68.73274718,68.73274718,26.94356802
1,Deaths,,Sub-Saharan Africa,3,Both,235,95+ years,302,Diarrheal diseases,183,Clostridium difficile,1,Number,2002,73.33106608,73.33106608,28.82979747
1,Deaths,,Sub-Saharan Africa,3,Both,235,95+ years,302,Diarrheal diseases,183,Clostridium difficile,1,Number,2003,75.86426489,75.86426489,30.29199887
1,Deaths,,Sub-Saharan Africa,3,Both,235,95+ years,302,Diarrheal diseases,183,Clostridium difficile,1,Number,2004,77.3039492,77.3039492,30.39592805
1,Deaths,,Sub-Saharan Africa,3,Both,235,95+ years,302,Diarrheal diseases,183,Clostridium difficile,1,Number,2005,73.16439976,73.16439976,30.00759205
1,Deaths,,Sub-Saharan Africa,3,Both,235,95+ years,302,Diarrheal diseases,183,Clostridium difficile,1,Number,2006,75.7488116,75.7488116,31.01100778
1,Deaths,,Sub-Saharan Africa,3,Both,235,95+ years,302,Diarrheal diseases,183,Clostridium difficile,1,Number,2007,77.9121479,77.9121479,32.88810649
1,Deaths,,Sub-Saharan Africa,3,Both,235,95+ years,302,Diarrheal diseases,183,Clostridium difficile,1,Number,2008,80.76012281,80.76012281,34.75045037
1,Deaths,,Sub-Saharan Africa,3,Both,235,95+ years,302,Diarrheal diseases,183,Clostridium difficile,1,Number,2009,85.23787499,85.23787499,35.85416072
1,Deaths,,Sub-Saharan Africa,3,Both,235,95+ years,302,Diarrheal diseases,183,Clostridium difficile,1,Number,2010,89.63530679,89.63530679,39.01324621
1,Deaths,,Sub-Saharan Africa,3,Both,235,95+ years,302,Diarrheal diseases,183,Clostridium difficile,1,Number,2011,92.2753127,92.2753127,39.18533988
1,Deaths,,Sub-Saharan Africa,3,Both,235,95+ years,302,Diarrheal diseases,183,Clostridium difficile,1,Number,2012,100.4570348,100.4570348,41.28322259
1,Deaths,,Sub-Saharan Africa,3,Both,235,95+ years,302,Diarrheal diseases,183,Clostridium difficile,1,Number,2013,103.069546,103.069546,42.50397433
1,Deaths,,Sub-Saharan Africa,3,Both,235,95+ years,302,Diarrheal diseases,183,Clostridium difficile,1,Number,2014,110.0936884,110.0936884,47.59118114
1,Deaths,,Sub-Saharan Africa,3,Both,235,95+ years,302,Diarrheal diseases,183,Clostridium difficile,1,Number,2015,123.0948385,123.0948385,53.76910269
1,Deaths,,Sub-Saharan Africa,3,Both,235,95+ years,302,Diarrheal diseases,183,Clostridium difficile,1,Number,2016,131.3126362,131.3126362,58.11383171
1,Deaths,,Sub-Saharan Africa,3,Both,235,95+ years,302,Diarrheal diseases,183,Clostridium difficile,1,Number,2017,138.6686187,138.6686187,61.76028121
1,Deaths,,Sub-Saharan Africa,3,Both,235,95+ years,302,Diarrheal diseases,183,Clostridium difficile,1,Number,2018,145.2796535,145.2796535,67.46942745
1,Deaths,,Sub-Saharan Africa,3,Both,235,95+ years,302,Diarrheal diseases,183,Clostridium difficile,1,Number,2019,154.5410803,154.5410803,69.51771862
1,Deaths,,Sub-Saharan Africa,3,Both,235,95+ years,302,Diarrheal diseases,183,Clostridium difficile,1,Number,2020,148.88034,148.88034,64.57905204
1,Deaths,,Sub-Saharan Africa,3,Both,235,95+ years,302,Diarrheal diseases,183,Clostridium difficile,1,Number,2021,126.7271155,126.7271155,54.28250753
1,Deaths,,Sub-Saharan Africa,3,Both,1,<5 years,302,Diarrheal diseases,183,Clostridium difficile,1,Number,1990,14456.02611,14456.02611,5361.441006
1,Deaths,,Sub-Saharan Africa,3,Both,1,<5 years,302,Diarrheal diseases,183,Clostridium difficile,1,Number,1991,14687.98864,14687.98864,5578.776181
1,Deaths,,Sub-Saharan Africa,3,Both,1,<5 years,302,Diarrheal diseases,183,Clostridium difficile,1,Number,1992,14198.56518,14198.56518,5710.417723
1,Deaths,,Sub-Saharan Africa,3,Both,1,<5 years,302,Diarrheal diseases,183,Clostridium difficile,1,Number,1993,14207.05232,14207.05232,5666.363614
1,Deaths,,Sub-Saharan Africa,3,Both,1,<5 years,302,Diarrheal diseases,183,Clostridium difficile,1,Number,1994,13999.49062,13999.49062,5767.39848
1,Deaths,,Sub-Saharan Africa,3,Both,1,<5 years,302,Diarrheal diseases,183,Clostridium difficile,1,Number,1995,14012.0582,14012.0582,5821.5653
1,Deaths,,Sub-Saharan Africa,3,Both,1,<5 years,302,Diarrheal diseases,183,Clostridium difficile,1,Number,1996,14373.49618,14373.49618,5766.684629
1,Deaths,,Sub-Saharan Africa,3,Both,1,<5 years,302,Diarrheal diseases,183,Clostridium difficile,1,Number,1997,14328.51825,14328.51825,5603.026322
1,Deaths,,Sub-Saharan Africa,3,Both,1,<5 years,302,Diarrheal diseases,183,Clostridium difficile,1,Number,1998,15099.41573,15099.41573,6210.922493
1,Deaths,,Sub-Saharan Africa,3,Both,1,<5 years,302,Diarrheal diseases,183,Clostridium difficile,1,Number,1999,15134.95085,15134.95085,5987.132714
1,Deaths,,Sub-Saharan Africa,3,Both,1,<5 years,302,Diarrheal diseases,183,Clostridium difficile,1,Number,2000,15414.29316,15414.29316,6030.438356
1,Deaths,,Sub-Saharan Africa,3,Both,1,<5 years,302,Diarrheal diseases,183,Clostridium difficile,1,Number,2001,15318.07583,15318.07583,6237.687349
1,Deaths,,Sub-Saharan Africa,3,Both,1,<5 years,302,Diarrheal diseases,183,Clostridium difficile,1,Number,2002,16673.88964,16673.88964,6478.809676
1,Deaths,,Sub-Saharan Africa,3,Both,1,<5 years,302,Diarrheal diseases,183,Clostridium difficile,1,Number,2003,17060.32468,17060.32468,6566.006656
1,Deaths,,Sub-Saharan Africa,3,Both,1,<5 years,302,Diarrheal diseases,183,Clostridium difficile,1,Number,2004,16982.1943,16982.1943,6803.190618
1,Deaths,,Sub-Saharan Africa,3,Both,1,<5 years,302,Diarrheal diseases,183,Clostridium difficile,1,Number,2005,16063.07813,16063.07813,6434.478304
1,Deaths,,Sub-Saharan Africa,3,Both,1,<5 years,302,Diarrheal diseases,183,Clostridium difficile,1,Number,2006,16235.81449,16235.81449,6572.765218
1,Deaths,,Sub-Saharan Africa,3,Both,1,<5 years,302,Diarrheal diseases,183,Clostridium difficile,1,Number,2007,16459.89332,16459.89332,6760.740118
1,Deaths,,Sub-Saharan Africa,3,Both,1,<5 years,302,Diarrheal diseases,183,Clostridium difficile,1,Number,2008,16378.71628,16378.71628,6422.028241
1,Deaths,,Sub-Saharan Africa,3,Both,1,<5 years,302,Diarrheal diseases,183,Clostridium difficile,1,Number,2009,16730.9433,16730.9433,6934.414252
1,Deaths,,Sub-Saharan Africa,3,Both,1,<5 years,302,Diarrheal diseases,183,Clostridium difficile,1,Number,2010,16954.33735,16954.33735,7087.872021
1,Deaths,,Sub-Saharan Africa,3,Both,1,<5 years,302,Diarrheal diseases,183,Clostridium difficile,1,Number,2011,17861.23539,17861.23539,7338.628146
1,Deaths,,Sub-Saharan Africa,3,Both,1,<5 years,302,Diarrheal diseases,183,Clostridium difficile,1,Number,2012,18283.48628,18283.48628,7881.363914
1,Deaths,,Sub-Saharan Africa,3,Both,1,<5 years,302,Diarrheal diseases,183,Clostridium difficile,1,Number,2013,17661.29461,17661.29461,7622.454744
1,Deaths,,Sub-Saharan Africa,3,Both,1,<5 years,302,Diarrheal diseases,183,Clostridium difficile,1,Number,2014,17788.30372,17788.30372,7760.104288
1,Deaths,,Sub-Saharan Africa,3,Both,1,<5 years,302,Diarrheal diseases,183,Clostridium difficile,1,Number,2015,18947.43429,18947.43429,8652.229171
1,Deaths,,Sub-Saharan Africa,3,Both,1,<5 years,302,Diarrheal diseases,183,Clostridium difficile,1,Number,2016,19577.65363,19577.65363,8600.54114
1,Deaths,,Sub-Saharan Africa,3,Both,1,<5 years,302,Diarrheal diseases,183,Clostridium difficile,1,Number,2017,19356.28878,19356.28878,8865.624963
1,Deaths,,Sub-Saharan Africa,3,Both,1,<5 years,302,Diarrheal diseases,183,Clostridium difficile,1,Number,2018,19134.67394,19134.67394,8449.351653
1,Deaths,,Sub-Saharan Africa,3,Both,1,<5 years,302,Diarrheal diseases,183,Clostridium difficile,1,Number,2019,18516.84652,18516.84652,8396.868638
1,Deaths,,Sub-Saharan Africa,3,Both,1,<5 years,302,Diarrheal diseases,183,Clostridium difficile,1,Number,2020,17465.41227,17465.41227,7927.456056
1,Deaths,,Sub-Saharan Africa,3,Both,1,<5 years,302,Diarrheal diseases,183,Clostridium difficile,1,Number,2021,17355.69979,17355.69979,7224.505251
