"Net Drift (%/year)","CILo","CIHi","location","cause","measure","sex","rei","type","draw_id"
-0.247358050204827,-0.518966384597019,0.024991843504063,"Central Europe, Eastern Europe, and Central Asia","Diarrheal diseases","Deaths","Both","Clostridium difficile","att",1
0.742632548172506,0.525937874167703,0.959794331290986,"Global","Diarrheal diseases","Deaths","Both","Clostridium difficile","att",1
-1.63005867112332,-2.01479811380699,-1.2438085468683,"High-income","Diarrheal diseases","Deaths","Both","Clostridium difficile","att",1
0.189347387808647,-0.0444176637592886,0.423659143202992,"Latin America and Caribbean","Diarrheal diseases","Deaths","Both","Clostridium difficile","att",1
0.877821642388299,0.583274767549158,1.17323106481977,"North Africa and Middle East","Diarrheal diseases","Deaths","Both","Clostridium difficile","att",1
2.01820528364041,1.81912465830323,2.21767515898852,"South Asia","Diarrheal diseases","Deaths","Both","Clostridium difficile","att",1
0.163165098507601,-0.0849438795447077,0.411890180552454,"Southeast Asia, East Asia, and Oceania","Diarrheal diseases","Deaths","Both","Clostridium difficile","att",1
-0.00993584808091086,-0.358367325500897,0.339714040671746,"Sub-Saharan Africa","Diarrheal diseases","Deaths","Both","Clostridium difficile","att",1
-0.232469095320809,-0.588227181676393,0.124562118074145,"Central Europe, Eastern Europe, and Central Asia","Diarrheal diseases","Deaths","Both","Clostridium difficile","att",2
0.849172243082008,0.657126706683098,1.04158418660238,"Global","Diarrheal diseases","Deaths","Both","Clostridium difficile","att",2
-1.62591920260859,-1.906208425245,-1.34482909291231,"High-income","Diarrheal diseases","Deaths","Both","Clostridium difficile","att",2
0.174406542409322,-0.0397275410084719,0.388999342120622,"Latin America and Caribbean","Diarrheal diseases","Deaths","Both","Clostridium difficile","att",2
0.928193714926162,0.535023841102245,1.3229011877258,"North Africa and Middle East","Diarrheal diseases","Deaths","Both","Clostridium difficile","att",2
2.13456480830956,1.87356783276857,2.3962304501463,"South Asia","Diarrheal diseases","Deaths","Both","Clostridium difficile","att",2
0.223784781118863,0.00499268148395071,0.443055556683625,"Southeast Asia, East Asia, and Oceania","Diarrheal diseases","Deaths","Both","Clostridium difficile","att",2
-0.0904346945365675,-0.412971279456842,0.233146502819159,"Sub-Saharan Africa","Diarrheal diseases","Deaths","Both","Clostridium difficile","att",2
-0.169880357905261,-0.468261986638652,0.12939577541673,"Central Europe, Eastern Europe, and Central Asia","Diarrheal diseases","Deaths","Both","Clostridium difficile","att",3
1.06025445353699,0.842848911841432,1.27812869648471,"Global","Diarrheal diseases","Deaths","Both","Clostridium difficile","att",3
-1.63901561465004,-2.02351742715677,-1.2530048518326,"High-income","Diarrheal diseases","Deaths","Both","Clostridium difficile","att",3
0.139603034707392,-0.0393219305279136,0.318848267309857,"Latin America and Caribbean","Diarrheal diseases","Deaths","Both","Clostridium difficile","att",3
0.836891690143493,0.561704418518549,1.11283201219556,"North Africa and Middle East","Diarrheal diseases","Deaths","Both","Clostridium difficile","att",3
2.14532934527556,1.90086915619816,2.3903759943561,"South Asia","Diarrheal diseases","Deaths","Both","Clostridium difficile","att",3
-0.119194839252068,-0.337587776759996,0.0996766686023776,"Southeast Asia, East Asia, and Oceania","Diarrheal diseases","Deaths","Both","Clostridium difficile","att",3
0.0935165847872677,-0.191656568915555,0.379504537381647,"Sub-Saharan Africa","Diarrheal diseases","Deaths","Both","Clostridium difficile","att",3
-0.316680283628268,-0.605451535509971,-0.0270700638433707,"Central Europe, Eastern Europe, and Central Asia","Diarrheal diseases","Deaths","Both","Clostridium difficile","att",4
0.960673382820265,0.735935298277135,1.18591284958114,"Global","Diarrheal diseases","Deaths","Both","Clostridium difficile","att",4
-1.53721100777658,-1.90606977173298,-1.16696523865655,"High-income","Diarrheal diseases","Deaths","Both","Clostridium difficile","att",4
0.252269774941216,0.0674870916953285,0.437393674310549,"Latin America and Caribbean","Diarrheal diseases","Deaths","Both","Clostridium difficile","att",4
0.721978455518979,0.409990754352862,1.03493554553722,"North Africa and Middle East","Diarrheal diseases","Deaths","Both","Clostridium difficile","att",4
2.12140824544333,1.87714574083502,2.36625639829222,"South Asia","Diarrheal diseases","Deaths","Both","Clostridium difficile","att",4
-0.0848188531506144,-0.378021451569011,0.209246685002284,"Southeast Asia, East Asia, and Oceania","Diarrheal diseases","Deaths","Both","Clostridium difficile","att",4
0.00201169587956684,-0.312489462120713,0.317505064216439,"Sub-Saharan Africa","Diarrheal diseases","Deaths","Both","Clostridium difficile","att",4
-0.165544342885982,-0.538674059742617,0.20898517217649,"Central Europe, Eastern Europe, and Central Asia","Diarrheal diseases","Deaths","Both","Clostridium difficile","att",5
0.890410921368656,0.6486985291833,1.13270379677328,"Global","Diarrheal diseases","Deaths","Both","Clostridium difficile","att",5
-1.69583885839195,-2.10159039524542,-1.28840563630659,"High-income","Diarrheal diseases","Deaths","Both","Clostridium difficile","att",5
0.248017446011017,0.087850527992317,0.408440673276989,"Latin America and Caribbean","Diarrheal diseases","Deaths","Both","Clostridium difficile","att",5
0.829905921988816,0.569912404918704,1.09057157476338,"North Africa and Middle East","Diarrheal diseases","Deaths","Both","Clostridium difficile","att",5
2.19691608016304,1.95067526389134,2.44375164030906,"South Asia","Diarrheal diseases","Deaths","Both","Clostridium difficile","att",5
0.0457916711152695,-0.204158013591993,0.296367382354723,"Southeast Asia, East Asia, and Oceania","Diarrheal diseases","Deaths","Both","Clostridium difficile","att",5
0.0622502977372097,-0.195024104868502,0.320187894914548,"Sub-Saharan Africa","Diarrheal diseases","Deaths","Both","Clostridium difficile","att",5
-0.297712057739685,-0.578913242500945,-0.0157155275553489,"Central Europe, Eastern Europe, and Central Asia","Diarrheal diseases","Deaths","Both","Clostridium difficile","att",6
0.822013253485165,0.584350317945548,1.06023774428412,"Global","Diarrheal diseases","Deaths","Both","Clostridium difficile","att",6
-1.53311422250083,-1.85350121880089,-1.21168136283659,"High-income","Diarrheal diseases","Deaths","Both","Clostridium difficile","att",6
0.157027528878295,-0.00180900819822805,0.31611636097395,"Latin America and Caribbean","Diarrheal diseases","Deaths","Both","Clostridium difficile","att",6
1.01856277734078,0.691714652826092,1.34647186001742,"North Africa and Middle East","Diarrheal diseases","Deaths","Both","Clostridium difficile","att",6
2.16528182481972,1.89830788837315,2.43295523394862,"South Asia","Diarrheal diseases","Deaths","Both","Clostridium difficile","att",6
-0.0877493355725067,-0.379572034092945,0.204928212591837,"Southeast Asia, East Asia, and Oceania","Diarrheal diseases","Deaths","Both","Clostridium difficile","att",6
0.110300011464903,-0.14789072181236,0.369158356625676,"Sub-Saharan Africa","Diarrheal diseases","Deaths","Both","Clostridium difficile","att",6
-0.247135315049463,-0.552595674055345,0.0592632889670153,"Central Europe, Eastern Europe, and Central Asia","Diarrheal diseases","Deaths","Both","Clostridium difficile","att",7
0.842445865463093,0.630519149114872,1.05481889703938,"Global","Diarrheal diseases","Deaths","Both","Clostridium difficile","att",7
-1.72024261831524,-2.05739360009756,-1.38193105087265,"High-income","Diarrheal diseases","Deaths","Both","Clostridium difficile","att",7
0.372278102888646,0.176742493403115,0.568195379551861,"Latin America and Caribbean","Diarrheal diseases","Deaths","Both","Clostridium difficile","att",7
0.911590764698311,0.608640775120928,1.21545298900503,"North Africa and Middle East","Diarrheal diseases","Deaths","Both","Clostridium difficile","att",7
2.03273414443179,1.75409213214892,2.31213918618485,"South Asia","Diarrheal diseases","Deaths","Both","Clostridium difficile","att",7
-0.0161559805197942,-0.279604007695955,0.247988041315561,"Southeast Asia, East Asia, and Oceania","Diarrheal diseases","Deaths","Both","Clostridium difficile","att",7
-0.0163469857250464,-0.259079142123975,0.22697589010221,"Sub-Saharan Africa","Diarrheal diseases","Deaths","Both","Clostridium difficile","att",7
-0.304302547354207,-0.665135371041914,0.0578409976712324,"Central Europe, Eastern Europe, and Central Asia","Diarrheal diseases","Deaths","Both","Clostridium difficile","att",8
0.983817822139765,0.774318479609182,1.1937526920466,"Global","Diarrheal diseases","Deaths","Both","Clostridium difficile","att",8
-1.59822064145771,-1.93824784828358,-1.25701439694543,"High-income","Diarrheal diseases","Deaths","Both","Clostridium difficile","att",8
0.272839226046928,0.0572770822605095,0.488865774214409,"Latin America and Caribbean","Diarrheal diseases","Deaths","Both","Clostridium difficile","att",8
0.981355123529082,0.55276154701458,1.41177552658722,"North Africa and Middle East","Diarrheal diseases","Deaths","Both","Clostridium difficile","att",8
2.02364437476974,1.77724167853317,2.27064361191969,"South Asia","Diarrheal diseases","Deaths","Both","Clostridium difficile","att",8
0.114834353166948,-0.166969317040266,0.397433484635812,"Southeast Asia, East Asia, and Oceania","Diarrheal diseases","Deaths","Both","Clostridium difficile","att",8
-0.0277189911798592,-0.357395213221257,0.303047993308114,"Sub-Saharan Africa","Diarrheal diseases","Deaths","Both","Clostridium difficile","att",8
-0.317995692847495,-0.635694726991065,0.000719125344672555,"Central Europe, Eastern Europe, and Central Asia","Diarrheal diseases","Deaths","Both","Clostridium difficile","att",9
1.0194321117077,0.771315130010031,1.26816000174297,"Global","Diarrheal diseases","Deaths","Both","Clostridium difficile","att",9
-1.54418856915025,-1.85828148710039,-1.22909042770697,"High-income","Diarrheal diseases","Deaths","Both","Clostridium difficile","att",9
0.376463818114492,0.164185573178233,0.589191944942313,"Latin America and Caribbean","Diarrheal diseases","Deaths","Both","Clostridium difficile","att",9
1.03884136819226,0.710084500211217,1.36867142639827,"North Africa and Middle East","Diarrheal diseases","Deaths","Both","Clostridium difficile","att",9
2.199579800817,1.94423764713409,2.45556151605781,"South Asia","Diarrheal diseases","Deaths","Both","Clostridium difficile","att",9
0.0627446243643526,-0.170998928297117,0.297035473380847,"Southeast Asia, East Asia, and Oceania","Diarrheal diseases","Deaths","Both","Clostridium difficile","att",9
-0.133328501174101,-0.400048279792087,0.134105529198814,"Sub-Saharan Africa","Diarrheal diseases","Deaths","Both","Clostridium difficile","att",9
-0.397928088311295,-0.68770730957386,-0.107303332273523,"Central Europe, Eastern Europe, and Central Asia","Diarrheal diseases","Deaths","Both","Clostridium difficile","att",10
0.892501601317131,0.682002968344997,1.10344032957121,"Global","Diarrheal diseases","Deaths","Both","Clostridium difficile","att",10
-1.45111860257708,-1.7614702153978,-1.13978653815768,"High-income","Diarrheal diseases","Deaths","Both","Clostridium difficile","att",10
0.167992920848969,-0.0424629544156563,0.378891901023382,"Latin America and Caribbean","Diarrheal diseases","Deaths","Both","Clostridium difficile","att",10
0.87201546309339,0.609008213209727,1.13571025393111,"North Africa and Middle East","Diarrheal diseases","Deaths","Both","Clostridium difficile","att",10
2.11323256796048,1.87507571711307,2.35194616622822,"South Asia","Diarrheal diseases","Deaths","Both","Clostridium difficile","att",10
0.0292770310244439,-0.307327492739573,0.36701807367765,"Southeast Asia, East Asia, and Oceania","Diarrheal diseases","Deaths","Both","Clostridium difficile","att",10
-0.0451195915022518,-0.281123642168468,0.191443008497516,"Sub-Saharan Africa","Diarrheal diseases","Deaths","Both","Clostridium difficile","att",10
-0.309802108409851,-0.579677181109384,-0.0391944636083608,"Central Europe, Eastern Europe, and Central Asia","Diarrheal diseases","Deaths","Both","Clostridium difficile","att",11
0.986534241053083,0.740746138061632,1.23292201988461,"Global","Diarrheal diseases","Deaths","Both","Clostridium difficile","att",11
-1.66914336479703,-2.03688209537377,-1.30002419863536,"High-income","Diarrheal diseases","Deaths","Both","Clostridium difficile","att",11
0.0859346402442673,-0.114098213923897,0.286368082904209,"Latin America and Caribbean","Diarrheal diseases","Deaths","Both","Clostridium difficile","att",11
0.732962353104982,0.454461510406334,1.01223531401735,"North Africa and Middle East","Diarrheal diseases","Deaths","Both","Clostridium difficile","att",11
2.01366392671503,1.72511231158772,2.3030340421389,"South Asia","Diarrheal diseases","Deaths","Both","Clostridium difficile","att",11
0.0645853648946426,-0.205024922124231,0.334924042364126,"Southeast Asia, East Asia, and Oceania","Diarrheal diseases","Deaths","Both","Clostridium difficile","att",11
0.344691192103297,0.0586182808307134,0.631582001043984,"Sub-Saharan Africa","Diarrheal diseases","Deaths","Both","Clostridium difficile","att",11
-0.237182698414296,-0.503550579363699,0.0298982918813584,"Central Europe, Eastern Europe, and Central Asia","Diarrheal diseases","Deaths","Both","Clostridium difficile","att",12
1.03114346069495,0.848370760729189,1.21424740904483,"Global","Diarrheal diseases","Deaths","Both","Clostridium difficile","att",12
-1.69103765641019,-2.05232499960142,-1.32841767776488,"High-income","Diarrheal diseases","Deaths","Both","Clostridium difficile","att",12
0.261631349673763,0.0478436880676059,0.475875844356666,"Latin America and Caribbean","Diarrheal diseases","Deaths","Both","Clostridium difficile","att",12
0.820368947893502,0.520662060677579,1.12096942470985,"North Africa and Middle East","Diarrheal diseases","Deaths","Both","Clostridium difficile","att",12
2.05839011455033,1.82869569780859,2.28860265169735,"South Asia","Diarrheal diseases","Deaths","Both","Clostridium difficile","att",12
0.00580881863740945,-0.237590912262176,0.249802394749254,"Southeast Asia, East Asia, and Oceania","Diarrheal diseases","Deaths","Both","Clostridium difficile","att",12
-0.0966096723254761,-0.382554977370908,0.19015641985678,"Sub-Saharan Africa","Diarrheal diseases","Deaths","Both","Clostridium difficile","att",12
-0.294721103851836,-0.613453053577973,0.025033016971876,"Central Europe, Eastern Europe, and Central Asia","Diarrheal diseases","Deaths","Both","Clostridium difficile","att",13
0.832980629073443,0.586391136999787,1.08017464007768,"Global","Diarrheal diseases","Deaths","Both","Clostridium difficile","att",13
-1.51101187805061,-1.87241627918294,-1.1482764226295,"High-income","Diarrheal diseases","Deaths","Both","Clostridium difficile","att",13
0.321931061131475,0.133223302494256,0.510994452165159,"Latin America and Caribbean","Diarrheal diseases","Deaths","Both","Clostridium difficile","att",13
0.861566227678146,0.56324805794381,1.16076935023681,"North Africa and Middle East","Diarrheal diseases","Deaths","Both","Clostridium difficile","att",13
2.00226683273279,1.73184242846411,2.27341008133453,"South Asia","Diarrheal diseases","Deaths","Both","Clostridium difficile","att",13
-0.0622782895339347,-0.300600698270492,0.176613807394377,"Southeast Asia, East Asia, and Oceania","Diarrheal diseases","Deaths","Both","Clostridium difficile","att",13
0.251339014025054,-0.0407760726267137,0.544307761004492,"Sub-Saharan Africa","Diarrheal diseases","Deaths","Both","Clostridium difficile","att",13
-0.239195980951123,-0.562200332273688,0.0848575871815527,"Central Europe, Eastern Europe, and Central Asia","Diarrheal diseases","Deaths","Both","Clostridium difficile","att",14
0.874376583647751,0.652406074321266,1.09683660841584,"Global","Diarrheal diseases","Deaths","Both","Clostridium difficile","att",14
-1.6767115854782,-1.97972866554718,-1.37275776702274,"High-income","Diarrheal diseases","Deaths","Both","Clostridium difficile","att",14
0.280518346934477,0.0982209313379334,0.463147759917426,"Latin America and Caribbean","Diarrheal diseases","Deaths","Both","Clostridium difficile","att",14
0.823992111025329,0.512085081495273,1.13686704401683,"North Africa and Middle East","Diarrheal diseases","Deaths","Both","Clostridium difficile","att",14
2.28365092977809,2.0448986321788,2.52296183109371,"South Asia","Diarrheal diseases","Deaths","Both","Clostridium difficile","att",14
0.176535255317956,-0.112337702414755,0.466243627393048,"Southeast Asia, East Asia, and Oceania","Diarrheal diseases","Deaths","Both","Clostridium difficile","att",14
0.0927171286598583,-0.205055182851199,0.391377945592386,"Sub-Saharan Africa","Diarrheal diseases","Deaths","Both","Clostridium difficile","att",14
-0.239469360033207,-0.514995492495274,0.0368198487341376,"Central Europe, Eastern Europe, and Central Asia","Diarrheal diseases","Deaths","Both","Clostridium difficile","att",15
0.802278074963136,0.598414104333211,1.00655517853248,"Global","Diarrheal diseases","Deaths","Both","Clostridium difficile","att",15
-1.62353842309688,-2.09492621377383,-1.14988102124856,"High-income","Diarrheal diseases","Deaths","Both","Clostridium difficile","att",15
0.239740042179326,0.0447150264593077,0.435145235470413,"Latin America and Caribbean","Diarrheal diseases","Deaths","Both","Clostridium difficile","att",15
0.862193874546735,0.564419879587685,1.16084958644085,"North Africa and Middle East","Diarrheal diseases","Deaths","Both","Clostridium difficile","att",15
2.03647852898459,1.75962360613551,2.31408668426112,"South Asia","Diarrheal diseases","Deaths","Both","Clostridium difficile","att",15
0.0511001869634597,-0.226593860192636,0.329567125281738,"Southeast Asia, East Asia, and Oceania","Diarrheal diseases","Deaths","Both","Clostridium difficile","att",15
0.27679852593796,0.00375423846707967,0.550588317250034,"Sub-Saharan Africa","Diarrheal diseases","Deaths","Both","Clostridium difficile","att",15
-0.0294715046651017,-0.363644523352469,0.305822305784309,"Central Europe, Eastern Europe, and Central Asia","Diarrheal diseases","Deaths","Both","Clostridium difficile","att",16
0.990509558675878,0.802477823027092,1.17889203901245,"Global","Diarrheal diseases","Deaths","Both","Clostridium difficile","att",16
-1.7844491847985,-2.08634639001504,-1.48162113981491,"High-income","Diarrheal diseases","Deaths","Both","Clostridium difficile","att",16
0.140425854846904,-0.0704921340963227,0.351789021586058,"Latin America and Caribbean","Diarrheal diseases","Deaths","Both","Clostridium difficile","att",16
0.812713947374921,0.569281536209032,1.05673559750028,"North Africa and Middle East","Diarrheal diseases","Deaths","Both","Clostridium difficile","att",16
1.99541181898066,1.70747883677764,2.28415993693565,"South Asia","Diarrheal diseases","Deaths","Both","Clostridium difficile","att",16
-0.0551672455260666,-0.294314599035783,0.184553710747237,"Southeast Asia, East Asia, and Oceania","Diarrheal diseases","Deaths","Both","Clostridium difficile","att",16
-0.113971393786472,-0.417758371657806,0.190742320884674,"Sub-Saharan Africa","Diarrheal diseases","Deaths","Both","Clostridium difficile","att",16
-0.356769731396678,-0.647240400494653,-0.0654498336517428,"Central Europe, Eastern Europe, and Central Asia","Diarrheal diseases","Deaths","Both","Clostridium difficile","att",17
0.781374662496259,0.554377104409665,1.00888465865725,"Global","Diarrheal diseases","Deaths","Both","Clostridium difficile","att",17
-1.65417072955546,-1.97315619344357,-1.33414726707205,"High-income","Diarrheal diseases","Deaths","Both","Clostridium difficile","att",17
0.184796821082167,-0.0218319177548332,0.39185260750898,"Latin America and Caribbean","Diarrheal diseases","Deaths","Both","Clostridium difficile","att",17
0.845203761727764,0.522200282217633,1.16924513383754,"North Africa and Middle East","Diarrheal diseases","Deaths","Both","Clostridium difficile","att",17
2.0940347712803,1.86738596996057,2.32118785253856,"South Asia","Diarrheal diseases","Deaths","Both","Clostridium difficile","att",17
-0.0304908462667064,-0.298357234434421,0.238095213111245,"Southeast Asia, East Asia, and Oceania","Diarrheal diseases","Deaths","Both","Clostridium difficile","att",17
-0.0879759806653668,-0.368569487335679,0.193407765747367,"Sub-Saharan Africa","Diarrheal diseases","Deaths","Both","Clostridium difficile","att",17
-0.243153201318924,-0.601649129938986,0.116635699767098,"Central Europe, Eastern Europe, and Central Asia","Diarrheal diseases","Deaths","Both","Clostridium difficile","att",18
0.841151332823431,0.652051443568813,1.03060649320865,"Global","Diarrheal diseases","Deaths","Both","Clostridium difficile","att",18
-1.59591230500876,-1.94429943332676,-1.24628737419201,"High-income","Diarrheal diseases","Deaths","Both","Clostridium difficile","att",18
0.351684728516322,0.153099306627968,0.550663909260463,"Latin America and Caribbean","Diarrheal diseases","Deaths","Both","Clostridium difficile","att",18
0.80148990555402,0.47579341961228,1.12824215027452,"North Africa and Middle East","Diarrheal diseases","Deaths","Both","Clostridium difficile","att",18
2.25685960898621,2.05000503562687,2.46413347497083,"South Asia","Diarrheal diseases","Deaths","Both","Clostridium difficile","att",18
-0.0723645372131765,-0.364827718399241,0.220957123066068,"Southeast Asia, East Asia, and Oceania","Diarrheal diseases","Deaths","Both","Clostridium difficile","att",18
-0.415783315087714,-0.693487558477202,-0.137302489730939,"Sub-Saharan Africa","Diarrheal diseases","Deaths","Both","Clostridium difficile","att",18
-0.0305200122470817,-0.341472620167882,0.281402823981458,"Central Europe, Eastern Europe, and Central Asia","Diarrheal diseases","Deaths","Both","Clostridium difficile","att",19
0.909454253124919,0.677851278945019,1.14159001517193,"Global","Diarrheal diseases","Deaths","Both","Clostridium difficile","att",19
-1.54285567281593,-1.88952036418176,-1.19496607246297,"High-income","Diarrheal diseases","Deaths","Both","Clostridium difficile","att",19
0.252848312635257,0.0506005473391635,0.455504912644389,"Latin America and Caribbean","Diarrheal diseases","Deaths","Both","Clostridium difficile","att",19
0.851071877767584,0.377269909284417,1.32711029186778,"North Africa and Middle East","Diarrheal diseases","Deaths","Both","Clostridium difficile","att",19
2.1237971095772,1.88382205758926,2.36433739385042,"South Asia","Diarrheal diseases","Deaths","Both","Clostridium difficile","att",19
0.26044897793609,0.0203838388809441,0.50109031225043,"Southeast Asia, East Asia, and Oceania","Diarrheal diseases","Deaths","Both","Clostridium difficile","att",19
-0.229363024068718,-0.557725433877521,0.100083651688809,"Sub-Saharan Africa","Diarrheal diseases","Deaths","Both","Clostridium difficile","att",19
-0.534864089872622,-0.847175222544294,-0.221569240964847,"Central Europe, Eastern Europe, and Central Asia","Diarrheal diseases","Deaths","Both","Clostridium difficile","att",20
0.905355366690275,0.725276322208646,1.08575636077031,"Global","Diarrheal diseases","Deaths","Both","Clostridium difficile","att",20
-1.57337207966128,-1.89641746863839,-1.24926293418675,"High-income","Diarrheal diseases","Deaths","Both","Clostridium difficile","att",20
0.20549512582142,0.0374714942389165,0.373800971061944,"Latin America and Caribbean","Diarrheal diseases","Deaths","Both","Clostridium difficile","att",20
0.868086859145611,0.485317161273335,1.25231460726589,"North Africa and Middle East","Diarrheal diseases","Deaths","Both","Clostridium difficile","att",20
1.90188546995249,1.63702307256886,2.16743808914142,"South Asia","Diarrheal diseases","Deaths","Both","Clostridium difficile","att",20
0.18654310527717,-0.130154724271903,0.504245217099464,"Southeast Asia, East Asia, and Oceania","Diarrheal diseases","Deaths","Both","Clostridium difficile","att",20
-0.487942134077812,-0.856609732600089,-0.117903634299954,"Sub-Saharan Africa","Diarrheal diseases","Deaths","Both","Clostridium difficile","att",20
-0.277766348471564,-0.573406804494836,0.0187531810111219,"Central Europe, Eastern Europe, and Central Asia","Diarrheal diseases","Deaths","Both","Clostridium difficile","att",21
0.885228902562885,0.668348760332016,1.10257629191435,"Global","Diarrheal diseases","Deaths","Both","Clostridium difficile","att",21
-1.65614560011044,-2.01338294939742,-1.29760584313179,"High-income","Diarrheal diseases","Deaths","Both","Clostridium difficile","att",21
0.169114148796745,-0.0596633969936478,0.398415398701379,"Latin America and Caribbean","Diarrheal diseases","Deaths","Both","Clostridium difficile","att",21
0.832395853307077,0.548256060248198,1.11733859835303,"North Africa and Middle East","Diarrheal diseases","Deaths","Both","Clostridium difficile","att",21
2.0165409684473,1.75231323860174,2.28145483790971,"South Asia","Diarrheal diseases","Deaths","Both","Clostridium difficile","att",21
0.0548818752375446,-0.215909291435767,0.32640790711258,"Southeast Asia, East Asia, and Oceania","Diarrheal diseases","Deaths","Both","Clostridium difficile","att",21
0.168601359200493,-0.0524048253893072,0.390096237225523,"Sub-Saharan Africa","Diarrheal diseases","Deaths","Both","Clostridium difficile","att",21
-0.243304703519942,-0.559207465820688,0.0736016163016773,"Central Europe, Eastern Europe, and Central Asia","Diarrheal diseases","Deaths","Both","Clostridium difficile","att",22
0.851147415190812,0.655087502820551,1.0475892207191,"Global","Diarrheal diseases","Deaths","Both","Clostridium difficile","att",22
-1.63308226290976,-1.95965089350415,-1.30542584477217,"High-income","Diarrheal diseases","Deaths","Both","Clostridium difficile","att",22
0.14414261657727,-0.0369508960885612,0.325564199071149,"Latin America and Caribbean","Diarrheal diseases","Deaths","Both","Clostridium difficile","att",22
0.884783704862402,0.583291186763901,1.18717992910731,"North Africa and Middle East","Diarrheal diseases","Deaths","Both","Clostridium difficile","att",22
2.08797755689174,1.84752860657273,2.32899417633832,"South Asia","Diarrheal diseases","Deaths","Both","Clostridium difficile","att",22
-0.00364819344917944,-0.256075408848533,0.249417852829703,"Southeast Asia, East Asia, and Oceania","Diarrheal diseases","Deaths","Both","Clostridium difficile","att",22
-0.109948532716808,-0.458015083923236,0.239335096129478,"Sub-Saharan Africa","Diarrheal diseases","Deaths","Both","Clostridium difficile","att",22
-0.291780507572537,-0.611074690726832,0.0285394314703424,"Central Europe, Eastern Europe, and Central Asia","Diarrheal diseases","Deaths","Both","Clostridium difficile","att",23
1.0250867880168,0.808191153794113,1.24244908785076,"Global","Diarrheal diseases","Deaths","Both","Clostridium difficile","att",23
-1.64715644821101,-1.97774715511355,-1.31545078820019,"High-income","Diarrheal diseases","Deaths","Both","Clostridium difficile","att",23
0.0660941473273002,-0.150158641630538,0.282815292249405,"Latin America and Caribbean","Diarrheal diseases","Deaths","Both","Clostridium difficile","att",23
0.804615761949901,0.493674055259508,1.11651956646257,"North Africa and Middle East","Diarrheal diseases","Deaths","Both","Clostridium difficile","att",23
2.03739738315649,1.7988618481158,2.27649185569849,"South Asia","Diarrheal diseases","Deaths","Both","Clostridium difficile","att",23
0.10578958581946,-0.136753710751392,0.348921960483572,"Southeast Asia, East Asia, and Oceania","Diarrheal diseases","Deaths","Both","Clostridium difficile","att",23
-0.0707493613428811,-0.332814974598783,0.192005329121669,"Sub-Saharan Africa","Diarrheal diseases","Deaths","Both","Clostridium difficile","att",23
-0.244497690063628,-0.604927385963749,0.117239007906811,"Central Europe, Eastern Europe, and Central Asia","Diarrheal diseases","Deaths","Both","Clostridium difficile","att",24
0.772535556409748,0.561367578540417,0.984146964156296,"Global","Diarrheal diseases","Deaths","Both","Clostridium difficile","att",24
-1.62790945013208,-2.01284507536766,-1.24146163244954,"High-income","Diarrheal diseases","Deaths","Both","Clostridium difficile","att",24
0.313790002468095,0.125902814552248,0.502029762439649,"Latin America and Caribbean","Diarrheal diseases","Deaths","Both","Clostridium difficile","att",24
0.939079587527969,0.602580576960232,1.27670413169001,"North Africa and Middle East","Diarrheal diseases","Deaths","Both","Clostridium difficile","att",24
2.09027709299663,1.80743686301463,2.37390310639645,"South Asia","Diarrheal diseases","Deaths","Both","Clostridium difficile","att",24
-0.0647049883857109,-0.302267279429891,0.173423372122494,"Southeast Asia, East Asia, and Oceania","Diarrheal diseases","Deaths","Both","Clostridium difficile","att",24
-0.0624921034433124,-0.265975242773564,0.141406193984617,"Sub-Saharan Africa","Diarrheal diseases","Deaths","Both","Clostridium difficile","att",24
-0.185833823036274,-0.567118269108191,0.196912692989626,"Central Europe, Eastern Europe, and Central Asia","Diarrheal diseases","Deaths","Both","Clostridium difficile","att",25
0.832557947265711,0.596882499045326,1.06878552906633,"Global","Diarrheal diseases","Deaths","Both","Clostridium difficile","att",25
-1.73941281427453,-2.04931996114166,-1.42852514905223,"High-income","Diarrheal diseases","Deaths","Both","Clostridium difficile","att",25
0.29614305984007,0.0915681725331075,0.501136073121877,"Latin America and Caribbean","Diarrheal diseases","Deaths","Both","Clostridium difficile","att",25
0.754069960914294,0.475877825159676,1.03303233989613,"North Africa and Middle East","Diarrheal diseases","Deaths","Both","Clostridium difficile","att",25
2.03118605909591,1.78470549641545,2.27826349600699,"South Asia","Diarrheal diseases","Deaths","Both","Clostridium difficile","att",25
-0.161335559562625,-0.453846917585676,0.132035328356106,"Southeast Asia, East Asia, and Oceania","Diarrheal diseases","Deaths","Both","Clostridium difficile","att",25
0.065287410531889,-0.192861893241025,0.324104412670922,"Sub-Saharan Africa","Diarrheal diseases","Deaths","Both","Clostridium difficile","att",25
-0.200812245160586,-0.498565381396532,0.0978319026520236,"Central Europe, Eastern Europe, and Central Asia","Diarrheal diseases","Deaths","Both","Clostridium difficile","att",26
1.03148446159764,0.803772299058703,1.25971101787195,"Global","Diarrheal diseases","Deaths","Both","Clostridium difficile","att",26
-1.61010844517671,-1.93637004329077,-1.28276136174611,"High-income","Diarrheal diseases","Deaths","Both","Clostridium difficile","att",26
0.140173130421384,-0.0640694157003741,0.344833094156627,"Latin America and Caribbean","Diarrheal diseases","Deaths","Both","Clostridium difficile","att",26
0.85050622716647,0.548950850395258,1.15296599572388,"North Africa and Middle East","Diarrheal diseases","Deaths","Both","Clostridium difficile","att",26
2.03451219631055,1.78255903114166,2.28708904787562,"South Asia","Diarrheal diseases","Deaths","Both","Clostridium difficile","att",26
0.262021760675535,0.0404260799308664,0.484108289446827,"Southeast Asia, East Asia, and Oceania","Diarrheal diseases","Deaths","Both","Clostridium difficile","att",26
0.132057888572712,-0.126983096468947,0.391770749101972,"Sub-Saharan Africa","Diarrheal diseases","Deaths","Both","Clostridium difficile","att",26
-0.218590164633736,-0.547346050379371,0.111252473733581,"Central Europe, Eastern Europe, and Central Asia","Diarrheal diseases","Deaths","Both","Clostridium difficile","att",27
0.708796506998732,0.457601359224835,0.960619770529036,"Global","Diarrheal diseases","Deaths","Both","Clostridium difficile","att",27
-1.58700895308478,-1.96477454362117,-1.20778769351993,"High-income","Diarrheal diseases","Deaths","Both","Clostridium difficile","att",27
0.296442473912006,0.135206974660451,0.45793759100432,"Latin America and Caribbean","Diarrheal diseases","Deaths","Both","Clostridium difficile","att",27
0.867883595682217,0.62304823295114,1.11331469026494,"North Africa and Middle East","Diarrheal diseases","Deaths","Both","Clostridium difficile","att",27
2.144033181947,1.89103926879888,2.39765527516427,"South Asia","Diarrheal diseases","Deaths","Both","Clostridium difficile","att",27
0.170612798349024,-0.142719594039464,0.48492836580214,"Southeast Asia, East Asia, and Oceania","Diarrheal diseases","Deaths","Both","Clostridium difficile","att",27
-0.220982299312511,-0.556289654677844,0.115455655687247,"Sub-Saharan Africa","Diarrheal diseases","Deaths","Both","Clostridium difficile","att",27
-0.227991807471162,-0.591832788614366,0.137180857609809,"Central Europe, Eastern Europe, and Central Asia","Diarrheal diseases","Deaths","Both","Clostridium difficile","att",28
0.755709686082073,0.549652939644907,0.962188705311973,"Global","Diarrheal diseases","Deaths","Both","Clostridium difficile","att",28
-1.6429318970194,-1.98741969038028,-1.29723332194662,"High-income","Diarrheal diseases","Deaths","Both","Clostridium difficile","att",28
0.337320441709887,0.14172082884456,0.533302105215427,"Latin America and Caribbean","Diarrheal diseases","Deaths","Both","Clostridium difficile","att",28
0.836695013889299,0.476847633782373,1.19783114996357,"North Africa and Middle East","Diarrheal diseases","Deaths","Both","Clostridium difficile","att",28
1.97263769906442,1.73064455494456,2.21520648764282,"South Asia","Diarrheal diseases","Deaths","Both","Clostridium difficile","att",28
0.131888550662795,-0.0938732914522511,0.35816055577822,"Southeast Asia, East Asia, and Oceania","Diarrheal diseases","Deaths","Both","Clostridium difficile","att",28
0.130270131677301,-0.127414542387505,0.388619666784229,"Sub-Saharan Africa","Diarrheal diseases","Deaths","Both","Clostridium difficile","att",28
-0.218726587040197,-0.541029420173156,0.104620687993173,"Central Europe, Eastern Europe, and Central Asia","Diarrheal diseases","Deaths","Both","Clostridium difficile","att",29
0.950770507476628,0.734673086101312,1.167331504045,"Global","Diarrheal diseases","Deaths","Both","Clostridium difficile","att",29
-1.69063652618057,-2.05150403615686,-1.3284394872669,"High-income","Diarrheal diseases","Deaths","Both","Clostridium difficile","att",29
0.288529827156414,0.0540994175149523,0.523509515810794,"Latin America and Caribbean","Diarrheal diseases","Deaths","Both","Clostridium difficile","att",29
0.875558744941674,0.524751650243149,1.22759007163951,"North Africa and Middle East","Diarrheal diseases","Deaths","Both","Clostridium difficile","att",29
2.22752715774772,1.9755260056973,2.48015105314769,"South Asia","Diarrheal diseases","Deaths","Both","Clostridium difficile","att",29
0.0861568642666288,-0.200155792075396,0.373290914047031,"Southeast Asia, East Asia, and Oceania","Diarrheal diseases","Deaths","Both","Clostridium difficile","att",29
-0.0271254974569812,-0.29710814813998,0.243588231636238,"Sub-Saharan Africa","Diarrheal diseases","Deaths","Both","Clostridium difficile","att",29
-0.219908669413293,-0.538459470339936,0.0996623712183675,"Central Europe, Eastern Europe, and Central Asia","Diarrheal diseases","Deaths","Both","Clostridium difficile","att",30
0.778961344677587,0.538162564251055,1.02033686184941,"Global","Diarrheal diseases","Deaths","Both","Clostridium difficile","att",30
-1.68831148632559,-2.00259895053376,-1.3730160707932,"High-income","Diarrheal diseases","Deaths","Both","Clostridium difficile","att",30
0.0789073053105271,-0.128698133376259,0.286944299583025,"Latin America and Caribbean","Diarrheal diseases","Deaths","Both","Clostridium difficile","att",30
0.87775277331319,0.556440541675163,1.2000917074642,"North Africa and Middle East","Diarrheal diseases","Deaths","Both","Clostridium difficile","att",30
2.16476034405857,1.89067499477702,2.43958298140592,"South Asia","Diarrheal diseases","Deaths","Both","Clostridium difficile","att",30
0.180210542460024,-0.105022586041215,0.466258105677642,"Southeast Asia, East Asia, and Oceania","Diarrheal diseases","Deaths","Both","Clostridium difficile","att",30
-6.97326325349579e-05,-0.229810208133907,0.230199765477623,"Sub-Saharan Africa","Diarrheal diseases","Deaths","Both","Clostridium difficile","att",30
-0.294593905699281,-0.604145600411443,0.0159218357759672,"Central Europe, Eastern Europe, and Central Asia","Diarrheal diseases","Deaths","Both","Clostridium difficile","att",31
0.780750529633845,0.561081853006717,1.00089905717946,"Global","Diarrheal diseases","Deaths","Both","Clostridium difficile","att",31
-1.36398687129002,-1.66779315574089,-1.05924194972895,"High-income","Diarrheal diseases","Deaths","Both","Clostridium difficile","att",31
0.264802868413438,0.0559466611504078,0.474095040921596,"Latin America and Caribbean","Diarrheal diseases","Deaths","Both","Clostridium difficile","att",31
0.993690631781896,0.67820109307295,1.31016880207098,"North Africa and Middle East","Diarrheal diseases","Deaths","Both","Clostridium difficile","att",31
1.9747198251389,1.75549472865439,2.1944172267609,"South Asia","Diarrheal diseases","Deaths","Both","Clostridium difficile","att",31
-0.11175964034047,-0.417587680213183,0.195007629540767,"Southeast Asia, East Asia, and Oceania","Diarrheal diseases","Deaths","Both","Clostridium difficile","att",31
-0.0545675395551282,-0.347253757014276,0.238978315245908,"Sub-Saharan Africa","Diarrheal diseases","Deaths","Both","Clostridium difficile","att",31
-0.308317663089119,-0.6428380320744,0.027328984818098,"Central Europe, Eastern Europe, and Central Asia","Diarrheal diseases","Deaths","Both","Clostridium difficile","att",32
0.847162427928638,0.647875304930245,1.04684414800393,"Global","Diarrheal diseases","Deaths","Both","Clostridium difficile","att",32
-1.57303136782531,-1.9244741775865,-1.2203292015886,"High-income","Diarrheal diseases","Deaths","Both","Clostridium difficile","att",32
0.0794112156406124,-0.157480316185887,0.316864808581241,"Latin America and Caribbean","Diarrheal diseases","Deaths","Both","Clostridium difficile","att",32
0.961887951903728,0.649895360638775,1.27484765174497,"North Africa and Middle East","Diarrheal diseases","Deaths","Both","Clostridium difficile","att",32
2.19770312693095,1.94440224371641,2.45163338592309,"South Asia","Diarrheal diseases","Deaths","Both","Clostridium difficile","att",32
-0.0328132499805456,-0.253673642176688,0.188536175893539,"Southeast Asia, East Asia, and Oceania","Diarrheal diseases","Deaths","Both","Clostridium difficile","att",32
0.0371793796992481,-0.233631302720128,0.308725163803403,"Sub-Saharan Africa","Diarrheal diseases","Deaths","Both","Clostridium difficile","att",32
-0.22222048806303,-0.579431966103539,0.13627442702242,"Central Europe, Eastern Europe, and Central Asia","Diarrheal diseases","Deaths","Both","Clostridium difficile","att",33
0.755839451948126,0.510854338811995,1.00142169169364,"Global","Diarrheal diseases","Deaths","Both","Clostridium difficile","att",33
-1.49345984207244,-1.84139620135094,-1.14429017562144,"High-income","Diarrheal diseases","Deaths","Both","Clostridium difficile","att",33
0.307598814351207,0.076357657669246,0.539374287766892,"Latin America and Caribbean","Diarrheal diseases","Deaths","Both","Clostridium difficile","att",33
0.891917305501755,0.49490741633218,1.29049560103294,"North Africa and Middle East","Diarrheal diseases","Deaths","Both","Clostridium difficile","att",33
2.17321113990783,1.9399361389844,2.40701995739145,"South Asia","Diarrheal diseases","Deaths","Both","Clostridium difficile","att",33
0.0795552622969486,-0.175355343932482,0.335116804148483,"Southeast Asia, East Asia, and Oceania","Diarrheal diseases","Deaths","Both","Clostridium difficile","att",33
-0.207174110872788,-0.543228061319556,0.130015330455202,"Sub-Saharan Africa","Diarrheal diseases","Deaths","Both","Clostridium difficile","att",33
-0.245165667384162,-0.576771746191052,0.0875464164623141,"Central Europe, Eastern Europe, and Central Asia","Diarrheal diseases","Deaths","Both","Clostridium difficile","att",34
0.84956745352418,0.589902748375204,1.10990246212566,"Global","Diarrheal diseases","Deaths","Both","Clostridium difficile","att",34
-1.68115383973627,-2.052958544276,-1.30793777313535,"High-income","Diarrheal diseases","Deaths","Both","Clostridium difficile","att",34
0.292209261559329,0.0659495722199921,0.518980547972792,"Latin America and Caribbean","Diarrheal diseases","Deaths","Both","Clostridium difficile","att",34
0.740699966909353,0.410778437857906,1.07170552515592,"North Africa and Middle East","Diarrheal diseases","Deaths","Both","Clostridium difficile","att",34
2.23973017578951,1.96259007957162,2.51762355448943,"South Asia","Diarrheal diseases","Deaths","Both","Clostridium difficile","att",34
0.237526981698277,-0.0349865142654893,0.510783373630286,"Southeast Asia, East Asia, and Oceania","Diarrheal diseases","Deaths","Both","Clostridium difficile","att",34
-0.23120764662401,-0.499763003293974,0.0380725523355219,"Sub-Saharan Africa","Diarrheal diseases","Deaths","Both","Clostridium difficile","att",34
-0.256405100768431,-0.526220371286445,0.0141420237163015,"Central Europe, Eastern Europe, and Central Asia","Diarrheal diseases","Deaths","Both","Clostridium difficile","att",35
0.982285963888252,0.752019428253736,1.21307876865102,"Global","Diarrheal diseases","Deaths","Both","Clostridium difficile","att",35
-1.54617681536903,-2.02922271275157,-1.0607492553577,"High-income","Diarrheal diseases","Deaths","Both","Clostridium difficile","att",35
0.312709808388156,0.107650180726138,0.518189478382824,"Latin America and Caribbean","Diarrheal diseases","Deaths","Both","Clostridium difficile","att",35
0.796515816257104,0.50972106058409,1.08412891299219,"North Africa and Middle East","Diarrheal diseases","Deaths","Both","Clostridium difficile","att",35
2.21854543102973,2.01032586882359,2.42719000301521,"South Asia","Diarrheal diseases","Deaths","Both","Clostridium difficile","att",35
0.105293596288014,-0.185966037577234,0.397403132426022,"Southeast Asia, East Asia, and Oceania","Diarrheal diseases","Deaths","Both","Clostridium difficile","att",35
0.0601720885243129,-0.278004585503966,0.399495585401266,"Sub-Saharan Africa","Diarrheal diseases","Deaths","Both","Clostridium difficile","att",35
-0.214860070020351,-0.487700047456974,0.0587279722617629,"Central Europe, Eastern Europe, and Central Asia","Diarrheal diseases","Deaths","Both","Clostridium difficile","att",36
0.79484550700335,0.565322789114409,1.02489207025538,"Global","Diarrheal diseases","Deaths","Both","Clostridium difficile","att",36
-1.67398024592176,-1.96636511830436,-1.38072333698046,"High-income","Diarrheal diseases","Deaths","Both","Clostridium difficile","att",36
0.160261270363948,-0.0369089377344367,0.357820382912455,"Latin America and Caribbean","Diarrheal diseases","Deaths","Both","Clostridium difficile","att",36
0.950160494020214,0.633984349276417,1.26733001446262,"North Africa and Middle East","Diarrheal diseases","Deaths","Both","Clostridium difficile","att",36
2.06582617382522,1.7958239512982,2.33654454753938,"South Asia","Diarrheal diseases","Deaths","Both","Clostridium difficile","att",36
-0.0816192790697112,-0.31613571552308,0.15344888116926,"Southeast Asia, East Asia, and Oceania","Diarrheal diseases","Deaths","Both","Clostridium difficile","att",36
-0.120422530746578,-0.392730435113364,0.152629813208849,"Sub-Saharan Africa","Diarrheal diseases","Deaths","Both","Clostridium difficile","att",36
-0.276928494298434,-0.589237185040903,0.0363613449188449,"Central Europe, Eastern Europe, and Central Asia","Diarrheal diseases","Deaths","Both","Clostridium difficile","att",37
0.794529072159023,0.577866106684177,1.01165876895781,"Global","Diarrheal diseases","Deaths","Both","Clostridium difficile","att",37
-1.69818195240768,-1.9659093857908,-1.4297233654214,"High-income","Diarrheal diseases","Deaths","Both","Clostridium difficile","att",37
0.211551051929959,-0.00993741337040888,0.433530137387916,"Latin America and Caribbean","Diarrheal diseases","Deaths","Both","Clostridium difficile","att",37
0.921567452708638,0.628117566321662,1.21587309231752,"North Africa and Middle East","Diarrheal diseases","Deaths","Both","Clostridium difficile","att",37
2.13360928141326,1.8894011509162,2.37840272903189,"South Asia","Diarrheal diseases","Deaths","Both","Clostridium difficile","att",37
0.0628578582622552,-0.186712838392911,0.313052575370021,"Southeast Asia, East Asia, and Oceania","Diarrheal diseases","Deaths","Both","Clostridium difficile","att",37
-0.099132279347125,-0.427042365354657,0.229857668372468,"Sub-Saharan Africa","Diarrheal diseases","Deaths","Both","Clostridium difficile","att",37
-0.12846062967623,-0.421110638954003,0.165049441693821,"Central Europe, Eastern Europe, and Central Asia","Diarrheal diseases","Deaths","Both","Clostridium difficile","att",38
0.871762297478096,0.641353438592196,1.10269865565173,"Global","Diarrheal diseases","Deaths","Both","Clostridium difficile","att",38
-1.51956831675981,-1.87406652852461,-1.1637894141756,"High-income","Diarrheal diseases","Deaths","Both","Clostridium difficile","att",38
0.0871927829823482,-0.0755814312532022,0.250232152073937,"Latin America and Caribbean","Diarrheal diseases","Deaths","Both","Clostridium difficile","att",38
0.894210821063646,0.532381801523929,1.25734210995214,"North Africa and Middle East","Diarrheal diseases","Deaths","Both","Clostridium difficile","att",38
2.07235354488895,1.81473925464442,2.33061965748282,"South Asia","Diarrheal diseases","Deaths","Both","Clostridium difficile","att",38
0.0292519647277167,-0.246021489890835,0.305285042931702,"Southeast Asia, East Asia, and Oceania","Diarrheal diseases","Deaths","Both","Clostridium difficile","att",38
-0.304586517699423,-0.741643231326339,0.134394654251646,"Sub-Saharan Africa","Diarrheal diseases","Deaths","Both","Clostridium difficile","att",38
-0.334449639728762,-0.625589073014221,-0.0424572487369601,"Central Europe, Eastern Europe, and Central Asia","Diarrheal diseases","Deaths","Both","Clostridium difficile","att",39
0.884706197096596,0.642140476429653,1.12785654492435,"Global","Diarrheal diseases","Deaths","Both","Clostridium difficile","att",39
-1.4998701000387,-1.78330966933624,-1.21561256396613,"High-income","Diarrheal diseases","Deaths","Both","Clostridium difficile","att",39
0.294747488758973,0.068174282659017,0.521833699299057,"Latin America and Caribbean","Diarrheal diseases","Deaths","Both","Clostridium difficile","att",39
0.874225002293705,0.592675537254217,1.15656249788156,"North Africa and Middle East","Diarrheal diseases","Deaths","Both","Clostridium difficile","att",39
2.0182782573215,1.79770520513385,2.23932924239827,"South Asia","Diarrheal diseases","Deaths","Both","Clostridium difficile","att",39
-0.0331768264306476,-0.286755980058884,0.221047200281266,"Southeast Asia, East Asia, and Oceania","Diarrheal diseases","Deaths","Both","Clostridium difficile","att",39
-0.32215059091828,-0.724646364667925,0.0819770364783645,"Sub-Saharan Africa","Diarrheal diseases","Deaths","Both","Clostridium difficile","att",39
-0.350486937132666,-0.695295851845723,-0.00448076606921477,"Central Europe, Eastern Europe, and Central Asia","Diarrheal diseases","Deaths","Both","Clostridium difficile","att",40
0.748516032671831,0.484245164857344,1.01348192577573,"Global","Diarrheal diseases","Deaths","Both","Clostridium difficile","att",40
-1.5787949502624,-1.94338721380299,-1.21284706658711,"High-income","Diarrheal diseases","Deaths","Both","Clostridium difficile","att",40
0.225549101616762,0.0349843942165862,0.416476831092938,"Latin America and Caribbean","Diarrheal diseases","Deaths","Both","Clostridium difficile","att",40
0.739861689511101,0.493824255988295,0.986501492573955,"North Africa and Middle East","Diarrheal diseases","Deaths","Both","Clostridium difficile","att",40
2.0553168991652,1.76990165293012,2.34153259682512,"South Asia","Diarrheal diseases","Deaths","Both","Clostridium difficile","att",40
-0.0300894449794087,-0.313476503384991,0.254103221065538,"Southeast Asia, East Asia, and Oceania","Diarrheal diseases","Deaths","Both","Clostridium difficile","att",40
0.0599574223405508,-0.22582932521017,0.346562759156632,"Sub-Saharan Africa","Diarrheal diseases","Deaths","Both","Clostridium difficile","att",40
-0.27755567006742,-0.592404828160209,0.0382906954538464,"Central Europe, Eastern Europe, and Central Asia","Diarrheal diseases","Deaths","Both","Clostridium difficile","att",41
0.790753218528506,0.561720258606679,1.02030780931139,"Global","Diarrheal diseases","Deaths","Both","Clostridium difficile","att",41
-1.71778664922291,-2.00688964196191,-1.42783073386409,"High-income","Diarrheal diseases","Deaths","Both","Clostridium difficile","att",41
0.172177590893607,-0.0300575677247061,0.374821863075314,"Latin America and Caribbean","Diarrheal diseases","Deaths","Both","Clostridium difficile","att",41
0.800849253666458,0.529327885582775,1.07310397842204,"North Africa and Middle East","Diarrheal diseases","Deaths","Both","Clostridium difficile","att",41
2.17136391791637,1.91801750905694,2.42534009180118,"South Asia","Diarrheal diseases","Deaths","Both","Clostridium difficile","att",41
0.0905065527443849,-0.151620717094114,0.333220968966441,"Southeast Asia, East Asia, and Oceania","Diarrheal diseases","Deaths","Both","Clostridium difficile","att",41
-0.109511209340951,-0.412033897987096,0.193930465611736,"Sub-Saharan Africa","Diarrheal diseases","Deaths","Both","Clostridium difficile","att",41
-0.158500882910984,-0.531541718559847,0.21593898382235,"Central Europe, Eastern Europe, and Central Asia","Diarrheal diseases","Deaths","Both","Clostridium difficile","att",42
0.99063462925173,0.767267252570547,1.21449713680553,"Global","Diarrheal diseases","Deaths","Both","Clostridium difficile","att",42
-1.48372923775795,-1.80250837808675,-1.16391524268256,"High-income","Diarrheal diseases","Deaths","Both","Clostridium difficile","att",42
0.275553571325737,0.0830292874031135,0.468448203749627,"Latin America and Caribbean","Diarrheal diseases","Deaths","Both","Clostridium difficile","att",42
0.820141822014619,0.46353905303349,1.17801037892282,"North Africa and Middle East","Diarrheal diseases","Deaths","Both","Clostridium difficile","att",42
2.332765383116,2.09087574917097,2.57522813972826,"South Asia","Diarrheal diseases","Deaths","Both","Clostridium difficile","att",42
0.0677698445277652,-0.243950884797917,0.38046464824748,"Southeast Asia, East Asia, and Oceania","Diarrheal diseases","Deaths","Both","Clostridium difficile","att",42
0.0217998493241778,-0.275661220636514,0.320148196044245,"Sub-Saharan Africa","Diarrheal diseases","Deaths","Both","Clostridium difficile","att",42
-0.184906038927291,-0.495750800021488,0.126909780853102,"Central Europe, Eastern Europe, and Central Asia","Diarrheal diseases","Deaths","Both","Clostridium difficile","att",43
1.05171142396299,0.824253200601399,1.27968279016206,"Global","Diarrheal diseases","Deaths","Both","Clostridium difficile","att",43
-1.55639279514435,-1.91746770348571,-1.19398864818749,"High-income","Diarrheal diseases","Deaths","Both","Clostridium difficile","att",43
0.170907619605387,-0.00166687190796821,0.343779935634303,"Latin America and Caribbean","Diarrheal diseases","Deaths","Both","Clostridium difficile","att",43
0.955298380895342,0.635394128520606,1.27621955908999,"North Africa and Middle East","Diarrheal diseases","Deaths","Both","Clostridium difficile","att",43
2.06844451914439,1.82547616084876,2.31199263041892,"South Asia","Diarrheal diseases","Deaths","Both","Clostridium difficile","att",43
0.1814883156664,-0.0542769313491176,0.417809717062467,"Southeast Asia, East Asia, and Oceania","Diarrheal diseases","Deaths","Both","Clostridium difficile","att",43
-0.034358974085047,-0.286082560114098,0.218000077537872,"Sub-Saharan Africa","Diarrheal diseases","Deaths","Both","Clostridium difficile","att",43
-0.217151138120009,-0.563712609030176,0.130618190165688,"Central Europe, Eastern Europe, and Central Asia","Diarrheal diseases","Deaths","Both","Clostridium difficile","att",44
0.702712110612325,0.466481256764584,0.939498423510776,"Global","Diarrheal diseases","Deaths","Both","Clostridium difficile","att",44
-1.51828805741391,-1.84720070725093,-1.18827321250958,"High-income","Diarrheal diseases","Deaths","Both","Clostridium difficile","att",44
0.321512995521989,0.099425543272047,0.5440931862285,"Latin America and Caribbean","Diarrheal diseases","Deaths","Both","Clostridium difficile","att",44
0.955375093599509,0.653062035240093,1.25859615399488,"North Africa and Middle East","Diarrheal diseases","Deaths","Both","Clostridium difficile","att",44
2.08318342780835,1.77032418652703,2.39700445147211,"South Asia","Diarrheal diseases","Deaths","Both","Clostridium difficile","att",44
-0.113139608538737,-0.361142532969672,0.135480599671745,"Southeast Asia, East Asia, and Oceania","Diarrheal diseases","Deaths","Both","Clostridium difficile","att",44
-0.0405207243993289,-0.300948734239925,0.220587560202645,"Sub-Saharan Africa","Diarrheal diseases","Deaths","Both","Clostridium difficile","att",44
-0.231815651691636,-0.578753891953909,0.116333256785617,"Central Europe, Eastern Europe, and Central Asia","Diarrheal diseases","Deaths","Both","Clostridium difficile","att",45
0.97784419424396,0.749710378725887,1.20649458730442,"Global","Diarrheal diseases","Deaths","Both","Clostridium difficile","att",45
-1.6544628410013,-1.99333176253915,-1.31442224259647,"High-income","Diarrheal diseases","Deaths","Both","Clostridium difficile","att",45
0.224897764300236,-0.00932355595499867,0.459667731977542,"Latin America and Caribbean","Diarrheal diseases","Deaths","Both","Clostridium difficile","att",45
0.928255037133163,0.55250961344826,1.30540454932828,"North Africa and Middle East","Diarrheal diseases","Deaths","Both","Clostridium difficile","att",45
2.20539441208116,1.94626485592024,2.46518263020457,"South Asia","Diarrheal diseases","Deaths","Both","Clostridium difficile","att",45
0.00408510640474979,-0.24021997063044,0.248988470351219,"Southeast Asia, East Asia, and Oceania","Diarrheal diseases","Deaths","Both","Clostridium difficile","att",45
-0.328794374002273,-0.608535644013319,-0.0482657609466752,"Sub-Saharan Africa","Diarrheal diseases","Deaths","Both","Clostridium difficile","att",45
-0.227670751403086,-0.559273515033987,0.105037800537455,"Central Europe, Eastern Europe, and Central Asia","Diarrheal diseases","Deaths","Both","Clostridium difficile","att",46
0.909662756369523,0.684757179666962,1.13507071813861,"Global","Diarrheal diseases","Deaths","Both","Clostridium difficile","att",46
-1.72956573371773,-2.19440736431713,-1.26251484559312,"High-income","Diarrheal diseases","Deaths","Both","Clostridium difficile","att",46
0.258270780976932,0.0416428125203705,0.475367830861972,"Latin America and Caribbean","Diarrheal diseases","Deaths","Both","Clostridium difficile","att",46
0.996602309416383,0.723614441799048,1.27033004698656,"North Africa and Middle East","Diarrheal diseases","Deaths","Both","Clostridium difficile","att",46
2.24079372623429,1.96511476445571,2.5172180300854,"South Asia","Diarrheal diseases","Deaths","Both","Clostridium difficile","att",46
-0.0694172287164618,-0.358050048806213,0.220051674015931,"Southeast Asia, East Asia, and Oceania","Diarrheal diseases","Deaths","Both","Clostridium difficile","att",46
0.0676306606443466,-0.16767147372263,0.303487395863122,"Sub-Saharan Africa","Diarrheal diseases","Deaths","Both","Clostridium difficile","att",46
-0.159222086908528,-0.496117781247818,0.178814253467219,"Central Europe, Eastern Europe, and Central Asia","Diarrheal diseases","Deaths","Both","Clostridium difficile","att",47
0.804324735795747,0.593230972390946,1.01586147708801,"Global","Diarrheal diseases","Deaths","Both","Clostridium difficile","att",47
-1.64301529059896,-2.03891532988614,-1.24551526044158,"High-income","Diarrheal diseases","Deaths","Both","Clostridium difficile","att",47
0.258165137786648,0.0925393845579547,0.424064956298342,"Latin America and Caribbean","Diarrheal diseases","Deaths","Both","Clostridium difficile","att",47
0.87667198254433,0.582291247880162,1.17191430045407,"North Africa and Middle East","Diarrheal diseases","Deaths","Both","Clostridium difficile","att",47
2.10024807332425,1.84927258795464,2.351842008808,"South Asia","Diarrheal diseases","Deaths","Both","Clostridium difficile","att",47
0.0464220560385531,-0.180004089101926,0.273361813694573,"Southeast Asia, East Asia, and Oceania","Diarrheal diseases","Deaths","Both","Clostridium difficile","att",47
-0.0199126874221189,-0.310614532080222,0.271636865967362,"Sub-Saharan Africa","Diarrheal diseases","Deaths","Both","Clostridium difficile","att",47
-0.346062535839708,-0.667067935668308,-0.0240197714173274,"Central Europe, Eastern Europe, and Central Asia","Diarrheal diseases","Deaths","Both","Clostridium difficile","att",48
0.902208786381697,0.683567399457496,1.12132496832273,"Global","Diarrheal diseases","Deaths","Both","Clostridium difficile","att",48
-1.46038469780695,-1.763735827615,-1.15609682728781,"High-income","Diarrheal diseases","Deaths","Both","Clostridium difficile","att",48
0.250692738794855,0.0728070407241876,0.428894639863242,"Latin America and Caribbean","Diarrheal diseases","Deaths","Both","Clostridium difficile","att",48
1.02996690559658,0.599656197922305,1.46211824883697,"North Africa and Middle East","Diarrheal diseases","Deaths","Both","Clostridium difficile","att",48
2.22562597859732,1.99211861497732,2.45966794910268,"South Asia","Diarrheal diseases","Deaths","Both","Clostridium difficile","att",48
-0.138631679630807,-0.421371082617183,0.144910521816155,"Southeast Asia, East Asia, and Oceania","Diarrheal diseases","Deaths","Both","Clostridium difficile","att",48
-0.23981915153295,-0.519638254627219,0.0407870288204215,"Sub-Saharan Africa","Diarrheal diseases","Deaths","Both","Clostridium difficile","att",48
-0.359204245594968,-0.698222032525742,-0.0190290467607324,"Central Europe, Eastern Europe, and Central Asia","Diarrheal diseases","Deaths","Both","Clostridium difficile","att",49
0.882172390122782,0.656978046713141,1.1078705485017,"Global","Diarrheal diseases","Deaths","Both","Clostridium difficile","att",49
-1.6610478229271,-1.99042698907633,-1.33056171761099,"High-income","Diarrheal diseases","Deaths","Both","Clostridium difficile","att",49
0.0962941982171062,-0.0902437597306682,0.283180434561925,"Latin America and Caribbean","Diarrheal diseases","Deaths","Both","Clostridium difficile","att",49
0.892759374025842,0.616913891150039,1.16936109884429,"North Africa and Middle East","Diarrheal diseases","Deaths","Both","Clostridium difficile","att",49
2.09117856580858,1.84133886702593,2.34163117753781,"South Asia","Diarrheal diseases","Deaths","Both","Clostridium difficile","att",49
-0.138876430683199,-0.409518284894672,0.132500905594335,"Southeast Asia, East Asia, and Oceania","Diarrheal diseases","Deaths","Both","Clostridium difficile","att",49
-2.99436095363426e-05,-0.275815578042726,0.276518371577583,"Sub-Saharan Africa","Diarrheal diseases","Deaths","Both","Clostridium difficile","att",49
-0.448715651084886,-0.789077359454105,-0.10718626793309,"Central Europe, Eastern Europe, and Central Asia","Diarrheal diseases","Deaths","Both","Clostridium difficile","att",50
0.978778465535801,0.785671967234869,1.17225495809243,"Global","Diarrheal diseases","Deaths","Both","Clostridium difficile","att",50
-1.5038497145443,-1.80331218932265,-1.20347399334391,"High-income","Diarrheal diseases","Deaths","Both","Clostridium difficile","att",50
0.175406096117414,-0.0352682951188843,0.386524480933903,"Latin America and Caribbean","Diarrheal diseases","Deaths","Both","Clostridium difficile","att",50
0.868913007418426,0.596301214257711,1.14226356720248,"North Africa and Middle East","Diarrheal diseases","Deaths","Both","Clostridium difficile","att",50
2.0299578544192,1.80881653500149,2.25157952008608,"South Asia","Diarrheal diseases","Deaths","Both","Clostridium difficile","att",50
-0.129149297394093,-0.403816148785396,0.146275031606669,"Southeast Asia, East Asia, and Oceania","Diarrheal diseases","Deaths","Both","Clostridium difficile","att",50
0.0806052869689156,-0.197534525631871,0.359520248309608,"Sub-Saharan Africa","Diarrheal diseases","Deaths","Both","Clostridium difficile","att",50
-0.19028516334052,-0.48389738533372,0.104193331895286,"Central Europe, Eastern Europe, and Central Asia","Diarrheal diseases","Deaths","Both","Clostridium difficile","att",51
0.801533189220582,0.609134544509193,0.994299765120843,"Global","Diarrheal diseases","Deaths","Both","Clostridium difficile","att",51
-1.64678771502327,-1.98187220360809,-1.31055770757358,"High-income","Diarrheal diseases","Deaths","Both","Clostridium difficile","att",51
0.24397738449351,0.0732546993773342,0.414991318608249,"Latin America and Caribbean","Diarrheal diseases","Deaths","Both","Clostridium difficile","att",51
0.821070581622463,0.467280788791036,1.1761062250087,"North Africa and Middle East","Diarrheal diseases","Deaths","Both","Clostridium difficile","att",51
2.15707202841406,1.90186260851524,2.41292061080061,"South Asia","Diarrheal diseases","Deaths","Both","Clostridium difficile","att",51
-0.0798630464226679,-0.364139048321388,0.205224037394602,"Southeast Asia, East Asia, and Oceania","Diarrheal diseases","Deaths","Both","Clostridium difficile","att",51
0.141785090866331,-0.141061645066476,0.425432979678875,"Sub-Saharan Africa","Diarrheal diseases","Deaths","Both","Clostridium difficile","att",51
-0.0962954447131792,-0.375503285021017,0.183694904120779,"Central Europe, Eastern Europe, and Central Asia","Diarrheal diseases","Deaths","Both","Clostridium difficile","att",52
0.952559480905779,0.728180915716625,1.17743786392204,"Global","Diarrheal diseases","Deaths","Both","Clostridium difficile","att",52
-1.65971204152949,-2.04263439223465,-1.27529281995853,"High-income","Diarrheal diseases","Deaths","Both","Clostridium difficile","att",52
0.31518824954877,0.08437545780835,0.546533337610033,"Latin America and Caribbean","Diarrheal diseases","Deaths","Both","Clostridium difficile","att",52
0.876301973974125,0.537556304184306,1.2161889946483,"North Africa and Middle East","Diarrheal diseases","Deaths","Both","Clostridium difficile","att",52
2.15415372303343,1.9045116441611,2.4044073662667,"South Asia","Diarrheal diseases","Deaths","Both","Clostridium difficile","att",52
-0.21181403583922,-0.494664254835775,0.0718402028190734,"Southeast Asia, East Asia, and Oceania","Diarrheal diseases","Deaths","Both","Clostridium difficile","att",52
0.0441744027909641,-0.197160087280579,0.28609246679836,"Sub-Saharan Africa","Diarrheal diseases","Deaths","Both","Clostridium difficile","att",52
-0.184713432308359,-0.516028720395156,0.147705247799368,"Central Europe, Eastern Europe, and Central Asia","Diarrheal diseases","Deaths","Both","Clostridium difficile","att",53
0.729384802979349,0.51237374627715,0.946864397006597,"Global","Diarrheal diseases","Deaths","Both","Clostridium difficile","att",53
-1.75892109522766,-2.16273729268001,-1.35343817574312,"High-income","Diarrheal diseases","Deaths","Both","Clostridium difficile","att",53
0.264190481282522,0.0453592465810226,0.48350036996303,"Latin America and Caribbean","Diarrheal diseases","Deaths","Both","Clostridium difficile","att",53
0.684660212604471,0.402197339043275,0.967917742827118,"North Africa and Middle East","Diarrheal diseases","Deaths","Both","Clostridium difficile","att",53
2.14080991003753,1.91267964033877,2.36945084651632,"South Asia","Diarrheal diseases","Deaths","Both","Clostridium difficile","att",53
-0.0996404618686109,-0.35221678083428,0.153576059968019,"Southeast Asia, East Asia, and Oceania","Diarrheal diseases","Deaths","Both","Clostridium difficile","att",53
0.0521126500193869,-0.219372371577009,0.324336333204744,"Sub-Saharan Africa","Diarrheal diseases","Deaths","Both","Clostridium difficile","att",53
-0.285622296243471,-0.599338095819391,0.0290836134687167,"Central Europe, Eastern Europe, and Central Asia","Diarrheal diseases","Deaths","Both","Clostridium difficile","att",54
0.819748034264056,0.607957695778949,1.03198421369954,"Global","Diarrheal diseases","Deaths","Both","Clostridium difficile","att",54
-1.45326886011081,-1.75966136874713,-1.14592077283281,"High-income","Diarrheal diseases","Deaths","Both","Clostridium difficile","att",54
0.158577869598253,-0.0290840873174214,0.346592099069931,"Latin America and Caribbean","Diarrheal diseases","Deaths","Both","Clostridium difficile","att",54
0.868234775875876,0.590031082979237,1.14720790182574,"North Africa and Middle East","Diarrheal diseases","Deaths","Both","Clostridium difficile","att",54
2.2777567817619,1.97873926647789,2.5776510628805,"South Asia","Diarrheal diseases","Deaths","Both","Clostridium difficile","att",54
0.0884645664462669,-0.200905675780594,0.378673845717059,"Southeast Asia, East Asia, and Oceania","Diarrheal diseases","Deaths","Both","Clostridium difficile","att",54
-0.0904528390824555,-0.360649596897566,0.180476624110981,"Sub-Saharan Africa","Diarrheal diseases","Deaths","Both","Clostridium difficile","att",54
-0.164642013638872,-0.487446593568019,0.159209698468632,"Central Europe, Eastern Europe, and Central Asia","Diarrheal diseases","Deaths","Both","Clostridium difficile","att",55
0.99772898975099,0.761324863246693,1.23468776270426,"Global","Diarrheal diseases","Deaths","Both","Clostridium difficile","att",55
-1.7069574105962,-2.06310313447911,-1.34951656933977,"High-income","Diarrheal diseases","Deaths","Both","Clostridium difficile","att",55
0.184602435816972,-0.020653744616439,0.390280004278853,"Latin America and Caribbean","Diarrheal diseases","Deaths","Both","Clostridium difficile","att",55
0.855491422220767,0.523019565704952,1.18906290284111,"North Africa and Middle East","Diarrheal diseases","Deaths","Both","Clostridium difficile","att",55
2.25814250361387,1.993155588803,2.52381787702389,"South Asia","Diarrheal diseases","Deaths","Both","Clostridium difficile","att",55
0.088175050898065,-0.160779566899327,0.337750450803465,"Southeast Asia, East Asia, and Oceania","Diarrheal diseases","Deaths","Both","Clostridium difficile","att",55
0.167587262846225,-0.0781650186501781,0.413943958621754,"Sub-Saharan Africa","Diarrheal diseases","Deaths","Both","Clostridium difficile","att",55
-0.304700592417928,-0.694514465290308,0.0866434563018936,"Central Europe, Eastern Europe, and Central Asia","Diarrheal diseases","Deaths","Both","Clostridium difficile","att",56
0.873134900063488,0.628698882474965,1.11816467437706,"Global","Diarrheal diseases","Deaths","Both","Clostridium difficile","att",56
-1.75280649925437,-2.044588418134,-1.46015544321518,"High-income","Diarrheal diseases","Deaths","Both","Clostridium difficile","att",56
0.152744019863316,-0.0511912338618581,0.357095382476902,"Latin America and Caribbean","Diarrheal diseases","Deaths","Both","Clostridium difficile","att",56
0.938982775139352,0.607113930612946,1.27194634274908,"North Africa and Middle East","Diarrheal diseases","Deaths","Both","Clostridium difficile","att",56
2.12801522174972,1.8519693146807,2.40480928659441,"South Asia","Diarrheal diseases","Deaths","Both","Clostridium difficile","att",56
0.0909474001593802,-0.169357308182494,0.351930843400283,"Southeast Asia, East Asia, and Oceania","Diarrheal diseases","Deaths","Both","Clostridium difficile","att",56
-0.220122449017557,-0.58050665722057,0.141568110416546,"Sub-Saharan Africa","Diarrheal diseases","Deaths","Both","Clostridium difficile","att",56
-0.13894818364989,-0.519048386416343,0.242604318896555,"Central Europe, Eastern Europe, and Central Asia","Diarrheal diseases","Deaths","Both","Clostridium difficile","att",57
0.943833407595629,0.742364371815496,1.14570535006384,"Global","Diarrheal diseases","Deaths","Both","Clostridium difficile","att",57
-1.7166793115852,-2.10702596714636,-1.32477615502883,"High-income","Diarrheal diseases","Deaths","Both","Clostridium difficile","att",57
0.256083306956101,0.0748446052524221,0.437650237668041,"Latin America and Caribbean","Diarrheal diseases","Deaths","Both","Clostridium difficile","att",57
0.6737621462928,0.396788740342235,0.951499663013888,"North Africa and Middle East","Diarrheal diseases","Deaths","Both","Clostridium difficile","att",57
2.06829113693425,1.83227304877551,2.30485624752772,"South Asia","Diarrheal diseases","Deaths","Both","Clostridium difficile","att",57
0.0703275488792565,-0.207836288293517,0.349266748740185,"Southeast Asia, East Asia, and Oceania","Diarrheal diseases","Deaths","Both","Clostridium difficile","att",57
0.0366626569884732,-0.208209381829472,0.28213557003689,"Sub-Saharan Africa","Diarrheal diseases","Deaths","Both","Clostridium difficile","att",57
-0.146295349926751,-0.45665330382203,0.165030243321063,"Central Europe, Eastern Europe, and Central Asia","Diarrheal diseases","Deaths","Both","Clostridium difficile","att",58
0.782941844236595,0.555327370064518,1.01107154072666,"Global","Diarrheal diseases","Deaths","Both","Clostridium difficile","att",58
-1.539040857022,-1.8720026920621,-1.20494923653194,"High-income","Diarrheal diseases","Deaths","Both","Clostridium difficile","att",58
0.371016708919925,0.196041834996019,0.546297145877483,"Latin America and Caribbean","Diarrheal diseases","Deaths","Both","Clostridium difficile","att",58
0.7652974235832,0.446236872751204,1.0853714482721,"North Africa and Middle East","Diarrheal diseases","Deaths","Both","Clostridium difficile","att",58
2.02399013714105,1.78472007841801,2.26382265908016,"South Asia","Diarrheal diseases","Deaths","Both","Clostridium difficile","att",58
-0.026800687054207,-0.273885984413169,0.22089679844397,"Southeast Asia, East Asia, and Oceania","Diarrheal diseases","Deaths","Both","Clostridium difficile","att",58
0.134174379580254,-0.145042497422865,0.41417200965117,"Sub-Saharan Africa","Diarrheal diseases","Deaths","Both","Clostridium difficile","att",58
-0.440423173590387,-0.723499815768158,-0.156539367731412,"Central Europe, Eastern Europe, and Central Asia","Diarrheal diseases","Deaths","Both","Clostridium difficile","att",59
0.772656361079371,0.522559906305453,1.0233750466913,"Global","Diarrheal diseases","Deaths","Both","Clostridium difficile","att",59
-1.48525909216985,-1.82502201940106,-1.14432031698742,"High-income","Diarrheal diseases","Deaths","Both","Clostridium difficile","att",59
0.214593541615726,0.0440336089203575,0.385444253177081,"Latin America and Caribbean","Diarrheal diseases","Deaths","Both","Clostridium difficile","att",59
0.859125898803348,0.505615050981567,1.21388015894057,"North Africa and Middle East","Diarrheal diseases","Deaths","Both","Clostridium difficile","att",59
2.14915763406938,1.87334544381197,2.42571655904884,"South Asia","Diarrheal diseases","Deaths","Both","Clostridium difficile","att",59
-0.00752766016107742,-0.264278523528105,0.249884160031288,"Southeast Asia, East Asia, and Oceania","Diarrheal diseases","Deaths","Both","Clostridium difficile","att",59
0.0289903189419016,-0.213696460279966,0.272267328192521,"Sub-Saharan Africa","Diarrheal diseases","Deaths","Both","Clostridium difficile","att",59
-0.0993681583812189,-0.380481529271459,0.182538478010663,"Central Europe, Eastern Europe, and Central Asia","Diarrheal diseases","Deaths","Both","Clostridium difficile","att",60
0.994534331064423,0.810989872809453,1.17841296487107,"Global","Diarrheal diseases","Deaths","Both","Clostridium difficile","att",60
-1.68375300848838,-2.05401774318908,-1.31208856375767,"High-income","Diarrheal diseases","Deaths","Both","Clostridium difficile","att",60
0.291957594554071,0.103809131910171,0.480459688536317,"Latin America and Caribbean","Diarrheal diseases","Deaths","Both","Clostridium difficile","att",60
0.731627529542678,0.431800861171583,1.03234929319529,"North Africa and Middle East","Diarrheal diseases","Deaths","Both","Clostridium difficile","att",60
2.16158629590246,1.88807615032249,2.43583065693296,"South Asia","Diarrheal diseases","Deaths","Both","Clostridium difficile","att",60
-0.0540968324037827,-0.297178974163792,0.189577959865339,"Southeast Asia, East Asia, and Oceania","Diarrheal diseases","Deaths","Both","Clostridium difficile","att",60
0.0408282979543761,-0.231859087296904,0.314260995380411,"Sub-Saharan Africa","Diarrheal diseases","Deaths","Both","Clostridium difficile","att",60
-0.261813421435364,-0.541456126876305,0.0186155416729505,"Central Europe, Eastern Europe, and Central Asia","Diarrheal diseases","Deaths","Both","Clostridium difficile","att",61
1.04730223065597,0.844338903990005,1.25067404938424,"Global","Diarrheal diseases","Deaths","Both","Clostridium difficile","att",61
-1.63257874716193,-1.96600063843765,-1.2980228599429,"High-income","Diarrheal diseases","Deaths","Both","Clostridium difficile","att",61
0.36531370880748,0.169851605668514,0.561157218458996,"Latin America and Caribbean","Diarrheal diseases","Deaths","Both","Clostridium difficile","att",61
0.851988895749689,0.552402397220919,1.15246798429083,"North Africa and Middle East","Diarrheal diseases","Deaths","Both","Clostridium difficile","att",61
2.19861750488082,1.90732505197722,2.49074258971813,"South Asia","Diarrheal diseases","Deaths","Both","Clostridium difficile","att",61
-0.0151922282338179,-0.321948844516717,0.292508423576909,"Southeast Asia, East Asia, and Oceania","Diarrheal diseases","Deaths","Both","Clostridium difficile","att",61
-0.107771167633119,-0.336507109835971,0.121489742436487,"Sub-Saharan Africa","Diarrheal diseases","Deaths","Both","Clostridium difficile","att",61
-0.19266702948576,-0.446730079187585,0.0620443970426265,"Central Europe, Eastern Europe, and Central Asia","Diarrheal diseases","Deaths","Both","Clostridium difficile","att",62
0.916888063517973,0.736624870529345,1.09747382854819,"Global","Diarrheal diseases","Deaths","Both","Clostridium difficile","att",62
-1.68706116190558,-2.01731011521857,-1.35569911023518,"High-income","Diarrheal diseases","Deaths","Both","Clostridium difficile","att",62
0.0916196699717986,-0.123337002334789,0.307038976587348,"Latin America and Caribbean","Diarrheal diseases","Deaths","Both","Clostridium difficile","att",62
0.930679811315183,0.618997847227765,1.24332725556853,"North Africa and Middle East","Diarrheal diseases","Deaths","Both","Clostridium difficile","att",62
2.16243073615374,1.92954884892911,2.39584469650151,"South Asia","Diarrheal diseases","Deaths","Both","Clostridium difficile","att",62
0.0464117870608405,-0.222525040375821,0.316073497715674,"Southeast Asia, East Asia, and Oceania","Diarrheal diseases","Deaths","Both","Clostridium difficile","att",62
0.0822601104790488,-0.201058915293229,0.36638345009965,"Sub-Saharan Africa","Diarrheal diseases","Deaths","Both","Clostridium difficile","att",62
-0.207550876568907,-0.546690302645891,0.132745027363557,"Central Europe, Eastern Europe, and Central Asia","Diarrheal diseases","Deaths","Both","Clostridium difficile","att",63
0.90034017550098,0.656903732676417,1.14436536385116,"Global","Diarrheal diseases","Deaths","Both","Clostridium difficile","att",63
-1.53705894424093,-1.88114096204756,-1.19177030381212,"High-income","Diarrheal diseases","Deaths","Both","Clostridium difficile","att",63
0.101866187603572,-0.0838328698781532,0.287910375817813,"Latin America and Caribbean","Diarrheal diseases","Deaths","Both","Clostridium difficile","att",63
0.937631792911087,0.676611701581531,1.19932862024639,"North Africa and Middle East","Diarrheal diseases","Deaths","Both","Clostridium difficile","att",63
2.05289681051173,1.80003534981397,2.30638635466824,"South Asia","Diarrheal diseases","Deaths","Both","Clostridium difficile","att",63
0.103519602160551,-0.181250661034726,0.389102278888731,"Southeast Asia, East Asia, and Oceania","Diarrheal diseases","Deaths","Both","Clostridium difficile","att",63
-0.40976987734247,-0.711648587645419,-0.106973327691418,"Sub-Saharan Africa","Diarrheal diseases","Deaths","Both","Clostridium difficile","att",63
-0.419978265148091,-0.813527381602863,-0.0248676362917588,"Central Europe, Eastern Europe, and Central Asia","Diarrheal diseases","Deaths","Both","Clostridium difficile","att",64
0.923974132930061,0.697064111214019,1.15139547201579,"Global","Diarrheal diseases","Deaths","Both","Clostridium difficile","att",64
-1.42591556325751,-1.7147626519273,-1.13621959185736,"High-income","Diarrheal diseases","Deaths","Both","Clostridium difficile","att",64
0.266165156407139,0.0527176454354183,0.480068025724045,"Latin America and Caribbean","Diarrheal diseases","Deaths","Both","Clostridium difficile","att",64
0.75363590882267,0.426335171712044,1.08200335589865,"North Africa and Middle East","Diarrheal diseases","Deaths","Both","Clostridium difficile","att",64
2.1765060347368,1.91255247423894,2.44114323508478,"South Asia","Diarrheal diseases","Deaths","Both","Clostridium difficile","att",64
0.021509168489664,-0.240550895322367,0.284257643050378,"Southeast Asia, East Asia, and Oceania","Diarrheal diseases","Deaths","Both","Clostridium difficile","att",64
-0.184738350105718,-0.508335511552915,0.139911312809171,"Sub-Saharan Africa","Diarrheal diseases","Deaths","Both","Clostridium difficile","att",64
-0.241822332803443,-0.614642455253511,0.132396334131801,"Central Europe, Eastern Europe, and Central Asia","Diarrheal diseases","Deaths","Both","Clostridium difficile","att",65
1.13474466219856,0.929094459102542,1.34081389219918,"Global","Diarrheal diseases","Deaths","Both","Clostridium difficile","att",65
-1.7222941127141,-2.03049517037731,-1.41312348914249,"High-income","Diarrheal diseases","Deaths","Both","Clostridium difficile","att",65
0.204290674042995,-0.00804053811387373,0.417072767889737,"Latin America and Caribbean","Diarrheal diseases","Deaths","Both","Clostridium difficile","att",65
0.839475236684617,0.537601598510373,1.14225527895022,"North Africa and Middle East","Diarrheal diseases","Deaths","Both","Clostridium difficile","att",65
2.09771243845824,1.82869376601063,2.36744182459028,"South Asia","Diarrheal diseases","Deaths","Both","Clostridium difficile","att",65
-0.037162431213611,-0.324817395358068,0.251322683187261,"Southeast Asia, East Asia, and Oceania","Diarrheal diseases","Deaths","Both","Clostridium difficile","att",65
-0.0616717880821738,-0.287699916576201,0.164868701623333,"Sub-Saharan Africa","Diarrheal diseases","Deaths","Both","Clostridium difficile","att",65
-0.308086995680179,-0.5784681271637,-0.0369705510820273,"Central Europe, Eastern Europe, and Central Asia","Diarrheal diseases","Deaths","Both","Clostridium difficile","att",66
0.822767366998911,0.589438973047152,1.05663699211751,"Global","Diarrheal diseases","Deaths","Both","Clostridium difficile","att",66
-1.64500843806561,-1.93018660695274,-1.35900099679387,"High-income","Diarrheal diseases","Deaths","Both","Clostridium difficile","att",66
0.202761676232988,-0.0323367803573116,0.438413024453532,"Latin America and Caribbean","Diarrheal diseases","Deaths","Both","Clostridium difficile","att",66
0.858865555165877,0.556353679595123,1.162287501871,"North Africa and Middle East","Diarrheal diseases","Deaths","Both","Clostridium difficile","att",66
2.21229112488679,1.91846830268374,2.50696101487142,"South Asia","Diarrheal diseases","Deaths","Both","Clostridium difficile","att",66
0.0785545522510755,-0.167977343539771,0.325695250448454,"Southeast Asia, East Asia, and Oceania","Diarrheal diseases","Deaths","Both","Clostridium difficile","att",66
0.228104766515203,-0.0318526422873777,0.4887381691836,"Sub-Saharan Africa","Diarrheal diseases","Deaths","Both","Clostridium difficile","att",66
-0.239121970477674,-0.563861663174048,0.0866782608696992,"Central Europe, Eastern Europe, and Central Asia","Diarrheal diseases","Deaths","Both","Clostridium difficile","att",67
0.91143798895279,0.71720455626394,1.10604600140225,"Global","Diarrheal diseases","Deaths","Both","Clostridium difficile","att",67
-1.75494983490231,-2.12354523904248,-1.38496632805363,"High-income","Diarrheal diseases","Deaths","Both","Clostridium difficile","att",67
0.262470164697626,0.0955535545942521,0.429665120379208,"Latin America and Caribbean","Diarrheal diseases","Deaths","Both","Clostridium difficile","att",67
1.13460404110801,0.855691782557533,1.41428762001328,"North Africa and Middle East","Diarrheal diseases","Deaths","Both","Clostridium difficile","att",67
2.36176562591426,2.09367449147775,2.63056074966961,"South Asia","Diarrheal diseases","Deaths","Both","Clostridium difficile","att",67
0.0740852972403561,-0.200739245765535,0.349666644744295,"Southeast Asia, East Asia, and Oceania","Diarrheal diseases","Deaths","Both","Clostridium difficile","att",67
-0.0361752560696038,-0.376903243669702,0.305718079379669,"Sub-Saharan Africa","Diarrheal diseases","Deaths","Both","Clostridium difficile","att",67
-0.372919506624925,-0.618843528549629,-0.126386932468514,"Central Europe, Eastern Europe, and Central Asia","Diarrheal diseases","Deaths","Both","Clostridium difficile","att",68
0.981026344702651,0.768102116720581,1.1944004841737,"Global","Diarrheal diseases","Deaths","Both","Clostridium difficile","att",68
-1.66965343252802,-1.98500043873404,-1.35329184962691,"High-income","Diarrheal diseases","Deaths","Both","Clostridium difficile","att",68
0.134878212302603,-0.0771363551641313,0.347342628534464,"Latin America and Caribbean","Diarrheal diseases","Deaths","Both","Clostridium difficile","att",68
0.883149512534276,0.547016212109597,1.22040652204465,"North Africa and Middle East","Diarrheal diseases","Deaths","Both","Clostridium difficile","att",68
2.32033033164281,2.0980274137171,2.54311728034333,"South Asia","Diarrheal diseases","Deaths","Both","Clostridium difficile","att",68
0.193634244918073,-0.0729697391299466,0.460949524839926,"Southeast Asia, East Asia, and Oceania","Diarrheal diseases","Deaths","Both","Clostridium difficile","att",68
0.146234417217395,-0.113104751852833,0.406246915901542,"Sub-Saharan Africa","Diarrheal diseases","Deaths","Both","Clostridium difficile","att",68
-0.320764289383024,-0.627754600073582,-0.0128255946594935,"Central Europe, Eastern Europe, and Central Asia","Diarrheal diseases","Deaths","Both","Clostridium difficile","att",69
0.992016839441479,0.760106047556341,1.22446140027053,"Global","Diarrheal diseases","Deaths","Both","Clostridium difficile","att",69
-1.7316009143016,-2.0497469247537,-1.41242155395209,"High-income","Diarrheal diseases","Deaths","Both","Clostridium difficile","att",69
0.274382517065352,0.0831343426046516,0.465996146349967,"Latin America and Caribbean","Diarrheal diseases","Deaths","Both","Clostridium difficile","att",69
0.854221302858837,0.575956512575759,1.1332559719101,"North Africa and Middle East","Diarrheal diseases","Deaths","Both","Clostridium difficile","att",69
2.17691956537798,1.89656260884958,2.45804789260879,"South Asia","Diarrheal diseases","Deaths","Both","Clostridium difficile","att",69
-0.089442613185442,-0.386279513739252,0.208278825613717,"Southeast Asia, East Asia, and Oceania","Diarrheal diseases","Deaths","Both","Clostridium difficile","att",69
-0.0954424920007413,-0.379547519207646,0.189472767086007,"Sub-Saharan Africa","Diarrheal diseases","Deaths","Both","Clostridium difficile","att",69
-0.258667672176771,-0.599787307105393,0.0836226101999848,"Central Europe, Eastern Europe, and Central Asia","Diarrheal diseases","Deaths","Both","Clostridium difficile","att",70
0.818579636884276,0.595415626839224,1.04223872093514,"Global","Diarrheal diseases","Deaths","Both","Clostridium difficile","att",70
-1.59875562740385,-1.92548664450196,-1.27093611999484,"High-income","Diarrheal diseases","Deaths","Both","Clostridium difficile","att",70
0.161146455239591,-0.0374332958948509,0.36012069321909,"Latin America and Caribbean","Diarrheal diseases","Deaths","Both","Clostridium difficile","att",70
0.927839415508802,0.638748346003792,1.21776091710721,"North Africa and Middle East","Diarrheal diseases","Deaths","Both","Clostridium difficile","att",70
2.20536368810693,1.92033960362239,2.49118485322379,"South Asia","Diarrheal diseases","Deaths","Both","Clostridium difficile","att",70
0.0768398061859132,-0.196271488529087,0.350698465557686,"Southeast Asia, East Asia, and Oceania","Diarrheal diseases","Deaths","Both","Clostridium difficile","att",70
0.139309701608092,-0.174163015266948,0.453766784326626,"Sub-Saharan Africa","Diarrheal diseases","Deaths","Both","Clostridium difficile","att",70
-0.221111685149433,-0.541982634674587,0.100794456600317,"Central Europe, Eastern Europe, and Central Asia","Diarrheal diseases","Deaths","Both","Clostridium difficile","att",71
0.986515623694806,0.751893018577476,1.22168459836596,"Global","Diarrheal diseases","Deaths","Both","Clostridium difficile","att",71
-1.56122916505648,-1.91822054800035,-1.20293842918275,"High-income","Diarrheal diseases","Deaths","Both","Clostridium difficile","att",71
0.270555902333136,0.099260364162812,0.442144571154879,"Latin America and Caribbean","Diarrheal diseases","Deaths","Both","Clostridium difficile","att",71
0.846140987835042,0.399735016147407,1.29453180830268,"North Africa and Middle East","Diarrheal diseases","Deaths","Both","Clostridium difficile","att",71
2.14689931689449,1.91449352966611,2.37983508222575,"South Asia","Diarrheal diseases","Deaths","Both","Clostridium difficile","att",71
-0.108140918552857,-0.440147565836169,0.224972885994612,"Southeast Asia, East Asia, and Oceania","Diarrheal diseases","Deaths","Both","Clostridium difficile","att",71
-0.140181419276542,-0.435259453630776,0.15577113195866,"Sub-Saharan Africa","Diarrheal diseases","Deaths","Both","Clostridium difficile","att",71
-0.137664973237961,-0.45531582311914,0.180999512512026,"Central Europe, Eastern Europe, and Central Asia","Diarrheal diseases","Deaths","Both","Clostridium difficile","att",72
0.944552264675647,0.709917046445696,1.17973413895744,"Global","Diarrheal diseases","Deaths","Both","Clostridium difficile","att",72
-1.72437353008066,-2.06590999546035,-1.38164598652605,"High-income","Diarrheal diseases","Deaths","Both","Clostridium difficile","att",72
0.385483761997363,0.211320821202543,0.55994939044961,"Latin America and Caribbean","Diarrheal diseases","Deaths","Both","Clostridium difficile","att",72
0.976505191056942,0.683837622117167,1.27002348547491,"North Africa and Middle East","Diarrheal diseases","Deaths","Both","Clostridium difficile","att",72
2.09060554350518,1.87999549447293,2.30165097332573,"South Asia","Diarrheal diseases","Deaths","Both","Clostridium difficile","att",72
-0.0286156903631318,-0.316525789585853,0.260125963195867,"Southeast Asia, East Asia, and Oceania","Diarrheal diseases","Deaths","Both","Clostridium difficile","att",72
-0.461474418257923,-0.846850977368585,-0.0746000237907829,"Sub-Saharan Africa","Diarrheal diseases","Deaths","Both","Clostridium difficile","att",72
-0.240623862005362,-0.569608548456846,0.0894493339283819,"Central Europe, Eastern Europe, and Central Asia","Diarrheal diseases","Deaths","Both","Clostridium difficile","att",73
0.812882120714709,0.59438685239086,1.03185197001443,"Global","Diarrheal diseases","Deaths","Both","Clostridium difficile","att",73
-1.58748152054441,-1.91942342512723,-1.25441619854435,"High-income","Diarrheal diseases","Deaths","Both","Clostridium difficile","att",73
0.204612628508194,0.00570338125442937,0.403917502084328,"Latin America and Caribbean","Diarrheal diseases","Deaths","Both","Clostridium difficile","att",73
0.897507625536376,0.608430139595018,1.18741571575973,"North Africa and Middle East","Diarrheal diseases","Deaths","Both","Clostridium difficile","att",73
2.04643989323829,1.82284960586045,2.2705211570208,"South Asia","Diarrheal diseases","Deaths","Both","Clostridium difficile","att",73
0.00405739947071382,-0.290441305095657,0.299425925227026,"Southeast Asia, East Asia, and Oceania","Diarrheal diseases","Deaths","Both","Clostridium difficile","att",73
0.0640642908473765,-0.229547804769026,0.358540450530809,"Sub-Saharan Africa","Diarrheal diseases","Deaths","Both","Clostridium difficile","att",73
-0.0631730813037468,-0.340301794684505,0.214726257767883,"Central Europe, Eastern Europe, and Central Asia","Diarrheal diseases","Deaths","Both","Clostridium difficile","att",74
0.835643560283583,0.62883681115975,1.04287532705483,"Global","Diarrheal diseases","Deaths","Both","Clostridium difficile","att",74
-1.41661936884774,-1.79025782720786,-1.04155940489684,"High-income","Diarrheal diseases","Deaths","Both","Clostridium difficile","att",74
0.0913925370419122,-0.129224036104802,0.312496456680922,"Latin America and Caribbean","Diarrheal diseases","Deaths","Both","Clostridium difficile","att",74
0.681982616237753,0.428382224637858,0.936223396114322,"North Africa and Middle East","Diarrheal diseases","Deaths","Both","Clostridium difficile","att",74
2.14647606985467,1.91323055984389,2.38025540130986,"South Asia","Diarrheal diseases","Deaths","Both","Clostridium difficile","att",74
0.000367674965540132,-0.310417923389583,0.312122157793193,"Southeast Asia, East Asia, and Oceania","Diarrheal diseases","Deaths","Both","Clostridium difficile","att",74
0.167069607247772,-0.0496883221470346,0.384297610213813,"Sub-Saharan Africa","Diarrheal diseases","Deaths","Both","Clostridium difficile","att",74
-0.154350771082357,-0.439464081546415,0.131579023534334,"Central Europe, Eastern Europe, and Central Asia","Diarrheal diseases","Deaths","Both","Clostridium difficile","att",75
0.753804388392298,0.506435382829173,1.0017822248694,"Global","Diarrheal diseases","Deaths","Both","Clostridium difficile","att",75
-1.73402914804368,-2.11815530490529,-1.3483955318075,"High-income","Diarrheal diseases","Deaths","Both","Clostridium difficile","att",75
0.225122491165952,-0.0171769798571031,0.468009153387317,"Latin America and Caribbean","Diarrheal diseases","Deaths","Both","Clostridium difficile","att",75
0.870960023214074,0.595049082333898,1.14762772944195,"North Africa and Middle East","Diarrheal diseases","Deaths","Both","Clostridium difficile","att",75
2.18497295294726,1.88608600456599,2.48473669826341,"South Asia","Diarrheal diseases","Deaths","Both","Clostridium difficile","att",75
0.068459795735154,-0.132637714980988,0.269962245641553,"Southeast Asia, East Asia, and Oceania","Diarrheal diseases","Deaths","Both","Clostridium difficile","att",75
-0.0971626438096784,-0.355712311868817,0.16205788990975,"Sub-Saharan Africa","Diarrheal diseases","Deaths","Both","Clostridium difficile","att",75
-0.272447840227408,-0.648373926552459,0.104900672966379,"Central Europe, Eastern Europe, and Central Asia","Diarrheal diseases","Deaths","Both","Clostridium difficile","att",76
0.890451464745823,0.680512755731977,1.1008279373381,"Global","Diarrheal diseases","Deaths","Both","Clostridium difficile","att",76
-1.72734108239198,-2.05809447434393,-1.39547072415576,"High-income","Diarrheal diseases","Deaths","Both","Clostridium difficile","att",76
0.160939728384224,-0.0390325784440759,0.361312080595533,"Latin America and Caribbean","Diarrheal diseases","Deaths","Both","Clostridium difficile","att",76
0.649941282339483,0.319575291895746,0.981395212871905,"North Africa and Middle East","Diarrheal diseases","Deaths","Both","Clostridium difficile","att",76
2.26177090274196,2.0409355384805,2.48308419537453,"South Asia","Diarrheal diseases","Deaths","Both","Clostridium difficile","att",76
-0.00940480723093939,-0.290604475468681,0.272587898142396,"Southeast Asia, East Asia, and Oceania","Diarrheal diseases","Deaths","Both","Clostridium difficile","att",76
0.0183442487223129,-0.240411367254523,0.277771022927831,"Sub-Saharan Africa","Diarrheal diseases","Deaths","Both","Clostridium difficile","att",76
-0.29857670268546,-0.601646649593091,0.00541731780712151,"Central Europe, Eastern Europe, and Central Asia","Diarrheal diseases","Deaths","Both","Clostridium difficile","att",77
0.874839597738264,0.645104386903816,1.10509920831792,"Global","Diarrheal diseases","Deaths","Both","Clostridium difficile","att",77
-1.58607515238947,-1.94379516714587,-1.22705013496469,"High-income","Diarrheal diseases","Deaths","Both","Clostridium difficile","att",77
0.333345860072831,0.129483048631207,0.537623734537074,"Latin America and Caribbean","Diarrheal diseases","Deaths","Both","Clostridium difficile","att",77
0.723735447774998,0.444429550309944,1.00381801134992,"North Africa and Middle East","Diarrheal diseases","Deaths","Both","Clostridium difficile","att",77
2.00522055996775,1.74358876423342,2.26752513712616,"South Asia","Diarrheal diseases","Deaths","Both","Clostridium difficile","att",77
0.00544994121163267,-0.203839057669253,0.215177853620263,"Southeast Asia, East Asia, and Oceania","Diarrheal diseases","Deaths","Both","Clostridium difficile","att",77
-0.00296872673506421,-0.323091795074582,0.3181824511308,"Sub-Saharan Africa","Diarrheal diseases","Deaths","Both","Clostridium difficile","att",77
-0.239107237202629,-0.511975120479136,0.0345090465151854,"Central Europe, Eastern Europe, and Central Asia","Diarrheal diseases","Deaths","Both","Clostridium difficile","att",78
0.937526412414624,0.718306747149811,1.15722322292933,"Global","Diarrheal diseases","Deaths","Both","Clostridium difficile","att",78
-1.61865047104341,-1.93598807671657,-1.30028595290768,"High-income","Diarrheal diseases","Deaths","Both","Clostridium difficile","att",78
0.108953573790949,-0.0759991189797082,0.294248601718916,"Latin America and Caribbean","Diarrheal diseases","Deaths","Both","Clostridium difficile","att",78
0.873063113775041,0.465575269616569,1.28220372648324,"North Africa and Middle East","Diarrheal diseases","Deaths","Both","Clostridium difficile","att",78
2.10337184128331,1.86693202384445,2.34036045101578,"South Asia","Diarrheal diseases","Deaths","Both","Clostridium difficile","att",78
0.0596553869494754,-0.212956248337748,0.333011779280312,"Southeast Asia, East Asia, and Oceania","Diarrheal diseases","Deaths","Both","Clostridium difficile","att",78
-0.190143507299334,-0.514296744387843,0.135065914926091,"Sub-Saharan Africa","Diarrheal diseases","Deaths","Both","Clostridium difficile","att",78
-0.17793714832175,-0.507190480769248,0.152405788062482,"Central Europe, Eastern Europe, and Central Asia","Diarrheal diseases","Deaths","Both","Clostridium difficile","att",79
0.812193418726759,0.592464617155364,1.0324021841446,"Global","Diarrheal diseases","Deaths","Both","Clostridium difficile","att",79
-1.68373723632956,-1.99098297682543,-1.37552831971052,"High-income","Diarrheal diseases","Deaths","Both","Clostridium difficile","att",79
0.123083050844142,-0.0856093615257625,0.332211361613699,"Latin America and Caribbean","Diarrheal diseases","Deaths","Both","Clostridium difficile","att",79
0.855733707578898,0.57981427543965,1.1324100662802,"North Africa and Middle East","Diarrheal diseases","Deaths","Both","Clostridium difficile","att",79
2.17000964511287,1.93335122137579,2.40721751816024,"South Asia","Diarrheal diseases","Deaths","Both","Clostridium difficile","att",79
0.0858040667631288,-0.175688530044782,0.34798165079688,"Southeast Asia, East Asia, and Oceania","Diarrheal diseases","Deaths","Both","Clostridium difficile","att",79
-0.18419249732915,-0.585613223553461,0.218849106965902,"Sub-Saharan Africa","Diarrheal diseases","Deaths","Both","Clostridium difficile","att",79
-0.383100110166523,-0.695835737276973,-0.0693795941222541,"Central Europe, Eastern Europe, and Central Asia","Diarrheal diseases","Deaths","Both","Clostridium difficile","att",80
0.802907569102307,0.551025346449907,1.05542076149239,"Global","Diarrheal diseases","Deaths","Both","Clostridium difficile","att",80
-1.71388263382893,-2.11705588387842,-1.30904874033413,"High-income","Diarrheal diseases","Deaths","Both","Clostridium difficile","att",80
0.337729516241958,0.152294563810718,0.523507807003432,"Latin America and Caribbean","Diarrheal diseases","Deaths","Both","Clostridium difficile","att",80
0.82407051014215,0.511449835717404,1.13766352837688,"North Africa and Middle East","Diarrheal diseases","Deaths","Both","Clostridium difficile","att",80
2.18540728595769,1.94247337110367,2.42892012424796,"South Asia","Diarrheal diseases","Deaths","Both","Clostridium difficile","att",80
0.0704423978448832,-0.225881280655327,0.367646141471845,"Southeast Asia, East Asia, and Oceania","Diarrheal diseases","Deaths","Both","Clostridium difficile","att",80
-0.0946308973379106,-0.388740593021741,0.200347179225835,"Sub-Saharan Africa","Diarrheal diseases","Deaths","Both","Clostridium difficile","att",80
-0.148039412627543,-0.470684698478097,0.175651796026433,"Central Europe, Eastern Europe, and Central Asia","Diarrheal diseases","Deaths","Both","Clostridium difficile","att",81
0.951490109631936,0.736292973744623,1.1671469587559,"Global","Diarrheal diseases","Deaths","Both","Clostridium difficile","att",81
-1.6501244897166,-1.95148295167906,-1.34783978302009,"High-income","Diarrheal diseases","Deaths","Both","Clostridium difficile","att",81
0.262348526531131,0.0542376663851929,0.470892253201494,"Latin America and Caribbean","Diarrheal diseases","Deaths","Both","Clostridium difficile","att",81
0.831600184583325,0.513436145017243,1.15077133682961,"North Africa and Middle East","Diarrheal diseases","Deaths","Both","Clostridium difficile","att",81
2.1722455493292,1.95901752167305,2.38591950313181,"South Asia","Diarrheal diseases","Deaths","Both","Clostridium difficile","att",81
0.171297195232234,-0.0208667650015926,0.363830502412954,"Southeast Asia, East Asia, and Oceania","Diarrheal diseases","Deaths","Both","Clostridium difficile","att",81
0.00139298488874839,-0.350263371309645,0.354290309674088,"Sub-Saharan Africa","Diarrheal diseases","Deaths","Both","Clostridium difficile","att",81
-0.190534177770241,-0.474592353152747,0.094334735783641,"Central Europe, Eastern Europe, and Central Asia","Diarrheal diseases","Deaths","Both","Clostridium difficile","att",82
0.89254600162163,0.669921904056503,1.11566241593719,"Global","Diarrheal diseases","Deaths","Both","Clostridium difficile","att",82
-1.6790944173145,-2.01061893836256,-1.34644825934144,"High-income","Diarrheal diseases","Deaths","Both","Clostridium difficile","att",82
0.231177374865443,-0.0181895703236568,0.481166271918476,"Latin America and Caribbean","Diarrheal diseases","Deaths","Both","Clostridium difficile","att",82
0.890579073705355,0.581612223472661,1.20049500908825,"North Africa and Middle East","Diarrheal diseases","Deaths","Both","Clostridium difficile","att",82
2.0647396239494,1.79692597884562,2.33325784974472,"South Asia","Diarrheal diseases","Deaths","Both","Clostridium difficile","att",82
0.0821673546453905,-0.199500171992917,0.364629833169694,"Southeast Asia, East Asia, and Oceania","Diarrheal diseases","Deaths","Both","Clostridium difficile","att",82
-0.280863511988139,-0.714091983337861,0.154255327412156,"Sub-Saharan Africa","Diarrheal diseases","Deaths","Both","Clostridium difficile","att",82
-0.21814700986269,-0.524755894389284,0.0894069239464335,"Central Europe, Eastern Europe, and Central Asia","Diarrheal diseases","Deaths","Both","Clostridium difficile","att",83
0.944560648719528,0.714394988113765,1.17525231388829,"Global","Diarrheal diseases","Deaths","Both","Clostridium difficile","att",83
-1.56998155239322,-1.94962670005792,-1.18886644155252,"High-income","Diarrheal diseases","Deaths","Both","Clostridium difficile","att",83
0.268056612737078,0.0757714296562906,0.460711251792123,"Latin America and Caribbean","Diarrheal diseases","Deaths","Both","Clostridium difficile","att",83
0.82692004100946,0.52490523014026,1.12984221852352,"North Africa and Middle East","Diarrheal diseases","Deaths","Both","Clostridium difficile","att",83
2.04408756442898,1.77990018631851,2.30896068668562,"South Asia","Diarrheal diseases","Deaths","Both","Clostridium difficile","att",83
0.178823472367928,-0.107855471412133,0.466325151681346,"Southeast Asia, East Asia, and Oceania","Diarrheal diseases","Deaths","Both","Clostridium difficile","att",83
0.0542525056463905,-0.28900055616411,0.398687209052118,"Sub-Saharan Africa","Diarrheal diseases","Deaths","Both","Clostridium difficile","att",83
-0.308398546138811,-0.643651707959048,0.027985843674827,"Central Europe, Eastern Europe, and Central Asia","Diarrheal diseases","Deaths","Both","Clostridium difficile","att",84
0.90970374678212,0.6955636222157,1.12429926373427,"Global","Diarrheal diseases","Deaths","Both","Clostridium difficile","att",84
-1.52021005111496,-1.81613701599889,-1.22339115994209,"High-income","Diarrheal diseases","Deaths","Both","Clostridium difficile","att",84
0.289433432704844,0.107420277016312,0.471777520793304,"Latin America and Caribbean","Diarrheal diseases","Deaths","Both","Clostridium difficile","att",84
0.808759686849636,0.495874994534184,1.12261851696618,"North Africa and Middle East","Diarrheal diseases","Deaths","Both","Clostridium difficile","att",84
2.0399175996402,1.81531187717254,2.26501880485634,"South Asia","Diarrheal diseases","Deaths","Both","Clostridium difficile","att",84
0.0518304286250659,-0.204202363236594,0.308520089734343,"Southeast Asia, East Asia, and Oceania","Diarrheal diseases","Deaths","Both","Clostridium difficile","att",84
-0.0489257398534004,-0.361358308308535,0.264486509859663,"Sub-Saharan Africa","Diarrheal diseases","Deaths","Both","Clostridium difficile","att",84
-0.311525933270329,-0.612435601855577,-0.00970521882942554,"Central Europe, Eastern Europe, and Central Asia","Diarrheal diseases","Deaths","Both","Clostridium difficile","att",85
0.73586528640941,0.510778074009011,0.961456566673569,"Global","Diarrheal diseases","Deaths","Both","Clostridium difficile","att",85
-1.47927688716115,-1.79614411415493,-1.16138724777189,"High-income","Diarrheal diseases","Deaths","Both","Clostridium difficile","att",85
0.38304560610658,0.158591641812866,0.608002568508237,"Latin America and Caribbean","Diarrheal diseases","Deaths","Both","Clostridium difficile","att",85
0.805686707931041,0.498414231516908,1.11389866558462,"North Africa and Middle East","Diarrheal diseases","Deaths","Both","Clostridium difficile","att",85
1.98854220818252,1.74714567229624,2.23051146074946,"South Asia","Diarrheal diseases","Deaths","Both","Clostridium difficile","att",85
0.0172260926959655,-0.269012371930577,0.304286091938599,"Southeast Asia, East Asia, and Oceania","Diarrheal diseases","Deaths","Both","Clostridium difficile","att",85
-0.505102887929076,-0.958162592372247,-0.0499706947158729,"Sub-Saharan Africa","Diarrheal diseases","Deaths","Both","Clostridium difficile","att",85
-0.17865581846378,-0.451795532322441,0.0952333343595235,"Central Europe, Eastern Europe, and Central Asia","Diarrheal diseases","Deaths","Both","Clostridium difficile","att",86
0.877801538246636,0.640607973394247,1.11555412980144,"Global","Diarrheal diseases","Deaths","Both","Clostridium difficile","att",86
-1.58861733951153,-1.93155454439895,-1.24448091171453,"High-income","Diarrheal diseases","Deaths","Both","Clostridium difficile","att",86
0.269744346622502,0.105372175806395,0.434386415146926,"Latin America and Caribbean","Diarrheal diseases","Deaths","Both","Clostridium difficile","att",86
0.980996867528061,0.650757586473061,1.31231967726546,"North Africa and Middle East","Diarrheal diseases","Deaths","Both","Clostridium difficile","att",86
2.06306164268382,1.78876222929554,2.33810023558991,"South Asia","Diarrheal diseases","Deaths","Both","Clostridium difficile","att",86
-0.109865508320017,-0.381621724201708,0.162632051098366,"Southeast Asia, East Asia, and Oceania","Diarrheal diseases","Deaths","Both","Clostridium difficile","att",86
0.31600012966162,0.0619066303068516,0.570738864636922,"Sub-Saharan Africa","Diarrheal diseases","Deaths","Both","Clostridium difficile","att",86
-0.25875823870819,-0.577472778891586,0.060977991035549,"Central Europe, Eastern Europe, and Central Asia","Diarrheal diseases","Deaths","Both","Clostridium difficile","att",87
0.847081035808728,0.615635601659825,1.07905886225101,"Global","Diarrheal diseases","Deaths","Both","Clostridium difficile","att",87
-1.74216339671701,-2.0667112112111,-1.41654004105408,"High-income","Diarrheal diseases","Deaths","Both","Clostridium difficile","att",87
0.157993440128057,-0.0311350395552745,0.347479727033106,"Latin America and Caribbean","Diarrheal diseases","Deaths","Both","Clostridium difficile","att",87
0.929415454349147,0.501560402722045,1.35909196968753,"North Africa and Middle East","Diarrheal diseases","Deaths","Both","Clostridium difficile","att",87
2.19091789220991,1.9228610453224,2.45967972787446,"South Asia","Diarrheal diseases","Deaths","Both","Clostridium difficile","att",87
0.0531435003977565,-0.221742925566482,0.328787231103456,"Southeast Asia, East Asia, and Oceania","Diarrheal diseases","Deaths","Both","Clostridium difficile","att",87
-0.16267721148161,-0.500803298886454,0.176597922898236,"Sub-Saharan Africa","Diarrheal diseases","Deaths","Both","Clostridium difficile","att",87
-0.133754339670267,-0.433268129302811,0.16666043876139,"Central Europe, Eastern Europe, and Central Asia","Diarrheal diseases","Deaths","Both","Clostridium difficile","att",88
0.944718748029483,0.719351641705424,1.17059013016336,"Global","Diarrheal diseases","Deaths","Both","Clostridium difficile","att",88
-1.58881190651098,-1.8850239708761,-1.29170556901216,"High-income","Diarrheal diseases","Deaths","Both","Clostridium difficile","att",88
0.341416419505847,0.158553592637256,0.524613105163807,"Latin America and Caribbean","Diarrheal diseases","Deaths","Both","Clostridium difficile","att",88
0.856687434788417,0.623506055498613,1.09040918041783,"North Africa and Middle East","Diarrheal diseases","Deaths","Both","Clostridium difficile","att",88
2.18739975159152,1.89547539743808,2.4801604513061,"South Asia","Diarrheal diseases","Deaths","Both","Clostridium difficile","att",88
0.154927977590447,-0.0903674087191497,0.400825606396449,"Southeast Asia, East Asia, and Oceania","Diarrheal diseases","Deaths","Both","Clostridium difficile","att",88
-0.509010899398188,-0.956359028196396,-0.0596422436244248,"Sub-Saharan Africa","Diarrheal diseases","Deaths","Both","Clostridium difficile","att",88
-0.284988864144009,-0.596055925245098,0.0270516263053855,"Central Europe, Eastern Europe, and Central Asia","Diarrheal diseases","Deaths","Both","Clostridium difficile","att",89
0.85570980114722,0.644885507904669,1.06697571526695,"Global","Diarrheal diseases","Deaths","Both","Clostridium difficile","att",89
-1.67317247936197,-2.06809337407674,-1.27665902387252,"High-income","Diarrheal diseases","Deaths","Both","Clostridium difficile","att",89
0.226801760506179,0.041345413092797,0.412601906342625,"Latin America and Caribbean","Diarrheal diseases","Deaths","Both","Clostridium difficile","att",89
0.841338908718714,0.533988518484674,1.14962892408619,"North Africa and Middle East","Diarrheal diseases","Deaths","Both","Clostridium difficile","att",89
2.33249236457713,2.07347259720003,2.59216941575371,"South Asia","Diarrheal diseases","Deaths","Both","Clostridium difficile","att",89
0.0994569017432001,-0.173121722095027,0.372779805152801,"Southeast Asia, East Asia, and Oceania","Diarrheal diseases","Deaths","Both","Clostridium difficile","att",89
-0.137179523981301,-0.463547824799504,0.190258900047557,"Sub-Saharan Africa","Diarrheal diseases","Deaths","Both","Clostridium difficile","att",89
-0.225628167617431,-0.540059313127828,0.08979701573959,"Central Europe, Eastern Europe, and Central Asia","Diarrheal diseases","Deaths","Both","Clostridium difficile","att",90
0.797078807539742,0.591228888407525,1.00334997800444,"Global","Diarrheal diseases","Deaths","Both","Clostridium difficile","att",90
-1.56243850918892,-1.90229595875353,-1.22140363057892,"High-income","Diarrheal diseases","Deaths","Both","Clostridium difficile","att",90
0.0634803123616079,-0.128389873996726,0.255719113668329,"Latin America and Caribbean","Diarrheal diseases","Deaths","Both","Clostridium difficile","att",90
0.959658359671955,0.5500081413222,1.3709775316548,"North Africa and Middle East","Diarrheal diseases","Deaths","Both","Clostridium difficile","att",90
2.0738709883479,1.84531614463261,2.30293874044785,"South Asia","Diarrheal diseases","Deaths","Both","Clostridium difficile","att",90
0.0140468308897468,-0.217769836209702,0.246402060487338,"Southeast Asia, East Asia, and Oceania","Diarrheal diseases","Deaths","Both","Clostridium difficile","att",90
-0.278384037777957,-0.645583599673338,0.0901726406215664,"Sub-Saharan Africa","Diarrheal diseases","Deaths","Both","Clostridium difficile","att",90
-0.152519439692655,-0.558582744058711,0.255202000807242,"Central Europe, Eastern Europe, and Central Asia","Diarrheal diseases","Deaths","Both","Clostridium difficile","att",91
0.94806636363407,0.758228084798418,1.13826231620808,"Global","Diarrheal diseases","Deaths","Both","Clostridium difficile","att",91
-1.62765984183406,-1.93500870587565,-1.31934770514051,"High-income","Diarrheal diseases","Deaths","Both","Clostridium difficile","att",91
0.064416167599024,-0.153511900535508,0.28281989235186,"Latin America and Caribbean","Diarrheal diseases","Deaths","Both","Clostridium difficile","att",91
0.747999238617525,0.336100366918513,1.16158903392118,"North Africa and Middle East","Diarrheal diseases","Deaths","Both","Clostridium difficile","att",91
2.06078460147587,1.78942962386968,2.33286296975381,"South Asia","Diarrheal diseases","Deaths","Both","Clostridium difficile","att",91
-0.124962748416391,-0.354242513767367,0.104844577887775,"Southeast Asia, East Asia, and Oceania","Diarrheal diseases","Deaths","Both","Clostridium difficile","att",91
-0.0131532140934865,-0.319967660951903,0.294605605500298,"Sub-Saharan Africa","Diarrheal diseases","Deaths","Both","Clostridium difficile","att",91
-0.280128326435303,-0.607633281251108,0.0484557806229802,"Central Europe, Eastern Europe, and Central Asia","Diarrheal diseases","Deaths","Both","Clostridium difficile","att",92
0.86510792420138,0.654730510824764,1.07592504523837,"Global","Diarrheal diseases","Deaths","Both","Clostridium difficile","att",92
-1.53190592207396,-1.96729840346174,-1.09457973275238,"High-income","Diarrheal diseases","Deaths","Both","Clostridium difficile","att",92
0.206710516600705,0.0219369357074894,0.391825435376791,"Latin America and Caribbean","Diarrheal diseases","Deaths","Both","Clostridium difficile","att",92
0.820129486964616,0.501236424744467,1.14003440524497,"North Africa and Middle East","Diarrheal diseases","Deaths","Both","Clostridium difficile","att",92
2.11501759604791,1.84726677634388,2.38347231781746,"South Asia","Diarrheal diseases","Deaths","Both","Clostridium difficile","att",92
-0.0818495479582793,-0.312663693578108,0.149499020305321,"Southeast Asia, East Asia, and Oceania","Diarrheal diseases","Deaths","Both","Clostridium difficile","att",92
0.0872859703965556,-0.180559005558789,0.355849653353557,"Sub-Saharan Africa","Diarrheal diseases","Deaths","Both","Clostridium difficile","att",92
-0.238240573005088,-0.576782798096642,0.101454409373902,"Central Europe, Eastern Europe, and Central Asia","Diarrheal diseases","Deaths","Both","Clostridium difficile","att",93
0.768475612511521,0.540328294964132,0.997140644685324,"Global","Diarrheal diseases","Deaths","Both","Clostridium difficile","att",93
-1.61278284912915,-1.95519558777861,-1.26917426451628,"High-income","Diarrheal diseases","Deaths","Both","Clostridium difficile","att",93
0.178294339582119,-0.00126925794655675,0.358180372058925,"Latin America and Caribbean","Diarrheal diseases","Deaths","Both","Clostridium difficile","att",93
0.579870541733274,0.21192970232764,0.949162322705521,"North Africa and Middle East","Diarrheal diseases","Deaths","Both","Clostridium difficile","att",93
2.03518919786578,1.77115512443029,2.29990827867741,"South Asia","Diarrheal diseases","Deaths","Both","Clostridium difficile","att",93
0.124076689216945,-0.114839274860756,0.363564117939408,"Southeast Asia, East Asia, and Oceania","Diarrheal diseases","Deaths","Both","Clostridium difficile","att",93
0.0399427941788488,-0.229467731078481,0.310080809101376,"Sub-Saharan Africa","Diarrheal diseases","Deaths","Both","Clostridium difficile","att",93
-0.20745987293791,-0.562339265650158,0.148686035724555,"Central Europe, Eastern Europe, and Central Asia","Diarrheal diseases","Deaths","Both","Clostridium difficile","att",94
0.924982866586044,0.691387982395608,1.15911966971327,"Global","Diarrheal diseases","Deaths","Both","Clostridium difficile","att",94
-1.54702437885549,-1.86892062821427,-1.22407222349817,"High-income","Diarrheal diseases","Deaths","Both","Clostridium difficile","att",94
0.299986140367658,0.0878497375957465,0.512572166680281,"Latin America and Caribbean","Diarrheal diseases","Deaths","Both","Clostridium difficile","att",94
0.74756150580324,0.363754811017003,1.13283593741578,"North Africa and Middle East","Diarrheal diseases","Deaths","Both","Clostridium difficile","att",94
2.18186758593633,1.9365413680388,2.4277842197179,"South Asia","Diarrheal diseases","Deaths","Both","Clostridium difficile","att",94
0.0504811179988129,-0.228065866484362,0.329805760279633,"Southeast Asia, East Asia, and Oceania","Diarrheal diseases","Deaths","Both","Clostridium difficile","att",94
0.121420042981479,-0.163838840053765,0.40749398770783,"Sub-Saharan Africa","Diarrheal diseases","Deaths","Both","Clostridium difficile","att",94
-0.155632170899145,-0.475708638395411,0.165473682927275,"Central Europe, Eastern Europe, and Central Asia","Diarrheal diseases","Deaths","Both","Clostridium difficile","att",95
0.931620039577719,0.700081422424015,1.16369103099048,"Global","Diarrheal diseases","Deaths","Both","Clostridium difficile","att",95
-1.74730245519168,-2.07308699749112,-1.42043408859157,"High-income","Diarrheal diseases","Deaths","Both","Clostridium difficile","att",95
0.332607810860996,0.155709999923714,0.509818063650203,"Latin America and Caribbean","Diarrheal diseases","Deaths","Both","Clostridium difficile","att",95
0.845106767379744,0.495414092424351,1.19601626369981,"North Africa and Middle East","Diarrheal diseases","Deaths","Both","Clostridium difficile","att",95
2.05825015389229,1.84712156383453,2.26981641249537,"South Asia","Diarrheal diseases","Deaths","Both","Clostridium difficile","att",95
-0.0143491349146152,-0.247595093599973,0.219442210894938,"Southeast Asia, East Asia, and Oceania","Diarrheal diseases","Deaths","Both","Clostridium difficile","att",95
-0.0254169968337381,-0.304900003268493,0.254849505990395,"Sub-Saharan Africa","Diarrheal diseases","Deaths","Both","Clostridium difficile","att",95
-0.282109790727236,-0.577483307704973,0.0141412489428783,"Central Europe, Eastern Europe, and Central Asia","Diarrheal diseases","Deaths","Both","Clostridium difficile","att",96
0.97574859872045,0.749567527471751,1.20243744263999,"Global","Diarrheal diseases","Deaths","Both","Clostridium difficile","att",96
-1.58441008905754,-1.84093884725075,-1.32721091895323,"High-income","Diarrheal diseases","Deaths","Both","Clostridium difficile","att",96
0.269413061597912,0.041985958961388,0.497357178031366,"Latin America and Caribbean","Diarrheal diseases","Deaths","Both","Clostridium difficile","att",96
0.889440795095564,0.57172715362559,1.208158117827,"North Africa and Middle East","Diarrheal diseases","Deaths","Both","Clostridium difficile","att",96
2.04170567547632,1.81906246419374,2.26483573075777,"South Asia","Diarrheal diseases","Deaths","Both","Clostridium difficile","att",96
0.000492989422284928,-0.306388522249601,0.308319158036663,"Southeast Asia, East Asia, and Oceania","Diarrheal diseases","Deaths","Both","Clostridium difficile","att",96
0.035605657273452,-0.24931691761686,0.321342069935815,"Sub-Saharan Africa","Diarrheal diseases","Deaths","Both","Clostridium difficile","att",96
-0.295514759317184,-0.650769416078489,0.0610102230461207,"Central Europe, Eastern Europe, and Central Asia","Diarrheal diseases","Deaths","Both","Clostridium difficile","att",97
0.974813841520805,0.702863688821553,1.24749840119565,"Global","Diarrheal diseases","Deaths","Both","Clostridium difficile","att",97
-1.61199079326557,-1.9739988789558,-1.24864581886616,"High-income","Diarrheal diseases","Deaths","Both","Clostridium difficile","att",97
0.347073289226651,0.151899243490772,0.542627686293029,"Latin America and Caribbean","Diarrheal diseases","Deaths","Both","Clostridium difficile","att",97
0.713375384972226,0.420339956639215,1.00726591658706,"North Africa and Middle East","Diarrheal diseases","Deaths","Both","Clostridium difficile","att",97
2.22758690344098,1.99286360412605,2.46285038787566,"South Asia","Diarrheal diseases","Deaths","Both","Clostridium difficile","att",97
-0.220221950580046,-0.50088684168863,0.0612346338271008,"Southeast Asia, East Asia, and Oceania","Diarrheal diseases","Deaths","Both","Clostridium difficile","att",97
-0.0305581388416853,-0.33347450198149,0.273278877672967,"Sub-Saharan Africa","Diarrheal diseases","Deaths","Both","Clostridium difficile","att",97
-0.179026549720462,-0.534825971638397,0.178045611423783,"Central Europe, Eastern Europe, and Central Asia","Diarrheal diseases","Deaths","Both","Clostridium difficile","att",98
0.917183691748247,0.740208418026933,1.09446986662809,"Global","Diarrheal diseases","Deaths","Both","Clostridium difficile","att",98
-1.48104748969995,-1.81159725833657,-1.14938493028055,"High-income","Diarrheal diseases","Deaths","Both","Clostridium difficile","att",98
0.180284916818674,-0.0264433970751154,0.387440709710085,"Latin America and Caribbean","Diarrheal diseases","Deaths","Both","Clostridium difficile","att",98
0.874090019241902,0.53493209555826,1.21439210341581,"North Africa and Middle East","Diarrheal diseases","Deaths","Both","Clostridium difficile","att",98
2.02912865126401,1.78757525253819,2.27125528345464,"South Asia","Diarrheal diseases","Deaths","Both","Clostridium difficile","att",98
0.126952106416245,-0.145123165635486,0.39976870383942,"Southeast Asia, East Asia, and Oceania","Diarrheal diseases","Deaths","Both","Clostridium difficile","att",98
-0.223480601358128,-0.775096970597489,0.331202343000214,"Sub-Saharan Africa","Diarrheal diseases","Deaths","Both","Clostridium difficile","att",98
-0.369425919599198,-0.700200993960454,-0.0375490086691466,"Central Europe, Eastern Europe, and Central Asia","Diarrheal diseases","Deaths","Both","Clostridium difficile","att",99
0.915694039593196,0.693038191080664,1.13884223224159,"Global","Diarrheal diseases","Deaths","Both","Clostridium difficile","att",99
-1.58538224160505,-1.9523745074853,-1.21701632365989,"High-income","Diarrheal diseases","Deaths","Both","Clostridium difficile","att",99
0.286536984548036,0.0846810477206139,0.488800034819836,"Latin America and Caribbean","Diarrheal diseases","Deaths","Both","Clostridium difficile","att",99
0.851867231711934,0.554641147534096,1.14997187648238,"North Africa and Middle East","Diarrheal diseases","Deaths","Both","Clostridium difficile","att",99
2.10453498971785,1.83478660982503,2.37499790136233,"South Asia","Diarrheal diseases","Deaths","Both","Clostridium difficile","att",99
0.101761316127424,-0.19404665855155,0.398446015640497,"Southeast Asia, East Asia, and Oceania","Diarrheal diseases","Deaths","Both","Clostridium difficile","att",99
0.0187633373637475,-0.229205717303682,0.267348691144687,"Sub-Saharan Africa","Diarrheal diseases","Deaths","Both","Clostridium difficile","att",99
-0.189017711079953,-0.478105366334003,0.100909675699801,"Central Europe, Eastern Europe, and Central Asia","Diarrheal diseases","Deaths","Both","Clostridium difficile","att",100
0.936902406194662,0.72250382318868,1.15175735943225,"Global","Diarrheal diseases","Deaths","Both","Clostridium difficile","att",100
-1.73353874193966,-2.12961841011534,-1.33585614649431,"High-income","Diarrheal diseases","Deaths","Both","Clostridium difficile","att",100
0.17806351641807,-0.0454991333167398,0.402126196245822,"Latin America and Caribbean","Diarrheal diseases","Deaths","Both","Clostridium difficile","att",100
0.884483987802875,0.53148308953892,1.2387243946302,"North Africa and Middle East","Diarrheal diseases","Deaths","Both","Clostridium difficile","att",100
2.11954329099306,1.85489319675027,2.3848810269405,"South Asia","Diarrheal diseases","Deaths","Both","Clostridium difficile","att",100
0.0608737897195955,-0.215123826645613,0.337634795159003,"Southeast Asia, East Asia, and Oceania","Diarrheal diseases","Deaths","Both","Clostridium difficile","att",100
0.103795137526208,-0.185547859810953,0.39397688484708,"Sub-Saharan Africa","Diarrheal diseases","Deaths","Both","Clostridium difficile","att",100
-0.332570732461057,-0.640135518162643,-0.0240538913405475,"Central Europe, Eastern Europe, and Central Asia","Diarrheal diseases","Deaths","Both","Clostridium difficile","att",101
0.857422680970199,0.644506489067509,1.07078930287008,"Global","Diarrheal diseases","Deaths","Both","Clostridium difficile","att",101
-1.56888517282959,-1.81501942536748,-1.32213390056102,"High-income","Diarrheal diseases","Deaths","Both","Clostridium difficile","att",101
0.20687125882346,-0.00223991678914848,0.416419719068517,"Latin America and Caribbean","Diarrheal diseases","Deaths","Both","Clostridium difficile","att",101
0.866591642914738,0.509172930834567,1.22528136471494,"North Africa and Middle East","Diarrheal diseases","Deaths","Both","Clostridium difficile","att",101
2.28841798531316,2.06350011911915,2.51383150417905,"South Asia","Diarrheal diseases","Deaths","Both","Clostridium difficile","att",101
0.107852107792961,-0.129848881501149,0.346118849313104,"Southeast Asia, East Asia, and Oceania","Diarrheal diseases","Deaths","Both","Clostridium difficile","att",101
-0.289709509572134,-0.608746363389923,0.0303514234313962,"Sub-Saharan Africa","Diarrheal diseases","Deaths","Both","Clostridium difficile","att",101
-0.26819010603133,-0.559154455938737,0.0236256068391949,"Central Europe, Eastern Europe, and Central Asia","Diarrheal diseases","Deaths","Both","Clostridium difficile","att",102
0.995466759063279,0.760611229629227,1.23086969605106,"Global","Diarrheal diseases","Deaths","Both","Clostridium difficile","att",102
-1.60089820728407,-1.87196957484245,-1.32907802528408,"High-income","Diarrheal diseases","Deaths","Both","Clostridium difficile","att",102
0.132500929336432,-0.0943769343540013,0.359894014927842,"Latin America and Caribbean","Diarrheal diseases","Deaths","Both","Clostridium difficile","att",102
1.00332633024411,0.659030538678973,1.34879975675619,"North Africa and Middle East","Diarrheal diseases","Deaths","Both","Clostridium difficile","att",102
2.26353520254012,1.99731972943935,2.53044550446881,"South Asia","Diarrheal diseases","Deaths","Both","Clostridium difficile","att",102
-0.00324579927961643,-0.363836837951048,0.358650246459957,"Southeast Asia, East Asia, and Oceania","Diarrheal diseases","Deaths","Both","Clostridium difficile","att",102
0.128815859776532,-0.19203018225955,0.450693304243477,"Sub-Saharan Africa","Diarrheal diseases","Deaths","Both","Clostridium difficile","att",102
-0.316222424914436,-0.637461072821277,0.00605478611712673,"Central Europe, Eastern Europe, and Central Asia","Diarrheal diseases","Deaths","Both","Clostridium difficile","att",103
0.774224833241233,0.509431272436256,1.03971599653938,"Global","Diarrheal diseases","Deaths","Both","Clostridium difficile","att",103
-1.57877901569781,-1.87716210466009,-1.2794885694914,"High-income","Diarrheal diseases","Deaths","Both","Clostridium difficile","att",103
0.18549226909701,-0.0243301172462185,0.39575501691882,"Latin America and Caribbean","Diarrheal diseases","Deaths","Both","Clostridium difficile","att",103
0.763408562013779,0.484457097553603,1.04313441409343,"North Africa and Middle East","Diarrheal diseases","Deaths","Both","Clostridium difficile","att",103
1.94117252190127,1.69470334488528,2.18823904620498,"South Asia","Diarrheal diseases","Deaths","Both","Clostridium difficile","att",103
0.142752510642663,-0.132855822021938,0.419121453352345,"Southeast Asia, East Asia, and Oceania","Diarrheal diseases","Deaths","Both","Clostridium difficile","att",103
0.0298273420840101,-0.252630935620068,0.313085467236607,"Sub-Saharan Africa","Diarrheal diseases","Deaths","Both","Clostridium difficile","att",103
-0.0294379957743285,-0.345085440950621,0.287209232604702,"Central Europe, Eastern Europe, and Central Asia","Diarrheal diseases","Deaths","Both","Clostridium difficile","att",104
0.873131085366907,0.66260409283998,1.08409837660242,"Global","Diarrheal diseases","Deaths","Both","Clostridium difficile","att",104
-1.65079291482909,-1.97730487716025,-1.32319334659798,"High-income","Diarrheal diseases","Deaths","Both","Clostridium difficile","att",104
0.195466641777586,-0.00858000415185911,0.399929673770094,"Latin America and Caribbean","Diarrheal diseases","Deaths","Both","Clostridium difficile","att",104
0.95853995078643,0.702868636468978,1.2148603808823,"North Africa and Middle East","Diarrheal diseases","Deaths","Both","Clostridium difficile","att",104
2.02233988179705,1.7876390612064,2.25758187296297,"South Asia","Diarrheal diseases","Deaths","Both","Clostridium difficile","att",104
-0.105440745938068,-0.403731916007299,0.193743807225255,"Southeast Asia, East Asia, and Oceania","Diarrheal diseases","Deaths","Both","Clostridium difficile","att",104
-0.35196865378635,-0.647455991225854,-0.0556024987236059,"Sub-Saharan Africa","Diarrheal diseases","Deaths","Both","Clostridium difficile","att",104
-0.154603666824615,-0.503595246541788,0.195612028708769,"Central Europe, Eastern Europe, and Central Asia","Diarrheal diseases","Deaths","Both","Clostridium difficile","att",105
0.685045429518261,0.464105078414256,0.906471671963338,"Global","Diarrheal diseases","Deaths","Both","Clostridium difficile","att",105
-1.65953149861415,-2.02835138780414,-1.28932316580208,"High-income","Diarrheal diseases","Deaths","Both","Clostridium difficile","att",105
0.258573479006174,0.0595467225253055,0.457996116250969,"Latin America and Caribbean","Diarrheal diseases","Deaths","Both","Clostridium difficile","att",105
1.02856723439502,0.665904642851767,1.39253636717258,"North Africa and Middle East","Diarrheal diseases","Deaths","Both","Clostridium difficile","att",105
2.16152240269696,1.89267808819107,2.43107606420205,"South Asia","Diarrheal diseases","Deaths","Both","Clostridium difficile","att",105
-0.10316907774216,-0.374620580989571,0.169022055497581,"Southeast Asia, East Asia, and Oceania","Diarrheal diseases","Deaths","Both","Clostridium difficile","att",105
0.122645760969542,-0.195682463035241,0.44198930035042,"Sub-Saharan Africa","Diarrheal diseases","Deaths","Both","Clostridium difficile","att",105
-0.310517434686097,-0.616945809945479,-0.00314424695411208,"Central Europe, Eastern Europe, and Central Asia","Diarrheal diseases","Deaths","Both","Clostridium difficile","att",106
0.903128884154536,0.688678878621896,1.11803563224639,"Global","Diarrheal diseases","Deaths","Both","Clostridium difficile","att",106
-1.88360086251864,-2.19589724813064,-1.57030728936827,"High-income","Diarrheal diseases","Deaths","Both","Clostridium difficile","att",106
0.290137115691036,0.0637873944933753,0.516998852250317,"Latin America and Caribbean","Diarrheal diseases","Deaths","Both","Clostridium difficile","att",106
0.855293240372035,0.537625855602708,1.17396435450623,"North Africa and Middle East","Diarrheal diseases","Deaths","Both","Clostridium difficile","att",106
2.15296511220737,1.94214282413931,2.36422339304461,"South Asia","Diarrheal diseases","Deaths","Both","Clostridium difficile","att",106
0.0202190886047449,-0.2368602142234,0.277960858232573,"Southeast Asia, East Asia, and Oceania","Diarrheal diseases","Deaths","Both","Clostridium difficile","att",106
0.0325205839401654,-0.248717311689839,0.314551399238039,"Sub-Saharan Africa","Diarrheal diseases","Deaths","Both","Clostridium difficile","att",106
-0.307230073214959,-0.576410829579266,-0.0373205332671933,"Central Europe, Eastern Europe, and Central Asia","Diarrheal diseases","Deaths","Both","Clostridium difficile","att",107
0.925426392271045,0.668048928975917,1.18346189115259,"Global","Diarrheal diseases","Deaths","Both","Clostridium difficile","att",107
-1.39127271295715,-1.75695863891416,-1.02422560971378,"High-income","Diarrheal diseases","Deaths","Both","Clostridium difficile","att",107
0.185709172297743,-0.0403552272364327,0.412284829278398,"Latin America and Caribbean","Diarrheal diseases","Deaths","Both","Clostridium difficile","att",107
0.724367517873858,0.357758855140111,1.09231540851709,"North Africa and Middle East","Diarrheal diseases","Deaths","Both","Clostridium difficile","att",107
2.19908884753994,1.96062395651104,2.43811145881463,"South Asia","Diarrheal diseases","Deaths","Both","Clostridium difficile","att",107
0.150533589469415,-0.0972873971531563,0.398969326580811,"Southeast Asia, East Asia, and Oceania","Diarrheal diseases","Deaths","Both","Clostridium difficile","att",107
0.0776024912504836,-0.166721589238095,0.322524511196298,"Sub-Saharan Africa","Diarrheal diseases","Deaths","Both","Clostridium difficile","att",107
-0.148529420169152,-0.440515625407412,0.1443131167846,"Central Europe, Eastern Europe, and Central Asia","Diarrheal diseases","Deaths","Both","Clostridium difficile","att",108
0.978803358195379,0.799234549089523,1.15869206017889,"Global","Diarrheal diseases","Deaths","Both","Clostridium difficile","att",108
-1.55429703551651,-1.90283295551001,-1.20452277917562,"High-income","Diarrheal diseases","Deaths","Both","Clostridium difficile","att",108
0.22322354796025,0.0434096670356432,0.403360618906867,"Latin America and Caribbean","Diarrheal diseases","Deaths","Both","Clostridium difficile","att",108
0.760600203638995,0.428938206717699,1.09335749920794,"North Africa and Middle East","Diarrheal diseases","Deaths","Both","Clostridium difficile","att",108
2.1613820516823,1.94093411821914,2.38230670523627,"South Asia","Diarrheal diseases","Deaths","Both","Clostridium difficile","att",108
0.0782659101084437,-0.206591067274053,0.3639360022891,"Southeast Asia, East Asia, and Oceania","Diarrheal diseases","Deaths","Both","Clostridium difficile","att",108
0.0949883197206791,-0.207259294434414,0.398151367399446,"Sub-Saharan Africa","Diarrheal diseases","Deaths","Both","Clostridium difficile","att",108
-0.389527124167843,-0.69695856463079,-0.081143909325998,"Central Europe, Eastern Europe, and Central Asia","Diarrheal diseases","Deaths","Both","Clostridium difficile","att",109
0.829439086164063,0.607098142663376,1.05227140150699,"Global","Diarrheal diseases","Deaths","Both","Clostridium difficile","att",109
-1.57436911787638,-1.98415508972946,-1.16286990728235,"High-income","Diarrheal diseases","Deaths","Both","Clostridium difficile","att",109
0.184671711492879,-0.0117770680436613,0.381506457714798,"Latin America and Caribbean","Diarrheal diseases","Deaths","Both","Clostridium difficile","att",109
0.889786256514724,0.523132360987377,1.25777750669813,"North Africa and Middle East","Diarrheal diseases","Deaths","Both","Clostridium difficile","att",109
2.1387330752864,1.88688436823057,2.39120431360953,"South Asia","Diarrheal diseases","Deaths","Both","Clostridium difficile","att",109
0.104754401642926,-0.159142455618377,0.369348784476253,"Southeast Asia, East Asia, and Oceania","Diarrheal diseases","Deaths","Both","Clostridium difficile","att",109
-0.149278889738669,-0.409086953282989,0.111206948793519,"Sub-Saharan Africa","Diarrheal diseases","Deaths","Both","Clostridium difficile","att",109
-0.384898234518849,-0.697099505551513,-0.0717154248488394,"Central Europe, Eastern Europe, and Central Asia","Diarrheal diseases","Deaths","Both","Clostridium difficile","att",110
0.908776993233795,0.693362986860158,1.12465183627797,"Global","Diarrheal diseases","Deaths","Both","Clostridium difficile","att",110
-1.76910758986365,-2.10119240296859,-1.43589630417134,"High-income","Diarrheal diseases","Deaths","Both","Clostridium difficile","att",110
0.33157867599769,0.102092376882301,0.561591077617352,"Latin America and Caribbean","Diarrheal diseases","Deaths","Both","Clostridium difficile","att",110
0.715170719871416,0.3550092131134,1.0766248009809,"North Africa and Middle East","Diarrheal diseases","Deaths","Both","Clostridium difficile","att",110
2.04175546088705,1.7874308714702,2.29671550201174,"South Asia","Diarrheal diseases","Deaths","Both","Clostridium difficile","att",110
0.0699844593412546,-0.158327695241767,0.298818704938242,"Southeast Asia, East Asia, and Oceania","Diarrheal diseases","Deaths","Both","Clostridium difficile","att",110
-0.0108554134989447,-0.306638018481353,0.285804755923791,"Sub-Saharan Africa","Diarrheal diseases","Deaths","Both","Clostridium difficile","att",110
-0.192568688423667,-0.487215381774875,0.102950422217796,"Central Europe, Eastern Europe, and Central Asia","Diarrheal diseases","Deaths","Both","Clostridium difficile","att",111
0.912843627097049,0.697777280910916,1.12836930351381,"Global","Diarrheal diseases","Deaths","Both","Clostridium difficile","att",111
-1.67783150752185,-2.00479729147759,-1.34977478624548,"High-income","Diarrheal diseases","Deaths","Both","Clostridium difficile","att",111
0.290882958156935,0.0805534173068612,0.501654528095008,"Latin America and Caribbean","Diarrheal diseases","Deaths","Both","Clostridium difficile","att",111
0.981088403998442,0.662944124349885,1.30023817562375,"North Africa and Middle East","Diarrheal diseases","Deaths","Both","Clostridium difficile","att",111
2.25713638162728,2.02905431147007,2.48572832057703,"South Asia","Diarrheal diseases","Deaths","Both","Clostridium difficile","att",111
0.0981431191519277,-0.15830662748616,0.355251573293169,"Southeast Asia, East Asia, and Oceania","Diarrheal diseases","Deaths","Both","Clostridium difficile","att",111
0.150628197224623,-0.114477237262345,0.416437246103873,"Sub-Saharan Africa","Diarrheal diseases","Deaths","Both","Clostridium difficile","att",111
-0.415129519347557,-0.767457693721674,-0.0615503930218586,"Central Europe, Eastern Europe, and Central Asia","Diarrheal diseases","Deaths","Both","Clostridium difficile","att",112
0.7640561053879,0.552563782453808,0.975993260367836,"Global","Diarrheal diseases","Deaths","Both","Clostridium difficile","att",112
-1.63482322253047,-2.02231746680246,-1.24579646814534,"High-income","Diarrheal diseases","Deaths","Both","Clostridium difficile","att",112
0.212943582520553,0.0485114306950418,0.377645982570329,"Latin America and Caribbean","Diarrheal diseases","Deaths","Both","Clostridium difficile","att",112
0.829020693343097,0.469917020789112,1.18940788888053,"North Africa and Middle East","Diarrheal diseases","Deaths","Both","Clostridium difficile","att",112
2.23150868778634,2.01404578469819,2.44943515561069,"South Asia","Diarrheal diseases","Deaths","Both","Clostridium difficile","att",112
0.131541452227424,-0.103713843612652,0.367350773210462,"Southeast Asia, East Asia, and Oceania","Diarrheal diseases","Deaths","Both","Clostridium difficile","att",112
-0.200544056533003,-0.426979024622742,0.0264058381329368,"Sub-Saharan Africa","Diarrheal diseases","Deaths","Both","Clostridium difficile","att",112
-0.217041339914126,-0.541853850736562,0.108831950455013,"Central Europe, Eastern Europe, and Central Asia","Diarrheal diseases","Deaths","Both","Clostridium difficile","att",113
0.977518736283312,0.772878243378305,1.18257479468635,"Global","Diarrheal diseases","Deaths","Both","Clostridium difficile","att",113
-1.64804085678103,-2.00853099992293,-1.28622454571219,"High-income","Diarrheal diseases","Deaths","Both","Clostridium difficile","att",113
0.438562842930335,0.158800178555718,0.719106937875602,"Latin America and Caribbean","Diarrheal diseases","Deaths","Both","Clostridium difficile","att",113
0.811769787695238,0.459417482566415,1.16535793661092,"North Africa and Middle East","Diarrheal diseases","Deaths","Both","Clostridium difficile","att",113
2.26930060898396,2.00375198680172,2.53554053976386,"South Asia","Diarrheal diseases","Deaths","Both","Clostridium difficile","att",113
-0.0432221905928176,-0.291823182283379,0.205998634445836,"Southeast Asia, East Asia, and Oceania","Diarrheal diseases","Deaths","Both","Clostridium difficile","att",113
0.052027239551089,-0.166564042483708,0.271097140278331,"Sub-Saharan Africa","Diarrheal diseases","Deaths","Both","Clostridium difficile","att",113
-0.336613072755376,-0.698934228988057,0.0270300896333842,"Central Europe, Eastern Europe, and Central Asia","Diarrheal diseases","Deaths","Both","Clostridium difficile","att",114
0.766330566277595,0.552060606637017,0.981057121390494,"Global","Diarrheal diseases","Deaths","Both","Clostridium difficile","att",114
-1.73231744247863,-2.03517179597427,-1.42852682684572,"High-income","Diarrheal diseases","Deaths","Both","Clostridium difficile","att",114
0.230479546306794,0.00454423404374626,0.456925303027322,"Latin America and Caribbean","Diarrheal diseases","Deaths","Both","Clostridium difficile","att",114
0.960527410826817,0.685701742365841,1.23610322699239,"North Africa and Middle East","Diarrheal diseases","Deaths","Both","Clostridium difficile","att",114
1.95220467280155,1.74936331148963,2.15545040635245,"South Asia","Diarrheal diseases","Deaths","Both","Clostridium difficile","att",114
-0.0332171698173789,-0.333625152956007,0.268096283761721,"Southeast Asia, East Asia, and Oceania","Diarrheal diseases","Deaths","Both","Clostridium difficile","att",114
-0.720720491090987,-1.34102659181459,-0.0965142924309936,"Sub-Saharan Africa","Diarrheal diseases","Deaths","Both","Clostridium difficile","att",114
-0.0661179353550256,-0.464490916439131,0.333849461968261,"Central Europe, Eastern Europe, and Central Asia","Diarrheal diseases","Deaths","Both","Clostridium difficile","att",115
0.912743452334519,0.663008109062213,1.16309836522681,"Global","Diarrheal diseases","Deaths","Both","Clostridium difficile","att",115
-1.77864163796396,-2.16134977860206,-1.39443648647608,"High-income","Diarrheal diseases","Deaths","Both","Clostridium difficile","att",115
0.0838172169686402,-0.140044732458411,0.308181010926534,"Latin America and Caribbean","Diarrheal diseases","Deaths","Both","Clostridium difficile","att",115
0.882140410860566,0.567169723928163,1.19809756816791,"North Africa and Middle East","Diarrheal diseases","Deaths","Both","Clostridium difficile","att",115
2.19094876859551,1.9233576960006,2.45924237870243,"South Asia","Diarrheal diseases","Deaths","Both","Clostridium difficile","att",115
-0.0180488712050675,-0.305211024704743,0.269940427858084,"Southeast Asia, East Asia, and Oceania","Diarrheal diseases","Deaths","Both","Clostridium difficile","att",115
0.0660140896576511,-0.245209707138216,0.37820886991613,"Sub-Saharan Africa","Diarrheal diseases","Deaths","Both","Clostridium difficile","att",115
-0.191230899463701,-0.481796365771969,0.100182937164028,"Central Europe, Eastern Europe, and Central Asia","Diarrheal diseases","Deaths","Both","Clostridium difficile","att",116
1.00359355377833,0.812884485916721,1.19466338850767,"Global","Diarrheal diseases","Deaths","Both","Clostridium difficile","att",116
-1.60344017941154,-1.97405662420677,-1.23142250812033,"High-income","Diarrheal diseases","Deaths","Both","Clostridium difficile","att",116
0.4225073354859,0.222621784554522,0.62279154125946,"Latin America and Caribbean","Diarrheal diseases","Deaths","Both","Clostridium difficile","att",116
0.844087111088254,0.427760024170731,1.26214009772969,"North Africa and Middle East","Diarrheal diseases","Deaths","Both","Clostridium difficile","att",116
2.24210949457158,1.96513898998694,2.5198323411936,"South Asia","Diarrheal diseases","Deaths","Both","Clostridium difficile","att",116
0.107222484454605,-0.163388908671047,0.378567381304884,"Southeast Asia, East Asia, and Oceania","Diarrheal diseases","Deaths","Both","Clostridium difficile","att",116
-0.311472845149219,-0.661910093121842,0.040200648304678,"Sub-Saharan Africa","Diarrheal diseases","Deaths","Both","Clostridium difficile","att",116
-0.140263104606164,-0.443808496071141,0.164207792377735,"Central Europe, Eastern Europe, and Central Asia","Diarrheal diseases","Deaths","Both","Clostridium difficile","att",117
0.806887137972878,0.595094044539057,1.01912614096971,"Global","Diarrheal diseases","Deaths","Both","Clostridium difficile","att",117
-1.66326191009905,-1.97318024121147,-1.35236375150474,"High-income","Diarrheal diseases","Deaths","Both","Clostridium difficile","att",117
0.227132875919511,0.00616620040283511,0.448587784047683,"Latin America and Caribbean","Diarrheal diseases","Deaths","Both","Clostridium difficile","att",117
0.729536492869309,0.41719569012908,1.04284881026284,"North Africa and Middle East","Diarrheal diseases","Deaths","Both","Clostridium difficile","att",117
2.25134159541178,2.02255964472,2.48063658146696,"South Asia","Diarrheal diseases","Deaths","Both","Clostridium difficile","att",117
0.0254477425766675,-0.258036320448152,0.309737516768815,"Southeast Asia, East Asia, and Oceania","Diarrheal diseases","Deaths","Both","Clostridium difficile","att",117
0.0463703654064229,-0.263457894119712,0.357161096142944,"Sub-Saharan Africa","Diarrheal diseases","Deaths","Both","Clostridium difficile","att",117
-0.194216498107114,-0.510754159986848,0.123328268515888,"Central Europe, Eastern Europe, and Central Asia","Diarrheal diseases","Deaths","Both","Clostridium difficile","att",118
0.733263601466216,0.508332856202931,0.958697726287472,"Global","Diarrheal diseases","Deaths","Both","Clostridium difficile","att",118
-1.70346252936542,-2.06524344973797,-1.34034515359178,"High-income","Diarrheal diseases","Deaths","Both","Clostridium difficile","att",118
0.151010280313169,-0.0224896194562785,0.324811269948788,"Latin America and Caribbean","Diarrheal diseases","Deaths","Both","Clostridium difficile","att",118
0.900388894110615,0.565918215196781,1.23597198403842,"North Africa and Middle East","Diarrheal diseases","Deaths","Both","Clostridium difficile","att",118
2.111294832795,1.87464777231621,2.3484916064012,"South Asia","Diarrheal diseases","Deaths","Both","Clostridium difficile","att",118
-0.0764757156264229,-0.362336775944039,0.210205481807635,"Southeast Asia, East Asia, and Oceania","Diarrheal diseases","Deaths","Both","Clostridium difficile","att",118
-0.101023193504346,-0.317424934099797,0.11584833544982,"Sub-Saharan Africa","Diarrheal diseases","Deaths","Both","Clostridium difficile","att",118
-0.324900102087267,-0.628969634929577,-0.0199001342835459,"Central Europe, Eastern Europe, and Central Asia","Diarrheal diseases","Deaths","Both","Clostridium difficile","att",119
0.88653372429468,0.675056921383366,1.09845475281203,"Global","Diarrheal diseases","Deaths","Both","Clostridium difficile","att",119
-1.71908172147845,-2.04324535396856,-1.39384534968612,"High-income","Diarrheal diseases","Deaths","Both","Clostridium difficile","att",119
0.199729930657266,-0.0283192261693377,0.428299298983026,"Latin America and Caribbean","Diarrheal diseases","Deaths","Both","Clostridium difficile","att",119
0.795471475047371,0.472429423318022,1.11955218153788,"North Africa and Middle East","Diarrheal diseases","Deaths","Both","Clostridium difficile","att",119
2.1051464056578,1.81839488633868,2.3927055043335,"South Asia","Diarrheal diseases","Deaths","Both","Clostridium difficile","att",119
-0.103667326305412,-0.435123453537611,0.228892233865086,"Southeast Asia, East Asia, and Oceania","Diarrheal diseases","Deaths","Both","Clostridium difficile","att",119
-0.148859115736533,-0.447103081991551,0.150278339971432,"Sub-Saharan Africa","Diarrheal diseases","Deaths","Both","Clostridium difficile","att",119
-0.0740150427299247,-0.414242224652372,0.267374499533046,"Central Europe, Eastern Europe, and Central Asia","Diarrheal diseases","Deaths","Both","Clostridium difficile","att",120
0.887407698127896,0.67428240029932,1.1009841776435,"Global","Diarrheal diseases","Deaths","Both","Clostridium difficile","att",120
-1.61934663632939,-1.96812832295569,-1.26932404036569,"High-income","Diarrheal diseases","Deaths","Both","Clostridium difficile","att",120
0.248603213503529,0.036850518714493,0.460804135156123,"Latin America and Caribbean","Diarrheal diseases","Deaths","Both","Clostridium difficile","att",120
0.933334862641177,0.593584041092221,1.2742331790512,"North Africa and Middle East","Diarrheal diseases","Deaths","Both","Clostridium difficile","att",120
2.02729608658243,1.74819847896903,2.30715926524023,"South Asia","Diarrheal diseases","Deaths","Both","Clostridium difficile","att",120
-0.0623801705385008,-0.32894903105759,0.204901624746578,"Southeast Asia, East Asia, and Oceania","Diarrheal diseases","Deaths","Both","Clostridium difficile","att",120
-0.209016143541363,-0.58843081020622,0.171846598940562,"Sub-Saharan Africa","Diarrheal diseases","Deaths","Both","Clostridium difficile","att",120
-0.27417368616951,-0.628401744140838,0.0813170818644071,"Central Europe, Eastern Europe, and Central Asia","Diarrheal diseases","Deaths","Both","Clostridium difficile","att",121
0.846785080223467,0.640981458947376,1.05300955521062,"Global","Diarrheal diseases","Deaths","Both","Clostridium difficile","att",121
-1.65461704794686,-1.97458317180615,-1.33360651822089,"High-income","Diarrheal diseases","Deaths","Both","Clostridium difficile","att",121
0.301134884350729,0.0633383171482649,0.539496565693143,"Latin America and Caribbean","Diarrheal diseases","Deaths","Both","Clostridium difficile","att",121
0.724656630500231,0.334611853595868,1.11621768304651,"North Africa and Middle East","Diarrheal diseases","Deaths","Both","Clostridium difficile","att",121
2.02399403859534,1.80047763100282,2.24800120601165,"South Asia","Diarrheal diseases","Deaths","Both","Clostridium difficile","att",121
0.010938948996797,-0.235489256790122,0.257975856817683,"Southeast Asia, East Asia, and Oceania","Diarrheal diseases","Deaths","Both","Clostridium difficile","att",121
0.0345008338816788,-0.246293524089303,0.316085593274873,"Sub-Saharan Africa","Diarrheal diseases","Deaths","Both","Clostridium difficile","att",121
-0.284830757655119,-0.580721622511571,0.0119407352378031,"Central Europe, Eastern Europe, and Central Asia","Diarrheal diseases","Deaths","Both","Clostridium difficile","att",122
0.843090264195356,0.624626859932875,1.06202796844279,"Global","Diarrheal diseases","Deaths","Both","Clostridium difficile","att",122
-1.81136329723044,-2.14284367880185,-1.47876006223167,"High-income","Diarrheal diseases","Deaths","Both","Clostridium difficile","att",122
0.214579155662831,0.0294820643340632,0.400018755345233,"Latin America and Caribbean","Diarrheal diseases","Deaths","Both","Clostridium difficile","att",122
0.740079989588605,0.410607316522738,1.07063374606986,"North Africa and Middle East","Diarrheal diseases","Deaths","Both","Clostridium difficile","att",122
2.08018932186917,1.83425901378378,2.32671355303133,"South Asia","Diarrheal diseases","Deaths","Both","Clostridium difficile","att",122
0.0232286063712284,-0.274080003021704,0.321423569173795,"Southeast Asia, East Asia, and Oceania","Diarrheal diseases","Deaths","Both","Clostridium difficile","att",122
0.0742969480018507,-0.194248018088816,0.343564481653824,"Sub-Saharan Africa","Diarrheal diseases","Deaths","Both","Clostridium difficile","att",122
-0.352102306708335,-0.692379475972982,-0.0106591790679622,"Central Europe, Eastern Europe, and Central Asia","Diarrheal diseases","Deaths","Both","Clostridium difficile","att",123
0.814795333895924,0.593586111408695,1.03649100409822,"Global","Diarrheal diseases","Deaths","Both","Clostridium difficile","att",123
-1.49112999015473,-1.83262084552872,-1.14845120447936,"High-income","Diarrheal diseases","Deaths","Both","Clostridium difficile","att",123
0.18461836131598,-0.0400128432370694,0.409754359631931,"Latin America and Caribbean","Diarrheal diseases","Deaths","Both","Clostridium difficile","att",123
0.932098494611355,0.628791338444601,1.23631985465316,"North Africa and Middle East","Diarrheal diseases","Deaths","Both","Clostridium difficile","att",123
2.1430641521796,1.85883361924675,2.4280878121588,"South Asia","Diarrheal diseases","Deaths","Both","Clostridium difficile","att",123
0.0320207098290837,-0.213934294627594,0.27858194987378,"Southeast Asia, East Asia, and Oceania","Diarrheal diseases","Deaths","Both","Clostridium difficile","att",123
-0.126075649582236,-0.391573446081972,0.140129808732703,"Sub-Saharan Africa","Diarrheal diseases","Deaths","Both","Clostridium difficile","att",123
-0.411722410669779,-0.787380356840395,-0.0346420759660404,"Central Europe, Eastern Europe, and Central Asia","Diarrheal diseases","Deaths","Both","Clostridium difficile","att",124
1.13526754874134,0.903733848293675,1.36733252640142,"Global","Diarrheal diseases","Deaths","Both","Clostridium difficile","att",124
-1.63168489816689,-1.93015258530592,-1.33230884864517,"High-income","Diarrheal diseases","Deaths","Both","Clostridium difficile","att",124
0.197664682867105,-0.0111707775186098,0.406936314471706,"Latin America and Caribbean","Diarrheal diseases","Deaths","Both","Clostridium difficile","att",124
0.798831948282919,0.467832619683484,1.13092178070511,"North Africa and Middle East","Diarrheal diseases","Deaths","Both","Clostridium difficile","att",124
2.20149245290555,1.93006101302697,2.47364669257275,"South Asia","Diarrheal diseases","Deaths","Both","Clostridium difficile","att",124
0.221778476141954,-0.0371661182438365,0.481393842857392,"Southeast Asia, East Asia, and Oceania","Diarrheal diseases","Deaths","Both","Clostridium difficile","att",124
0.00124884485783738,-0.254118623868349,0.257270100418983,"Sub-Saharan Africa","Diarrheal diseases","Deaths","Both","Clostridium difficile","att",124
-0.0749761405474336,-0.453905937339716,0.305396081407272,"Central Europe, Eastern Europe, and Central Asia","Diarrheal diseases","Deaths","Both","Clostridium difficile","att",125
0.879448741674982,0.633815996168519,1.1256810415665,"Global","Diarrheal diseases","Deaths","Both","Clostridium difficile","att",125
-1.74268308789236,-2.05228709617069,-1.43210044888238,"High-income","Diarrheal diseases","Deaths","Both","Clostridium difficile","att",125
0.34431218931521,0.158882448464448,0.530085226616106,"Latin America and Caribbean","Diarrheal diseases","Deaths","Both","Clostridium difficile","att",125
0.890816521496296,0.59418899003838,1.18831873461624,"North Africa and Middle East","Diarrheal diseases","Deaths","Both","Clostridium difficile","att",125
2.220299549,1.92866254992268,2.51277097616756,"South Asia","Diarrheal diseases","Deaths","Both","Clostridium difficile","att",125
-0.0225200880517695,-0.289952404825544,0.245629508933765,"Southeast Asia, East Asia, and Oceania","Diarrheal diseases","Deaths","Both","Clostridium difficile","att",125
0.112436533618343,-0.184413224810498,0.410169117885584,"Sub-Saharan Africa","Diarrheal diseases","Deaths","Both","Clostridium difficile","att",125
-0.26150504569068,-0.576126201002169,0.0541117102505817,"Central Europe, Eastern Europe, and Central Asia","Diarrheal diseases","Deaths","Both","Clostridium difficile","att",126
0.938725373062588,0.719725608979793,1.15820131890996,"Global","Diarrheal diseases","Deaths","Both","Clostridium difficile","att",126
-1.57831383095731,-1.95961024315745,-1.19553448958566,"High-income","Diarrheal diseases","Deaths","Both","Clostridium difficile","att",126
0.198581674725662,-0.00321716203048883,0.400787752288578,"Latin America and Caribbean","Diarrheal diseases","Deaths","Both","Clostridium difficile","att",126
0.796741399634704,0.465498278062215,1.12907665738795,"North Africa and Middle East","Diarrheal diseases","Deaths","Both","Clostridium difficile","att",126
2.16717919110174,1.93698805616673,2.39789013694753,"South Asia","Diarrheal diseases","Deaths","Both","Clostridium difficile","att",126
-0.0575418353475077,-0.269367616713911,0.154733859556777,"Southeast Asia, East Asia, and Oceania","Diarrheal diseases","Deaths","Both","Clostridium difficile","att",126
-0.649358017822443,-1.04224671687297,-0.254909445748108,"Sub-Saharan Africa","Diarrheal diseases","Deaths","Both","Clostridium difficile","att",126
-0.249907849239794,-0.660059479253527,0.161937201957008,"Central Europe, Eastern Europe, and Central Asia","Diarrheal diseases","Deaths","Both","Clostridium difficile","att",127
0.838746375317179,0.604108367117506,1.07393162751896,"Global","Diarrheal diseases","Deaths","Both","Clostridium difficile","att",127
-1.59411544818977,-1.98115428901091,-1.20554833937875,"High-income","Diarrheal diseases","Deaths","Both","Clostridium difficile","att",127
0.269358830818822,0.108992762597349,0.429981791804157,"Latin America and Caribbean","Diarrheal diseases","Deaths","Both","Clostridium difficile","att",127
0.867412261481459,0.475683088864898,1.26066868666264,"North Africa and Middle East","Diarrheal diseases","Deaths","Both","Clostridium difficile","att",127
1.94412689963204,1.69997059448275,2.18886936327278,"South Asia","Diarrheal diseases","Deaths","Both","Clostridium difficile","att",127
-0.0295945336983849,-0.275021602155578,0.216436540364029,"Southeast Asia, East Asia, and Oceania","Diarrheal diseases","Deaths","Both","Clostridium difficile","att",127
0.142218211287459,-0.126853912454006,0.412015252693099,"Sub-Saharan Africa","Diarrheal diseases","Deaths","Both","Clostridium difficile","att",127
-0.226801666882492,-0.554946884472063,0.102426352520291,"Central Europe, Eastern Europe, and Central Asia","Diarrheal diseases","Deaths","Both","Clostridium difficile","att",128
1.03364584074044,0.77664665819337,1.29130041897709,"Global","Diarrheal diseases","Deaths","Both","Clostridium difficile","att",128
-1.72644373836756,-2.07853107174949,-1.37309043653473,"High-income","Diarrheal diseases","Deaths","Both","Clostridium difficile","att",128
0.0944926480256125,-0.11051805189094,0.299924106827487,"Latin America and Caribbean","Diarrheal diseases","Deaths","Both","Clostridium difficile","att",128
0.831238894337316,0.468155883435384,1.19563405506069,"North Africa and Middle East","Diarrheal diseases","Deaths","Both","Clostridium difficile","att",128
2.12519008357361,1.91189410095944,2.33893248293433,"South Asia","Diarrheal diseases","Deaths","Both","Clostridium difficile","att",128
0.132639546286994,-0.151998028039146,0.41808853944092,"Southeast Asia, East Asia, and Oceania","Diarrheal diseases","Deaths","Both","Clostridium difficile","att",128
0.0767361303282366,-0.199215816936227,0.353451092410895,"Sub-Saharan Africa","Diarrheal diseases","Deaths","Both","Clostridium difficile","att",128
-0.392936579320113,-0.712524316826113,-0.0723201489073566,"Central Europe, Eastern Europe, and Central Asia","Diarrheal diseases","Deaths","Both","Clostridium difficile","att",129
1.03773507031155,0.835074527451596,1.24080292477242,"Global","Diarrheal diseases","Deaths","Both","Clostridium difficile","att",129
-1.5462506383178,-1.90732023399023,-1.18385198064778,"High-income","Diarrheal diseases","Deaths","Both","Clostridium difficile","att",129
0.19198191346177,-0.0204737962335,0.404889089875216,"Latin America and Caribbean","Diarrheal diseases","Deaths","Both","Clostridium difficile","att",129
0.945786788848468,0.672566104130334,1.21974898185875,"North Africa and Middle East","Diarrheal diseases","Deaths","Both","Clostridium difficile","att",129
2.2002364318352,1.95758323077917,2.44346713359413,"South Asia","Diarrheal diseases","Deaths","Both","Clostridium difficile","att",129
0.0220046642753324,-0.28525992797831,0.330216072712686,"Southeast Asia, East Asia, and Oceania","Diarrheal diseases","Deaths","Both","Clostridium difficile","att",129
-0.199922992142487,-0.556112690238275,0.157542511882269,"Sub-Saharan Africa","Diarrheal diseases","Deaths","Both","Clostridium difficile","att",129
-0.237605781000227,-0.593903978988564,0.119969485608351,"Central Europe, Eastern Europe, and Central Asia","Diarrheal diseases","Deaths","Both","Clostridium difficile","att",130
0.696018012185684,0.491944599687377,0.900505845539845,"Global","Diarrheal diseases","Deaths","Both","Clostridium difficile","att",130
-1.51044617845367,-1.86639630943783,-1.15320494543124,"High-income","Diarrheal diseases","Deaths","Both","Clostridium difficile","att",130
0.22940164576315,0.0358768748330185,0.423300800745618,"Latin America and Caribbean","Diarrheal diseases","Deaths","Both","Clostridium difficile","att",130
0.911078264907594,0.61410215031461,1.20893094462171,"North Africa and Middle East","Diarrheal diseases","Deaths","Both","Clostridium difficile","att",130
2.2078531407139,1.93626382069394,2.48016605757746,"South Asia","Diarrheal diseases","Deaths","Both","Clostridium difficile","att",130
0.101540989927451,-0.170373677720237,0.374196295291696,"Southeast Asia, East Asia, and Oceania","Diarrheal diseases","Deaths","Both","Clostridium difficile","att",130
-0.0996025926120248,-0.332651447265064,0.133991192446459,"Sub-Saharan Africa","Diarrheal diseases","Deaths","Both","Clostridium difficile","att",130
-0.201313298012717,-0.48106969739119,0.0792295210223282,"Central Europe, Eastern Europe, and Central Asia","Diarrheal diseases","Deaths","Both","Clostridium difficile","att",131
0.859300545693342,0.622962434985341,1.09619375536902,"Global","Diarrheal diseases","Deaths","Both","Clostridium difficile","att",131
-1.59712513116881,-1.95514014486194,-1.23780281028774,"High-income","Diarrheal diseases","Deaths","Both","Clostridium difficile","att",131
0.262796901229789,0.0576204780484035,0.468394055630128,"Latin America and Caribbean","Diarrheal diseases","Deaths","Both","Clostridium difficile","att",131
0.705487511256853,0.385394673206885,1.02660100998464,"North Africa and Middle East","Diarrheal diseases","Deaths","Both","Clostridium difficile","att",131
2.06056513179131,1.83663723595495,2.28498542116984,"South Asia","Diarrheal diseases","Deaths","Both","Clostridium difficile","att",131
0.198858320314854,-0.0414456316349732,0.439739971589015,"Southeast Asia, East Asia, and Oceania","Diarrheal diseases","Deaths","Both","Clostridium difficile","att",131
0.0653610659104187,-0.193838299543758,0.325233579293593,"Sub-Saharan Africa","Diarrheal diseases","Deaths","Both","Clostridium difficile","att",131
-0.320079739006895,-0.641621886500776,0.00250297853832127,"Central Europe, Eastern Europe, and Central Asia","Diarrheal diseases","Deaths","Both","Clostridium difficile","att",132
0.918722788111426,0.694130381707625,1.14381613482646,"Global","Diarrheal diseases","Deaths","Both","Clostridium difficile","att",132
-1.56327354134912,-1.87616304173176,-1.2493863237707,"High-income","Diarrheal diseases","Deaths","Both","Clostridium difficile","att",132
0.173968264223601,-0.00666122573147465,0.354924046040117,"Latin America and Caribbean","Diarrheal diseases","Deaths","Both","Clostridium difficile","att",132
0.800282145585274,0.48426981248697,1.11728830383511,"North Africa and Middle East","Diarrheal diseases","Deaths","Both","Clostridium difficile","att",132
2.20485659113552,1.93436064275176,2.47607033534032,"South Asia","Diarrheal diseases","Deaths","Both","Clostridium difficile","att",132
0.0813728856779328,-0.199781792803144,0.363319626086844,"Southeast Asia, East Asia, and Oceania","Diarrheal diseases","Deaths","Both","Clostridium difficile","att",132
0.167707635806358,-0.189416473807336,0.526109542074105,"Sub-Saharan Africa","Diarrheal diseases","Deaths","Both","Clostridium difficile","att",132
-0.439012848653042,-0.758152603465734,-0.11884681122093,"Central Europe, Eastern Europe, and Central Asia","Diarrheal diseases","Deaths","Both","Clostridium difficile","att",133
0.72312338700149,0.514497873705211,0.932181918476416,"Global","Diarrheal diseases","Deaths","Both","Clostridium difficile","att",133
-1.60712614032275,-1.96515684805673,-1.24778787719766,"High-income","Diarrheal diseases","Deaths","Both","Clostridium difficile","att",133
0.171455730795311,-0.0436440369369739,0.387018379648407,"Latin America and Caribbean","Diarrheal diseases","Deaths","Both","Clostridium difficile","att",133
0.596073707483602,0.294526814147744,0.898527235825086,"North Africa and Middle East","Diarrheal diseases","Deaths","Both","Clostridium difficile","att",133
2.08745934553243,1.85506653417538,2.32038238499306,"South Asia","Diarrheal diseases","Deaths","Both","Clostridium difficile","att",133
-0.150685232195102,-0.407567960482669,0.106860083949201,"Southeast Asia, East Asia, and Oceania","Diarrheal diseases","Deaths","Both","Clostridium difficile","att",133
0.248170663098901,-0.019828975764602,0.516888682474215,"Sub-Saharan Africa","Diarrheal diseases","Deaths","Both","Clostridium difficile","att",133
-0.312783248114046,-0.587509477077308,-0.0372978137382352,"Central Europe, Eastern Europe, and Central Asia","Diarrheal diseases","Deaths","Both","Clostridium difficile","att",134
0.917373343416816,0.693217219923348,1.14202846742975,"Global","Diarrheal diseases","Deaths","Both","Clostridium difficile","att",134
-1.62554635028975,-1.94610415332033,-1.30394057966752,"High-income","Diarrheal diseases","Deaths","Both","Clostridium difficile","att",134
0.165333310893923,-0.0313841225868861,0.362437843348684,"Latin America and Caribbean","Diarrheal diseases","Deaths","Both","Clostridium difficile","att",134
0.731786066355755,0.403198954622175,1.06144853715282,"North Africa and Middle East","Diarrheal diseases","Deaths","Both","Clostridium difficile","att",134
2.27613804185682,2.05466949795396,2.49808719400799,"South Asia","Diarrheal diseases","Deaths","Both","Clostridium difficile","att",134
-0.0518227456609788,-0.348182392458796,0.245418260276664,"Southeast Asia, East Asia, and Oceania","Diarrheal diseases","Deaths","Both","Clostridium difficile","att",134
0.152177734352166,-0.088471999319184,0.393407103781995,"Sub-Saharan Africa","Diarrheal diseases","Deaths","Both","Clostridium difficile","att",134
-0.238065564259649,-0.613691670860883,0.138980204409034,"Central Europe, Eastern Europe, and Central Asia","Diarrheal diseases","Deaths","Both","Clostridium difficile","att",135
0.79581112278706,0.570111162168319,1.02201760041802,"Global","Diarrheal diseases","Deaths","Both","Clostridium difficile","att",135
-1.55326004278072,-1.90004901987902,-1.20524514667396,"High-income","Diarrheal diseases","Deaths","Both","Clostridium difficile","att",135
0.0966551526813131,-0.122312260148949,0.316102619955849,"Latin America and Caribbean","Diarrheal diseases","Deaths","Both","Clostridium difficile","att",135
0.951233225525749,0.626238414072855,1.27727767998564,"North Africa and Middle East","Diarrheal diseases","Deaths","Both","Clostridium difficile","att",135
2.06343050741642,1.81818807996694,2.3092636333389,"South Asia","Diarrheal diseases","Deaths","Both","Clostridium difficile","att",135
0.0245724639389877,-0.239243644392717,0.289086230764446,"Southeast Asia, East Asia, and Oceania","Diarrheal diseases","Deaths","Both","Clostridium difficile","att",135
0.0723278884004808,-0.173838049220165,0.319100857962051,"Sub-Saharan Africa","Diarrheal diseases","Deaths","Both","Clostridium difficile","att",135
-0.237888828900068,-0.535597655780273,0.0607110760292962,"Central Europe, Eastern Europe, and Central Asia","Diarrheal diseases","Deaths","Both","Clostridium difficile","att",136
0.993779931467187,0.792616331173357,1.19534501746061,"Global","Diarrheal diseases","Deaths","Both","Clostridium difficile","att",136
-1.72647638693048,-2.01959193990214,-1.43248395735566,"High-income","Diarrheal diseases","Deaths","Both","Clostridium difficile","att",136
0.173150739656713,-0.0325574970779674,0.379282272992776,"Latin America and Caribbean","Diarrheal diseases","Deaths","Both","Clostridium difficile","att",136
0.818231315850437,0.506565950121085,1.13086313883832,"North Africa and Middle East","Diarrheal diseases","Deaths","Both","Clostridium difficile","att",136
1.91949520086609,1.68690581466098,2.15261659089356,"South Asia","Diarrheal diseases","Deaths","Both","Clostridium difficile","att",136
0.214557746728472,-0.0445134358202925,0.474300406951289,"Southeast Asia, East Asia, and Oceania","Diarrheal diseases","Deaths","Both","Clostridium difficile","att",136
0.236923547480417,0.00140027636574835,0.473001522940053,"Sub-Saharan Africa","Diarrheal diseases","Deaths","Both","Clostridium difficile","att",136
-0.146755921603992,-0.425556972018803,0.13282575106035,"Central Europe, Eastern Europe, and Central Asia","Diarrheal diseases","Deaths","Both","Clostridium difficile","att",137
0.895438706867191,0.6781029519632,1.11324362864038,"Global","Diarrheal diseases","Deaths","Both","Clostridium difficile","att",137
-1.69927488158833,-2.05129181773557,-1.34599283510289,"High-income","Diarrheal diseases","Deaths","Both","Clostridium difficile","att",137
0.227320114075957,0.0458994912557076,0.409069720318334,"Latin America and Caribbean","Diarrheal diseases","Deaths","Both","Clostridium difficile","att",137
0.748174793395551,0.436852226536333,1.06046236202939,"North Africa and Middle East","Diarrheal diseases","Deaths","Both","Clostridium difficile","att",137
2.1441736445146,1.89037583484446,2.39860363683857,"South Asia","Diarrheal diseases","Deaths","Both","Clostridium difficile","att",137
0.0425563714984367,-0.203685236506046,0.289405566362788,"Southeast Asia, East Asia, and Oceania","Diarrheal diseases","Deaths","Both","Clostridium difficile","att",137
-0.0112021832485931,-0.287456620480431,0.265817619217179,"Sub-Saharan Africa","Diarrheal diseases","Deaths","Both","Clostridium difficile","att",137
-0.304464837178309,-0.608684665935888,0.000686156479323685,"Central Europe, Eastern Europe, and Central Asia","Diarrheal diseases","Deaths","Both","Clostridium difficile","att",138
1.01681465658259,0.79519073577905,1.23892587407077,"Global","Diarrheal diseases","Deaths","Both","Clostridium difficile","att",138
-1.63876078733325,-2.02246693555057,-1.25355194351241,"High-income","Diarrheal diseases","Deaths","Both","Clostridium difficile","att",138
0.157823515387223,-0.0894134711907468,0.40567231027957,"Latin America and Caribbean","Diarrheal diseases","Deaths","Both","Clostridium difficile","att",138
0.999867869749793,0.648234254771363,1.35272998317231,"North Africa and Middle East","Diarrheal diseases","Deaths","Both","Clostridium difficile","att",138
2.20991686239123,1.95738954633642,2.46306963625382,"South Asia","Diarrheal diseases","Deaths","Both","Clostridium difficile","att",138
-0.0698396531266243,-0.316972062644372,0.177905442713944,"Southeast Asia, East Asia, and Oceania","Diarrheal diseases","Deaths","Both","Clostridium difficile","att",138
-0.152321959335877,-0.378330437091179,0.0741992565841398,"Sub-Saharan Africa","Diarrheal diseases","Deaths","Both","Clostridium difficile","att",138
-0.212641044481732,-0.505437588797653,0.0810171531174131,"Central Europe, Eastern Europe, and Central Asia","Diarrheal diseases","Deaths","Both","Clostridium difficile","att",139
0.951949095837468,0.732701565162008,1.17167382487016,"Global","Diarrheal diseases","Deaths","Both","Clostridium difficile","att",139
-1.51343292582,-1.86854165666825,-1.15703916147837,"High-income","Diarrheal diseases","Deaths","Both","Clostridium difficile","att",139
0.228080312745726,0.0463186499605195,0.410172195598024,"Latin America and Caribbean","Diarrheal diseases","Deaths","Both","Clostridium difficile","att",139
0.890733317664427,0.571235093713174,1.21124653476965,"North Africa and Middle East","Diarrheal diseases","Deaths","Both","Clostridium difficile","att",139
2.31051197022765,2.05902247798244,2.56262117215822,"South Asia","Diarrheal diseases","Deaths","Both","Clostridium difficile","att",139
-0.0121266934005049,-0.240241639513139,0.216509870140791,"Southeast Asia, East Asia, and Oceania","Diarrheal diseases","Deaths","Both","Clostridium difficile","att",139
-0.151307312630911,-0.410153245613087,0.108211391915902,"Sub-Saharan Africa","Diarrheal diseases","Deaths","Both","Clostridium difficile","att",139
-0.308654191798363,-0.602370845890399,-0.0140696148632435,"Central Europe, Eastern Europe, and Central Asia","Diarrheal diseases","Deaths","Both","Clostridium difficile","att",140
1.05831705615191,0.845009277794273,1.27207602399957,"Global","Diarrheal diseases","Deaths","Both","Clostridium difficile","att",140
-1.57436243838389,-1.90112882821801,-1.24650759286981,"High-income","Diarrheal diseases","Deaths","Both","Clostridium difficile","att",140
0.0770017509777787,-0.155138572455771,0.309681803036232,"Latin America and Caribbean","Diarrheal diseases","Deaths","Both","Clostridium difficile","att",140
0.843060583471522,0.560244178534886,1.12667238344277,"North Africa and Middle East","Diarrheal diseases","Deaths","Both","Clostridium difficile","att",140
2.02372754163003,1.81443432316097,2.2334509903664,"South Asia","Diarrheal diseases","Deaths","Both","Clostridium difficile","att",140
-0.0924478766263781,-0.362828519288616,0.178666485097145,"Southeast Asia, East Asia, and Oceania","Diarrheal diseases","Deaths","Both","Clostridium difficile","att",140
0.183293485170566,-0.0688112843078348,0.436034260440676,"Sub-Saharan Africa","Diarrheal diseases","Deaths","Both","Clostridium difficile","att",140
-0.165356240066383,-0.50900557281911,0.179480083173078,"Central Europe, Eastern Europe, and Central Asia","Diarrheal diseases","Deaths","Both","Clostridium difficile","att",141
0.821964934454389,0.646532950610323,0.997702705095604,"Global","Diarrheal diseases","Deaths","Both","Clostridium difficile","att",141
-1.41267558216971,-1.80410743937269,-1.01968338578311,"High-income","Diarrheal diseases","Deaths","Both","Clostridium difficile","att",141
0.284709467952071,0.0603067527366941,0.509615445452272,"Latin America and Caribbean","Diarrheal diseases","Deaths","Both","Clostridium difficile","att",141
0.794693130325785,0.487667947360304,1.10265638325446,"North Africa and Middle East","Diarrheal diseases","Deaths","Both","Clostridium difficile","att",141
2.09670070633676,1.85124822399445,2.34274470740998,"South Asia","Diarrheal diseases","Deaths","Both","Clostridium difficile","att",141
0.0494542195087933,-0.214234998542961,0.313840250414721,"Southeast Asia, East Asia, and Oceania","Diarrheal diseases","Deaths","Both","Clostridium difficile","att",141
0.0323991638644827,-0.198341626174903,0.263673425121236,"Sub-Saharan Africa","Diarrheal diseases","Deaths","Both","Clostridium difficile","att",141
-0.411224475277261,-0.738217959054177,-0.0831537920361169,"Central Europe, Eastern Europe, and Central Asia","Diarrheal diseases","Deaths","Both","Clostridium difficile","att",142
0.891023193482798,0.678837125288445,1.10365645523658,"Global","Diarrheal diseases","Deaths","Both","Clostridium difficile","att",142
-1.63920713810338,-1.9148325617573,-1.36280718985877,"High-income","Diarrheal diseases","Deaths","Both","Clostridium difficile","att",142
0.252004445014564,0.0177578170571735,0.486799690376571,"Latin America and Caribbean","Diarrheal diseases","Deaths","Both","Clostridium difficile","att",142
0.917275710686538,0.55468645370953,1.28117242506718,"North Africa and Middle East","Diarrheal diseases","Deaths","Both","Clostridium difficile","att",142
1.83502779631131,1.54740145791374,2.12346881740237,"South Asia","Diarrheal diseases","Deaths","Both","Clostridium difficile","att",142
0.183595473663645,-0.0638531499930095,0.431656796761692,"Southeast Asia, East Asia, and Oceania","Diarrheal diseases","Deaths","Both","Clostridium difficile","att",142
0.180172588717897,-0.147716465038283,0.509138345257121,"Sub-Saharan Africa","Diarrheal diseases","Deaths","Both","Clostridium difficile","att",142
-0.199796805171659,-0.528188614855496,0.12967914261286,"Central Europe, Eastern Europe, and Central Asia","Diarrheal diseases","Deaths","Both","Clostridium difficile","att",143
0.862142958639422,0.661506048216065,1.0631797753567,"Global","Diarrheal diseases","Deaths","Both","Clostridium difficile","att",143
-1.55213156477848,-1.97488674681618,-1.12755315665096,"High-income","Diarrheal diseases","Deaths","Both","Clostridium difficile","att",143
0.190884698162552,-0.0242445628162558,0.406476877363171,"Latin America and Caribbean","Diarrheal diseases","Deaths","Both","Clostridium difficile","att",143
0.720065156436678,0.432991647113035,1.00795922480574,"North Africa and Middle East","Diarrheal diseases","Deaths","Both","Clostridium difficile","att",143
1.95137717289902,1.71140775755931,2.19191275206998,"South Asia","Diarrheal diseases","Deaths","Both","Clostridium difficile","att",143
0.0581724884743728,-0.196722553802053,0.313718526231499,"Southeast Asia, East Asia, and Oceania","Diarrheal diseases","Deaths","Both","Clostridium difficile","att",143
0.25572675365455,0.0225970892220984,0.489399789705192,"Sub-Saharan Africa","Diarrheal diseases","Deaths","Both","Clostridium difficile","att",143
-0.373765080918864,-0.7066605131961,-0.039753568052503,"Central Europe, Eastern Europe, and Central Asia","Diarrheal diseases","Deaths","Both","Clostridium difficile","att",144
0.932755779868444,0.720227975573229,1.14573203497148,"Global","Diarrheal diseases","Deaths","Both","Clostridium difficile","att",144
-1.52875492834708,-1.89618125001072,-1.15995249203703,"High-income","Diarrheal diseases","Deaths","Both","Clostridium difficile","att",144
0.263493061446618,0.104641439702435,0.422596757793614,"Latin America and Caribbean","Diarrheal diseases","Deaths","Both","Clostridium difficile","att",144
1.00292806864388,0.688699152157035,1.31813762956041,"North Africa and Middle East","Diarrheal diseases","Deaths","Both","Clostridium difficile","att",144
2.02554854360755,1.78917405735752,2.26247193791451,"South Asia","Diarrheal diseases","Deaths","Both","Clostridium difficile","att",144
0.0139178080825975,-0.255797255247669,0.284362199167099,"Southeast Asia, East Asia, and Oceania","Diarrheal diseases","Deaths","Both","Clostridium difficile","att",144
-0.233042698227504,-0.561322240166462,0.096320601662403,"Sub-Saharan Africa","Diarrheal diseases","Deaths","Both","Clostridium difficile","att",144
-0.261846999579551,-0.566928215968654,0.0441702690396895,"Central Europe, Eastern Europe, and Central Asia","Diarrheal diseases","Deaths","Both","Clostridium difficile","att",145
0.854602437707253,0.637076016942895,1.07259904049204,"Global","Diarrheal diseases","Deaths","Both","Clostridium difficile","att",145
-1.68765469155806,-2.01795835201048,-1.3562375565722,"High-income","Diarrheal diseases","Deaths","Both","Clostridium difficile","att",145
0.15567721706502,-0.0560397666393486,0.36784269291521,"Latin America and Caribbean","Diarrheal diseases","Deaths","Both","Clostridium difficile","att",145
0.985340929549827,0.731854161204581,1.23946558490966,"North Africa and Middle East","Diarrheal diseases","Deaths","Both","Clostridium difficile","att",145
2.15585814958663,1.911761950757,2.40053900079733,"South Asia","Diarrheal diseases","Deaths","Both","Clostridium difficile","att",145
-0.0149815630393957,-0.303979235294771,0.274853852326773,"Southeast Asia, East Asia, and Oceania","Diarrheal diseases","Deaths","Both","Clostridium difficile","att",145
-0.200375015008136,-0.561500128363457,0.162061575769545,"Sub-Saharan Africa","Diarrheal diseases","Deaths","Both","Clostridium difficile","att",145
-0.180153197226751,-0.449480597819507,0.0899028509827593,"Central Europe, Eastern Europe, and Central Asia","Diarrheal diseases","Deaths","Both","Clostridium difficile","att",146
0.946293983054503,0.70175975783342,1.19142201107953,"Global","Diarrheal diseases","Deaths","Both","Clostridium difficile","att",146
-1.63537388959047,-1.93514428592324,-1.33468713754737,"High-income","Diarrheal diseases","Deaths","Both","Clostridium difficile","att",146
0.249292341574336,-0.00321930947496663,0.502441634490447,"Latin America and Caribbean","Diarrheal diseases","Deaths","Both","Clostridium difficile","att",146
0.947595207929219,0.620283642242092,1.27597149791603,"North Africa and Middle East","Diarrheal diseases","Deaths","Both","Clostridium difficile","att",146
2.12916724357903,1.89522519363281,2.36364640292002,"South Asia","Diarrheal diseases","Deaths","Both","Clostridium difficile","att",146
0.193757556932805,-0.0620682349882329,0.450238223681199,"Southeast Asia, East Asia, and Oceania","Diarrheal diseases","Deaths","Both","Clostridium difficile","att",146
-0.150607312506035,-0.40699625510846,0.106441669330248,"Sub-Saharan Africa","Diarrheal diseases","Deaths","Both","Clostridium difficile","att",146
-0.229537056095286,-0.587646808685016,0.129862703126227,"Central Europe, Eastern Europe, and Central Asia","Diarrheal diseases","Deaths","Both","Clostridium difficile","att",147
1.03352378133048,0.801651657248947,1.26592927645346,"Global","Diarrheal diseases","Deaths","Both","Clostridium difficile","att",147
-1.69248807175136,-2.0485281008531,-1.33515388647347,"High-income","Diarrheal diseases","Deaths","Both","Clostridium difficile","att",147
0.215792244478075,0.000240552629082735,0.43180856052798,"Latin America and Caribbean","Diarrheal diseases","Deaths","Both","Clostridium difficile","att",147
0.894594460909293,0.482675787121933,1.30820175407789,"North Africa and Middle East","Diarrheal diseases","Deaths","Both","Clostridium difficile","att",147
2.02455845089278,1.73804659219168,2.3118771763259,"South Asia","Diarrheal diseases","Deaths","Both","Clostridium difficile","att",147
0.062136496919063,-0.247499166939269,0.372733281987703,"Southeast Asia, East Asia, and Oceania","Diarrheal diseases","Deaths","Both","Clostridium difficile","att",147
0.0814779721061809,-0.190844448901895,0.354543406123176,"Sub-Saharan Africa","Diarrheal diseases","Deaths","Both","Clostridium difficile","att",147
-0.250704758644471,-0.56628163926844,0.0658736813018868,"Central Europe, Eastern Europe, and Central Asia","Diarrheal diseases","Deaths","Both","Clostridium difficile","att",148
0.723076944554601,0.483557992456807,0.963166829146855,"Global","Diarrheal diseases","Deaths","Both","Clostridium difficile","att",148
-1.70747117384489,-2.09906520629197,-1.31431080409395,"High-income","Diarrheal diseases","Deaths","Both","Clostridium difficile","att",148
0.254825031434747,0.0595091988268681,0.450522119904995,"Latin America and Caribbean","Diarrheal diseases","Deaths","Both","Clostridium difficile","att",148
1.02352523238218,0.714605190315898,1.33339281916862,"North Africa and Middle East","Diarrheal diseases","Deaths","Both","Clostridium difficile","att",148
2.21822597513375,1.94818810406883,2.48897911591721,"South Asia","Diarrheal diseases","Deaths","Both","Clostridium difficile","att",148
-0.0486425199315188,-0.345921752020062,0.249523529268614,"Southeast Asia, East Asia, and Oceania","Diarrheal diseases","Deaths","Both","Clostridium difficile","att",148
0.108302060254362,-0.157394647852538,0.374705828643318,"Sub-Saharan Africa","Diarrheal diseases","Deaths","Both","Clostridium difficile","att",148
-0.124587169243229,-0.410343533112389,0.161989126156858,"Central Europe, Eastern Europe, and Central Asia","Diarrheal diseases","Deaths","Both","Clostridium difficile","att",149
0.868738912370892,0.6563156421449,1.08161047682904,"Global","Diarrheal diseases","Deaths","Both","Clostridium difficile","att",149
-1.79916157845832,-2.18423911216218,-1.41256808551009,"High-income","Diarrheal diseases","Deaths","Both","Clostridium difficile","att",149
0.209675985130597,0.00912198025664335,0.410632172406289,"Latin America and Caribbean","Diarrheal diseases","Deaths","Both","Clostridium difficile","att",149
0.744803934793103,0.489366600727204,1.00089057369437,"North Africa and Middle East","Diarrheal diseases","Deaths","Both","Clostridium difficile","att",149
2.07489042080657,1.84311160197703,2.30719673157951,"South Asia","Diarrheal diseases","Deaths","Both","Clostridium difficile","att",149
0.0290535971243067,-0.208934596188548,0.267609360088095,"Southeast Asia, East Asia, and Oceania","Diarrheal diseases","Deaths","Both","Clostridium difficile","att",149
0.164533677612622,-0.073612450857774,0.403247359658199,"Sub-Saharan Africa","Diarrheal diseases","Deaths","Both","Clostridium difficile","att",149
-0.283442540251477,-0.611621499067394,0.0458200606424652,"Central Europe, Eastern Europe, and Central Asia","Diarrheal diseases","Deaths","Both","Clostridium difficile","att",150
0.875438998854339,0.639861112391604,1.1115683262668,"Global","Diarrheal diseases","Deaths","Both","Clostridium difficile","att",150
-1.43808186537244,-1.75938640977519,-1.11572646627243,"High-income","Diarrheal diseases","Deaths","Both","Clostridium difficile","att",150
0.245185514237889,0.0271492482875058,0.463697049288969,"Latin America and Caribbean","Diarrheal diseases","Deaths","Both","Clostridium difficile","att",150
0.908745311760661,0.549693385497041,1.26907937307028,"North Africa and Middle East","Diarrheal diseases","Deaths","Both","Clostridium difficile","att",150
2.00972755129383,1.76364633522781,2.25640383217014,"South Asia","Diarrheal diseases","Deaths","Both","Clostridium difficile","att",150
-0.0369827631671815,-0.293105295956475,0.21979768552649,"Southeast Asia, East Asia, and Oceania","Diarrheal diseases","Deaths","Both","Clostridium difficile","att",150
-0.478187275696806,-0.883239246430734,-0.0714800137916582,"Sub-Saharan Africa","Diarrheal diseases","Deaths","Both","Clostridium difficile","att",150
-0.21777192791127,-0.496177497142081,0.0614126029617079,"Central Europe, Eastern Europe, and Central Asia","Diarrheal diseases","Deaths","Both","Clostridium difficile","att",151
0.930115562276468,0.699802127269544,1.16095575381343,"Global","Diarrheal diseases","Deaths","Both","Clostridium difficile","att",151
-1.45638246090326,-1.84552771491573,-1.0656943935559,"High-income","Diarrheal diseases","Deaths","Both","Clostridium difficile","att",151
0.153613126499752,-0.100219811899327,0.408091022880686,"Latin America and Caribbean","Diarrheal diseases","Deaths","Both","Clostridium difficile","att",151
0.92184405245348,0.611272458677115,1.23337433318909,"North Africa and Middle East","Diarrheal diseases","Deaths","Both","Clostridium difficile","att",151
2.07239159013763,1.81173226117466,2.33371826150082,"South Asia","Diarrheal diseases","Deaths","Both","Clostridium difficile","att",151
0.070221914999169,-0.214286463439173,0.35554148187853,"Southeast Asia, East Asia, and Oceania","Diarrheal diseases","Deaths","Both","Clostridium difficile","att",151
-0.240644993593919,-0.561339507148984,0.0810837753555171,"Sub-Saharan Africa","Diarrheal diseases","Deaths","Both","Clostridium difficile","att",151
-0.227696053747861,-0.556025314059683,0.101717235068621,"Central Europe, Eastern Europe, and Central Asia","Diarrheal diseases","Deaths","Both","Clostridium difficile","att",152
0.946101655396547,0.7502126644086,1.14237151403505,"Global","Diarrheal diseases","Deaths","Both","Clostridium difficile","att",152
-1.62762192687435,-1.99609995299626,-1.25775848593048,"High-income","Diarrheal diseases","Deaths","Both","Clostridium difficile","att",152
0.301825002685674,0.100022000759559,0.504034842200585,"Latin America and Caribbean","Diarrheal diseases","Deaths","Both","Clostridium difficile","att",152
0.889981100902659,0.559795430928789,1.22125092758338,"North Africa and Middle East","Diarrheal diseases","Deaths","Both","Clostridium difficile","att",152
2.22339479200313,1.95449925571745,2.49299951532775,"South Asia","Diarrheal diseases","Deaths","Both","Clostridium difficile","att",152
0.0805203245177299,-0.206667624868107,0.368534751147176,"Southeast Asia, East Asia, and Oceania","Diarrheal diseases","Deaths","Both","Clostridium difficile","att",152
0.0182906056535037,-0.332310300398919,0.370124820069906,"Sub-Saharan Africa","Diarrheal diseases","Deaths","Both","Clostridium difficile","att",152
-0.237386917133919,-0.530048488825108,0.0561357266121387,"Central Europe, Eastern Europe, and Central Asia","Diarrheal diseases","Deaths","Both","Clostridium difficile","att",153
0.886927247703295,0.660723688307097,1.11363912899913,"Global","Diarrheal diseases","Deaths","Both","Clostridium difficile","att",153
-1.59680036291293,-1.90877796713598,-1.28383051877771,"High-income","Diarrheal diseases","Deaths","Both","Clostridium difficile","att",153
0.324179126734214,0.131270935245942,0.517458966060347,"Latin America and Caribbean","Diarrheal diseases","Deaths","Both","Clostridium difficile","att",153
0.8817061142945,0.580211554931465,1.18410441971175,"North Africa and Middle East","Diarrheal diseases","Deaths","Both","Clostridium difficile","att",153
1.99888161962514,1.72451249629377,2.27399076533648,"South Asia","Diarrheal diseases","Deaths","Both","Clostridium difficile","att",153
0.0389730792993204,-0.279048301888718,0.358008666601228,"Southeast Asia, East Asia, and Oceania","Diarrheal diseases","Deaths","Both","Clostridium difficile","att",153
0.01968854037393,-0.218441116913093,0.258386496395846,"Sub-Saharan Africa","Diarrheal diseases","Deaths","Both","Clostridium difficile","att",153
-0.460383833489575,-0.827220395563311,-0.0921903561028836,"Central Europe, Eastern Europe, and Central Asia","Diarrheal diseases","Deaths","Both","Clostridium difficile","att",154
0.844990812067437,0.595202723087462,1.09539915020151,"Global","Diarrheal diseases","Deaths","Both","Clostridium difficile","att",154
-1.48226795564931,-1.89480711863915,-1.0679940367714,"High-income","Diarrheal diseases","Deaths","Both","Clostridium difficile","att",154
0.317282289632814,0.129857882598672,0.505057520178509,"Latin America and Caribbean","Diarrheal diseases","Deaths","Both","Clostridium difficile","att",154
0.895349167982795,0.623123731618702,1.1683110820615,"North Africa and Middle East","Diarrheal diseases","Deaths","Both","Clostridium difficile","att",154
2.10676197323381,1.86414989461914,2.34995188635405,"South Asia","Diarrheal diseases","Deaths","Both","Clostridium difficile","att",154
0.180723346874645,-0.0316288418349964,0.393526612775275,"Southeast Asia, East Asia, and Oceania","Diarrheal diseases","Deaths","Both","Clostridium difficile","att",154
-0.128069507752715,-0.450021115053612,0.194923313605733,"Sub-Saharan Africa","Diarrheal diseases","Deaths","Both","Clostridium difficile","att",154
-0.30688944703946,-0.670882638974313,0.0584376039620471,"Central Europe, Eastern Europe, and Central Asia","Diarrheal diseases","Deaths","Both","Clostridium difficile","att",155
0.936945599565076,0.711860653249086,1.16253359718734,"Global","Diarrheal diseases","Deaths","Both","Clostridium difficile","att",155
-1.70887519259351,-2.08418672520135,-1.33212509003666,"High-income","Diarrheal diseases","Deaths","Both","Clostridium difficile","att",155
0.229027492904743,0.019847613494739,0.438644847705838,"Latin America and Caribbean","Diarrheal diseases","Deaths","Both","Clostridium difficile","att",155
1.05940084880125,0.691241429552059,1.42890637676913,"North Africa and Middle East","Diarrheal diseases","Deaths","Both","Clostridium difficile","att",155
2.13265887560072,1.86368581280161,2.40234216705428,"South Asia","Diarrheal diseases","Deaths","Both","Clostridium difficile","att",155
0.088804556689337,-0.144956732922641,0.323113082962911,"Southeast Asia, East Asia, and Oceania","Diarrheal diseases","Deaths","Both","Clostridium difficile","att",155
0.208158454646101,-0.022334813590108,0.439183113034347,"Sub-Saharan Africa","Diarrheal diseases","Deaths","Both","Clostridium difficile","att",155
-0.319613788405915,-0.630178989754404,-0.0080779629453076,"Central Europe, Eastern Europe, and Central Asia","Diarrheal diseases","Deaths","Both","Clostridium difficile","att",156
0.85196537332306,0.635885257797297,1.06850944478467,"Global","Diarrheal diseases","Deaths","Both","Clostridium difficile","att",156
-1.67244384986772,-2.0075003687911,-1.33624170376578,"High-income","Diarrheal diseases","Deaths","Both","Clostridium difficile","att",156
0.189906673038442,-0.00625769095251583,0.386455865687818,"Latin America and Caribbean","Diarrheal diseases","Deaths","Both","Clostridium difficile","att",156
0.847890842194743,0.491840558901435,1.20520263889581,"North Africa and Middle East","Diarrheal diseases","Deaths","Both","Clostridium difficile","att",156
2.26505480587031,2.03420040235898,2.49643152205143,"South Asia","Diarrheal diseases","Deaths","Both","Clostridium difficile","att",156
0.0888943442764356,-0.15077010402702,0.329134050374469,"Southeast Asia, East Asia, and Oceania","Diarrheal diseases","Deaths","Both","Clostridium difficile","att",156
-0.102493686671545,-0.369111876291206,0.164837989100608,"Sub-Saharan Africa","Diarrheal diseases","Deaths","Both","Clostridium difficile","att",156
-0.305015352394877,-0.730310639091358,0.122102001863711,"Central Europe, Eastern Europe, and Central Asia","Diarrheal diseases","Deaths","Both","Clostridium difficile","att",157
0.794674302790299,0.587696542671123,1.00207795787133,"Global","Diarrheal diseases","Deaths","Both","Clostridium difficile","att",157
-1.54990580939834,-1.87814260248492,-1.22057100007773,"High-income","Diarrheal diseases","Deaths","Both","Clostridium difficile","att",157
0.224582059214873,0.00170955950518081,0.447951271944236,"Latin America and Caribbean","Diarrheal diseases","Deaths","Both","Clostridium difficile","att",157
1.01667231975717,0.715406777177274,1.31883902463237,"North Africa and Middle East","Diarrheal diseases","Deaths","Both","Clostridium difficile","att",157
2.13904891944789,1.91838564899225,2.36018994746041,"South Asia","Diarrheal diseases","Deaths","Both","Clostridium difficile","att",157
0.0986062378913743,-0.195689765664175,0.393770041018993,"Southeast Asia, East Asia, and Oceania","Diarrheal diseases","Deaths","Both","Clostridium difficile","att",157
0.0714436058334655,-0.197548711663664,0.341160924229245,"Sub-Saharan Africa","Diarrheal diseases","Deaths","Both","Clostridium difficile","att",157
-0.341545914795516,-0.705392015637307,0.0236334304971608,"Central Europe, Eastern Europe, and Central Asia","Diarrheal diseases","Deaths","Both","Clostridium difficile","att",158
1.05433875078871,0.820892121486771,1.28832591615995,"Global","Diarrheal diseases","Deaths","Both","Clostridium difficile","att",158
-1.53677713397176,-1.86750915763962,-1.20493045734296,"High-income","Diarrheal diseases","Deaths","Both","Clostridium difficile","att",158
0.395011693621239,0.140198976052996,0.650472797369028,"Latin America and Caribbean","Diarrheal diseases","Deaths","Both","Clostridium difficile","att",158
0.88385192969318,0.561591184771015,1.20714539482683,"North Africa and Middle East","Diarrheal diseases","Deaths","Both","Clostridium difficile","att",158
2.05885819047533,1.80290803600041,2.31545184799786,"South Asia","Diarrheal diseases","Deaths","Both","Clostridium difficile","att",158
-0.0625223972124722,-0.319445821681219,0.195063239124837,"Southeast Asia, East Asia, and Oceania","Diarrheal diseases","Deaths","Both","Clostridium difficile","att",158
-0.124573499197622,-0.495870398618437,0.248108884303821,"Sub-Saharan Africa","Diarrheal diseases","Deaths","Both","Clostridium difficile","att",158
-0.314144651188031,-0.617862049576989,-0.00949907536210715,"Central Europe, Eastern Europe, and Central Asia","Diarrheal diseases","Deaths","Both","Clostridium difficile","att",159
0.841481007776013,0.648998017254043,1.03433210630073,"Global","Diarrheal diseases","Deaths","Both","Clostridium difficile","att",159
-1.54050915740448,-1.90745777806549,-1.17218784023511,"High-income","Diarrheal diseases","Deaths","Both","Clostridium difficile","att",159
0.182671266478196,0.00280390904519034,0.362862137502895,"Latin America and Caribbean","Diarrheal diseases","Deaths","Both","Clostridium difficile","att",159
0.809884975641761,0.475405565164988,1.14547785737455,"North Africa and Middle East","Diarrheal diseases","Deaths","Both","Clostridium difficile","att",159
2.16227375051303,1.91192584485278,2.4132366388983,"South Asia","Diarrheal diseases","Deaths","Both","Clostridium difficile","att",159
-0.00273602225767666,-0.296572890173252,0.291966814937483,"Southeast Asia, East Asia, and Oceania","Diarrheal diseases","Deaths","Both","Clostridium difficile","att",159
-0.0186223566758237,-0.312904466690056,0.276528491260919,"Sub-Saharan Africa","Diarrheal diseases","Deaths","Both","Clostridium difficile","att",159
-0.154400132583687,-0.43918928793315,0.131203649147649,"Central Europe, Eastern Europe, and Central Asia","Diarrheal diseases","Deaths","Both","Clostridium difficile","att",160
0.922961151724255,0.711817950039317,1.13454701696671,"Global","Diarrheal diseases","Deaths","Both","Clostridium difficile","att",160
-1.80735452731503,-2.18080580181473,-1.43247750140151,"High-income","Diarrheal diseases","Deaths","Both","Clostridium difficile","att",160
0.0831468394655532,-0.13555433910758,0.302326969333055,"Latin America and Caribbean","Diarrheal diseases","Deaths","Both","Clostridium difficile","att",160
0.931378567435415,0.579734983565228,1.2842515561166,"North Africa and Middle East","Diarrheal diseases","Deaths","Both","Clostridium difficile","att",160
2.02864296533514,1.78266258625752,2.27521781055615,"South Asia","Diarrheal diseases","Deaths","Both","Clostridium difficile","att",160
0.0754858102925526,-0.167911503662033,0.3194765431902,"Southeast Asia, East Asia, and Oceania","Diarrheal diseases","Deaths","Both","Clostridium difficile","att",160
-0.116086947722038,-0.363153526363991,0.13159227470021,"Sub-Saharan Africa","Diarrheal diseases","Deaths","Both","Clostridium difficile","att",160
-0.193713280637309,-0.508986693904434,0.122559190954874,"Central Europe, Eastern Europe, and Central Asia","Diarrheal diseases","Deaths","Both","Clostridium difficile","att",161
0.832178246060034,0.619355199687122,1.04545144090566,"Global","Diarrheal diseases","Deaths","Both","Clostridium difficile","att",161
-1.55066188027276,-1.91909649720979,-1.18084326235175,"High-income","Diarrheal diseases","Deaths","Both","Clostridium difficile","att",161
0.208713796543702,4.56882835786487e-05,0.417817328398917,"Latin America and Caribbean","Diarrheal diseases","Deaths","Both","Clostridium difficile","att",161
0.947758320975889,0.647333843325226,1.24907954236855,"North Africa and Middle East","Diarrheal diseases","Deaths","Both","Clostridium difficile","att",161
2.31790756820147,2.07164594146558,2.56476333436018,"South Asia","Diarrheal diseases","Deaths","Both","Clostridium difficile","att",161
-0.1290302690103,-0.364760020671906,0.107257202147237,"Southeast Asia, East Asia, and Oceania","Diarrheal diseases","Deaths","Both","Clostridium difficile","att",161
-0.0253994139663316,-0.307342059190785,0.257340598454836,"Sub-Saharan Africa","Diarrheal diseases","Deaths","Both","Clostridium difficile","att",161
-0.216102911424587,-0.514280722496829,0.0829685958249726,"Central Europe, Eastern Europe, and Central Asia","Diarrheal diseases","Deaths","Both","Clostridium difficile","att",162
0.796844370402794,0.573643804445156,1.02054027978002,"Global","Diarrheal diseases","Deaths","Both","Clostridium difficile","att",162
-1.85814608853038,-2.17944809971222,-1.53578872670508,"High-income","Diarrheal diseases","Deaths","Both","Clostridium difficile","att",162
0.252363239970688,0.0301255865931216,0.475094640349871,"Latin America and Caribbean","Diarrheal diseases","Deaths","Both","Clostridium difficile","att",162
0.584069837775636,0.276939499927997,0.892140860938317,"North Africa and Middle East","Diarrheal diseases","Deaths","Both","Clostridium difficile","att",162
2.08156590424564,1.83665815371556,2.32706263527998,"South Asia","Diarrheal diseases","Deaths","Both","Clostridium difficile","att",162
-0.0397555604239042,-0.278218340830572,0.199277451447655,"Southeast Asia, East Asia, and Oceania","Diarrheal diseases","Deaths","Both","Clostridium difficile","att",162
0.100989226885217,-0.140900686863088,0.343465073520743,"Sub-Saharan Africa","Diarrheal diseases","Deaths","Both","Clostridium difficile","att",162
-0.201174659727776,-0.476262249426496,0.0746732830657626,"Central Europe, Eastern Europe, and Central Asia","Diarrheal diseases","Deaths","Both","Clostridium difficile","att",163
0.811621068932555,0.604503897354292,1.01916463814811,"Global","Diarrheal diseases","Deaths","Both","Clostridium difficile","att",163
-1.61453711789324,-2.09971699200364,-1.12695276135429,"High-income","Diarrheal diseases","Deaths","Both","Clostridium difficile","att",163
0.219951459600831,0.00929483213005788,0.431051807975447,"Latin America and Caribbean","Diarrheal diseases","Deaths","Both","Clostridium difficile","att",163
0.991097082958103,0.643363382712514,1.34003224072881,"North Africa and Middle East","Diarrheal diseases","Deaths","Both","Clostridium difficile","att",163
2.19269497792263,1.92291351211031,2.46319053281254,"South Asia","Diarrheal diseases","Deaths","Both","Clostridium difficile","att",163
0.142144600892435,-0.0662860037429547,0.351009926856727,"Southeast Asia, East Asia, and Oceania","Diarrheal diseases","Deaths","Both","Clostridium difficile","att",163
-0.0229238526433861,-0.330709598599765,0.285812357242565,"Sub-Saharan Africa","Diarrheal diseases","Deaths","Both","Clostridium difficile","att",163
-0.138267625581123,-0.519217786521031,0.244141339983073,"Central Europe, Eastern Europe, and Central Asia","Diarrheal diseases","Deaths","Both","Clostridium difficile","att",164
0.910554252089213,0.734047507700741,1.08737027255252,"Global","Diarrheal diseases","Deaths","Both","Clostridium difficile","att",164
-1.59089335750251,-2.04604823029249,-1.13362355259921,"High-income","Diarrheal diseases","Deaths","Both","Clostridium difficile","att",164
0.276819785757731,0.0646556879719595,0.489433728736888,"Latin America and Caribbean","Diarrheal diseases","Deaths","Both","Clostridium difficile","att",164
0.871074937721805,0.597393140520741,1.14550130417839,"North Africa and Middle East","Diarrheal diseases","Deaths","Both","Clostridium difficile","att",164
2.09752519425657,1.86678362711008,2.32878942118393,"South Asia","Diarrheal diseases","Deaths","Both","Clostridium difficile","att",164
0.0523410456189533,-0.20429931370004,0.309641396035532,"Southeast Asia, East Asia, and Oceania","Diarrheal diseases","Deaths","Both","Clostridium difficile","att",164
0.221382705442386,-0.031569669763587,0.474975131751587,"Sub-Saharan Africa","Diarrheal diseases","Deaths","Both","Clostridium difficile","att",164
-0.128487487416695,-0.458115829138239,0.20223240330024,"Central Europe, Eastern Europe, and Central Asia","Diarrheal diseases","Deaths","Both","Clostridium difficile","att",165
0.897368717376557,0.667285527339967,1.12797778107765,"Global","Diarrheal diseases","Deaths","Both","Clostridium difficile","att",165
-1.50197187714585,-1.89362094445717,-1.10875931321582,"High-income","Diarrheal diseases","Deaths","Both","Clostridium difficile","att",165
0.225068844511589,0.0328773483624145,0.417629594971625,"Latin America and Caribbean","Diarrheal diseases","Deaths","Both","Clostridium difficile","att",165
0.922974587253989,0.553950610239418,1.2933528491553,"North Africa and Middle East","Diarrheal diseases","Deaths","Both","Clostridium difficile","att",165
2.10994334920198,1.86997511029827,2.350476865123,"South Asia","Diarrheal diseases","Deaths","Both","Clostridium difficile","att",165
0.129706265698837,-0.118980028500126,0.379011745334057,"Southeast Asia, East Asia, and Oceania","Diarrheal diseases","Deaths","Both","Clostridium difficile","att",165
-0.0428576973466543,-0.294857792384562,0.209779316174008,"Sub-Saharan Africa","Diarrheal diseases","Deaths","Both","Clostridium difficile","att",165
-0.169733616809964,-0.471160387053138,0.13260603555032,"Central Europe, Eastern Europe, and Central Asia","Diarrheal diseases","Deaths","Both","Clostridium difficile","att",166
0.911079529675418,0.690865884253888,1.13177478829198,"Global","Diarrheal diseases","Deaths","Both","Clostridium difficile","att",166
-1.55131296446096,-1.86288580920081,-1.23875091560216,"High-income","Diarrheal diseases","Deaths","Both","Clostridium difficile","att",166
0.37017596824287,0.184956512361745,0.555737853247407,"Latin America and Caribbean","Diarrheal diseases","Deaths","Both","Clostridium difficile","att",166
0.935998289650164,0.638483318291416,1.23439279690081,"North Africa and Middle East","Diarrheal diseases","Deaths","Both","Clostridium difficile","att",166
2.06246758105861,1.77034161396035,2.35543207910114,"South Asia","Diarrheal diseases","Deaths","Both","Clostridium difficile","att",166
0.0168630594386432,-0.215958861363186,0.250228213869708,"Southeast Asia, East Asia, and Oceania","Diarrheal diseases","Deaths","Both","Clostridium difficile","att",166
-0.0713392441731853,-0.338646610298399,0.196685082193437,"Sub-Saharan Africa","Diarrheal diseases","Deaths","Both","Clostridium difficile","att",166
-0.197901731881867,-0.482324486062069,0.0873339060667444,"Central Europe, Eastern Europe, and Central Asia","Diarrheal diseases","Deaths","Both","Clostridium difficile","att",167
0.883590023484127,0.658814673907204,1.10886730583208,"Global","Diarrheal diseases","Deaths","Both","Clostridium difficile","att",167
-1.43560268294325,-1.71616081197289,-1.15424368100902,"High-income","Diarrheal diseases","Deaths","Both","Clostridium difficile","att",167
0.1542647758634,-0.0461110867989722,0.355042328612831,"Latin America and Caribbean","Diarrheal diseases","Deaths","Both","Clostridium difficile","att",167
1.00741571754022,0.59214816922879,1.42439758590363,"North Africa and Middle East","Diarrheal diseases","Deaths","Both","Clostridium difficile","att",167
2.10300048918317,1.85607973812989,2.35051982853338,"South Asia","Diarrheal diseases","Deaths","Both","Clostridium difficile","att",167
0.203262279070637,-0.0711702427284244,0.478448469347592,"Southeast Asia, East Asia, and Oceania","Diarrheal diseases","Deaths","Both","Clostridium difficile","att",167
-0.0914884951624617,-0.373824333156425,0.191647469152545,"Sub-Saharan Africa","Diarrheal diseases","Deaths","Both","Clostridium difficile","att",167
-0.214136426549405,-0.490082081325083,0.0625744384282534,"Central Europe, Eastern Europe, and Central Asia","Diarrheal diseases","Deaths","Both","Clostridium difficile","att",168
0.839568614718789,0.673998509173801,1.00541101956901,"Global","Diarrheal diseases","Deaths","Both","Clostridium difficile","att",168
-1.46655912220238,-1.79616769199847,-1.13584426350972,"High-income","Diarrheal diseases","Deaths","Both","Clostridium difficile","att",168
0.224639506864444,0.024217750013511,0.425462855265146,"Latin America and Caribbean","Diarrheal diseases","Deaths","Both","Clostridium difficile","att",168
0.942981875314008,0.576109702171523,1.31119229062775,"North Africa and Middle East","Diarrheal diseases","Deaths","Both","Clostridium difficile","att",168
2.20782442681431,1.94730258245563,2.46901202327889,"South Asia","Diarrheal diseases","Deaths","Both","Clostridium difficile","att",168
-0.247040474972005,-0.470466408061576,-0.0231129907771965,"Southeast Asia, East Asia, and Oceania","Diarrheal diseases","Deaths","Both","Clostridium difficile","att",168
0.284146139662922,0.0354721078334785,0.533438339956049,"Sub-Saharan Africa","Diarrheal diseases","Deaths","Both","Clostridium difficile","att",168
-0.275504594150988,-0.701010461289397,0.151824607180551,"Central Europe, Eastern Europe, and Central Asia","Diarrheal diseases","Deaths","Both","Clostridium difficile","att",169
0.786476472138808,0.574146989707391,0.999254218964785,"Global","Diarrheal diseases","Deaths","Both","Clostridium difficile","att",169
-1.64485103898563,-1.97567315360609,-1.31291243343844,"High-income","Diarrheal diseases","Deaths","Both","Clostridium difficile","att",169
0.255865049763293,0.0560013963575967,0.456127934393469,"Latin America and Caribbean","Diarrheal diseases","Deaths","Both","Clostridium difficile","att",169
0.93865979951695,0.593033294767165,1.2854738386006,"North Africa and Middle East","Diarrheal diseases","Deaths","Both","Clostridium difficile","att",169
2.09164363890064,1.84319300512839,2.34070037815328,"South Asia","Diarrheal diseases","Deaths","Both","Clostridium difficile","att",169
-0.0876730967556472,-0.34232509945501,0.167629609891429,"Southeast Asia, East Asia, and Oceania","Diarrheal diseases","Deaths","Both","Clostridium difficile","att",169
0.0303736443422187,-0.204296848326235,0.265595966782817,"Sub-Saharan Africa","Diarrheal diseases","Deaths","Both","Clostridium difficile","att",169
-0.324734732865672,-0.649652000927048,0.00124515081014742,"Central Europe, Eastern Europe, and Central Asia","Diarrheal diseases","Deaths","Both","Clostridium difficile","att",170
0.73723269183632,0.554695404219396,0.920101340025115,"Global","Diarrheal diseases","Deaths","Both","Clostridium difficile","att",170
-1.65822054853876,-2.10426627087824,-1.2101424926252,"High-income","Diarrheal diseases","Deaths","Both","Clostridium difficile","att",170
0.269686997751695,0.0800819642364781,0.459651244289416,"Latin America and Caribbean","Diarrheal diseases","Deaths","Both","Clostridium difficile","att",170
0.713361495590514,0.387027301848608,1.04075652367392,"North Africa and Middle East","Diarrheal diseases","Deaths","Both","Clostridium difficile","att",170
1.89210839222935,1.64809040104188,2.13671217681235,"South Asia","Diarrheal diseases","Deaths","Both","Clostridium difficile","att",170
0.104652490976709,-0.14927421140819,0.359224945004111,"Southeast Asia, East Asia, and Oceania","Diarrheal diseases","Deaths","Both","Clostridium difficile","att",170
-0.437800409985845,-0.769943328234779,-0.104545742718098,"Sub-Saharan Africa","Diarrheal diseases","Deaths","Both","Clostridium difficile","att",170
-0.230780005903286,-0.522535333049035,0.0618310041974102,"Central Europe, Eastern Europe, and Central Asia","Diarrheal diseases","Deaths","Both","Clostridium difficile","att",171
0.880746152954992,0.659958663168503,1.10201791788223,"Global","Diarrheal diseases","Deaths","Both","Clostridium difficile","att",171
-1.68040541871873,-2.05882530981545,-1.30052340901429,"High-income","Diarrheal diseases","Deaths","Both","Clostridium difficile","att",171
0.207118093727754,0.024816043139908,0.389752402238797,"Latin America and Caribbean","Diarrheal diseases","Deaths","Both","Clostridium difficile","att",171
0.82468625911436,0.455683720473887,1.19504424991523,"North Africa and Middle East","Diarrheal diseases","Deaths","Both","Clostridium difficile","att",171
2.08114630289049,1.81486399287125,2.34812503645587,"South Asia","Diarrheal diseases","Deaths","Both","Clostridium difficile","att",171
0.149832592923937,-0.127453367292485,0.427888409385413,"Southeast Asia, East Asia, and Oceania","Diarrheal diseases","Deaths","Both","Clostridium difficile","att",171
-0.140378986204703,-0.444035752712368,0.164203967222498,"Sub-Saharan Africa","Diarrheal diseases","Deaths","Both","Clostridium difficile","att",171
-0.349040561878766,-0.655052703404702,-0.0420858114601796,"Central Europe, Eastern Europe, and Central Asia","Diarrheal diseases","Deaths","Both","Clostridium difficile","att",172
0.968921864097827,0.766195527385061,1.17205605552202,"Global","Diarrheal diseases","Deaths","Both","Clostridium difficile","att",172
-1.50057374594458,-1.85099163795123,-1.14890476947883,"High-income","Diarrheal diseases","Deaths","Both","Clostridium difficile","att",172
0.286386930497051,0.10464387536171,0.468459945730237,"Latin America and Caribbean","Diarrheal diseases","Deaths","Both","Clostridium difficile","att",172
0.684032099137566,0.435574946605444,0.933103884051478,"North Africa and Middle East","Diarrheal diseases","Deaths","Both","Clostridium difficile","att",172
1.89367386170469,1.62047104221306,2.16761117671493,"South Asia","Diarrheal diseases","Deaths","Both","Clostridium difficile","att",172
-0.183330786399039,-0.442313891045854,0.0763260206118499,"Southeast Asia, East Asia, and Oceania","Diarrheal diseases","Deaths","Both","Clostridium difficile","att",172
-0.142162128530288,-0.427932370835649,0.144428269802077,"Sub-Saharan Africa","Diarrheal diseases","Deaths","Both","Clostridium difficile","att",172
-0.256722650989327,-0.552623921508599,0.0400590606772777,"Central Europe, Eastern Europe, and Central Asia","Diarrheal diseases","Deaths","Both","Clostridium difficile","att",173
0.832709061613746,0.65859542563691,1.00712386966739,"Global","Diarrheal diseases","Deaths","Both","Clostridium difficile","att",173
-1.51962816781331,-1.89716655188955,-1.14063686717555,"High-income","Diarrheal diseases","Deaths","Both","Clostridium difficile","att",173
0.298829616775098,0.123974849218844,0.473989747655001,"Latin America and Caribbean","Diarrheal diseases","Deaths","Both","Clostridium difficile","att",173
0.923308674355128,0.545129733099037,1.30291005458951,"North Africa and Middle East","Diarrheal diseases","Deaths","Both","Clostridium difficile","att",173
2.10450846070565,1.83955385943768,2.37015239080582,"South Asia","Diarrheal diseases","Deaths","Both","Clostridium difficile","att",173
0.278201488021756,0.0182415858682727,0.53883705842992,"Southeast Asia, East Asia, and Oceania","Diarrheal diseases","Deaths","Both","Clostridium difficile","att",173
0.0908602119044533,-0.171734211851671,0.354145380219206,"Sub-Saharan Africa","Diarrheal diseases","Deaths","Both","Clostridium difficile","att",173
-0.139048037984513,-0.446069631513646,0.168920401726824,"Central Europe, Eastern Europe, and Central Asia","Diarrheal diseases","Deaths","Both","Clostridium difficile","att",174
0.764910873173585,0.525846929777063,1.0045433426833,"Global","Diarrheal diseases","Deaths","Both","Clostridium difficile","att",174
-1.65183262807479,-1.99533395666993,-1.30712734493839,"High-income","Diarrheal diseases","Deaths","Both","Clostridium difficile","att",174
0.484486628177438,0.286014614649099,0.683351429676327,"Latin America and Caribbean","Diarrheal diseases","Deaths","Both","Clostridium difficile","att",174
1.00327682712751,0.655485545555057,1.35226981941527,"North Africa and Middle East","Diarrheal diseases","Deaths","Both","Clostridium difficile","att",174
2.09189694640441,1.81940348901524,2.36511966247883,"South Asia","Diarrheal diseases","Deaths","Both","Clostridium difficile","att",174
-0.103125284541017,-0.370257159565679,0.164722836823539,"Southeast Asia, East Asia, and Oceania","Diarrheal diseases","Deaths","Both","Clostridium difficile","att",174
0.160873029319997,-0.125102323092063,0.447667225146064,"Sub-Saharan Africa","Diarrheal diseases","Deaths","Both","Clostridium difficile","att",174
-0.253050112909825,-0.578809109563538,0.0737762510018225,"Central Europe, Eastern Europe, and Central Asia","Diarrheal diseases","Deaths","Both","Clostridium difficile","att",175
0.818965241566838,0.64447637137901,0.993756625781428,"Global","Diarrheal diseases","Deaths","Both","Clostridium difficile","att",175
-1.70280693574512,-2.01718758824562,-1.3874175839408,"High-income","Diarrheal diseases","Deaths","Both","Clostridium difficile","att",175
0.283444540784994,0.0394762412549321,0.528007810754816,"Latin America and Caribbean","Diarrheal diseases","Deaths","Both","Clostridium difficile","att",175
0.883888823814716,0.570699043432454,1.19805391648442,"North Africa and Middle East","Diarrheal diseases","Deaths","Both","Clostridium difficile","att",175
1.91807698127733,1.6887879265038,2.14788303966265,"South Asia","Diarrheal diseases","Deaths","Both","Clostridium difficile","att",175
0.0957391596406065,-0.133551620933148,0.325556385911696,"Southeast Asia, East Asia, and Oceania","Diarrheal diseases","Deaths","Both","Clostridium difficile","att",175
0.212994519331366,-0.0666129036964613,0.493384266598196,"Sub-Saharan Africa","Diarrheal diseases","Deaths","Both","Clostridium difficile","att",175
-0.281497092077743,-0.602723181728226,0.0407671165632895,"Central Europe, Eastern Europe, and Central Asia","Diarrheal diseases","Deaths","Both","Clostridium difficile","att",176
0.896772372712284,0.690044432055203,1.10392474898948,"Global","Diarrheal diseases","Deaths","Both","Clostridium difficile","att",176
-1.64093817719162,-1.97934001440953,-1.30136805766006,"High-income","Diarrheal diseases","Deaths","Both","Clostridium difficile","att",176
0.15940808069439,-0.0907350659337336,0.410177511519971,"Latin America and Caribbean","Diarrheal diseases","Deaths","Both","Clostridium difficile","att",176
0.829324548288235,0.44111134978404,1.21903822289695,"North Africa and Middle East","Diarrheal diseases","Deaths","Both","Clostridium difficile","att",176
2.21407221280967,1.97754662450267,2.45114639593753,"South Asia","Diarrheal diseases","Deaths","Both","Clostridium difficile","att",176
0.0327052718402054,-0.185981562977355,0.251871237069201,"Southeast Asia, East Asia, and Oceania","Diarrheal diseases","Deaths","Both","Clostridium difficile","att",176
0.0953719835297351,-0.16559437362943,0.357020504709804,"Sub-Saharan Africa","Diarrheal diseases","Deaths","Both","Clostridium difficile","att",176
-0.0609973649166262,-0.355162172214085,0.234035855995995,"Central Europe, Eastern Europe, and Central Asia","Diarrheal diseases","Deaths","Both","Clostridium difficile","att",177
0.875250563751262,0.652568123180375,1.09842566407503,"Global","Diarrheal diseases","Deaths","Both","Clostridium difficile","att",177
-1.71043540078699,-2.03109230342584,-1.38872897282805,"High-income","Diarrheal diseases","Deaths","Both","Clostridium difficile","att",177
0.29654041184648,0.115700354786319,0.477707122229964,"Latin America and Caribbean","Diarrheal diseases","Deaths","Both","Clostridium difficile","att",177
1.01024562269989,0.69958239521013,1.32186726172046,"North Africa and Middle East","Diarrheal diseases","Deaths","Both","Clostridium difficile","att",177
2.2434657749498,1.96485682325001,2.52283599823264,"South Asia","Diarrheal diseases","Deaths","Both","Clostridium difficile","att",177
0.0978699508444203,-0.223396073737347,0.420170404886466,"Southeast Asia, East Asia, and Oceania","Diarrheal diseases","Deaths","Both","Clostridium difficile","att",177
0.17944170229931,-0.0778804916970688,0.437426559496301,"Sub-Saharan Africa","Diarrheal diseases","Deaths","Both","Clostridium difficile","att",177
-0.300419004732866,-0.609923255910561,0.0100490537446651,"Central Europe, Eastern Europe, and Central Asia","Diarrheal diseases","Deaths","Both","Clostridium difficile","att",178
0.706665610470414,0.508566878486261,0.905154787854734,"Global","Diarrheal diseases","Deaths","Both","Clostridium difficile","att",178
-1.5661750558034,-1.94507863905128,-1.18580731427151,"High-income","Diarrheal diseases","Deaths","Both","Clostridium difficile","att",178
0.279543876308574,0.0627557830727099,0.496801645569245,"Latin America and Caribbean","Diarrheal diseases","Deaths","Both","Clostridium difficile","att",178
0.770168323649401,0.541545105944041,0.999311411778669,"North Africa and Middle East","Diarrheal diseases","Deaths","Both","Clostridium difficile","att",178
2.29056258468603,2.04477806095564,2.53693910374682,"South Asia","Diarrheal diseases","Deaths","Both","Clostridium difficile","att",178
0.0396806934839899,-0.226679248439454,0.306751723483134,"Southeast Asia, East Asia, and Oceania","Diarrheal diseases","Deaths","Both","Clostridium difficile","att",178
0.109332803783446,-0.176741583247442,0.396227025352047,"Sub-Saharan Africa","Diarrheal diseases","Deaths","Both","Clostridium difficile","att",178
-0.297421037400059,-0.62802632820681,0.034284159690845,"Central Europe, Eastern Europe, and Central Asia","Diarrheal diseases","Deaths","Both","Clostridium difficile","att",179
0.781466957235089,0.587148237971924,0.976161070028314,"Global","Diarrheal diseases","Deaths","Both","Clostridium difficile","att",179
-1.68456462932903,-1.9851506165362,-1.38305682327224,"High-income","Diarrheal diseases","Deaths","Both","Clostridium difficile","att",179
0.255625526271186,0.0897989243724417,0.421726866077221,"Latin America and Caribbean","Diarrheal diseases","Deaths","Both","Clostridium difficile","att",179
0.908605722076672,0.548488154878912,1.27001306164778,"North Africa and Middle East","Diarrheal diseases","Deaths","Both","Clostridium difficile","att",179
2.24182827616433,1.97961480555158,2.50471595901354,"South Asia","Diarrheal diseases","Deaths","Both","Clostridium difficile","att",179
0.00655126355848523,-0.224699959609553,0.238338462345666,"Southeast Asia, East Asia, and Oceania","Diarrheal diseases","Deaths","Both","Clostridium difficile","att",179
-0.256117677762968,-0.791621766464334,0.282276939280068,"Sub-Saharan Africa","Diarrheal diseases","Deaths","Both","Clostridium difficile","att",179
-0.442901941285478,-0.799909435409185,-0.0846096262494656,"Central Europe, Eastern Europe, and Central Asia","Diarrheal diseases","Deaths","Both","Clostridium difficile","att",180
1.0073856523606,0.821309751543642,1.19380497502908,"Global","Diarrheal diseases","Deaths","Both","Clostridium difficile","att",180
-1.5912841037991,-1.92525520268604,-1.25617574276458,"High-income","Diarrheal diseases","Deaths","Both","Clostridium difficile","att",180
0.294926972498022,0.108260667164006,0.481941344108661,"Latin America and Caribbean","Diarrheal diseases","Deaths","Both","Clostridium difficile","att",180
0.610554303880817,0.30600148350155,0.916031818884799,"North Africa and Middle East","Diarrheal diseases","Deaths","Both","Clostridium difficile","att",180
2.12035411806855,1.84676882973327,2.39467432328782,"South Asia","Diarrheal diseases","Deaths","Both","Clostridium difficile","att",180
0.0386134769373214,-0.197069634483626,0.27485315046325,"Southeast Asia, East Asia, and Oceania","Diarrheal diseases","Deaths","Both","Clostridium difficile","att",180
0.117101156841337,-0.160261249141291,0.395234096733765,"Sub-Saharan Africa","Diarrheal diseases","Deaths","Both","Clostridium difficile","att",180
-0.124586457988052,-0.409840961028884,0.161485094973091,"Central Europe, Eastern Europe, and Central Asia","Diarrheal diseases","Deaths","Both","Clostridium difficile","att",181
0.767440826597277,0.544894883783043,0.990479352319062,"Global","Diarrheal diseases","Deaths","Both","Clostridium difficile","att",181
-1.54313516281257,-1.88140253561253,-1.20370160115079,"High-income","Diarrheal diseases","Deaths","Both","Clostridium difficile","att",181
0.0416398185568712,-0.17008915570933,0.253817848202997,"Latin America and Caribbean","Diarrheal diseases","Deaths","Both","Clostridium difficile","att",181
0.807750224658133,0.519774401430051,1.09655106042985,"North Africa and Middle East","Diarrheal diseases","Deaths","Both","Clostridium difficile","att",181
1.94227595672161,1.67507530584279,2.21017880710819,"South Asia","Diarrheal diseases","Deaths","Both","Clostridium difficile","att",181
0.0406353027954331,-0.224039257274489,0.306011962070674,"Southeast Asia, East Asia, and Oceania","Diarrheal diseases","Deaths","Both","Clostridium difficile","att",181
-0.364190425272248,-0.729855985528605,0.00282207875339502,"Sub-Saharan Africa","Diarrheal diseases","Deaths","Both","Clostridium difficile","att",181
-0.432937822444857,-0.736356509064162,-0.128591677431389,"Central Europe, Eastern Europe, and Central Asia","Diarrheal diseases","Deaths","Both","Clostridium difficile","att",182
0.694618618922926,0.471587708993271,0.918144621922345,"Global","Diarrheal diseases","Deaths","Both","Clostridium difficile","att",182
-1.65738940051106,-2.01220666989418,-1.30128732523146,"High-income","Diarrheal diseases","Deaths","Both","Clostridium difficile","att",182
0.313477179162724,0.0946590512704404,0.53277366797404,"Latin America and Caribbean","Diarrheal diseases","Deaths","Both","Clostridium difficile","att",182
0.904114055427296,0.615926739292338,1.19312680677786,"North Africa and Middle East","Diarrheal diseases","Deaths","Both","Clostridium difficile","att",182
2.11834539851024,1.83310729066366,2.4043824683087,"South Asia","Diarrheal diseases","Deaths","Both","Clostridium difficile","att",182
-0.00304019008963152,-0.202390512532369,0.196708343805874,"Southeast Asia, East Asia, and Oceania","Diarrheal diseases","Deaths","Both","Clostridium difficile","att",182
-0.107291840555157,-0.381468549020991,0.167639475174708,"Sub-Saharan Africa","Diarrheal diseases","Deaths","Both","Clostridium difficile","att",182
-0.178227771121908,-0.488163565961541,0.132673337999556,"Central Europe, Eastern Europe, and Central Asia","Diarrheal diseases","Deaths","Both","Clostridium difficile","att",183
0.950404939990901,0.771702885374337,1.12942389333408,"Global","Diarrheal diseases","Deaths","Both","Clostridium difficile","att",183
-1.6784015854919,-1.99455192583564,-1.3612313932964,"High-income","Diarrheal diseases","Deaths","Both","Clostridium difficile","att",183
0.164223156725685,-0.0411763569062362,0.370044733749952,"Latin America and Caribbean","Diarrheal diseases","Deaths","Both","Clostridium difficile","att",183
0.760992649699777,0.449689850413004,1.07326020490552,"North Africa and Middle East","Diarrheal diseases","Deaths","Both","Clostridium difficile","att",183
2.02141702027532,1.76744327491569,2.27602458978591,"South Asia","Diarrheal diseases","Deaths","Both","Clostridium difficile","att",183
0.0520366477549716,-0.207258346222572,0.312005377044211,"Southeast Asia, East Asia, and Oceania","Diarrheal diseases","Deaths","Both","Clostridium difficile","att",183
-0.211535645943717,-0.55996773710576,0.138117331006349,"Sub-Saharan Africa","Diarrheal diseases","Deaths","Both","Clostridium difficile","att",183
-0.19563756856118,-0.548392902191119,0.158368989951252,"Central Europe, Eastern Europe, and Central Asia","Diarrheal diseases","Deaths","Both","Clostridium difficile","att",184
0.968177897231048,0.726276148537863,1.21066059121735,"Global","Diarrheal diseases","Deaths","Both","Clostridium difficile","att",184
-1.6839711741763,-2.0521418506006,-1.31441660177368,"High-income","Diarrheal diseases","Deaths","Both","Clostridium difficile","att",184
0.374469280948109,0.176042613062255,0.573288988342213,"Latin America and Caribbean","Diarrheal diseases","Deaths","Both","Clostridium difficile","att",184
0.945817575635188,0.541503807089794,1.35175723614807,"North Africa and Middle East","Diarrheal diseases","Deaths","Both","Clostridium difficile","att",184
2.10755842987924,1.85719837381622,2.35853385882383,"South Asia","Diarrheal diseases","Deaths","Both","Clostridium difficile","att",184
-0.0945784527507043,-0.349016594826401,0.160509344410475,"Southeast Asia, East Asia, and Oceania","Diarrheal diseases","Deaths","Both","Clostridium difficile","att",184
-0.242460813646372,-0.577781747077488,0.0939910554083045,"Sub-Saharan Africa","Diarrheal diseases","Deaths","Both","Clostridium difficile","att",184
-0.239766706456968,-0.605129699716556,0.126939315033758,"Central Europe, Eastern Europe, and Central Asia","Diarrheal diseases","Deaths","Both","Clostridium difficile","att",185
0.924856897366322,0.724558577853407,1.12555352507107,"Global","Diarrheal diseases","Deaths","Both","Clostridium difficile","att",185
-1.67131845149345,-1.97613918232986,-1.36554983228402,"High-income","Diarrheal diseases","Deaths","Both","Clostridium difficile","att",185
0.276556891485091,0.100836702891161,0.45258554488008,"Latin America and Caribbean","Diarrheal diseases","Deaths","Both","Clostridium difficile","att",185
0.796286824137105,0.472436622485128,1.1211808837529,"North Africa and Middle East","Diarrheal diseases","Deaths","Both","Clostridium difficile","att",185
2.01285956734956,1.80063439601363,2.22552716739541,"South Asia","Diarrheal diseases","Deaths","Both","Clostridium difficile","att",185
-0.0939955012509097,-0.377254135594407,0.190068526009979,"Southeast Asia, East Asia, and Oceania","Diarrheal diseases","Deaths","Both","Clostridium difficile","att",185
-0.45986267544591,-0.939128080125551,0.0217214583512204,"Sub-Saharan Africa","Diarrheal diseases","Deaths","Both","Clostridium difficile","att",185
-0.23091104645675,-0.493389175390191,0.0322594462060843,"Central Europe, Eastern Europe, and Central Asia","Diarrheal diseases","Deaths","Both","Clostridium difficile","att",186
0.841227395435573,0.581923254215422,1.10120003289718,"Global","Diarrheal diseases","Deaths","Both","Clostridium difficile","att",186
-1.68141900471641,-2.00019211003074,-1.3616089964238,"High-income","Diarrheal diseases","Deaths","Both","Clostridium difficile","att",186
0.286108019461495,0.0750671199412745,0.497593967509302,"Latin America and Caribbean","Diarrheal diseases","Deaths","Both","Clostridium difficile","att",186
0.765324889786512,0.434723092221123,1.09701493198671,"North Africa and Middle East","Diarrheal diseases","Deaths","Both","Clostridium difficile","att",186
1.92086356035137,1.65298432777665,2.18944871694515,"South Asia","Diarrheal diseases","Deaths","Both","Clostridium difficile","att",186
-0.0179453682455755,-0.264154598599797,0.228871657479179,"Southeast Asia, East Asia, and Oceania","Diarrheal diseases","Deaths","Both","Clostridium difficile","att",186
0.0287524531027206,-0.258239095786283,0.316569775954267,"Sub-Saharan Africa","Diarrheal diseases","Deaths","Both","Clostridium difficile","att",186
-0.278147603468126,-0.599052872366046,0.0437936735824485,"Central Europe, Eastern Europe, and Central Asia","Diarrheal diseases","Deaths","Both","Clostridium difficile","att",187
0.873755451967861,0.618508559155528,1.12964984966994,"Global","Diarrheal diseases","Deaths","Both","Clostridium difficile","att",187
-1.63215007930652,-1.95836579357944,-1.30484894154898,"High-income","Diarrheal diseases","Deaths","Both","Clostridium difficile","att",187
0.26299524853981,0.0631906395350379,0.463198824252786,"Latin America and Caribbean","Diarrheal diseases","Deaths","Both","Clostridium difficile","att",187
0.99339632931994,0.676367246683007,1.31142373402575,"North Africa and Middle East","Diarrheal diseases","Deaths","Both","Clostridium difficile","att",187
2.21908813193834,1.94697277543092,2.49192981474298,"South Asia","Diarrheal diseases","Deaths","Both","Clostridium difficile","att",187
0.0479211539604618,-0.15791716897845,0.254183841195355,"Southeast Asia, East Asia, and Oceania","Diarrheal diseases","Deaths","Both","Clostridium difficile","att",187
0.10912301918482,-0.183614957651723,0.402719527644679,"Sub-Saharan Africa","Diarrheal diseases","Deaths","Both","Clostridium difficile","att",187
-0.218477403577866,-0.559632137538468,0.123847745929329,"Central Europe, Eastern Europe, and Central Asia","Diarrheal diseases","Deaths","Both","Clostridium difficile","att",188
0.94783400599503,0.706041389475298,1.19020716037126,"Global","Diarrheal diseases","Deaths","Both","Clostridium difficile","att",188
-1.62137622972838,-1.90987184033631,-1.33203211663706,"High-income","Diarrheal diseases","Deaths","Both","Clostridium difficile","att",188
0.275699532516116,0.0364593352021325,0.515511879948072,"Latin America and Caribbean","Diarrheal diseases","Deaths","Both","Clostridium difficile","att",188
0.726666341507043,0.343121910574684,1.11167680546387,"North Africa and Middle East","Diarrheal diseases","Deaths","Both","Clostridium difficile","att",188
1.96620284573927,1.69866430151473,2.23444520326499,"South Asia","Diarrheal diseases","Deaths","Both","Clostridium difficile","att",188
-0.0944798726405294,-0.351522867220988,0.16322616369393,"Southeast Asia, East Asia, and Oceania","Diarrheal diseases","Deaths","Both","Clostridium difficile","att",188
0.0576964353290466,-0.233712746579184,0.349956799672113,"Sub-Saharan Africa","Diarrheal diseases","Deaths","Both","Clostridium difficile","att",188
-0.42612508612726,-0.786823034346074,-0.0641157898211286,"Central Europe, Eastern Europe, and Central Asia","Diarrheal diseases","Deaths","Both","Clostridium difficile","att",189
0.866141525762365,0.672635396769539,1.06001959914515,"Global","Diarrheal diseases","Deaths","Both","Clostridium difficile","att",189
-1.80226137161146,-2.15041880493858,-1.45286516345361,"High-income","Diarrheal diseases","Deaths","Both","Clostridium difficile","att",189
0.222614183258441,0.00933574158605843,0.436347459405484,"Latin America and Caribbean","Diarrheal diseases","Deaths","Both","Clostridium difficile","att",189
0.862736808990272,0.577596538441405,1.14868546009992,"North Africa and Middle East","Diarrheal diseases","Deaths","Both","Clostridium difficile","att",189
1.9703174732318,1.7014469088547,2.23989885719491,"South Asia","Diarrheal diseases","Deaths","Both","Clostridium difficile","att",189
-0.0361415957673028,-0.306632207489399,0.235082918045282,"Southeast Asia, East Asia, and Oceania","Diarrheal diseases","Deaths","Both","Clostridium difficile","att",189
0.0651271789641639,-0.194656525064962,0.325587074973877,"Sub-Saharan Africa","Diarrheal diseases","Deaths","Both","Clostridium difficile","att",189
-0.0386500059697648,-0.313551696627556,0.237009771076013,"Central Europe, Eastern Europe, and Central Asia","Diarrheal diseases","Deaths","Both","Clostridium difficile","att",190
0.925789907654839,0.698238129330631,1.15385589370285,"Global","Diarrheal diseases","Deaths","Both","Clostridium difficile","att",190
-1.70963622814659,-2.02576302480457,-1.3924894066877,"High-income","Diarrheal diseases","Deaths","Both","Clostridium difficile","att",190
0.305821209346213,0.10397636998174,0.508073038928791,"Latin America and Caribbean","Diarrheal diseases","Deaths","Both","Clostridium difficile","att",190
0.922217229464573,0.543467432788014,1.30239378624941,"North Africa and Middle East","Diarrheal diseases","Deaths","Both","Clostridium difficile","att",190
2.03547084171107,1.72359883702176,2.34829900749203,"South Asia","Diarrheal diseases","Deaths","Both","Clostridium difficile","att",190
-0.0547351570785448,-0.316347656651894,0.207563925483334,"Southeast Asia, East Asia, and Oceania","Diarrheal diseases","Deaths","Both","Clostridium difficile","att",190
-0.047469499496422,-0.307795586176607,0.213536376258583,"Sub-Saharan Africa","Diarrheal diseases","Deaths","Both","Clostridium difficile","att",190
-0.311588438522115,-0.696108644886462,0.0744206902508759,"Central Europe, Eastern Europe, and Central Asia","Diarrheal diseases","Deaths","Both","Clostridium difficile","att",191
1.06924432264093,0.834005379858627,1.30503206203201,"Global","Diarrheal diseases","Deaths","Both","Clostridium difficile","att",191
-1.52295439815794,-1.8890391859719,-1.15550362563893,"High-income","Diarrheal diseases","Deaths","Both","Clostridium difficile","att",191
0.199864715236853,-0.010142355277909,0.410312860183626,"Latin America and Caribbean","Diarrheal diseases","Deaths","Both","Clostridium difficile","att",191
0.740031078454373,0.421160042736979,1.05991463720352,"North Africa and Middle East","Diarrheal diseases","Deaths","Both","Clostridium difficile","att",191
1.9469397665691,1.71978621254869,2.17460058411241,"South Asia","Diarrheal diseases","Deaths","Both","Clostridium difficile","att",191
0.0603743575065208,-0.217610553973036,0.339133710362338,"Southeast Asia, East Asia, and Oceania","Diarrheal diseases","Deaths","Both","Clostridium difficile","att",191
-0.00573387789857271,-0.321523610186891,0.311056302617208,"Sub-Saharan Africa","Diarrheal diseases","Deaths","Both","Clostridium difficile","att",191
-0.277697546844269,-0.612603281923141,0.0583367201721696,"Central Europe, Eastern Europe, and Central Asia","Diarrheal diseases","Deaths","Both","Clostridium difficile","att",192
0.762350388053412,0.535100434979396,0.990114017852761,"Global","Diarrheal diseases","Deaths","Both","Clostridium difficile","att",192
-1.56391772843057,-1.90657098445959,-1.22006753948724,"High-income","Diarrheal diseases","Deaths","Both","Clostridium difficile","att",192
0.227330125475844,0.0296000101829286,0.425451097060203,"Latin America and Caribbean","Diarrheal diseases","Deaths","Both","Clostridium difficile","att",192
0.947860700951786,0.638383403418952,1.25828968505242,"North Africa and Middle East","Diarrheal diseases","Deaths","Both","Clostridium difficile","att",192
1.99527107447679,1.75807273153608,2.23302232739688,"South Asia","Diarrheal diseases","Deaths","Both","Clostridium difficile","att",192
0.0823686164281634,-0.188632313793757,0.354105349654121,"Southeast Asia, East Asia, and Oceania","Diarrheal diseases","Deaths","Both","Clostridium difficile","att",192
0.137030989981701,-0.144367208169349,0.419222182415702,"Sub-Saharan Africa","Diarrheal diseases","Deaths","Both","Clostridium difficile","att",192
-0.147526167772272,-0.440413274147677,0.146222561877218,"Central Europe, Eastern Europe, and Central Asia","Diarrheal diseases","Deaths","Both","Clostridium difficile","att",193
1.07080634155181,0.861825107298864,1.28022057566592,"Global","Diarrheal diseases","Deaths","Both","Clostridium difficile","att",193
-1.59620767918017,-1.92812026187674,-1.26317177792535,"High-income","Diarrheal diseases","Deaths","Both","Clostridium difficile","att",193
0.306946837104438,0.11237334917833,0.501898488497621,"Latin America and Caribbean","Diarrheal diseases","Deaths","Both","Clostridium difficile","att",193
0.850354136606124,0.568713817139033,1.13278318316872,"North Africa and Middle East","Diarrheal diseases","Deaths","Both","Clostridium difficile","att",193
2.02540825493698,1.73154598060379,2.32011938136854,"South Asia","Diarrheal diseases","Deaths","Both","Clostridium difficile","att",193
-0.0369799133684623,-0.297164392253846,0.223883542826253,"Southeast Asia, East Asia, and Oceania","Diarrheal diseases","Deaths","Both","Clostridium difficile","att",193
-0.0650415201582044,-0.3607784855023,0.231573215519121,"Sub-Saharan Africa","Diarrheal diseases","Deaths","Both","Clostridium difficile","att",193
-0.23202077915595,-0.616484082646807,0.153929813553511,"Central Europe, Eastern Europe, and Central Asia","Diarrheal diseases","Deaths","Both","Clostridium difficile","att",194
0.93053686675908,0.724661835140683,1.13683269431637,"Global","Diarrheal diseases","Deaths","Both","Clostridium difficile","att",194
-1.70967239383558,-2.01437820337435,-1.40401904088521,"High-income","Diarrheal diseases","Deaths","Both","Clostridium difficile","att",194
0.227011137853372,0.0649592743068084,0.389325438987176,"Latin America and Caribbean","Diarrheal diseases","Deaths","Both","Clostridium difficile","att",194
0.956983458991134,0.603305383254238,1.31190491515953,"North Africa and Middle East","Diarrheal diseases","Deaths","Both","Clostridium difficile","att",194
1.99638759276772,1.77186583898679,2.22140467025631,"South Asia","Diarrheal diseases","Deaths","Both","Clostridium difficile","att",194
0.229739069286206,-0.0961430657930529,0.556684218039027,"Southeast Asia, East Asia, and Oceania","Diarrheal diseases","Deaths","Both","Clostridium difficile","att",194
-0.127812717725584,-0.403821176460351,0.14896063651213,"Sub-Saharan Africa","Diarrheal diseases","Deaths","Both","Clostridium difficile","att",194
-0.30363237448382,-0.605456330693943,-0.000891892102561354,"Central Europe, Eastern Europe, and Central Asia","Diarrheal diseases","Deaths","Both","Clostridium difficile","att",195
0.869868346413538,0.669990556651423,1.07014298861023,"Global","Diarrheal diseases","Deaths","Both","Clostridium difficile","att",195
-1.59138458213145,-1.87536984272799,-1.30657743177994,"High-income","Diarrheal diseases","Deaths","Both","Clostridium difficile","att",195
0.326549396688391,0.132619039371251,0.520855345734295,"Latin America and Caribbean","Diarrheal diseases","Deaths","Both","Clostridium difficile","att",195
0.806461789438728,0.496488622708746,1.11739104294757,"North Africa and Middle East","Diarrheal diseases","Deaths","Both","Clostridium difficile","att",195
2.25168237614632,1.97609985880149,2.52800963391535,"South Asia","Diarrheal diseases","Deaths","Both","Clostridium difficile","att",195
0.332032277115779,0.0623543140421345,0.602437049030424,"Southeast Asia, East Asia, and Oceania","Diarrheal diseases","Deaths","Both","Clostridium difficile","att",195
-0.284652395713947,-0.537292238043852,-0.0313708365901944,"Sub-Saharan Africa","Diarrheal diseases","Deaths","Both","Clostridium difficile","att",195
-0.317113741674613,-0.598844183257696,-0.0345847978903913,"Central Europe, Eastern Europe, and Central Asia","Diarrheal diseases","Deaths","Both","Clostridium difficile","att",196
0.859575512483923,0.645205440594276,1.07440218364743,"Global","Diarrheal diseases","Deaths","Both","Clostridium difficile","att",196
-1.55416713424782,-1.87885081624901,-1.22840907129782,"High-income","Diarrheal diseases","Deaths","Both","Clostridium difficile","att",196
0.262699043664139,0.0605606855456742,0.465245753640153,"Latin America and Caribbean","Diarrheal diseases","Deaths","Both","Clostridium difficile","att",196
0.844945319034496,0.473281351195531,1.2179841210894,"North Africa and Middle East","Diarrheal diseases","Deaths","Both","Clostridium difficile","att",196
2.30172278894729,2.05241305769399,2.55164157333552,"South Asia","Diarrheal diseases","Deaths","Both","Clostridium difficile","att",196
0.0350628587051371,-0.272548750461132,0.343623302930429,"Southeast Asia, East Asia, and Oceania","Diarrheal diseases","Deaths","Both","Clostridium difficile","att",196
-0.043856059561076,-0.324447841886866,0.237525602997168,"Sub-Saharan Africa","Diarrheal diseases","Deaths","Both","Clostridium difficile","att",196
-0.135250501497752,-0.483142170621165,0.213857329551237,"Central Europe, Eastern Europe, and Central Asia","Diarrheal diseases","Deaths","Both","Clostridium difficile","att",197
0.914462319059184,0.702124003775029,1.12724836631108,"Global","Diarrheal diseases","Deaths","Both","Clostridium difficile","att",197
-1.39378779863593,-1.70619729722394,-1.08038536161106,"High-income","Diarrheal diseases","Deaths","Both","Clostridium difficile","att",197
0.195037980214119,0.0203102471368455,0.370070949104306,"Latin America and Caribbean","Diarrheal diseases","Deaths","Both","Clostridium difficile","att",197
0.825795292959297,0.437942434020311,1.21514589106479,"North Africa and Middle East","Diarrheal diseases","Deaths","Both","Clostridium difficile","att",197
2.07530225342065,1.82294001038594,2.32828996161778,"South Asia","Diarrheal diseases","Deaths","Both","Clostridium difficile","att",197
0.138252622190072,-0.120768567540308,0.397945542927647,"Southeast Asia, East Asia, and Oceania","Diarrheal diseases","Deaths","Both","Clostridium difficile","att",197
-0.0877794012921429,-0.351654841062976,0.176794798178137,"Sub-Saharan Africa","Diarrheal diseases","Deaths","Both","Clostridium difficile","att",197
-0.257233289053871,-0.587383862077917,0.0740137182569267,"Central Europe, Eastern Europe, and Central Asia","Diarrheal diseases","Deaths","Both","Clostridium difficile","att",198
0.93790903525568,0.725833330228176,1.1504312603384,"Global","Diarrheal diseases","Deaths","Both","Clostridium difficile","att",198
-1.6911590778372,-2.04323584725433,-1.337816872055,"High-income","Diarrheal diseases","Deaths","Both","Clostridium difficile","att",198
0.258547544959598,0.0417029993833973,0.475862110093028,"Latin America and Caribbean","Diarrheal diseases","Deaths","Both","Clostridium difficile","att",198
0.842556607945832,0.475370485877424,1.21108460760659,"North Africa and Middle East","Diarrheal diseases","Deaths","Both","Clostridium difficile","att",198
2.04626910794605,1.7834778602587,2.30973884728365,"South Asia","Diarrheal diseases","Deaths","Both","Clostridium difficile","att",198
0.15856051995724,-0.0765902291279597,0.394264651627374,"Southeast Asia, East Asia, and Oceania","Diarrheal diseases","Deaths","Both","Clostridium difficile","att",198
0.0610703614648989,-0.148353177791827,0.270933134526885,"Sub-Saharan Africa","Diarrheal diseases","Deaths","Both","Clostridium difficile","att",198
-0.371443316913289,-0.701820280455545,-0.0399671495553311,"Central Europe, Eastern Europe, and Central Asia","Diarrheal diseases","Deaths","Both","Clostridium difficile","att",199
0.912865790169404,0.691893044940772,1.13432346971256,"Global","Diarrheal diseases","Deaths","Both","Clostridium difficile","att",199
-1.69044754873642,-2.04589965981411,-1.33370558656694,"High-income","Diarrheal diseases","Deaths","Both","Clostridium difficile","att",199
0.250695900246134,0.0492985711889604,0.45249863828396,"Latin America and Caribbean","Diarrheal diseases","Deaths","Both","Clostridium difficile","att",199
0.931799188744442,0.641600627381589,1.2228345333509,"North Africa and Middle East","Diarrheal diseases","Deaths","Both","Clostridium difficile","att",199
1.98757642984309,1.72886387001605,2.24694693655036,"South Asia","Diarrheal diseases","Deaths","Both","Clostridium difficile","att",199
-0.149648987952289,-0.38239266843525,0.0836384680966251,"Southeast Asia, East Asia, and Oceania","Diarrheal diseases","Deaths","Both","Clostridium difficile","att",199
-0.280807121283144,-0.74316500405136,0.183704515549121,"Sub-Saharan Africa","Diarrheal diseases","Deaths","Both","Clostridium difficile","att",199
-0.157226604515415,-0.518331850334075,0.2051894053966,"Central Europe, Eastern Europe, and Central Asia","Diarrheal diseases","Deaths","Both","Clostridium difficile","att",200
0.939898616255719,0.721988578680732,1.15828009790311,"Global","Diarrheal diseases","Deaths","Both","Clostridium difficile","att",200
-1.61317130258301,-1.98650068442697,-1.23841992450054,"High-income","Diarrheal diseases","Deaths","Both","Clostridium difficile","att",200
0.153235394357787,-0.0707916321597168,0.377764657502877,"Latin America and Caribbean","Diarrheal diseases","Deaths","Both","Clostridium difficile","att",200
1.02142638347651,0.73212177541806,1.31156187998216,"North Africa and Middle East","Diarrheal diseases","Deaths","Both","Clostridium difficile","att",200
2.17819320730832,1.92041591727765,2.43662246810123,"South Asia","Diarrheal diseases","Deaths","Both","Clostridium difficile","att",200
0.107641037089823,-0.1757449451121,0.391831509291318,"Southeast Asia, East Asia, and Oceania","Diarrheal diseases","Deaths","Both","Clostridium difficile","att",200
0.0370977802114814,-0.210228919044519,0.285037473119076,"Sub-Saharan Africa","Diarrheal diseases","Deaths","Both","Clostridium difficile","att",200
-0.101384810332816,-0.470248384028527,0.26884579516786,"Central Europe, Eastern Europe, and Central Asia","Diarrheal diseases","Deaths","Both","Clostridium difficile","att",201
0.818285174272804,0.556705922282563,1.08054487521414,"Global","Diarrheal diseases","Deaths","Both","Clostridium difficile","att",201
-1.62419971115237,-1.96061968345802,-1.28662532112805,"High-income","Diarrheal diseases","Deaths","Both","Clostridium difficile","att",201
0.403672608622974,0.214898868971369,0.592801939361176,"Latin America and Caribbean","Diarrheal diseases","Deaths","Both","Clostridium difficile","att",201
0.875454537713605,0.558243184089657,1.19366653573709,"North Africa and Middle East","Diarrheal diseases","Deaths","Both","Clostridium difficile","att",201
2.25072958194696,1.98647611574885,2.515667745735,"South Asia","Diarrheal diseases","Deaths","Both","Clostridium difficile","att",201
0.027324488668512,-0.221538835251678,0.276808517230465,"Southeast Asia, East Asia, and Oceania","Diarrheal diseases","Deaths","Both","Clostridium difficile","att",201
0.014433454140006,-0.311062079937385,0.340991767547916,"Sub-Saharan Africa","Diarrheal diseases","Deaths","Both","Clostridium difficile","att",201
-0.218713953212191,-0.522570402735101,0.0860706339022466,"Central Europe, Eastern Europe, and Central Asia","Diarrheal diseases","Deaths","Both","Clostridium difficile","att",202
0.864052582081998,0.642048947720308,1.08654592839001,"Global","Diarrheal diseases","Deaths","Both","Clostridium difficile","att",202
-1.73492730079193,-2.09306540917109,-1.37547914317869,"High-income","Diarrheal diseases","Deaths","Both","Clostridium difficile","att",202
0.122963877988602,-0.0389627426425121,0.285152803125444,"Latin America and Caribbean","Diarrheal diseases","Deaths","Both","Clostridium difficile","att",202
0.840817444044761,0.559238881074098,1.12318446253683,"North Africa and Middle East","Diarrheal diseases","Deaths","Both","Clostridium difficile","att",202
1.98282757600732,1.7412641401255,2.22496455394257,"South Asia","Diarrheal diseases","Deaths","Both","Clostridium difficile","att",202
-0.0301036025924462,-0.355595328193725,0.296451352437366,"Southeast Asia, East Asia, and Oceania","Diarrheal diseases","Deaths","Both","Clostridium difficile","att",202
-0.146120872240652,-0.535340858391797,0.244622189532784,"Sub-Saharan Africa","Diarrheal diseases","Deaths","Both","Clostridium difficile","att",202
-0.167704361715626,-0.448947301759195,0.11433312132052,"Central Europe, Eastern Europe, and Central Asia","Diarrheal diseases","Deaths","Both","Clostridium difficile","att",203
0.814635649312367,0.585809111358193,1.04398275358635,"Global","Diarrheal diseases","Deaths","Both","Clostridium difficile","att",203
-1.80744460960284,-2.16658123771324,-1.44698962709695,"High-income","Diarrheal diseases","Deaths","Both","Clostridium difficile","att",203
0.280908673095137,0.0286339788059253,0.533819610416431,"Latin America and Caribbean","Diarrheal diseases","Deaths","Both","Clostridium difficile","att",203
0.769668670520329,0.445044901012026,1.09534157681614,"North Africa and Middle East","Diarrheal diseases","Deaths","Both","Clostridium difficile","att",203
2.13075471564039,1.89535878216947,2.36669445450304,"South Asia","Diarrheal diseases","Deaths","Both","Clostridium difficile","att",203
-0.0421735053493633,-0.267675719616101,0.18383858622153,"Southeast Asia, East Asia, and Oceania","Diarrheal diseases","Deaths","Both","Clostridium difficile","att",203
-0.259151287702242,-0.58144958883587,0.0641918505818406,"Sub-Saharan Africa","Diarrheal diseases","Deaths","Both","Clostridium difficile","att",203
-0.341152639358344,-0.702226249855653,0.0212339326211231,"Central Europe, Eastern Europe, and Central Asia","Diarrheal diseases","Deaths","Both","Clostridium difficile","att",204
0.976339980112351,0.760317200315397,1.1928258970122,"Global","Diarrheal diseases","Deaths","Both","Clostridium difficile","att",204
-1.57125535637084,-1.88817271394351,-1.25331430354847,"High-income","Diarrheal diseases","Deaths","Both","Clostridium difficile","att",204
0.24881398287937,0.0591567115886482,0.438830740315432,"Latin America and Caribbean","Diarrheal diseases","Deaths","Both","Clostridium difficile","att",204
0.701496751151653,0.360243474997346,1.0439103851773,"North Africa and Middle East","Diarrheal diseases","Deaths","Both","Clostridium difficile","att",204
2.11435026241542,1.87259228973393,2.35668196072849,"South Asia","Diarrheal diseases","Deaths","Both","Clostridium difficile","att",204
-0.100687522767295,-0.376373692067677,0.175761546527387,"Southeast Asia, East Asia, and Oceania","Diarrheal diseases","Deaths","Both","Clostridium difficile","att",204
-0.0983550318153448,-0.332227371895399,0.136066094196341,"Sub-Saharan Africa","Diarrheal diseases","Deaths","Both","Clostridium difficile","att",204
-0.367536506609067,-0.690183722702953,-0.0438410434238423,"Central Europe, Eastern Europe, and Central Asia","Diarrheal diseases","Deaths","Both","Clostridium difficile","att",205
0.96527923406482,0.732650330342466,1.19844536386702,"Global","Diarrheal diseases","Deaths","Both","Clostridium difficile","att",205
-1.39970439475994,-1.68941661035438,-1.10913842400536,"High-income","Diarrheal diseases","Deaths","Both","Clostridium difficile","att",205
0.253962245236861,0.00802320969410797,0.500506092346331,"Latin America and Caribbean","Diarrheal diseases","Deaths","Both","Clostridium difficile","att",205
0.752499547859586,0.436069857313837,1.06992616858392,"North Africa and Middle East","Diarrheal diseases","Deaths","Both","Clostridium difficile","att",205
1.97156076180556,1.70311915380474,2.24071091146667,"South Asia","Diarrheal diseases","Deaths","Both","Clostridium difficile","att",205
-0.127502867361695,-0.401090747357014,0.146836530181771,"Southeast Asia, East Asia, and Oceania","Diarrheal diseases","Deaths","Both","Clostridium difficile","att",205
0.269953412491919,0.0284920979297887,0.511997596646596,"Sub-Saharan Africa","Diarrheal diseases","Deaths","Both","Clostridium difficile","att",205
-0.43951521566522,-0.785743939085526,-0.0920782553072041,"Central Europe, Eastern Europe, and Central Asia","Diarrheal diseases","Deaths","Both","Clostridium difficile","att",206
0.84612528432122,0.612401757959913,1.08039175256465,"Global","Diarrheal diseases","Deaths","Both","Clostridium difficile","att",206
-1.5935986201686,-1.90288322781588,-1.28333888734258,"High-income","Diarrheal diseases","Deaths","Both","Clostridium difficile","att",206
0.119770043861833,-0.0733274920565297,0.313240719978336,"Latin America and Caribbean","Diarrheal diseases","Deaths","Both","Clostridium difficile","att",206
0.693002590116021,0.345341587687109,1.04186811455558,"North Africa and Middle East","Diarrheal diseases","Deaths","Both","Clostridium difficile","att",206
2.0501648613672,1.84637181697298,2.25436569255051,"South Asia","Diarrheal diseases","Deaths","Both","Clostridium difficile","att",206
0.14261144279919,-0.133781853001846,0.419769694512073,"Southeast Asia, East Asia, and Oceania","Diarrheal diseases","Deaths","Both","Clostridium difficile","att",206
0.0273894857643953,-0.214993969145072,0.270361703871358,"Sub-Saharan Africa","Diarrheal diseases","Deaths","Both","Clostridium difficile","att",206
-0.139369137594192,-0.401806639696656,0.123759877478413,"Central Europe, Eastern Europe, and Central Asia","Diarrheal diseases","Deaths","Both","Clostridium difficile","att",207
1.00859648689424,0.800485546888585,1.21713708914921,"Global","Diarrheal diseases","Deaths","Both","Clostridium difficile","att",207
-1.54359200797383,-1.89464710929476,-1.19128070930452,"High-income","Diarrheal diseases","Deaths","Both","Clostridium difficile","att",207
0.150971588268178,-0.0446734728372977,0.346999590346031,"Latin America and Caribbean","Diarrheal diseases","Deaths","Both","Clostridium difficile","att",207
1.03469282063537,0.808220834048679,1.26167359073484,"North Africa and Middle East","Diarrheal diseases","Deaths","Both","Clostridium difficile","att",207
2.07576406139369,1.86433622793494,2.28763073076319,"South Asia","Diarrheal diseases","Deaths","Both","Clostridium difficile","att",207
-0.0758196697785429,-0.295631620590653,0.144476886618117,"Southeast Asia, East Asia, and Oceania","Diarrheal diseases","Deaths","Both","Clostridium difficile","att",207
0.00936033231024869,-0.249907825607543,0.269302374093638,"Sub-Saharan Africa","Diarrheal diseases","Deaths","Both","Clostridium difficile","att",207
-0.387986455725475,-0.659171704802086,-0.116060912445781,"Central Europe, Eastern Europe, and Central Asia","Diarrheal diseases","Deaths","Both","Clostridium difficile","att",208
0.995329119916333,0.777499276893545,1.21362980058495,"Global","Diarrheal diseases","Deaths","Both","Clostridium difficile","att",208
-1.47742945539027,-1.75567814129515,-1.19839271039207,"High-income","Diarrheal diseases","Deaths","Both","Clostridium difficile","att",208
0.162627656884484,-0.0289700113526248,0.354592528165099,"Latin America and Caribbean","Diarrheal diseases","Deaths","Both","Clostridium difficile","att",208
0.953648272577534,0.635285364966265,1.27301833131452,"North Africa and Middle East","Diarrheal diseases","Deaths","Both","Clostridium difficile","att",208
2.00167699645644,1.76720469299982,2.2366895256297,"South Asia","Diarrheal diseases","Deaths","Both","Clostridium difficile","att",208
0.0333226232158257,-0.223658195442478,0.290965313616098,"Southeast Asia, East Asia, and Oceania","Diarrheal diseases","Deaths","Both","Clostridium difficile","att",208
0.0950320474224053,-0.140999198625291,0.33162118758745,"Sub-Saharan Africa","Diarrheal diseases","Deaths","Both","Clostridium difficile","att",208
-0.265801919843067,-0.583465882494127,0.0528770690716218,"Central Europe, Eastern Europe, and Central Asia","Diarrheal diseases","Deaths","Both","Clostridium difficile","att",209
0.986404860808521,0.778390165502407,1.19484891516066,"Global","Diarrheal diseases","Deaths","Both","Clostridium difficile","att",209
-1.45015531605381,-1.77989728891773,-1.1193063420194,"High-income","Diarrheal diseases","Deaths","Both","Clostridium difficile","att",209
0.287532978340388,0.0228504586018197,0.552915906394991,"Latin America and Caribbean","Diarrheal diseases","Deaths","Both","Clostridium difficile","att",209
0.91241955639354,0.612099502460817,1.21363604460445,"North Africa and Middle East","Diarrheal diseases","Deaths","Both","Clostridium difficile","att",209
1.93594311050322,1.69176130228881,2.1807112469973,"South Asia","Diarrheal diseases","Deaths","Both","Clostridium difficile","att",209
-0.202854569204169,-0.506919038149112,0.102139162362658,"Southeast Asia, East Asia, and Oceania","Diarrheal diseases","Deaths","Both","Clostridium difficile","att",209
0.0596485386933132,-0.19371806774604,0.313658337485045,"Sub-Saharan Africa","Diarrheal diseases","Deaths","Both","Clostridium difficile","att",209
-0.280782931134671,-0.678816183564079,0.118845454014171,"Central Europe, Eastern Europe, and Central Asia","Diarrheal diseases","Deaths","Both","Clostridium difficile","att",210
0.921624849686919,0.691853866965619,1.15192015192838,"Global","Diarrheal diseases","Deaths","Both","Clostridium difficile","att",210
-1.68049835529868,-1.9674550173205,-1.39270172604052,"High-income","Diarrheal diseases","Deaths","Both","Clostridium difficile","att",210
0.183955533936064,-0.00724818643309533,0.375524869432509,"Latin America and Caribbean","Diarrheal diseases","Deaths","Both","Clostridium difficile","att",210
0.848259762211279,0.539461522522156,1.15800644892203,"North Africa and Middle East","Diarrheal diseases","Deaths","Both","Clostridium difficile","att",210
2.16560090447064,1.85403064379495,2.47812425484466,"South Asia","Diarrheal diseases","Deaths","Both","Clostridium difficile","att",210
0.166254238121,-0.09711081731405,0.430313579306874,"Southeast Asia, East Asia, and Oceania","Diarrheal diseases","Deaths","Both","Clostridium difficile","att",210
0.277179966256758,0.0290865941797058,0.525888662569618,"Sub-Saharan Africa","Diarrheal diseases","Deaths","Both","Clostridium difficile","att",210
-0.16810317086805,-0.526210726172671,0.191293578525809,"Central Europe, Eastern Europe, and Central Asia","Diarrheal diseases","Deaths","Both","Clostridium difficile","att",211
0.991205345146229,0.774956545003547,1.20791818462134,"Global","Diarrheal diseases","Deaths","Both","Clostridium difficile","att",211
-1.56637328384791,-1.95135183034291,-1.17988315627527,"High-income","Diarrheal diseases","Deaths","Both","Clostridium difficile","att",211
0.299081084262953,0.100805721240493,0.497749182581608,"Latin America and Caribbean","Diarrheal diseases","Deaths","Both","Clostridium difficile","att",211
0.919392341386382,0.609591816832711,1.23014681439846,"North Africa and Middle East","Diarrheal diseases","Deaths","Both","Clostridium difficile","att",211
2.02914360891089,1.80045728320932,2.25834365956969,"South Asia","Diarrheal diseases","Deaths","Both","Clostridium difficile","att",211
0.14852736116584,-0.150800231499015,0.448752277073527,"Southeast Asia, East Asia, and Oceania","Diarrheal diseases","Deaths","Both","Clostridium difficile","att",211
0.07218265762019,-0.201881334938903,0.346999280319205,"Sub-Saharan Africa","Diarrheal diseases","Deaths","Both","Clostridium difficile","att",211
-0.308989266845849,-0.609056381649653,-0.0080162317427912,"Central Europe, Eastern Europe, and Central Asia","Diarrheal diseases","Deaths","Both","Clostridium difficile","att",212
0.751925902723172,0.558475966016259,0.945747989839618,"Global","Diarrheal diseases","Deaths","Both","Clostridium difficile","att",212
-1.51876715864999,-1.8923586240745,-1.14375306618971,"High-income","Diarrheal diseases","Deaths","Both","Clostridium difficile","att",212
0.173521705552271,-0.023746677537273,0.371179329223192,"Latin America and Caribbean","Diarrheal diseases","Deaths","Both","Clostridium difficile","att",212
0.829825673217033,0.488904273741086,1.17190369193827,"North Africa and Middle East","Diarrheal diseases","Deaths","Both","Clostridium difficile","att",212
2.17179969362733,1.91312581036183,2.4311301378348,"South Asia","Diarrheal diseases","Deaths","Both","Clostridium difficile","att",212
0.0901262143379267,-0.131010858177205,0.311752944406041,"Southeast Asia, East Asia, and Oceania","Diarrheal diseases","Deaths","Both","Clostridium difficile","att",212
-0.374559541021835,-0.839020258883794,0.0920766672295903,"Sub-Saharan Africa","Diarrheal diseases","Deaths","Both","Clostridium difficile","att",212
-0.299212856541442,-0.620613623021771,0.0232273453435683,"Central Europe, Eastern Europe, and Central Asia","Diarrheal diseases","Deaths","Both","Clostridium difficile","att",213
0.796412723055462,0.563037713487069,1.03032932222107,"Global","Diarrheal diseases","Deaths","Both","Clostridium difficile","att",213
-1.63639985789049,-1.90774142623642,-1.36430770792088,"High-income","Diarrheal diseases","Deaths","Both","Clostridium difficile","att",213
0.160342607845387,-0.066346258909733,0.387545694189062,"Latin America and Caribbean","Diarrheal diseases","Deaths","Both","Clostridium difficile","att",213
0.905672797112378,0.571882375441213,1.24057104378363,"North Africa and Middle East","Diarrheal diseases","Deaths","Both","Clostridium difficile","att",213
2.16010893537728,1.86691441479485,2.45414733178921,"South Asia","Diarrheal diseases","Deaths","Both","Clostridium difficile","att",213
-0.110881838377597,-0.422144205803898,0.201353478913946,"Southeast Asia, East Asia, and Oceania","Diarrheal diseases","Deaths","Both","Clostridium difficile","att",213
0.220225510861094,-0.0145600860589123,0.455562430819434,"Sub-Saharan Africa","Diarrheal diseases","Deaths","Both","Clostridium difficile","att",213
-0.399572897339173,-0.703804498794647,-0.0944091668443336,"Central Europe, Eastern Europe, and Central Asia","Diarrheal diseases","Deaths","Both","Clostridium difficile","att",214
0.937766111052785,0.727276846982305,1.14869523343846,"Global","Diarrheal diseases","Deaths","Both","Clostridium difficile","att",214
-1.58496841576214,-1.99324351970154,-1.17499252540268,"High-income","Diarrheal diseases","Deaths","Both","Clostridium difficile","att",214
0.200999724477979,-0.030919503629423,0.433456984225722,"Latin America and Caribbean","Diarrheal diseases","Deaths","Both","Clostridium difficile","att",214
0.836695995124792,0.478444651371368,1.19622466781926,"North Africa and Middle East","Diarrheal diseases","Deaths","Both","Clostridium difficile","att",214
2.08642208941732,1.86613910654327,2.30718142874278,"South Asia","Diarrheal diseases","Deaths","Both","Clostridium difficile","att",214
0.0910755807828956,-0.13917882659642,0.321860897997484,"Southeast Asia, East Asia, and Oceania","Diarrheal diseases","Deaths","Both","Clostridium difficile","att",214
-0.154662831202634,-0.424005837905717,0.115408721129051,"Sub-Saharan Africa","Diarrheal diseases","Deaths","Both","Clostridium difficile","att",214
-0.491462402156972,-0.843997887192849,-0.137673525843107,"Central Europe, Eastern Europe, and Central Asia","Diarrheal diseases","Deaths","Both","Clostridium difficile","att",215
0.958738077999288,0.73307641038689,1.1849052716022,"Global","Diarrheal diseases","Deaths","Both","Clostridium difficile","att",215
-1.53178831582508,-1.92888536348841,-1.13308339344913,"High-income","Diarrheal diseases","Deaths","Both","Clostridium difficile","att",215
0.13986589810413,-0.0914721626712911,0.37173962184569,"Latin America and Caribbean","Diarrheal diseases","Deaths","Both","Clostridium difficile","att",215
0.899437698316241,0.589024182804088,1.21080913693579,"North Africa and Middle East","Diarrheal diseases","Deaths","Both","Clostridium difficile","att",215
2.05016031035687,1.83929241725425,2.26146482538887,"South Asia","Diarrheal diseases","Deaths","Both","Clostridium difficile","att",215
0.109349154717786,-0.18571202647184,0.405282566751408,"Southeast Asia, East Asia, and Oceania","Diarrheal diseases","Deaths","Both","Clostridium difficile","att",215
-0.74409250114581,-1.36387201663478,-0.120418604808026,"Sub-Saharan Africa","Diarrheal diseases","Deaths","Both","Clostridium difficile","att",215
-0.325259503594533,-0.698540463846831,0.0494246452507285,"Central Europe, Eastern Europe, and Central Asia","Diarrheal diseases","Deaths","Both","Clostridium difficile","att",216
0.911976993126196,0.700220082848579,1.12417919527126,"Global","Diarrheal diseases","Deaths","Both","Clostridium difficile","att",216
-1.59917350988733,-1.93096046534224,-1.266264053546,"High-income","Diarrheal diseases","Deaths","Both","Clostridium difficile","att",216
0.171150564072242,-0.0758557761965095,0.4187674888259,"Latin America and Caribbean","Diarrheal diseases","Deaths","Both","Clostridium difficile","att",216
0.814305134449578,0.562532716358422,1.06670790013439,"North Africa and Middle East","Diarrheal diseases","Deaths","Both","Clostridium difficile","att",216
2.17014576944181,1.91573625765089,2.42519035685569,"South Asia","Diarrheal diseases","Deaths","Both","Clostridium difficile","att",216
0.132018486443086,-0.0975064496274269,0.362070753658239,"Southeast Asia, East Asia, and Oceania","Diarrheal diseases","Deaths","Both","Clostridium difficile","att",216
-0.176901450568256,-0.520744010445107,0.168129575233555,"Sub-Saharan Africa","Diarrheal diseases","Deaths","Both","Clostridium difficile","att",216
-0.382155597218869,-0.725243739389048,-0.0378817611448978,"Central Europe, Eastern Europe, and Central Asia","Diarrheal diseases","Deaths","Both","Clostridium difficile","att",217
0.898894084407864,0.637808639006621,1.16065686579967,"Global","Diarrheal diseases","Deaths","Both","Clostridium difficile","att",217
-1.68696572790492,-1.97251395610901,-1.40058571471968,"High-income","Diarrheal diseases","Deaths","Both","Clostridium difficile","att",217
0.270823575938706,0.0970606732293211,0.444888121335252,"Latin America and Caribbean","Diarrheal diseases","Deaths","Both","Clostridium difficile","att",217
1.11563563874342,0.835268090368269,1.39678273542216,"North Africa and Middle East","Diarrheal diseases","Deaths","Both","Clostridium difficile","att",217
1.94401969586171,1.70008223724649,2.18854226200491,"South Asia","Diarrheal diseases","Deaths","Both","Clostridium difficile","att",217
0.0843623006656857,-0.197228112873782,0.366747212789686,"Southeast Asia, East Asia, and Oceania","Diarrheal diseases","Deaths","Both","Clostridium difficile","att",217
-0.0362011579391863,-0.287119569843786,0.215348667371185,"Sub-Saharan Africa","Diarrheal diseases","Deaths","Both","Clostridium difficile","att",217
-0.246098760043933,-0.602145820003497,0.111223674620176,"Central Europe, Eastern Europe, and Central Asia","Diarrheal diseases","Deaths","Both","Clostridium difficile","att",218
0.947669632608861,0.737205631351512,1.15857334326201,"Global","Diarrheal diseases","Deaths","Both","Clostridium difficile","att",218
-1.60101808663774,-1.94897466267436,-1.25182670679984,"High-income","Diarrheal diseases","Deaths","Both","Clostridium difficile","att",218
0.265354760477443,0.0213671879624178,0.509937505176294,"Latin America and Caribbean","Diarrheal diseases","Deaths","Both","Clostridium difficile","att",218
0.983524939303959,0.691399864227704,1.27649752528585,"North Africa and Middle East","Diarrheal diseases","Deaths","Both","Clostridium difficile","att",218
1.9276863779593,1.71231023062515,2.14351858498509,"South Asia","Diarrheal diseases","Deaths","Both","Clostridium difficile","att",218
-0.121619924951655,-0.373116949563967,0.130511976025871,"Southeast Asia, East Asia, and Oceania","Diarrheal diseases","Deaths","Both","Clostridium difficile","att",218
0.118746231236688,-0.108908258162577,0.34691955135091,"Sub-Saharan Africa","Diarrheal diseases","Deaths","Both","Clostridium difficile","att",218
-0.224306448381095,-0.594816966648015,0.147585064718858,"Central Europe, Eastern Europe, and Central Asia","Diarrheal diseases","Deaths","Both","Clostridium difficile","att",219
1.09749826535024,0.885876574583255,1.30956386106729,"Global","Diarrheal diseases","Deaths","Both","Clostridium difficile","att",219
-1.62567667092776,-2.04327797034434,-1.20629508689505,"High-income","Diarrheal diseases","Deaths","Both","Clostridium difficile","att",219
0.234907961775566,0.0267562066054827,0.44349287258143,"Latin America and Caribbean","Diarrheal diseases","Deaths","Both","Clostridium difficile","att",219
0.764787358765151,0.438445535550325,1.09218952281871,"North Africa and Middle East","Diarrheal diseases","Deaths","Both","Clostridium difficile","att",219
2.10310216187972,1.85479387549345,2.35201579046682,"South Asia","Diarrheal diseases","Deaths","Both","Clostridium difficile","att",219
-0.0513826093279102,-0.374658574276165,0.272942359297712,"Southeast Asia, East Asia, and Oceania","Diarrheal diseases","Deaths","Both","Clostridium difficile","att",219
-0.014104955891614,-0.24575315687998,0.218081175969065,"Sub-Saharan Africa","Diarrheal diseases","Deaths","Both","Clostridium difficile","att",219
-0.205448518657947,-0.559578819492212,0.149942921947055,"Central Europe, Eastern Europe, and Central Asia","Diarrheal diseases","Deaths","Both","Clostridium difficile","att",220
0.998744685390873,0.747495100546924,1.25062085011973,"Global","Diarrheal diseases","Deaths","Both","Clostridium difficile","att",220
-1.43273497000084,-1.69606182625588,-1.16870273983593,"High-income","Diarrheal diseases","Deaths","Both","Clostridium difficile","att",220
0.3236172025048,0.104078038058897,0.543637840289946,"Latin America and Caribbean","Diarrheal diseases","Deaths","Both","Clostridium difficile","att",220
0.746611381044082,0.402382136734603,1.09202081421078,"North Africa and Middle East","Diarrheal diseases","Deaths","Both","Clostridium difficile","att",220
2.15943916213721,1.89701168948293,2.4225424954204,"South Asia","Diarrheal diseases","Deaths","Both","Clostridium difficile","att",220
-0.00403223988910684,-0.259227531164785,0.251815990351023,"Southeast Asia, East Asia, and Oceania","Diarrheal diseases","Deaths","Both","Clostridium difficile","att",220
0.249088397314612,-0.0558738094402766,0.55498114347281,"Sub-Saharan Africa","Diarrheal diseases","Deaths","Both","Clostridium difficile","att",220
-0.214132361942387,-0.544400087543351,0.117232102008868,"Central Europe, Eastern Europe, and Central Asia","Diarrheal diseases","Deaths","Both","Clostridium difficile","att",221
0.888295847115139,0.658420790112846,1.11869587303126,"Global","Diarrheal diseases","Deaths","Both","Clostridium difficile","att",221
-1.70411953230077,-2.05938839303087,-1.34756197262003,"High-income","Diarrheal diseases","Deaths","Both","Clostridium difficile","att",221
0.268142284722028,0.0750939203895795,0.461563046116642,"Latin America and Caribbean","Diarrheal diseases","Deaths","Both","Clostridium difficile","att",221
0.886641315708503,0.570987302570636,1.20328604653428,"North Africa and Middle East","Diarrheal diseases","Deaths","Both","Clostridium difficile","att",221
2.11661683549238,1.84061262847535,2.3933690576708,"South Asia","Diarrheal diseases","Deaths","Both","Clostridium difficile","att",221
0.00740668454641824,-0.231434047712864,0.246819189035197,"Southeast Asia, East Asia, and Oceania","Diarrheal diseases","Deaths","Both","Clostridium difficile","att",221
-0.205215876562836,-0.554366108854576,0.145160210298267,"Sub-Saharan Africa","Diarrheal diseases","Deaths","Both","Clostridium difficile","att",221
-0.331408871705496,-0.614143733402717,-0.04786968024727,"Central Europe, Eastern Europe, and Central Asia","Diarrheal diseases","Deaths","Both","Clostridium difficile","att",222
0.978561193740068,0.762599421117249,1.19498583142894,"Global","Diarrheal diseases","Deaths","Both","Clostridium difficile","att",222
-1.52594171602026,-1.85602824210206,-1.19474501360517,"High-income","Diarrheal diseases","Deaths","Both","Clostridium difficile","att",222
0.12073091428606,-0.0906684980537031,0.332577629303832,"Latin America and Caribbean","Diarrheal diseases","Deaths","Both","Clostridium difficile","att",222
0.842250174804859,0.531406589882533,1.15405488956277,"North Africa and Middle East","Diarrheal diseases","Deaths","Both","Clostridium difficile","att",222
2.20074835746473,1.96370389288723,2.43834390126005,"South Asia","Diarrheal diseases","Deaths","Both","Clostridium difficile","att",222
0.182190238176583,-0.0603441403400851,0.425313201117095,"Southeast Asia, East Asia, and Oceania","Diarrheal diseases","Deaths","Both","Clostridium difficile","att",222
-0.592768626887208,-1.15860246255982,-0.0236955823651797,"Sub-Saharan Africa","Diarrheal diseases","Deaths","Both","Clostridium difficile","att",222
-0.13197298916654,-0.570324108941422,0.308310669384992,"Central Europe, Eastern Europe, and Central Asia","Diarrheal diseases","Deaths","Both","Clostridium difficile","att",223
0.731604672204966,0.567574798584536,0.895902085332967,"Global","Diarrheal diseases","Deaths","Both","Clostridium difficile","att",223
-1.57011931549189,-1.92422260247216,-1.21473753609301,"High-income","Diarrheal diseases","Deaths","Both","Clostridium difficile","att",223
0.303759204064713,0.073622632801662,0.534425014102569,"Latin America and Caribbean","Diarrheal diseases","Deaths","Both","Clostridium difficile","att",223
0.792160994580837,0.509502887723978,1.07561400742247,"North Africa and Middle East","Diarrheal diseases","Deaths","Both","Clostridium difficile","att",223
2.04057583121466,1.79005416997167,2.29171406647621,"South Asia","Diarrheal diseases","Deaths","Both","Clostridium difficile","att",223
0.0635352106530984,-0.225520496236464,0.353428338114536,"Southeast Asia, East Asia, and Oceania","Diarrheal diseases","Deaths","Both","Clostridium difficile","att",223
-0.0127676851411351,-0.291879100594672,0.267125042622118,"Sub-Saharan Africa","Diarrheal diseases","Deaths","Both","Clostridium difficile","att",223
-0.276463188469167,-0.56933661075943,0.0172728936743027,"Central Europe, Eastern Europe, and Central Asia","Diarrheal diseases","Deaths","Both","Clostridium difficile","att",224
0.983225825632883,0.788020248484345,1.17880947566404,"Global","Diarrheal diseases","Deaths","Both","Clostridium difficile","att",224
-1.78275605918746,-2.11184583609614,-1.45255991673138,"High-income","Diarrheal diseases","Deaths","Both","Clostridium difficile","att",224
0.190983984668169,-0.0259544884202989,0.408393202947188,"Latin America and Caribbean","Diarrheal diseases","Deaths","Both","Clostridium difficile","att",224
0.723819866736952,0.393879691257304,1.05484437643826,"North Africa and Middle East","Diarrheal diseases","Deaths","Both","Clostridium difficile","att",224
2.17750124835023,1.88433095429903,2.47151513454666,"South Asia","Diarrheal diseases","Deaths","Both","Clostridium difficile","att",224
0.133825956703637,-0.145051789856732,0.413482560986345,"Southeast Asia, East Asia, and Oceania","Diarrheal diseases","Deaths","Both","Clostridium difficile","att",224
0.156161347195405,-0.141942024616715,0.455154638379951,"Sub-Saharan Africa","Diarrheal diseases","Deaths","Both","Clostridium difficile","att",224
-0.341057780464205,-0.655313966898607,-0.0258075101521982,"Central Europe, Eastern Europe, and Central Asia","Diarrheal diseases","Deaths","Both","Clostridium difficile","att",225
0.726312359622794,0.514866300722794,0.938203222734058,"Global","Diarrheal diseases","Deaths","Both","Clostridium difficile","att",225
-1.54942057268723,-1.92074120460143,-1.17669414903503,"High-income","Diarrheal diseases","Deaths","Both","Clostridium difficile","att",225
0.370586255071959,0.143447751674186,0.598239938452871,"Latin America and Caribbean","Diarrheal diseases","Deaths","Both","Clostridium difficile","att",225
0.906102483272075,0.593744376953742,1.21943050662836,"North Africa and Middle East","Diarrheal diseases","Deaths","Both","Clostridium difficile","att",225
2.10208478138152,1.86955795527126,2.33514237179417,"South Asia","Diarrheal diseases","Deaths","Both","Clostridium difficile","att",225
-0.147098527550982,-0.400237849669272,0.106684164742288,"Southeast Asia, East Asia, and Oceania","Diarrheal diseases","Deaths","Both","Clostridium difficile","att",225
-0.0806766207199994,-0.319007619228306,0.158224212252156,"Sub-Saharan Africa","Diarrheal diseases","Deaths","Both","Clostridium difficile","att",225
-0.216029364947967,-0.552697534594671,0.121778558655272,"Central Europe, Eastern Europe, and Central Asia","Diarrheal diseases","Deaths","Both","Clostridium difficile","att",226
0.87216378651056,0.603671247106607,1.14137288270433,"Global","Diarrheal diseases","Deaths","Both","Clostridium difficile","att",226
-1.57848066825921,-1.88620280842309,-1.26979339456409,"High-income","Diarrheal diseases","Deaths","Both","Clostridium difficile","att",226
0.195953700504892,-0.0338059618022468,0.426241436356611,"Latin America and Caribbean","Diarrheal diseases","Deaths","Both","Clostridium difficile","att",226
1.012792372233,0.677507537353916,1.34919380130725,"North Africa and Middle East","Diarrheal diseases","Deaths","Both","Clostridium difficile","att",226
2.23664725680839,1.99839681369445,2.47545421135211,"South Asia","Diarrheal diseases","Deaths","Both","Clostridium difficile","att",226
-0.00174980691945992,-0.230187780251367,0.227211209470246,"Southeast Asia, East Asia, and Oceania","Diarrheal diseases","Deaths","Both","Clostridium difficile","att",226
0.043886749707589,-0.207629999807901,0.296037422190198,"Sub-Saharan Africa","Diarrheal diseases","Deaths","Both","Clostridium difficile","att",226
-0.159134391860249,-0.43267312231553,0.115155824442903,"Central Europe, Eastern Europe, and Central Asia","Diarrheal diseases","Deaths","Both","Clostridium difficile","att",227
0.933426990524189,0.727742599923409,1.13953138526131,"Global","Diarrheal diseases","Deaths","Both","Clostridium difficile","att",227
-1.58538079485853,-1.90081996214243,-1.26892732890037,"High-income","Diarrheal diseases","Deaths","Both","Clostridium difficile","att",227
0.277608402640395,0.0570076376258166,0.498695537362326,"Latin America and Caribbean","Diarrheal diseases","Deaths","Both","Clostridium difficile","att",227
0.672697229154506,0.345571838952186,1.00088904430169,"North Africa and Middle East","Diarrheal diseases","Deaths","Both","Clostridium difficile","att",227
2.1802330838973,1.93933216533269,2.42170329452347,"South Asia","Diarrheal diseases","Deaths","Both","Clostridium difficile","att",227
0.0268402946898672,-0.306684687331649,0.361481087869664,"Southeast Asia, East Asia, and Oceania","Diarrheal diseases","Deaths","Both","Clostridium difficile","att",227
-0.0869846500872296,-0.345629796980662,0.17233179011602,"Sub-Saharan Africa","Diarrheal diseases","Deaths","Both","Clostridium difficile","att",227
-0.425170410176623,-0.721181593266584,-0.128276635795588,"Central Europe, Eastern Europe, and Central Asia","Diarrheal diseases","Deaths","Both","Clostridium difficile","att",228
0.971879362805184,0.779811326697599,1.16431344574308,"Global","Diarrheal diseases","Deaths","Both","Clostridium difficile","att",228
-1.73849932046797,-2.07020104189135,-1.40567407961366,"High-income","Diarrheal diseases","Deaths","Both","Clostridium difficile","att",228
0.305033099403085,0.0786981550905175,0.531879915951827,"Latin America and Caribbean","Diarrheal diseases","Deaths","Both","Clostridium difficile","att",228
0.894660065734243,0.61164516547394,1.17847107099451,"North Africa and Middle East","Diarrheal diseases","Deaths","Both","Clostridium difficile","att",228
2.19466838691149,1.96667387558218,2.42317268732406,"South Asia","Diarrheal diseases","Deaths","Both","Clostridium difficile","att",228
0.0599741464918591,-0.160529409751109,0.280964702696163,"Southeast Asia, East Asia, and Oceania","Diarrheal diseases","Deaths","Both","Clostridium difficile","att",228
0.0922624690426366,-0.189503047431305,0.37482341093471,"Sub-Saharan Africa","Diarrheal diseases","Deaths","Both","Clostridium difficile","att",228
-0.233396687363818,-0.597222304009326,0.131760572947948,"Central Europe, Eastern Europe, and Central Asia","Diarrheal diseases","Deaths","Both","Clostridium difficile","att",229
0.904853522780646,0.692969194548532,1.11718371102572,"Global","Diarrheal diseases","Deaths","Both","Clostridium difficile","att",229
-1.78144273956353,-2.10464284115943,-1.45717559752054,"High-income","Diarrheal diseases","Deaths","Both","Clostridium difficile","att",229
0.0694374713264168,-0.0979456561421288,0.237101044593069,"Latin America and Caribbean","Diarrheal diseases","Deaths","Both","Clostridium difficile","att",229
0.824649822045087,0.547691102957781,1.10237142421044,"North Africa and Middle East","Diarrheal diseases","Deaths","Both","Clostridium difficile","att",229
1.96661245482723,1.69078232680502,2.24319075547419,"South Asia","Diarrheal diseases","Deaths","Both","Clostridium difficile","att",229
-0.116374270973496,-0.339261194373752,0.107011129371815,"Southeast Asia, East Asia, and Oceania","Diarrheal diseases","Deaths","Both","Clostridium difficile","att",229
-0.240748393019341,-0.528839791143421,0.0481773841699784,"Sub-Saharan Africa","Diarrheal diseases","Deaths","Both","Clostridium difficile","att",229
-0.250182980566982,-0.579868540196793,0.0805958442459787,"Central Europe, Eastern Europe, and Central Asia","Diarrheal diseases","Deaths","Both","Clostridium difficile","att",230
0.826316659863591,0.630115738037706,1.02290011927717,"Global","Diarrheal diseases","Deaths","Both","Clostridium difficile","att",230
-1.53685855245423,-1.85388457321367,-1.21880849220632,"High-income","Diarrheal diseases","Deaths","Both","Clostridium difficile","att",230
0.254996514123573,0.0531050104393138,0.45729540325834,"Latin America and Caribbean","Diarrheal diseases","Deaths","Both","Clostridium difficile","att",230
0.852997400840549,0.473168628309883,1.23426207808501,"North Africa and Middle East","Diarrheal diseases","Deaths","Both","Clostridium difficile","att",230
2.22220295059876,1.9593734328224,2.48570998681299,"South Asia","Diarrheal diseases","Deaths","Both","Clostridium difficile","att",230
0.0769842938797893,-0.214349415863158,0.36916858013285,"Southeast Asia, East Asia, and Oceania","Diarrheal diseases","Deaths","Both","Clostridium difficile","att",230
-0.131134251934129,-0.34903976695283,0.0872477543633954,"Sub-Saharan Africa","Diarrheal diseases","Deaths","Both","Clostridium difficile","att",230
-0.142962341645003,-0.400212151839829,0.114951902343052,"Central Europe, Eastern Europe, and Central Asia","Diarrheal diseases","Deaths","Both","Clostridium difficile","att",231
1.0261586516807,0.799953591082536,1.2528713387967,"Global","Diarrheal diseases","Deaths","Both","Clostridium difficile","att",231
-1.58560341711927,-2.04500325945014,-1.12404903217029,"High-income","Diarrheal diseases","Deaths","Both","Clostridium difficile","att",231
0.33075486552927,0.132063430945561,0.529840562298567,"Latin America and Caribbean","Diarrheal diseases","Deaths","Both","Clostridium difficile","att",231
0.799854668786826,0.455777255235867,1.14511060357123,"North Africa and Middle East","Diarrheal diseases","Deaths","Both","Clostridium difficile","att",231
1.92760322526373,1.73046741529463,2.12512104986973,"South Asia","Diarrheal diseases","Deaths","Both","Clostridium difficile","att",231
0.0411921829433393,-0.1659028044388,0.248716766375345,"Southeast Asia, East Asia, and Oceania","Diarrheal diseases","Deaths","Both","Clostridium difficile","att",231
0.164873640960916,-0.0755834093338903,0.405909324536835,"Sub-Saharan Africa","Diarrheal diseases","Deaths","Both","Clostridium difficile","att",231
-0.203792470908182,-0.543331277237302,0.136905499532136,"Central Europe, Eastern Europe, and Central Asia","Diarrheal diseases","Deaths","Both","Clostridium difficile","att",232
1.02074281903333,0.803388939781891,1.23856536019507,"Global","Diarrheal diseases","Deaths","Both","Clostridium difficile","att",232
-1.64852235787935,-2.00801896714022,-1.28770688751669,"High-income","Diarrheal diseases","Deaths","Both","Clostridium difficile","att",232
0.277210720535859,0.0927746138241092,0.461986678726278,"Latin America and Caribbean","Diarrheal diseases","Deaths","Both","Clostridium difficile","att",232
0.734571589541644,0.41299080908066,1.05718225864082,"North Africa and Middle East","Diarrheal diseases","Deaths","Both","Clostridium difficile","att",232
2.10582169515821,1.82139400653663,2.39104390354496,"South Asia","Diarrheal diseases","Deaths","Both","Clostridium difficile","att",232
-0.0414973089579052,-0.321859633380384,0.239653583877542,"Southeast Asia, East Asia, and Oceania","Diarrheal diseases","Deaths","Both","Clostridium difficile","att",232
-0.162653208211772,-0.423629898722266,0.0990074681973985,"Sub-Saharan Africa","Diarrheal diseases","Deaths","Both","Clostridium difficile","att",232
-0.433414913863339,-0.780624549720788,-0.0849902478700426,"Central Europe, Eastern Europe, and Central Asia","Diarrheal diseases","Deaths","Both","Clostridium difficile","att",233
0.986045175043126,0.746529377971306,1.22613039934385,"Global","Diarrheal diseases","Deaths","Both","Clostridium difficile","att",233
-1.60440138493814,-1.91323134674652,-1.29459906012279,"High-income","Diarrheal diseases","Deaths","Both","Clostridium difficile","att",233
0.261913338312558,0.0631863031071767,0.461035048482628,"Latin America and Caribbean","Diarrheal diseases","Deaths","Both","Clostridium difficile","att",233
0.707618097831064,0.445357455776474,0.970563496713783,"North Africa and Middle East","Diarrheal diseases","Deaths","Both","Clostridium difficile","att",233
2.1005705091435,1.84667599416191,2.35509796009583,"South Asia","Diarrheal diseases","Deaths","Both","Clostridium difficile","att",233
-0.183440084985842,-0.462078931880583,0.0959787621958696,"Southeast Asia, East Asia, and Oceania","Diarrheal diseases","Deaths","Both","Clostridium difficile","att",233
-0.103540041156069,-0.496933478279227,0.291408708800978,"Sub-Saharan Africa","Diarrheal diseases","Deaths","Both","Clostridium difficile","att",233
-0.404950070732135,-0.745703817042564,-0.0630264696134919,"Central Europe, Eastern Europe, and Central Asia","Diarrheal diseases","Deaths","Both","Clostridium difficile","att",234
0.92539164507579,0.694258549243343,1.15705528265668,"Global","Diarrheal diseases","Deaths","Both","Clostridium difficile","att",234
-1.47680055164697,-1.76305441448981,-1.18971257009753,"High-income","Diarrheal diseases","Deaths","Both","Clostridium difficile","att",234
0.0942220521705783,-0.14245737804407,0.331462453056219,"Latin America and Caribbean","Diarrheal diseases","Deaths","Both","Clostridium difficile","att",234
0.951467470519529,0.660965814699743,1.24280749711541,"North Africa and Middle East","Diarrheal diseases","Deaths","Both","Clostridium difficile","att",234
2.05185811866404,1.79477348720578,2.30959202223586,"South Asia","Diarrheal diseases","Deaths","Both","Clostridium difficile","att",234
0.0153401364048289,-0.232980305417596,0.264278648627836,"Southeast Asia, East Asia, and Oceania","Diarrheal diseases","Deaths","Both","Clostridium difficile","att",234
0.115545160084762,-0.114702293792945,0.34632336164242,"Sub-Saharan Africa","Diarrheal diseases","Deaths","Both","Clostridium difficile","att",234
-0.199906614183554,-0.491060270405208,0.0920989298359487,"Central Europe, Eastern Europe, and Central Asia","Diarrheal diseases","Deaths","Both","Clostridium difficile","att",235
0.891572477257441,0.668483313391377,1.11515602400676,"Global","Diarrheal diseases","Deaths","Both","Clostridium difficile","att",235
-1.69772884425889,-2.15651535020384,-1.23679109585985,"High-income","Diarrheal diseases","Deaths","Both","Clostridium difficile","att",235
0.148905867010218,-0.0354619229394504,0.333613692362711,"Latin America and Caribbean","Diarrheal diseases","Deaths","Both","Clostridium difficile","att",235
0.827532613986248,0.546319496861214,1.1095322424191,"North Africa and Middle East","Diarrheal diseases","Deaths","Both","Clostridium difficile","att",235
2.22827896868645,1.97230407081965,2.48489642483352,"South Asia","Diarrheal diseases","Deaths","Both","Clostridium difficile","att",235
0.0429322283723499,-0.198271404956851,0.284718809447537,"Southeast Asia, East Asia, and Oceania","Diarrheal diseases","Deaths","Both","Clostridium difficile","att",235
-0.150270195506041,-0.434094317354683,0.134362999805959,"Sub-Saharan Africa","Diarrheal diseases","Deaths","Both","Clostridium difficile","att",235
-0.283468613379767,-0.60201141592986,0.0360950299187479,"Central Europe, Eastern Europe, and Central Asia","Diarrheal diseases","Deaths","Both","Clostridium difficile","att",236
0.902149513288775,0.68977503391896,1.11497193207919,"Global","Diarrheal diseases","Deaths","Both","Clostridium difficile","att",236
-1.59192051087019,-1.94856374280876,-1.23398005780215,"High-income","Diarrheal diseases","Deaths","Both","Clostridium difficile","att",236
0.240226775243757,0.012181419561319,0.468792114427319,"Latin America and Caribbean","Diarrheal diseases","Deaths","Both","Clostridium difficile","att",236
0.808580618502086,0.486253701894568,1.1319414540522,"North Africa and Middle East","Diarrheal diseases","Deaths","Both","Clostridium difficile","att",236
2.16053959774902,1.91704998526987,2.40461093027788,"South Asia","Diarrheal diseases","Deaths","Both","Clostridium difficile","att",236
-0.000981064876370841,-0.22328710177778,0.221820277719198,"Southeast Asia, East Asia, and Oceania","Diarrheal diseases","Deaths","Both","Clostridium difficile","att",236
0.126502223214975,-0.14510045973305,0.398843658269565,"Sub-Saharan Africa","Diarrheal diseases","Deaths","Both","Clostridium difficile","att",236
-0.218907240996957,-0.557959590476775,0.121301123536588,"Central Europe, Eastern Europe, and Central Asia","Diarrheal diseases","Deaths","Both","Clostridium difficile","att",237
1.04406594383524,0.858099614121399,1.23037516594862,"Global","Diarrheal diseases","Deaths","Both","Clostridium difficile","att",237
-1.57889842474139,-1.90737746296361,-1.2493194212439,"High-income","Diarrheal diseases","Deaths","Both","Clostridium difficile","att",237
0.266758401896094,0.0668669869102967,0.467049115660689,"Latin America and Caribbean","Diarrheal diseases","Deaths","Both","Clostridium difficile","att",237
0.855200612980944,0.550427065730275,1.16089794462335,"North Africa and Middle East","Diarrheal diseases","Deaths","Both","Clostridium difficile","att",237
2.00377973673547,1.76073699803436,2.24740295249068,"South Asia","Diarrheal diseases","Deaths","Both","Clostridium difficile","att",237
0.108377756326705,-0.202913380559244,0.420639885204377,"Southeast Asia, East Asia, and Oceania","Diarrheal diseases","Deaths","Both","Clostridium difficile","att",237
0.13714843504482,-0.121799362230635,0.396767589646374,"Sub-Saharan Africa","Diarrheal diseases","Deaths","Both","Clostridium difficile","att",237
-0.19695525133363,-0.505529967769502,0.112576486689409,"Central Europe, Eastern Europe, and Central Asia","Diarrheal diseases","Deaths","Both","Clostridium difficile","att",238
0.942093996566884,0.708901850362165,1.17582610076985,"Global","Diarrheal diseases","Deaths","Both","Clostridium difficile","att",238
-1.50623644916448,-1.80291857535156,-1.20865795943255,"High-income","Diarrheal diseases","Deaths","Both","Clostridium difficile","att",238
0.336003061123491,0.133835999530008,0.53857829164794,"Latin America and Caribbean","Diarrheal diseases","Deaths","Both","Clostridium difficile","att",238
0.829811268099956,0.533397790972812,1.12709869310263,"North Africa and Middle East","Diarrheal diseases","Deaths","Both","Clostridium difficile","att",238
2.04625389205804,1.77592171813952,2.31730410893822,"South Asia","Diarrheal diseases","Deaths","Both","Clostridium difficile","att",238
0.0914810307770964,-0.159466068767022,0.343058880621605,"Southeast Asia, East Asia, and Oceania","Diarrheal diseases","Deaths","Both","Clostridium difficile","att",238
0.190305821296644,-0.0841485719266455,0.465514101044273,"Sub-Saharan Africa","Diarrheal diseases","Deaths","Both","Clostridium difficile","att",238
-0.327462605249118,-0.645852637691569,-0.00805226096817213,"Central Europe, Eastern Europe, and Central Asia","Diarrheal diseases","Deaths","Both","Clostridium difficile","att",239
0.96108411735345,0.740912013268646,1.18173741378056,"Global","Diarrheal diseases","Deaths","Both","Clostridium difficile","att",239
-1.63122158741917,-1.92173262155892,-1.33985005009953,"High-income","Diarrheal diseases","Deaths","Both","Clostridium difficile","att",239
0.279801035650085,0.0896928086838944,0.470270350126323,"Latin America and Caribbean","Diarrheal diseases","Deaths","Both","Clostridium difficile","att",239
0.965314679920537,0.693229276321161,1.2381352915114,"North Africa and Middle East","Diarrheal diseases","Deaths","Both","Clostridium difficile","att",239
1.97748308737753,1.70981810084523,2.24585247537621,"South Asia","Diarrheal diseases","Deaths","Both","Clostridium difficile","att",239
0.182170471559884,-0.0951657274416151,0.460276556902084,"Southeast Asia, East Asia, and Oceania","Diarrheal diseases","Deaths","Both","Clostridium difficile","att",239
0.165087763373495,-0.0685239609673149,0.399245606313903,"Sub-Saharan Africa","Diarrheal diseases","Deaths","Both","Clostridium difficile","att",239
-0.313036078243678,-0.643332269831842,0.0183581330010396,"Central Europe, Eastern Europe, and Central Asia","Diarrheal diseases","Deaths","Both","Clostridium difficile","att",240
0.916507345606044,0.710043051920439,1.12339490894058,"Global","Diarrheal diseases","Deaths","Both","Clostridium difficile","att",240
-1.66886366340362,-2.07005753460816,-1.26602620374963,"High-income","Diarrheal diseases","Deaths","Both","Clostridium difficile","att",240
0.22126548001129,-0.0102188417212101,0.453285706419138,"Latin America and Caribbean","Diarrheal diseases","Deaths","Both","Clostridium difficile","att",240
0.878066861867555,0.542984606692776,1.21426585450715,"North Africa and Middle East","Diarrheal diseases","Deaths","Both","Clostridium difficile","att",240
2.20645881792303,1.97236208048561,2.44109296845318,"South Asia","Diarrheal diseases","Deaths","Both","Clostridium difficile","att",240
0.0170507577873735,-0.321244443203206,0.356494083494963,"Southeast Asia, East Asia, and Oceania","Diarrheal diseases","Deaths","Both","Clostridium difficile","att",240
0.177708178398195,-0.114010066404269,0.470278389871903,"Sub-Saharan Africa","Diarrheal diseases","Deaths","Both","Clostridium difficile","att",240
-0.381043023371408,-0.71894143172313,-0.0419945936962596,"Central Europe, Eastern Europe, and Central Asia","Diarrheal diseases","Deaths","Both","Clostridium difficile","att",241
0.940323659785136,0.704849707623123,1.17634821087367,"Global","Diarrheal diseases","Deaths","Both","Clostridium difficile","att",241
-1.64381834303068,-2.03993218878297,-1.24610276115975,"High-income","Diarrheal diseases","Deaths","Both","Clostridium difficile","att",241
0.386676136725339,0.198275583864782,0.575430934887144,"Latin America and Caribbean","Diarrheal diseases","Deaths","Both","Clostridium difficile","att",241
0.75347022250567,0.455626858201308,1.05219666994272,"North Africa and Middle East","Diarrheal diseases","Deaths","Both","Clostridium difficile","att",241
2.24079696664758,2.0022906140956,2.47986100550115,"South Asia","Diarrheal diseases","Deaths","Both","Clostridium difficile","att",241
0.0134232795143685,-0.254737936191629,0.282305436106367,"Southeast Asia, East Asia, and Oceania","Diarrheal diseases","Deaths","Both","Clostridium difficile","att",241
-0.0944637463908937,-0.438489210716819,0.250750465666627,"Sub-Saharan Africa","Diarrheal diseases","Deaths","Both","Clostridium difficile","att",241
-0.356178694998965,-0.646812938565933,-0.0646942697112851,"Central Europe, Eastern Europe, and Central Asia","Diarrheal diseases","Deaths","Both","Clostridium difficile","att",242
0.809679957384657,0.56674534154828,1.05320141957239,"Global","Diarrheal diseases","Deaths","Both","Clostridium difficile","att",242
-1.72523997026426,-2.07453551747399,-1.3746985021907,"High-income","Diarrheal diseases","Deaths","Both","Clostridium difficile","att",242
0.0531246295885746,-0.155077439362228,0.261760852829895,"Latin America and Caribbean","Diarrheal diseases","Deaths","Both","Clostridium difficile","att",242
0.957744279996575,0.610819012994113,1.30586581139749,"North Africa and Middle East","Diarrheal diseases","Deaths","Both","Clostridium difficile","att",242
2.08000603005125,1.81321145854387,2.34749971852357,"South Asia","Diarrheal diseases","Deaths","Both","Clostridium difficile","att",242
0.0265933359337778,-0.256198814679043,0.310187254671512,"Southeast Asia, East Asia, and Oceania","Diarrheal diseases","Deaths","Both","Clostridium difficile","att",242
-0.00379342256430215,-0.307596421068024,0.300935386318013,"Sub-Saharan Africa","Diarrheal diseases","Deaths","Both","Clostridium difficile","att",242
-0.316972912089641,-0.571395353918536,-0.0618994425294783,"Central Europe, Eastern Europe, and Central Asia","Diarrheal diseases","Deaths","Both","Clostridium difficile","att",243
0.87578044178962,0.65685980991177,1.09517720855934,"Global","Diarrheal diseases","Deaths","Both","Clostridium difficile","att",243
-1.65832090996602,-1.9586024223059,-1.35711969443053,"High-income","Diarrheal diseases","Deaths","Both","Clostridium difficile","att",243
0.0767174921448621,-0.111788423531756,0.26557915030283,"Latin America and Caribbean","Diarrheal diseases","Deaths","Both","Clostridium difficile","att",243
0.870032876674331,0.556495635973242,1.18454773300021,"North Africa and Middle East","Diarrheal diseases","Deaths","Both","Clostridium difficile","att",243
2.13597372566572,1.88091566335178,2.39167032381069,"South Asia","Diarrheal diseases","Deaths","Both","Clostridium difficile","att",243
0.055102224601522,-0.188481687586661,0.299280588444972,"Southeast Asia, East Asia, and Oceania","Diarrheal diseases","Deaths","Both","Clostridium difficile","att",243
0.0821948427767616,-0.237872435802,0.403288994632178,"Sub-Saharan Africa","Diarrheal diseases","Deaths","Both","Clostridium difficile","att",243
-0.125850390836379,-0.461888615594253,0.211322290733329,"Central Europe, Eastern Europe, and Central Asia","Diarrheal diseases","Deaths","Both","Clostridium difficile","att",244
0.977101697593485,0.73426434590067,1.22052445068632,"Global","Diarrheal diseases","Deaths","Both","Clostridium difficile","att",244
-1.48110116866875,-1.84006546623173,-1.12082416274327,"High-income","Diarrheal diseases","Deaths","Both","Clostridium difficile","att",244
0.271460861742323,0.0380327048051576,0.505433698567503,"Latin America and Caribbean","Diarrheal diseases","Deaths","Both","Clostridium difficile","att",244
0.785753369512321,0.490322647795405,1.08205262572125,"North Africa and Middle East","Diarrheal diseases","Deaths","Both","Clostridium difficile","att",244
2.05333756729289,1.81354141350962,2.29369850052075,"South Asia","Diarrheal diseases","Deaths","Both","Clostridium difficile","att",244
0.0893945542330465,-0.179263989037692,0.358776167837238,"Southeast Asia, East Asia, and Oceania","Diarrheal diseases","Deaths","Both","Clostridium difficile","att",244
-0.0897402529079994,-0.38563740551365,0.207035840471259,"Sub-Saharan Africa","Diarrheal diseases","Deaths","Both","Clostridium difficile","att",244
-0.226064244068236,-0.564868310419264,0.113894225092204,"Central Europe, Eastern Europe, and Central Asia","Diarrheal diseases","Deaths","Both","Clostridium difficile","att",245
0.823977708215806,0.603040144505029,1.04540047999773,"Global","Diarrheal diseases","Deaths","Both","Clostridium difficile","att",245
-1.56173844981703,-1.8893576326742,-1.23302525384991,"High-income","Diarrheal diseases","Deaths","Both","Clostridium difficile","att",245
0.16244579794733,-0.0539253281115148,0.379285341243651,"Latin America and Caribbean","Diarrheal diseases","Deaths","Both","Clostridium difficile","att",245
0.901150530503925,0.570259581835919,1.23313015906961,"North Africa and Middle East","Diarrheal diseases","Deaths","Both","Clostridium difficile","att",245
2.09500394541571,1.86825760573077,2.32225499484802,"South Asia","Diarrheal diseases","Deaths","Both","Clostridium difficile","att",245
0.0725883521294657,-0.225074191054087,0.37113892393239,"Southeast Asia, East Asia, and Oceania","Diarrheal diseases","Deaths","Both","Clostridium difficile","att",245
0.212588116064327,-0.0278255281077611,0.453579908312229,"Sub-Saharan Africa","Diarrheal diseases","Deaths","Both","Clostridium difficile","att",245
-0.254993903805434,-0.591096051118056,0.0822446070414484,"Central Europe, Eastern Europe, and Central Asia","Diarrheal diseases","Deaths","Both","Clostridium difficile","att",246
0.949812352090529,0.707469768313373,1.19273810937059,"Global","Diarrheal diseases","Deaths","Both","Clostridium difficile","att",246
-1.68825636275095,-2.08826687208867,-1.28661164265557,"High-income","Diarrheal diseases","Deaths","Both","Clostridium difficile","att",246
0.163109383547999,-0.0476647191880342,0.374327955362785,"Latin America and Caribbean","Diarrheal diseases","Deaths","Both","Clostridium difficile","att",246
0.72333696486182,0.470079507825272,0.977232814341766,"North Africa and Middle East","Diarrheal diseases","Deaths","Both","Clostridium difficile","att",246
2.12682437415959,1.90589851835721,2.34822918392315,"South Asia","Diarrheal diseases","Deaths","Both","Clostridium difficile","att",246
-0.023280206425369,-0.322952534491272,0.277293066306239,"Southeast Asia, East Asia, and Oceania","Diarrheal diseases","Deaths","Both","Clostridium difficile","att",246
-0.149861101125359,-0.501412774227705,0.202932685883384,"Sub-Saharan Africa","Diarrheal diseases","Deaths","Both","Clostridium difficile","att",246
-0.290613151439501,-0.582425268460773,0.00205549735565747,"Central Europe, Eastern Europe, and Central Asia","Diarrheal diseases","Deaths","Both","Clostridium difficile","att",247
0.952293728092535,0.711695499287379,1.19346674126031,"Global","Diarrheal diseases","Deaths","Both","Clostridium difficile","att",247
-1.60232940334611,-1.93242457309146,-1.27112313423265,"High-income","Diarrheal diseases","Deaths","Both","Clostridium difficile","att",247
0.105185788016726,-0.0676345084229535,0.278304955144759,"Latin America and Caribbean","Diarrheal diseases","Deaths","Both","Clostridium difficile","att",247
0.954566633537723,0.586186272166378,1.32429612738616,"North Africa and Middle East","Diarrheal diseases","Deaths","Both","Clostridium difficile","att",247
2.1726685063405,1.92493841040031,2.42100071400519,"South Asia","Diarrheal diseases","Deaths","Both","Clostridium difficile","att",247
0.0237801066516052,-0.215620755715318,0.263755335200244,"Southeast Asia, East Asia, and Oceania","Diarrheal diseases","Deaths","Both","Clostridium difficile","att",247
-0.0622098411180438,-0.344068648557205,0.220446153064069,"Sub-Saharan Africa","Diarrheal diseases","Deaths","Both","Clostridium difficile","att",247
-0.262858305980851,-0.592865996203851,0.0682449301171895,"Central Europe, Eastern Europe, and Central Asia","Diarrheal diseases","Deaths","Both","Clostridium difficile","att",248
1.00743540914177,0.782060424540965,1.23331439101617,"Global","Diarrheal diseases","Deaths","Both","Clostridium difficile","att",248
-1.61942116201899,-1.95939762342271,-1.27826576054851,"High-income","Diarrheal diseases","Deaths","Both","Clostridium difficile","att",248
0.278374327900766,0.0751676359072917,0.481993639334699,"Latin America and Caribbean","Diarrheal diseases","Deaths","Both","Clostridium difficile","att",248
0.997774964407272,0.65810782845126,1.33858829480045,"North Africa and Middle East","Diarrheal diseases","Deaths","Both","Clostridium difficile","att",248
2.1185155753016,1.86973608716385,2.36790261614437,"South Asia","Diarrheal diseases","Deaths","Both","Clostridium difficile","att",248
0.0965474301919622,-0.143249721364824,0.336920433393595,"Southeast Asia, East Asia, and Oceania","Diarrheal diseases","Deaths","Both","Clostridium difficile","att",248
-0.333010116053956,-0.708774551215674,0.04417638747376,"Sub-Saharan Africa","Diarrheal diseases","Deaths","Both","Clostridium difficile","att",248
-0.293753290706211,-0.596924970937973,0.0103430396701132,"Central Europe, Eastern Europe, and Central Asia","Diarrheal diseases","Deaths","Both","Clostridium difficile","att",249
0.82049367809427,0.582570774537183,1.05897937605604,"Global","Diarrheal diseases","Deaths","Both","Clostridium difficile","att",249
-1.52309114799934,-1.8959503741144,-1.14881481420087,"High-income","Diarrheal diseases","Deaths","Both","Clostridium difficile","att",249
0.106457954561856,-0.0886175976678283,0.301914389031022,"Latin America and Caribbean","Diarrheal diseases","Deaths","Both","Clostridium difficile","att",249
0.862048754941958,0.498145101794178,1.2272701027461,"North Africa and Middle East","Diarrheal diseases","Deaths","Both","Clostridium difficile","att",249
2.12682886527444,1.87042836314024,2.38387470893271,"South Asia","Diarrheal diseases","Deaths","Both","Clostridium difficile","att",249
0.115072834128949,-0.0909986948889219,0.321569404679778,"Southeast Asia, East Asia, and Oceania","Diarrheal diseases","Deaths","Both","Clostridium difficile","att",249
0.0716682245997413,-0.190387044720364,0.334411533499823,"Sub-Saharan Africa","Diarrheal diseases","Deaths","Both","Clostridium difficile","att",249
-0.332474223760326,-0.654521401001029,-0.00938306962373625,"Central Europe, Eastern Europe, and Central Asia","Diarrheal diseases","Deaths","Both","Clostridium difficile","att",250
0.831373216583886,0.612636989076321,1.05058498611736,"Global","Diarrheal diseases","Deaths","Both","Clostridium difficile","att",250
-1.6197481184397,-1.99575753641182,-1.24229607840503,"High-income","Diarrheal diseases","Deaths","Both","Clostridium difficile","att",250
0.274903431991391,0.048159674257775,0.502161069558849,"Latin America and Caribbean","Diarrheal diseases","Deaths","Both","Clostridium difficile","att",250
0.765819688498981,0.501506604814694,1.03082790013276,"North Africa and Middle East","Diarrheal diseases","Deaths","Both","Clostridium difficile","att",250
2.21194937107079,1.93708388108955,2.48755601466075,"South Asia","Diarrheal diseases","Deaths","Both","Clostridium difficile","att",250
0.236670697776176,-0.00994032410224222,0.4838899500758,"Southeast Asia, East Asia, and Oceania","Diarrheal diseases","Deaths","Both","Clostridium difficile","att",250
-0.277624723283187,-0.559229812815287,0.00477784022563377,"Sub-Saharan Africa","Diarrheal diseases","Deaths","Both","Clostridium difficile","att",250
-0.335641989403479,-0.69757475428317,0.0276099308338829,"Central Europe, Eastern Europe, and Central Asia","Diarrheal diseases","Deaths","Both","Clostridium difficile","att",251
0.741970464061925,0.548500231401139,0.935812962155214,"Global","Diarrheal diseases","Deaths","Both","Clostridium difficile","att",251
-1.64339528181595,-2.02598288768309,-1.25931367498328,"High-income","Diarrheal diseases","Deaths","Both","Clostridium difficile","att",251
0.28688466383342,0.136635643076155,0.437359124242165,"Latin America and Caribbean","Diarrheal diseases","Deaths","Both","Clostridium difficile","att",251
0.934077213335871,0.552614219611169,1.3169873500982,"North Africa and Middle East","Diarrheal diseases","Deaths","Both","Clostridium difficile","att",251
1.98673647237677,1.69831165883154,2.2759792825211,"South Asia","Diarrheal diseases","Deaths","Both","Clostridium difficile","att",251
0.0427293316782817,-0.185515439083084,0.271496027444917,"Southeast Asia, East Asia, and Oceania","Diarrheal diseases","Deaths","Both","Clostridium difficile","att",251
-0.0724070290051504,-0.338602306113067,0.194499254843516,"Sub-Saharan Africa","Diarrheal diseases","Deaths","Both","Clostridium difficile","att",251
-0.199574616922649,-0.545769456687184,0.147825308502125,"Central Europe, Eastern Europe, and Central Asia","Diarrheal diseases","Deaths","Both","Clostridium difficile","att",252
0.933655786256704,0.704115928934823,1.16371884509436,"Global","Diarrheal diseases","Deaths","Both","Clostridium difficile","att",252
-1.70141540710905,-2.02289179528176,-1.37888421062401,"High-income","Diarrheal diseases","Deaths","Both","Clostridium difficile","att",252
0.118672539850007,-0.0964894972766195,0.334297971125497,"Latin America and Caribbean","Diarrheal diseases","Deaths","Both","Clostridium difficile","att",252
0.995669738312643,0.667676971249498,1.32473116274907,"North Africa and Middle East","Diarrheal diseases","Deaths","Both","Clostridium difficile","att",252
2.11531906661597,1.82972063217173,2.40171850950108,"South Asia","Diarrheal diseases","Deaths","Both","Clostridium difficile","att",252
-0.138374619397486,-0.39127139491083,0.115164236182141,"Southeast Asia, East Asia, and Oceania","Diarrheal diseases","Deaths","Both","Clostridium difficile","att",252
0.22055154549856,-0.0801147120387813,0.522122529839386,"Sub-Saharan Africa","Diarrheal diseases","Deaths","Both","Clostridium difficile","att",252
-0.30139983795221,-0.625388258157467,0.0236448731364858,"Central Europe, Eastern Europe, and Central Asia","Diarrheal diseases","Deaths","Both","Clostridium difficile","att",253
0.870166796861427,0.66075755629722,1.08001168117693,"Global","Diarrheal diseases","Deaths","Both","Clostridium difficile","att",253
-1.66079350482872,-1.96051454429512,-1.36015617432834,"High-income","Diarrheal diseases","Deaths","Both","Clostridium difficile","att",253
0.224099420735024,-0.0132936024534236,0.462056073324724,"Latin America and Caribbean","Diarrheal diseases","Deaths","Both","Clostridium difficile","att",253
0.861439421889276,0.579555953986954,1.14411289416898,"North Africa and Middle East","Diarrheal diseases","Deaths","Both","Clostridium difficile","att",253
1.96546998153388,1.72837955940104,2.20311297187346,"South Asia","Diarrheal diseases","Deaths","Both","Clostridium difficile","att",253
0.0214199895219647,-0.248977837455999,0.292550791293067,"Southeast Asia, East Asia, and Oceania","Diarrheal diseases","Deaths","Both","Clostridium difficile","att",253
0.193740038961687,-0.0733775117757629,0.461571631504376,"Sub-Saharan Africa","Diarrheal diseases","Deaths","Both","Clostridium difficile","att",253
-0.189718295630736,-0.516852347028496,0.138491482562042,"Central Europe, Eastern Europe, and Central Asia","Diarrheal diseases","Deaths","Both","Clostridium difficile","att",254
0.935322566834729,0.70204868906425,1.16913681794182,"Global","Diarrheal diseases","Deaths","Both","Clostridium difficile","att",254
-1.58234262955568,-1.96447914210477,-1.19871657206466,"High-income","Diarrheal diseases","Deaths","Both","Clostridium difficile","att",254
0.114793912365241,-0.122890097428463,0.353043554149779,"Latin America and Caribbean","Diarrheal diseases","Deaths","Both","Clostridium difficile","att",254
0.823517729677281,0.462441742714637,1.18589147395201,"North Africa and Middle East","Diarrheal diseases","Deaths","Both","Clostridium difficile","att",254
2.00998780283188,1.75057356260333,2.27006342260532,"South Asia","Diarrheal diseases","Deaths","Both","Clostridium difficile","att",254
0.318137822836184,-0.00263881469874105,0.639943464036485,"Southeast Asia, East Asia, and Oceania","Diarrheal diseases","Deaths","Both","Clostridium difficile","att",254
0.150731629438083,-0.116116285690815,0.418292450464897,"Sub-Saharan Africa","Diarrheal diseases","Deaths","Both","Clostridium difficile","att",254
-0.261214671420107,-0.591216385066473,0.0698825302409833,"Central Europe, Eastern Europe, and Central Asia","Diarrheal diseases","Deaths","Both","Clostridium difficile","att",255
0.906178206045793,0.680555408311023,1.13230661925565,"Global","Diarrheal diseases","Deaths","Both","Clostridium difficile","att",255
-1.66316070473763,-1.99126918474782,-1.33395380039566,"High-income","Diarrheal diseases","Deaths","Both","Clostridium difficile","att",255
0.22782521943816,0.00811589334834828,0.448017228233666,"Latin America and Caribbean","Diarrheal diseases","Deaths","Both","Clostridium difficile","att",255
0.739410752230496,0.388439483489611,1.09160906297059,"North Africa and Middle East","Diarrheal diseases","Deaths","Both","Clostridium difficile","att",255
2.1087532669781,1.8681166298204,2.34995834491061,"South Asia","Diarrheal diseases","Deaths","Both","Clostridium difficile","att",255
0.100187240992899,-0.166510379767038,0.367597324286084,"Southeast Asia, East Asia, and Oceania","Diarrheal diseases","Deaths","Both","Clostridium difficile","att",255
-0.0995670172507568,-0.407760700491488,0.209580388358876,"Sub-Saharan Africa","Diarrheal diseases","Deaths","Both","Clostridium difficile","att",255
-0.257659828658352,-0.575641188836962,0.0613385071048134,"Central Europe, Eastern Europe, and Central Asia","Diarrheal diseases","Deaths","Both","Clostridium difficile","att",256
1.03422832919555,0.840639200864701,1.22818910085296,"Global","Diarrheal diseases","Deaths","Both","Clostridium difficile","att",256
-1.53158165104895,-1.8944804946892,-1.16734042044231,"High-income","Diarrheal diseases","Deaths","Both","Clostridium difficile","att",256
0.0251433837681114,-0.19422286112688,0.244991780606396,"Latin America and Caribbean","Diarrheal diseases","Deaths","Both","Clostridium difficile","att",256
0.894417367263167,0.597553867719269,1.19215691134269,"North Africa and Middle East","Diarrheal diseases","Deaths","Both","Clostridium difficile","att",256
2.20655605661242,1.91974790068539,2.49417130753331,"South Asia","Diarrheal diseases","Deaths","Both","Clostridium difficile","att",256
0.143968122575222,-0.105121430756461,0.393678784881324,"Southeast Asia, East Asia, and Oceania","Diarrheal diseases","Deaths","Both","Clostridium difficile","att",256
0.323114944495551,0.090998504605122,0.555769674966267,"Sub-Saharan Africa","Diarrheal diseases","Deaths","Both","Clostridium difficile","att",256
-0.22252896933902,-0.590028439121437,0.1463290750227,"Central Europe, Eastern Europe, and Central Asia","Diarrheal diseases","Deaths","Both","Clostridium difficile","att",257
0.965836572890733,0.73556454237258,1.19663498362308,"Global","Diarrheal diseases","Deaths","Both","Clostridium difficile","att",257
-1.48449970438636,-1.88345813682906,-1.08391903956778,"High-income","Diarrheal diseases","Deaths","Both","Clostridium difficile","att",257
0.182853970330288,-0.0352540618863695,0.401437881450772,"Latin America and Caribbean","Diarrheal diseases","Deaths","Both","Clostridium difficile","att",257
0.965150249026592,0.669471301752145,1.26169764270023,"North Africa and Middle East","Diarrheal diseases","Deaths","Both","Clostridium difficile","att",257
2.22102398203641,2.01887126431473,2.42357726997393,"South Asia","Diarrheal diseases","Deaths","Both","Clostridium difficile","att",257
0.0861782545777734,-0.170116857210689,0.343131357563431,"Southeast Asia, East Asia, and Oceania","Diarrheal diseases","Deaths","Both","Clostridium difficile","att",257
-0.462410938619218,-0.845261354730265,-0.0780822831106587,"Sub-Saharan Africa","Diarrheal diseases","Deaths","Both","Clostridium difficile","att",257
-0.44154040058022,-0.757782807250906,-0.124290264914706,"Central Europe, Eastern Europe, and Central Asia","Diarrheal diseases","Deaths","Both","Clostridium difficile","att",258
0.740892604305299,0.521664051846882,0.960599274179152,"Global","Diarrheal diseases","Deaths","Both","Clostridium difficile","att",258
-1.69974729019473,-2.04483453064754,-1.35344433842181,"High-income","Diarrheal diseases","Deaths","Both","Clostridium difficile","att",258
0.179775506623892,0.0242900847836847,0.335502626919393,"Latin America and Caribbean","Diarrheal diseases","Deaths","Both","Clostridium difficile","att",258
0.813717996366403,0.491760825428322,1.13670665903145,"North Africa and Middle East","Diarrheal diseases","Deaths","Both","Clostridium difficile","att",258
2.0450210221179,1.81154462324082,2.27903283403714,"South Asia","Diarrheal diseases","Deaths","Both","Clostridium difficile","att",258
-0.0564893749527284,-0.301524563542332,0.189148051969834,"Southeast Asia, East Asia, and Oceania","Diarrheal diseases","Deaths","Both","Clostridium difficile","att",258
-0.122911724183572,-0.419189845559076,0.174247899612623,"Sub-Saharan Africa","Diarrheal diseases","Deaths","Both","Clostridium difficile","att",258
-0.283333327115931,-0.664532570769116,0.0993287662838904,"Central Europe, Eastern Europe, and Central Asia","Diarrheal diseases","Deaths","Both","Clostridium difficile","att",259
0.858167438514124,0.669714649934217,1.04697300899721,"Global","Diarrheal diseases","Deaths","Both","Clostridium difficile","att",259
-1.55012548429813,-1.9402830392388,-1.15841558021353,"High-income","Diarrheal diseases","Deaths","Both","Clostridium difficile","att",259
0.205771288761114,0.0138743599525259,0.398036410798119,"Latin America and Caribbean","Diarrheal diseases","Deaths","Both","Clostridium difficile","att",259
0.811789691024889,0.539670953480953,1.08464493990428,"North Africa and Middle East","Diarrheal diseases","Deaths","Both","Clostridium difficile","att",259
2.10624593712074,1.84155906519261,2.37162073194412,"South Asia","Diarrheal diseases","Deaths","Both","Clostridium difficile","att",259
0.138344702166027,-0.0802344532723209,0.357402009719032,"Southeast Asia, East Asia, and Oceania","Diarrheal diseases","Deaths","Both","Clostridium difficile","att",259
0.082720497251576,-0.177773480230148,0.343894254324151,"Sub-Saharan Africa","Diarrheal diseases","Deaths","Both","Clostridium difficile","att",259
-0.383932597817538,-0.672859578447771,-0.0941651741847127,"Central Europe, Eastern Europe, and Central Asia","Diarrheal diseases","Deaths","Both","Clostridium difficile","att",260
1.06199558126454,0.857148002796793,1.2672592187944,"Global","Diarrheal diseases","Deaths","Both","Clostridium difficile","att",260
-1.58085501656947,-1.89145708465861,-1.26926961265823,"High-income","Diarrheal diseases","Deaths","Both","Clostridium difficile","att",260
0.0841909807657526,-0.152580630574928,0.321524056752076,"Latin America and Caribbean","Diarrheal diseases","Deaths","Both","Clostridium difficile","att",260
0.838800269449314,0.531977256391425,1.14655970456821,"North Africa and Middle East","Diarrheal diseases","Deaths","Both","Clostridium difficile","att",260
2.16538029909243,1.91880358457615,2.41255356766943,"South Asia","Diarrheal diseases","Deaths","Both","Clostridium difficile","att",260
-0.0516496551712042,-0.311342251391211,0.208719449751538,"Southeast Asia, East Asia, and Oceania","Diarrheal diseases","Deaths","Both","Clostridium difficile","att",260
-0.181067992513739,-0.486114312313957,0.124913405407301,"Sub-Saharan Africa","Diarrheal diseases","Deaths","Both","Clostridium difficile","att",260
-0.239498991056297,-0.569767290254952,0.0918663301092693,"Central Europe, Eastern Europe, and Central Asia","Diarrheal diseases","Deaths","Both","Clostridium difficile","att",261
0.850801020496994,0.626187013689128,1.0759164022804,"Global","Diarrheal diseases","Deaths","Both","Clostridium difficile","att",261
-1.665794304183,-2.03355341680806,-1.2966546498558,"High-income","Diarrheal diseases","Deaths","Both","Clostridium difficile","att",261
0.0655949860596916,-0.152359706950056,0.284025446429226,"Latin America and Caribbean","Diarrheal diseases","Deaths","Both","Clostridium difficile","att",261
0.768161824176983,0.449056297822903,1.08828108167698,"North Africa and Middle East","Diarrheal diseases","Deaths","Both","Clostridium difficile","att",261
2.2596338761647,1.98042995819339,2.53960220381586,"South Asia","Diarrheal diseases","Deaths","Both","Clostridium difficile","att",261
0.0237150989927049,-0.260291169168647,0.30853006773377,"Southeast Asia, East Asia, and Oceania","Diarrheal diseases","Deaths","Both","Clostridium difficile","att",261
0.0954121981221467,-0.131127110051454,0.322465380705905,"Sub-Saharan Africa","Diarrheal diseases","Deaths","Both","Clostridium difficile","att",261
-0.113641192740133,-0.486926868685289,0.26104472330899,"Central Europe, Eastern Europe, and Central Asia","Diarrheal diseases","Deaths","Both","Clostridium difficile","att",262
0.926005734644897,0.700719402604988,1.15179607431954,"Global","Diarrheal diseases","Deaths","Both","Clostridium difficile","att",262
-1.71782042618495,-2.07003538938304,-1.36433868646147,"High-income","Diarrheal diseases","Deaths","Both","Clostridium difficile","att",262
0.249492563555309,0.0535256099543746,0.445843342180607,"Latin America and Caribbean","Diarrheal diseases","Deaths","Both","Clostridium difficile","att",262
0.987435153211269,0.681069909819954,1.29473264396986,"North Africa and Middle East","Diarrheal diseases","Deaths","Both","Clostridium difficile","att",262
2.18461220243178,1.94288354744176,2.42691404841473,"South Asia","Diarrheal diseases","Deaths","Both","Clostridium difficile","att",262
0.127905006134732,-0.0714455210996001,0.327653223828173,"Southeast Asia, East Asia, and Oceania","Diarrheal diseases","Deaths","Both","Clostridium difficile","att",262
0.0266844202077676,-0.247317604628439,0.30143907753275,"Sub-Saharan Africa","Diarrheal diseases","Deaths","Both","Clostridium difficile","att",262
-0.284751754008072,-0.60024704611944,0.0317449216720389,"Central Europe, Eastern Europe, and Central Asia","Diarrheal diseases","Deaths","Both","Clostridium difficile","att",263
0.831653364984297,0.600861622086057,1.06297457480491,"Global","Diarrheal diseases","Deaths","Both","Clostridium difficile","att",263
-1.52432615322631,-1.84527627292009,-1.20232657839252,"High-income","Diarrheal diseases","Deaths","Both","Clostridium difficile","att",263
0.216252086661761,0.00920134719586407,0.423731486772216,"Latin America and Caribbean","Diarrheal diseases","Deaths","Both","Clostridium difficile","att",263
0.814185322885086,0.513947237752888,1.11532022791383,"North Africa and Middle East","Diarrheal diseases","Deaths","Both","Clostridium difficile","att",263
2.00988186582514,1.72256241920674,2.29801285771376,"South Asia","Diarrheal diseases","Deaths","Both","Clostridium difficile","att",263
0.176939324961967,-0.0696712755550943,0.42415851737565,"Southeast Asia, East Asia, and Oceania","Diarrheal diseases","Deaths","Both","Clostridium difficile","att",263
-0.0941092259010845,-0.373603422430768,0.186169070110043,"Sub-Saharan Africa","Diarrheal diseases","Deaths","Both","Clostridium difficile","att",263
-0.216162364541339,-0.600979082787623,0.170144146112117,"Central Europe, Eastern Europe, and Central Asia","Diarrheal diseases","Deaths","Both","Clostridium difficile","att",264
0.737798732450834,0.497965936350364,0.978203876156036,"Global","Diarrheal diseases","Deaths","Both","Clostridium difficile","att",264
-1.68224108636569,-2.03467215662557,-1.3285421424405,"High-income","Diarrheal diseases","Deaths","Both","Clostridium difficile","att",264
0.149103614050405,-0.0428413629954383,0.34141717774594,"Latin America and Caribbean","Diarrheal diseases","Deaths","Both","Clostridium difficile","att",264
0.864154984587007,0.500090761638927,1.22953803976127,"North Africa and Middle East","Diarrheal diseases","Deaths","Both","Clostridium difficile","att",264
2.10292799356673,1.86513856780908,2.34127250432987,"South Asia","Diarrheal diseases","Deaths","Both","Clostridium difficile","att",264
0.0463438418583761,-0.205780152247059,0.299104811817719,"Southeast Asia, East Asia, and Oceania","Diarrheal diseases","Deaths","Both","Clostridium difficile","att",264
0.0876213276360893,-0.159276374319517,0.335129586817406,"Sub-Saharan Africa","Diarrheal diseases","Deaths","Both","Clostridium difficile","att",264
-0.230922338147499,-0.541699099795911,0.0808255058007967,"Central Europe, Eastern Europe, and Central Asia","Diarrheal diseases","Deaths","Both","Clostridium difficile","att",265
0.93627326209611,0.719511055269551,1.15350197093222,"Global","Diarrheal diseases","Deaths","Both","Clostridium difficile","att",265
-1.5458120867308,-1.91436095858089,-1.17587842224166,"High-income","Diarrheal diseases","Deaths","Both","Clostridium difficile","att",265
0.148347879536215,-0.0804118838512613,0.377631374359466,"Latin America and Caribbean","Diarrheal diseases","Deaths","Both","Clostridium difficile","att",265
0.653534555916968,0.347218324133158,0.960785837375533,"North Africa and Middle East","Diarrheal diseases","Deaths","Both","Clostridium difficile","att",265
1.99555888569642,1.77870198442476,2.21287783762025,"South Asia","Diarrheal diseases","Deaths","Both","Clostridium difficile","att",265
0.0644881595442515,-0.163650166797968,0.293147809993699,"Southeast Asia, East Asia, and Oceania","Diarrheal diseases","Deaths","Both","Clostridium difficile","att",265
-0.307364270773147,-0.587332794047979,-0.0266072929056893,"Sub-Saharan Africa","Diarrheal diseases","Deaths","Both","Clostridium difficile","att",265
-0.241237251369286,-0.540584826502455,0.0590112839252033,"Central Europe, Eastern Europe, and Central Asia","Diarrheal diseases","Deaths","Both","Clostridium difficile","att",266
0.934230581181739,0.724988452299247,1.143907381432,"Global","Diarrheal diseases","Deaths","Both","Clostridium difficile","att",266
-1.53603416760848,-1.90409639388102,-1.16659094786499,"High-income","Diarrheal diseases","Deaths","Both","Clostridium difficile","att",266
0.049566462583539,-0.164233053755636,0.263823833202648,"Latin America and Caribbean","Diarrheal diseases","Deaths","Both","Clostridium difficile","att",266
0.763459136253886,0.42706868557274,1.10097636019237,"North Africa and Middle East","Diarrheal diseases","Deaths","Both","Clostridium difficile","att",266
2.24221990887248,1.95093444403376,2.5343376095557,"South Asia","Diarrheal diseases","Deaths","Both","Clostridium difficile","att",266
0.0483224848558894,-0.200727579496329,0.297994056089368,"Southeast Asia, East Asia, and Oceania","Diarrheal diseases","Deaths","Both","Clostridium difficile","att",266
0.0595980961126452,-0.16954918532649,0.289271354106657,"Sub-Saharan Africa","Diarrheal diseases","Deaths","Both","Clostridium difficile","att",266
-0.317056811102356,-0.669240794708392,0.0363758648453283,"Central Europe, Eastern Europe, and Central Asia","Diarrheal diseases","Deaths","Both","Clostridium difficile","att",267
0.819802086443144,0.584255689227686,1.05590008196654,"Global","Diarrheal diseases","Deaths","Both","Clostridium difficile","att",267
-1.52442777254619,-1.88462105748971,-1.16291217499565,"High-income","Diarrheal diseases","Deaths","Both","Clostridium difficile","att",267
0.184232690733599,-0.00825074724616348,0.37708665802374,"Latin America and Caribbean","Diarrheal diseases","Deaths","Both","Clostridium difficile","att",267
0.881714569585879,0.48331678822775,1.28169192452163,"North Africa and Middle East","Diarrheal diseases","Deaths","Both","Clostridium difficile","att",267
2.22548367638389,2.00084693392431,2.45061513695197,"South Asia","Diarrheal diseases","Deaths","Both","Clostridium difficile","att",267
-0.198082191078774,-0.421491537529606,0.0258283853749264,"Southeast Asia, East Asia, and Oceania","Diarrheal diseases","Deaths","Both","Clostridium difficile","att",267
0.143398203775669,-0.115395596198187,0.402862519804548,"Sub-Saharan Africa","Diarrheal diseases","Deaths","Both","Clostridium difficile","att",267
-0.207829588357644,-0.498618384805471,0.0838090266833236,"Central Europe, Eastern Europe, and Central Asia","Diarrheal diseases","Deaths","Both","Clostridium difficile","att",268
0.803924824155566,0.602627705457981,1.00562472090098,"Global","Diarrheal diseases","Deaths","Both","Clostridium difficile","att",268
-1.55696944935112,-1.87239818391431,-1.24052677696873,"High-income","Diarrheal diseases","Deaths","Both","Clostridium difficile","att",268
0.191388882216925,-0.0147341566637094,0.397936850778957,"Latin America and Caribbean","Diarrheal diseases","Deaths","Both","Clostridium difficile","att",268
0.972179280377961,0.604140723721946,1.34156422673732,"North Africa and Middle East","Diarrheal diseases","Deaths","Both","Clostridium difficile","att",268
1.9461498002473,1.72603156333113,2.16674433646935,"South Asia","Diarrheal diseases","Deaths","Both","Clostridium difficile","att",268
-0.0452991001325231,-0.295808696065902,0.205839908234129,"Southeast Asia, East Asia, and Oceania","Diarrheal diseases","Deaths","Both","Clostridium difficile","att",268
-0.0858615381216565,-0.391376582515912,0.220590568136814,"Sub-Saharan Africa","Diarrheal diseases","Deaths","Both","Clostridium difficile","att",268
-0.290735786534424,-0.571946618689467,-0.00872961011353368,"Central Europe, Eastern Europe, and Central Asia","Diarrheal diseases","Deaths","Both","Clostridium difficile","att",269
0.944059745233794,0.722481318094226,1.16612562064438,"Global","Diarrheal diseases","Deaths","Both","Clostridium difficile","att",269
-1.43043832844612,-1.79013904980733,-1.06942017716802,"High-income","Diarrheal diseases","Deaths","Both","Clostridium difficile","att",269
0.178143696035815,-0.00638413161028195,0.363012050613354,"Latin America and Caribbean","Diarrheal diseases","Deaths","Both","Clostridium difficile","att",269
0.636279474861801,0.328462021725051,0.945041341802444,"North Africa and Middle East","Diarrheal diseases","Deaths","Both","Clostridium difficile","att",269
1.9887443228402,1.7460607437418,2.23200674812816,"South Asia","Diarrheal diseases","Deaths","Both","Clostridium difficile","att",269
-0.0202146273299508,-0.333257949328525,0.293811932601673,"Southeast Asia, East Asia, and Oceania","Diarrheal diseases","Deaths","Both","Clostridium difficile","att",269
0.0324140327399247,-0.227694788227417,0.293200963715856,"Sub-Saharan Africa","Diarrheal diseases","Deaths","Both","Clostridium difficile","att",269
-0.293175385901612,-0.579359136900959,-0.00616785084068816,"Central Europe, Eastern Europe, and Central Asia","Diarrheal diseases","Deaths","Both","Clostridium difficile","att",270
0.891637646257393,0.644007133189439,1.13987744419732,"Global","Diarrheal diseases","Deaths","Both","Clostridium difficile","att",270
-1.81693693570996,-2.15015206836913,-1.482587081567,"High-income","Diarrheal diseases","Deaths","Both","Clostridium difficile","att",270
0.262906155948905,0.0823570821475439,0.443780941184357,"Latin America and Caribbean","Diarrheal diseases","Deaths","Both","Clostridium difficile","att",270
0.915312530041201,0.62374049836722,1.20772943439864,"North Africa and Middle East","Diarrheal diseases","Deaths","Both","Clostridium difficile","att",270
1.89140566455919,1.62190367335358,2.16162237690893,"South Asia","Diarrheal diseases","Deaths","Both","Clostridium difficile","att",270
-0.0137613781275414,-0.244698421493483,0.217710292643214,"Southeast Asia, East Asia, and Oceania","Diarrheal diseases","Deaths","Both","Clostridium difficile","att",270
-0.063460589112363,-0.35258071115134,0.226498395042318,"Sub-Saharan Africa","Diarrheal diseases","Deaths","Both","Clostridium difficile","att",270
-0.241491857776532,-0.545060587751056,0.063003462414235,"Central Europe, Eastern Europe, and Central Asia","Diarrheal diseases","Deaths","Both","Clostridium difficile","att",271
0.937536833812302,0.71058155094712,1.16500356939304,"Global","Diarrheal diseases","Deaths","Both","Clostridium difficile","att",271
-1.68476253725245,-1.98488140131359,-1.3837247197293,"High-income","Diarrheal diseases","Deaths","Both","Clostridium difficile","att",271
0.234247952197375,0.0449177557988234,0.423936446889051,"Latin America and Caribbean","Diarrheal diseases","Deaths","Both","Clostridium difficile","att",271
0.976801721908105,0.625186849406911,1.32964524324397,"North Africa and Middle East","Diarrheal diseases","Deaths","Both","Clostridium difficile","att",271
1.97726169168784,1.66727130280737,2.28819726223759,"South Asia","Diarrheal diseases","Deaths","Both","Clostridium difficile","att",271
-0.0538019819615876,-0.329246690072416,0.222403930260828,"Southeast Asia, East Asia, and Oceania","Diarrheal diseases","Deaths","Both","Clostridium difficile","att",271
-0.077031622647894,-0.329192974270476,0.175767682545547,"Sub-Saharan Africa","Diarrheal diseases","Deaths","Both","Clostridium difficile","att",271
-0.242903067444888,-0.589819423239457,0.105223938579058,"Central Europe, Eastern Europe, and Central Asia","Diarrheal diseases","Deaths","Both","Clostridium difficile","att",272
0.761917538852552,0.526973719849622,0.997410450263669,"Global","Diarrheal diseases","Deaths","Both","Clostridium difficile","att",272
-1.64092616247422,-1.9514670451757,-1.32940172971929,"High-income","Diarrheal diseases","Deaths","Both","Clostridium difficile","att",272
0.257097583427202,0.0319871362194801,0.482714615727287,"Latin America and Caribbean","Diarrheal diseases","Deaths","Both","Clostridium difficile","att",272
0.835623602025826,0.580128812141756,1.09176740268797,"North Africa and Middle East","Diarrheal diseases","Deaths","Both","Clostridium difficile","att",272
1.96436539335263,1.71380332627555,2.21554469572525,"South Asia","Diarrheal diseases","Deaths","Both","Clostridium difficile","att",272
0.0141933998940802,-0.260370687585276,0.289513309694556,"Southeast Asia, East Asia, and Oceania","Diarrheal diseases","Deaths","Both","Clostridium difficile","att",272
0.0247479821302354,-0.220347226266171,0.270445233723904,"Sub-Saharan Africa","Diarrheal diseases","Deaths","Both","Clostridium difficile","att",272
-0.0998108087255423,-0.376512559707942,0.177659474467107,"Central Europe, Eastern Europe, and Central Asia","Diarrheal diseases","Deaths","Both","Clostridium difficile","att",273
0.961977901153999,0.711363459567127,1.21321598237967,"Global","Diarrheal diseases","Deaths","Both","Clostridium difficile","att",273
-1.60032413265944,-1.94581976296255,-1.25361114242052,"High-income","Diarrheal diseases","Deaths","Both","Clostridium difficile","att",273
0.164954260374883,0.00901406468343247,0.321137607594801,"Latin America and Caribbean","Diarrheal diseases","Deaths","Both","Clostridium difficile","att",273
0.710984860485842,0.432788896116221,0.989951419752222,"North Africa and Middle East","Diarrheal diseases","Deaths","Both","Clostridium difficile","att",273
1.97777754290387,1.76147247601381,2.19454238971675,"South Asia","Diarrheal diseases","Deaths","Both","Clostridium difficile","att",273
0.0162368766310816,-0.243813846977892,0.276965516883187,"Southeast Asia, East Asia, and Oceania","Diarrheal diseases","Deaths","Both","Clostridium difficile","att",273
-0.0186450231181801,-0.291936433067186,0.25539545558293,"Sub-Saharan Africa","Diarrheal diseases","Deaths","Both","Clostridium difficile","att",273
-0.289556203187069,-0.595999160128602,0.0178314570366656,"Central Europe, Eastern Europe, and Central Asia","Diarrheal diseases","Deaths","Both","Clostridium difficile","att",274
0.816202250519393,0.591584493777408,1.04132157145185,"Global","Diarrheal diseases","Deaths","Both","Clostridium difficile","att",274
-1.71006522683245,-2.09660328062997,-1.32200105982495,"High-income","Diarrheal diseases","Deaths","Both","Clostridium difficile","att",274
0.248364224603881,0.0475456457871504,0.449585892785143,"Latin America and Caribbean","Diarrheal diseases","Deaths","Both","Clostridium difficile","att",274
0.818899284224406,0.468398878160214,1.17062246815731,"North Africa and Middle East","Diarrheal diseases","Deaths","Both","Clostridium difficile","att",274
2.12727081663322,1.85979206318705,2.39545195599729,"South Asia","Diarrheal diseases","Deaths","Both","Clostridium difficile","att",274
0.0874597971069146,-0.18476074878454,0.360422754940282,"Southeast Asia, East Asia, and Oceania","Diarrheal diseases","Deaths","Both","Clostridium difficile","att",274
-0.0671054599765464,-0.358997969079,0.225642131221981,"Sub-Saharan Africa","Diarrheal diseases","Deaths","Both","Clostridium difficile","att",274
-0.372068398215764,-0.681319838219197,-0.0618540330809325,"Central Europe, Eastern Europe, and Central Asia","Diarrheal diseases","Deaths","Both","Clostridium difficile","att",275
0.879341448075954,0.649342130023989,1.10986635015247,"Global","Diarrheal diseases","Deaths","Both","Clostridium difficile","att",275
-1.69402872622618,-2.04357834652493,-1.34323176619218,"High-income","Diarrheal diseases","Deaths","Both","Clostridium difficile","att",275
0.167529356448992,-0.0230035455805466,0.35842536987456,"Latin America and Caribbean","Diarrheal diseases","Deaths","Both","Clostridium difficile","att",275
0.961611671570362,0.661885621653391,1.26223017153877,"North Africa and Middle East","Diarrheal diseases","Deaths","Both","Clostridium difficile","att",275
2.07663171896333,1.85787593086377,2.29585731947937,"South Asia","Diarrheal diseases","Deaths","Both","Clostridium difficile","att",275
0.0383903155271481,-0.241660624338824,0.319227440582348,"Southeast Asia, East Asia, and Oceania","Diarrheal diseases","Deaths","Both","Clostridium difficile","att",275
0.215878728417618,-0.0251166431645578,0.457455033602061,"Sub-Saharan Africa","Diarrheal diseases","Deaths","Both","Clostridium difficile","att",275
-0.422502730763163,-0.706027511753626,-0.138168370908831,"Central Europe, Eastern Europe, and Central Asia","Diarrheal diseases","Deaths","Both","Clostridium difficile","att",276
0.800012657912386,0.545732072807503,1.05493631970117,"Global","Diarrheal diseases","Deaths","Both","Clostridium difficile","att",276
-1.72763862096353,-2.04266499583179,-1.41159913547055,"High-income","Diarrheal diseases","Deaths","Both","Clostridium difficile","att",276
0.240246833716973,0.044779394151595,0.436096177467249,"Latin America and Caribbean","Diarrheal diseases","Deaths","Both","Clostridium difficile","att",276
0.768003662728955,0.41715727762317,1.12007586610405,"North Africa and Middle East","Diarrheal diseases","Deaths","Both","Clostridium difficile","att",276
2.20387597606411,1.97974545458031,2.42849909037051,"South Asia","Diarrheal diseases","Deaths","Both","Clostridium difficile","att",276
0.123591490180508,-0.132134537690454,0.379972341312484,"Southeast Asia, East Asia, and Oceania","Diarrheal diseases","Deaths","Both","Clostridium difficile","att",276
-0.345604727451831,-0.683842397819645,-0.00621513251888306,"Sub-Saharan Africa","Diarrheal diseases","Deaths","Both","Clostridium difficile","att",276
-0.288375642501182,-0.581303146532874,0.00541494388155428,"Central Europe, Eastern Europe, and Central Asia","Diarrheal diseases","Deaths","Both","Clostridium difficile","att",277
0.893761335498411,0.668353882916395,1.11967350001541,"Global","Diarrheal diseases","Deaths","Both","Clostridium difficile","att",277
-1.57262384415182,-1.92360264250081,-1.22038902376074,"High-income","Diarrheal diseases","Deaths","Both","Clostridium difficile","att",277
0.142073535377762,-0.0778563577264801,0.362487496938879,"Latin America and Caribbean","Diarrheal diseases","Deaths","Both","Clostridium difficile","att",277
1.08997625625757,0.762534199253695,1.4184823823775,"North Africa and Middle East","Diarrheal diseases","Deaths","Both","Clostridium difficile","att",277
2.04192764850111,1.79041311122434,2.29406365454421,"South Asia","Diarrheal diseases","Deaths","Both","Clostridium difficile","att",277
-0.105231300421804,-0.356726828850784,0.146898992390221,"Southeast Asia, East Asia, and Oceania","Diarrheal diseases","Deaths","Both","Clostridium difficile","att",277
-0.0668835658008904,-0.41950519157794,0.286986718272186,"Sub-Saharan Africa","Diarrheal diseases","Deaths","Both","Clostridium difficile","att",277
-0.24040955243998,-0.538973023752976,0.059050150785267,"Central Europe, Eastern Europe, and Central Asia","Diarrheal diseases","Deaths","Both","Clostridium difficile","att",278
1.08221471110954,0.890672362971046,1.27412070506654,"Global","Diarrheal diseases","Deaths","Both","Clostridium difficile","att",278
-1.61411088239263,-1.89406525105601,-1.33335763801664,"High-income","Diarrheal diseases","Deaths","Both","Clostridium difficile","att",278
0.188073763131769,-0.0232081855873645,0.399802216094991,"Latin America and Caribbean","Diarrheal diseases","Deaths","Both","Clostridium difficile","att",278
1.05364928338163,0.775630414725725,1.33243514789763,"North Africa and Middle East","Diarrheal diseases","Deaths","Both","Clostridium difficile","att",278
2.11419328424232,1.87321597929473,2.35574061204569,"South Asia","Diarrheal diseases","Deaths","Both","Clostridium difficile","att",278
0.0546669084206863,-0.227301255770318,0.337431944367372,"Southeast Asia, East Asia, and Oceania","Diarrheal diseases","Deaths","Both","Clostridium difficile","att",278
-0.458594416644054,-0.881734793592326,-0.0336476342039926,"Sub-Saharan Africa","Diarrheal diseases","Deaths","Both","Clostridium difficile","att",278
-0.209007059813038,-0.50238928993761,0.0852402476972047,"Central Europe, Eastern Europe, and Central Asia","Diarrheal diseases","Deaths","Both","Clostridium difficile","att",279
0.830474240959966,0.625567417682182,1.03579832207095,"Global","Diarrheal diseases","Deaths","Both","Clostridium difficile","att",279
-1.61931693446804,-1.95374304042043,-1.28375013407395,"High-income","Diarrheal diseases","Deaths","Both","Clostridium difficile","att",279
0.196154036676854,-0.00112589814996733,0.393823169612517,"Latin America and Caribbean","Diarrheal diseases","Deaths","Both","Clostridium difficile","att",279
0.814978586482606,0.494335824953995,1.13664440846213,"North Africa and Middle East","Diarrheal diseases","Deaths","Both","Clostridium difficile","att",279
1.90953133188956,1.63100989856446,2.18881605772647,"South Asia","Diarrheal diseases","Deaths","Both","Clostridium difficile","att",279
-0.0461919082973217,-0.296812551239412,0.205058711562023,"Southeast Asia, East Asia, and Oceania","Diarrheal diseases","Deaths","Both","Clostridium difficile","att",279
0.0528889436685054,-0.23310398495251,0.33970170289952,"Sub-Saharan Africa","Diarrheal diseases","Deaths","Both","Clostridium difficile","att",279
-0.315328643046342,-0.70353702646021,0.0743974756870047,"Central Europe, Eastern Europe, and Central Asia","Diarrheal diseases","Deaths","Both","Clostridium difficile","att",280
0.967167881968911,0.74361056458494,1.19122128911853,"Global","Diarrheal diseases","Deaths","Both","Clostridium difficile","att",280
-1.65954496188787,-2.06261056964077,-1.25482052000536,"High-income","Diarrheal diseases","Deaths","Both","Clostridium difficile","att",280
0.280501200730487,0.0980978806140564,0.463236904497499,"Latin America and Caribbean","Diarrheal diseases","Deaths","Both","Clostridium difficile","att",280
0.9394417853823,0.613162790482846,1.26677887228044,"North Africa and Middle East","Diarrheal diseases","Deaths","Both","Clostridium difficile","att",280
2.0183980669634,1.79643141293335,2.24084871826935,"South Asia","Diarrheal diseases","Deaths","Both","Clostridium difficile","att",280
0.02715832693021,-0.22363060842796,0.278577622868537,"Southeast Asia, East Asia, and Oceania","Diarrheal diseases","Deaths","Both","Clostridium difficile","att",280
0.0958734660618354,-0.154238102194548,0.346611558623144,"Sub-Saharan Africa","Diarrheal diseases","Deaths","Both","Clostridium difficile","att",280
-0.459555015403013,-0.82879754514833,-0.0889376909350648,"Central Europe, Eastern Europe, and Central Asia","Diarrheal diseases","Deaths","Both","Clostridium difficile","att",281
0.829856041908239,0.634594152299028,1.0254967993,"Global","Diarrheal diseases","Deaths","Both","Clostridium difficile","att",281
-1.59994029293818,-1.98669993487265,-1.21165450077176,"High-income","Diarrheal diseases","Deaths","Both","Clostridium difficile","att",281
0.301338905247617,0.0662267550244788,0.537003466858454,"Latin America and Caribbean","Diarrheal diseases","Deaths","Both","Clostridium difficile","att",281
0.915051312810844,0.587946298168629,1.24322005024036,"North Africa and Middle East","Diarrheal diseases","Deaths","Both","Clostridium difficile","att",281
2.06762324674883,1.80352351990767,2.33240810376336,"South Asia","Diarrheal diseases","Deaths","Both","Clostridium difficile","att",281
0.1348097205083,-0.115723214738683,0.385971050470268,"Southeast Asia, East Asia, and Oceania","Diarrheal diseases","Deaths","Both","Clostridium difficile","att",281
-0.171698477077786,-0.409598879966389,0.0667702195525699,"Sub-Saharan Africa","Diarrheal diseases","Deaths","Both","Clostridium difficile","att",281
-0.195563534325949,-0.546092094141359,0.156200474893442,"Central Europe, Eastern Europe, and Central Asia","Diarrheal diseases","Deaths","Both","Clostridium difficile","att",282
0.811217712316115,0.619310967788156,1.00349047205768,"Global","Diarrheal diseases","Deaths","Both","Clostridium difficile","att",282
-1.67460998352424,-1.99072905376512,-1.35747130293831,"High-income","Diarrheal diseases","Deaths","Both","Clostridium difficile","att",282
0.255966723442014,0.0528097018993812,0.459536254893389,"Latin America and Caribbean","Diarrheal diseases","Deaths","Both","Clostridium difficile","att",282
0.747889110804634,0.42994701611454,1.06683774964396,"North Africa and Middle East","Diarrheal diseases","Deaths","Both","Clostridium difficile","att",282
2.1724193348184,1.90521579259699,2.44032350587828,"South Asia","Diarrheal diseases","Deaths","Both","Clostridium difficile","att",282
-0.107568872821839,-0.396833872397295,0.182536202859973,"Southeast Asia, East Asia, and Oceania","Diarrheal diseases","Deaths","Both","Clostridium difficile","att",282
0.00328156873306007,-0.286434588227236,0.293839491317294,"Sub-Saharan Africa","Diarrheal diseases","Deaths","Both","Clostridium difficile","att",282
-0.237878769993749,-0.570117893101973,0.0954705106705811,"Central Europe, Eastern Europe, and Central Asia","Diarrheal diseases","Deaths","Both","Clostridium difficile","att",283
1.06242884600334,0.852527554253379,1.2727669989143,"Global","Diarrheal diseases","Deaths","Both","Clostridium difficile","att",283
-1.60893817677211,-1.98263939827602,-1.23381218110477,"High-income","Diarrheal diseases","Deaths","Both","Clostridium difficile","att",283
0.246900232128677,0.00881283088325358,0.485554439528779,"Latin America and Caribbean","Diarrheal diseases","Deaths","Both","Clostridium difficile","att",283
0.754592089797557,0.474627347047729,1.03533693255125,"North Africa and Middle East","Diarrheal diseases","Deaths","Both","Clostridium difficile","att",283
2.13636585408377,1.90387928532902,2.36938282467432,"South Asia","Diarrheal diseases","Deaths","Both","Clostridium difficile","att",283
0.0316336919694127,-0.249972432889745,0.314034824223475,"Southeast Asia, East Asia, and Oceania","Diarrheal diseases","Deaths","Both","Clostridium difficile","att",283
-0.0484227626870948,-0.3652468718637,0.269408801348425,"Sub-Saharan Africa","Diarrheal diseases","Deaths","Both","Clostridium difficile","att",283
-0.243524550600949,-0.569214443291821,0.0832321535971126,"Central Europe, Eastern Europe, and Central Asia","Diarrheal diseases","Deaths","Both","Clostridium difficile","att",284
0.959241277837575,0.685359784999351,1.23386777543399,"Global","Diarrheal diseases","Deaths","Both","Clostridium difficile","att",284
-1.57730333988424,-1.95368197674227,-1.19947986673721,"High-income","Diarrheal diseases","Deaths","Both","Clostridium difficile","att",284
0.373302948617904,0.154687893857597,0.592395190648953,"Latin America and Caribbean","Diarrheal diseases","Deaths","Both","Clostridium difficile","att",284
0.945670615612881,0.622668861637643,1.26970921480654,"North Africa and Middle East","Diarrheal diseases","Deaths","Both","Clostridium difficile","att",284
1.97127254028977,1.72118702399249,2.22197290160895,"South Asia","Diarrheal diseases","Deaths","Both","Clostridium difficile","att",284
-0.195106189927741,-0.447783146845981,0.0582120951956977,"Southeast Asia, East Asia, and Oceania","Diarrheal diseases","Deaths","Both","Clostridium difficile","att",284
-0.11574373767933,-0.389486949728668,0.158751757877518,"Sub-Saharan Africa","Diarrheal diseases","Deaths","Both","Clostridium difficile","att",284
-0.161067154889971,-0.495368037411259,0.174356862080938,"Central Europe, Eastern Europe, and Central Asia","Diarrheal diseases","Deaths","Both","Clostridium difficile","att",285
0.776923497378323,0.577480186043333,0.976762301167122,"Global","Diarrheal diseases","Deaths","Both","Clostridium difficile","att",285
-1.68725920439082,-2.05894840290535,-1.31415943433313,"High-income","Diarrheal diseases","Deaths","Both","Clostridium difficile","att",285
0.313524705214152,0.120244314951812,0.507178219908178,"Latin America and Caribbean","Diarrheal diseases","Deaths","Both","Clostridium difficile","att",285
0.751450312662016,0.456466142628931,1.04730068537882,"North Africa and Middle East","Diarrheal diseases","Deaths","Both","Clostridium difficile","att",285
2.02791255727028,1.77405729050935,2.28240101581092,"South Asia","Diarrheal diseases","Deaths","Both","Clostridium difficile","att",285
-0.0178364648351192,-0.284688661064336,0.249729865398973,"Southeast Asia, East Asia, and Oceania","Diarrheal diseases","Deaths","Both","Clostridium difficile","att",285
-0.00829079330786353,-0.328768342350083,0.313217202110216,"Sub-Saharan Africa","Diarrheal diseases","Deaths","Both","Clostridium difficile","att",285
-0.155856627812434,-0.502086711960403,0.191578258197267,"Central Europe, Eastern Europe, and Central Asia","Diarrheal diseases","Deaths","Both","Clostridium difficile","att",286
0.996580721434048,0.804836611364479,1.18868955411993,"Global","Diarrheal diseases","Deaths","Both","Clostridium difficile","att",286
-1.6091579663472,-1.95787881459663,-1.25919677131077,"High-income","Diarrheal diseases","Deaths","Both","Clostridium difficile","att",286
0.257253437583138,0.0111119960377826,0.504000667905724,"Latin America and Caribbean","Diarrheal diseases","Deaths","Both","Clostridium difficile","att",286
0.937668944166359,0.578265355708707,1.29835681545529,"North Africa and Middle East","Diarrheal diseases","Deaths","Both","Clostridium difficile","att",286
2.19256483047816,1.95047067305358,2.43523387079119,"South Asia","Diarrheal diseases","Deaths","Both","Clostridium difficile","att",286
0.106516191152961,-0.153110569346171,0.366818045840311,"Southeast Asia, East Asia, and Oceania","Diarrheal diseases","Deaths","Both","Clostridium difficile","att",286
-0.132035134373176,-0.43062473167258,0.167449876273706,"Sub-Saharan Africa","Diarrheal diseases","Deaths","Both","Clostridium difficile","att",286
-0.515642417491635,-0.856960854808375,-0.173148927678457,"Central Europe, Eastern Europe, and Central Asia","Diarrheal diseases","Deaths","Both","Clostridium difficile","att",287
1.05586237757584,0.85169437421686,1.26044370640104,"Global","Diarrheal diseases","Deaths","Both","Clostridium difficile","att",287
-1.46556874789626,-1.78740976673686,-1.14267306140906,"High-income","Diarrheal diseases","Deaths","Both","Clostridium difficile","att",287
0.170796300997167,-0.00638334581198885,0.348289894119036,"Latin America and Caribbean","Diarrheal diseases","Deaths","Both","Clostridium difficile","att",287
0.81097864191304,0.51096969802471,1.11188306384402,"North Africa and Middle East","Diarrheal diseases","Deaths","Both","Clostridium difficile","att",287
2.32239923881512,2.05111094281776,2.59440871598207,"South Asia","Diarrheal diseases","Deaths","Both","Clostridium difficile","att",287
-0.0689250407722608,-0.339539942583855,0.202424680295032,"Southeast Asia, East Asia, and Oceania","Diarrheal diseases","Deaths","Both","Clostridium difficile","att",287
0.101077410807293,-0.169372144936464,0.372259637112915,"Sub-Saharan Africa","Diarrheal diseases","Deaths","Both","Clostridium difficile","att",287
-0.2004221248188,-0.531314628441593,0.131571125722929,"Central Europe, Eastern Europe, and Central Asia","Diarrheal diseases","Deaths","Both","Clostridium difficile","att",288
0.792797909874676,0.584876119316768,1.00114950133963,"Global","Diarrheal diseases","Deaths","Both","Clostridium difficile","att",288
-1.65993216155441,-1.97674798848597,-1.34209237075577,"High-income","Diarrheal diseases","Deaths","Both","Clostridium difficile","att",288
0.189927194799111,-0.0305637963938787,0.410904497399334,"Latin America and Caribbean","Diarrheal diseases","Deaths","Both","Clostridium difficile","att",288
0.968837953002644,0.633058727797819,1.30573756239836,"North Africa and Middle East","Diarrheal diseases","Deaths","Both","Clostridium difficile","att",288
2.04686597432699,1.79521148300781,2.2991425969044,"South Asia","Diarrheal diseases","Deaths","Both","Clostridium difficile","att",288
-0.0612203435618741,-0.308367802865117,0.186539823802145,"Southeast Asia, East Asia, and Oceania","Diarrheal diseases","Deaths","Both","Clostridium difficile","att",288
0.199804115004354,-0.0828917790847372,0.483299841774354,"Sub-Saharan Africa","Diarrheal diseases","Deaths","Both","Clostridium difficile","att",288
-0.234836449708242,-0.535957662968922,0.0671963893314143,"Central Europe, Eastern Europe, and Central Asia","Diarrheal diseases","Deaths","Both","Clostridium difficile","att",289
0.912904309423679,0.67605141301712,1.1503144316426,"Global","Diarrheal diseases","Deaths","Both","Clostridium difficile","att",289
-1.58800571679268,-1.97887742978856,-1.19557535304874,"High-income","Diarrheal diseases","Deaths","Both","Clostridium difficile","att",289
0.133146991431343,-0.0888010510470605,0.355588081076408,"Latin America and Caribbean","Diarrheal diseases","Deaths","Both","Clostridium difficile","att",289
0.84959471976489,0.517120547910332,1.18316859557386,"North Africa and Middle East","Diarrheal diseases","Deaths","Both","Clostridium difficile","att",289
2.07822561976216,1.84463984803764,2.31234713212884,"South Asia","Diarrheal diseases","Deaths","Both","Clostridium difficile","att",289
0.11457481766044,-0.127039320992317,0.356773472798944,"Southeast Asia, East Asia, and Oceania","Diarrheal diseases","Deaths","Both","Clostridium difficile","att",289
-0.218415332526611,-0.563407193611642,0.127773466032388,"Sub-Saharan Africa","Diarrheal diseases","Deaths","Both","Clostridium difficile","att",289
-0.338235236365969,-0.686036233913045,0.0107837725191517,"Central Europe, Eastern Europe, and Central Asia","Diarrheal diseases","Deaths","Both","Clostridium difficile","att",290
0.900380780612631,0.70779973927817,1.09333008992216,"Global","Diarrheal diseases","Deaths","Both","Clostridium difficile","att",290
-1.53752653502774,-1.88890655950078,-1.18488806039103,"High-income","Diarrheal diseases","Deaths","Both","Clostridium difficile","att",290
0.252902190937987,0.0693399375373049,0.436801161867639,"Latin America and Caribbean","Diarrheal diseases","Deaths","Both","Clostridium difficile","att",290
1.0194043283702,0.712978139375298,1.32676284020012,"North Africa and Middle East","Diarrheal diseases","Deaths","Both","Clostridium difficile","att",290
2.35983532865167,2.08810477224048,2.63228915733296,"South Asia","Diarrheal diseases","Deaths","Both","Clostridium difficile","att",290
-0.0816434654524301,-0.335564467943827,0.172924466659952,"Southeast Asia, East Asia, and Oceania","Diarrheal diseases","Deaths","Both","Clostridium difficile","att",290
0.195712022629402,-0.0288873184719818,0.420815958134813,"Sub-Saharan Africa","Diarrheal diseases","Deaths","Both","Clostridium difficile","att",290
-0.105238311643474,-0.37663514305285,0.16689786680768,"Central Europe, Eastern Europe, and Central Asia","Diarrheal diseases","Deaths","Both","Clostridium difficile","att",291
0.839566149320836,0.6321182374041,1.04744170438882,"Global","Diarrheal diseases","Deaths","Both","Clostridium difficile","att",291
-1.44155161278922,-1.78186021164788,-1.10006390442281,"High-income","Diarrheal diseases","Deaths","Both","Clostridium difficile","att",291
0.189671022116,-0.00504312016630371,0.384764319491593,"Latin America and Caribbean","Diarrheal diseases","Deaths","Both","Clostridium difficile","att",291
0.802379327748115,0.332734679811764,1.27422232197734,"North Africa and Middle East","Diarrheal diseases","Deaths","Both","Clostridium difficile","att",291
1.83231192339057,1.58324998751849,2.08198450961994,"South Asia","Diarrheal diseases","Deaths","Both","Clostridium difficile","att",291
-0.0295192721998516,-0.307752998681288,0.249490984141043,"Southeast Asia, East Asia, and Oceania","Diarrheal diseases","Deaths","Both","Clostridium difficile","att",291
-0.501322185761621,-0.964495314368574,-0.0359828709192822,"Sub-Saharan Africa","Diarrheal diseases","Deaths","Both","Clostridium difficile","att",291
-0.221783000116826,-0.545661514533879,0.103150242466943,"Central Europe, Eastern Europe, and Central Asia","Diarrheal diseases","Deaths","Both","Clostridium difficile","att",292
0.875930635708344,0.680829756166701,1.07140958477219,"Global","Diarrheal diseases","Deaths","Both","Clostridium difficile","att",292
-1.63339706950887,-1.94295590453623,-1.32286098013709,"High-income","Diarrheal diseases","Deaths","Both","Clostridium difficile","att",292
0.0436593498674087,-0.216056289551025,0.304050971922454,"Latin America and Caribbean","Diarrheal diseases","Deaths","Both","Clostridium difficile","att",292
0.878910822042545,0.562053720622813,1.19676629629779,"North Africa and Middle East","Diarrheal diseases","Deaths","Both","Clostridium difficile","att",292
2.09153170034122,1.83679821340275,2.34690237492214,"South Asia","Diarrheal diseases","Deaths","Both","Clostridium difficile","att",292
-0.131287874379316,-0.374689241032233,0.112708162692576,"Southeast Asia, East Asia, and Oceania","Diarrheal diseases","Deaths","Both","Clostridium difficile","att",292
-0.479106045219602,-0.933017053005292,-0.0231152809210822,"Sub-Saharan Africa","Diarrheal diseases","Deaths","Both","Clostridium difficile","att",292
-0.591652055098202,-0.92638235138085,-0.255790838456438,"Central Europe, Eastern Europe, and Central Asia","Diarrheal diseases","Deaths","Both","Clostridium difficile","att",293
0.786579270030074,0.582139072804777,0.991435006183305,"Global","Diarrheal diseases","Deaths","Both","Clostridium difficile","att",293
-1.61328508438964,-1.95418384073061,-1.27120104583441,"High-income","Diarrheal diseases","Deaths","Both","Clostridium difficile","att",293
0.314024029261151,0.126099742193353,0.50230102693849,"Latin America and Caribbean","Diarrheal diseases","Deaths","Both","Clostridium difficile","att",293
0.839743025893491,0.450795011669025,1.23019705664824,"North Africa and Middle East","Diarrheal diseases","Deaths","Both","Clostridium difficile","att",293
2.22274041212061,1.97078516469666,2.4753182049785,"South Asia","Diarrheal diseases","Deaths","Both","Clostridium difficile","att",293
0.0640089839706315,-0.215651611578838,0.344453370264497,"Southeast Asia, East Asia, and Oceania","Diarrheal diseases","Deaths","Both","Clostridium difficile","att",293
0.257000003279972,0.0161142956952354,0.498465876616261,"Sub-Saharan Africa","Diarrheal diseases","Deaths","Both","Clostridium difficile","att",293
-0.465055530226732,-0.780580301780998,-0.148527367584639,"Central Europe, Eastern Europe, and Central Asia","Diarrheal diseases","Deaths","Both","Clostridium difficile","att",294
0.85771939035939,0.622905467107104,1.09308127610883,"Global","Diarrheal diseases","Deaths","Both","Clostridium difficile","att",294
-1.52133236524239,-1.89740532938063,-1.14381773817128,"High-income","Diarrheal diseases","Deaths","Both","Clostridium difficile","att",294
0.259525846031883,0.0756512896416206,0.443738245364478,"Latin America and Caribbean","Diarrheal diseases","Deaths","Both","Clostridium difficile","att",294
0.873553661042226,0.547756622675122,1.20040635409298,"North Africa and Middle East","Diarrheal diseases","Deaths","Both","Clostridium difficile","att",294
2.15239648991343,1.92079792108044,2.38452132912674,"South Asia","Diarrheal diseases","Deaths","Both","Clostridium difficile","att",294
-0.0453115942615878,-0.328830600573049,0.239013894279627,"Southeast Asia, East Asia, and Oceania","Diarrheal diseases","Deaths","Both","Clostridium difficile","att",294
0.103163183226851,-0.100535565610915,0.307277281441265,"Sub-Saharan Africa","Diarrheal diseases","Deaths","Both","Clostridium difficile","att",294
-0.383529704141017,-0.7543025663868,-0.0113716683417975,"Central Europe, Eastern Europe, and Central Asia","Diarrheal diseases","Deaths","Both","Clostridium difficile","att",295
0.811471640983275,0.573154765379313,1.0503532292417,"Global","Diarrheal diseases","Deaths","Both","Clostridium difficile","att",295
-1.58763737738269,-1.93197292925662,-1.24209279769586,"High-income","Diarrheal diseases","Deaths","Both","Clostridium difficile","att",295
0.274706395382451,0.044804631247275,0.50513647102115,"Latin America and Caribbean","Diarrheal diseases","Deaths","Both","Clostridium difficile","att",295
0.94409462637981,0.580104522310965,1.30940197700047,"North Africa and Middle East","Diarrheal diseases","Deaths","Both","Clostridium difficile","att",295
2.05064106261881,1.81946097064476,2.28234604673445,"South Asia","Diarrheal diseases","Deaths","Both","Clostridium difficile","att",295
-0.0163039625107553,-0.345738052665645,0.314219161044571,"Southeast Asia, East Asia, and Oceania","Diarrheal diseases","Deaths","Both","Clostridium difficile","att",295
0.0725236481438518,-0.194196082099407,0.339956156719712,"Sub-Saharan Africa","Diarrheal diseases","Deaths","Both","Clostridium difficile","att",295
-0.342028329608957,-0.61683915260935,-0.0664576093805658,"Central Europe, Eastern Europe, and Central Asia","Diarrheal diseases","Deaths","Both","Clostridium difficile","att",296
0.944015132362597,0.711958210683661,1.17660675136899,"Global","Diarrheal diseases","Deaths","Both","Clostridium difficile","att",296
-1.7071975005311,-2.07830823861664,-1.33468030002192,"High-income","Diarrheal diseases","Deaths","Both","Clostridium difficile","att",296
0.309269847473392,0.123967259394253,0.494915380904071,"Latin America and Caribbean","Diarrheal diseases","Deaths","Both","Clostridium difficile","att",296
1.05662715190582,0.681178149445549,1.43347623684462,"North Africa and Middle East","Diarrheal diseases","Deaths","Both","Clostridium difficile","att",296
2.22218384888651,2.01286738697393,2.43192979957192,"South Asia","Diarrheal diseases","Deaths","Both","Clostridium difficile","att",296
0.12644464967202,-0.119879524509059,0.373376308090179,"Southeast Asia, East Asia, and Oceania","Diarrheal diseases","Deaths","Both","Clostridium difficile","att",296
0.324930702723458,0.0691219878411253,0.581393346583181,"Sub-Saharan Africa","Diarrheal diseases","Deaths","Both","Clostridium difficile","att",296
-0.182520381530638,-0.450387781989525,0.0860677946563415,"Central Europe, Eastern Europe, and Central Asia","Diarrheal diseases","Deaths","Both","Clostridium difficile","att",297
0.844224280553396,0.651073782925105,1.03774543607271,"Global","Diarrheal diseases","Deaths","Both","Clostridium difficile","att",297
-1.73523382047364,-1.99078727095232,-1.47901402890075,"High-income","Diarrheal diseases","Deaths","Both","Clostridium difficile","att",297
0.185952147283763,-0.0286797074353529,0.401044802489725,"Latin America and Caribbean","Diarrheal diseases","Deaths","Both","Clostridium difficile","att",297
0.86264094108095,0.595115923361278,1.13087742112608,"North Africa and Middle East","Diarrheal diseases","Deaths","Both","Clostridium difficile","att",297
2.12665097890623,1.88888629870165,2.36497049924311,"South Asia","Diarrheal diseases","Deaths","Both","Clostridium difficile","att",297
0.022304020278896,-0.252269271563488,0.297633123727636,"Southeast Asia, East Asia, and Oceania","Diarrheal diseases","Deaths","Both","Clostridium difficile","att",297
-0.0408546716169522,-0.340869017981715,0.26006283943667,"Sub-Saharan Africa","Diarrheal diseases","Deaths","Both","Clostridium difficile","att",297
-0.194367687062502,-0.486838193003458,0.0989623935848893,"Central Europe, Eastern Europe, and Central Asia","Diarrheal diseases","Deaths","Both","Clostridium difficile","att",298
0.903339600715491,0.665595873051439,1.14164481196839,"Global","Diarrheal diseases","Deaths","Both","Clostridium difficile","att",298
-1.58178773196863,-1.95998624234188,-1.20213028551648,"High-income","Diarrheal diseases","Deaths","Both","Clostridium difficile","att",298
0.349276662750175,0.164403170450766,0.534491376152824,"Latin America and Caribbean","Diarrheal diseases","Deaths","Both","Clostridium difficile","att",298
0.916799946746139,0.606620771538058,1.22793543198627,"North Africa and Middle East","Diarrheal diseases","Deaths","Both","Clostridium difficile","att",298
2.16554062517178,1.8910644150925,2.44075622481708,"South Asia","Diarrheal diseases","Deaths","Both","Clostridium difficile","att",298
-0.0812027438602203,-0.404405759612125,0.243049115369032,"Southeast Asia, East Asia, and Oceania","Diarrheal diseases","Deaths","Both","Clostridium difficile","att",298
-0.0725618200769884,-0.363792178371869,0.219519786207423,"Sub-Saharan Africa","Diarrheal diseases","Deaths","Both","Clostridium difficile","att",298
-0.110671595293022,-0.420319374437184,0.19993904842881,"Central Europe, Eastern Europe, and Central Asia","Diarrheal diseases","Deaths","Both","Clostridium difficile","att",299
0.793792805855165,0.540803738741591,1.04741846493639,"Global","Diarrheal diseases","Deaths","Both","Clostridium difficile","att",299
-1.7326919318351,-2.02314722523539,-1.44137557508081,"High-income","Diarrheal diseases","Deaths","Both","Clostridium difficile","att",299
0.226008029295,0.0455269134790326,0.406814731213334,"Latin America and Caribbean","Diarrheal diseases","Deaths","Both","Clostridium difficile","att",299
0.850725539982689,0.579474665616764,1.12270794567833,"North Africa and Middle East","Diarrheal diseases","Deaths","Both","Clostridium difficile","att",299
1.9775564882488,1.743011495195,2.21264217056429,"South Asia","Diarrheal diseases","Deaths","Both","Clostridium difficile","att",299
-0.160920123531505,-0.470935131241901,0.150060524769735,"Southeast Asia, East Asia, and Oceania","Diarrheal diseases","Deaths","Both","Clostridium difficile","att",299
0.00700784016740563,-0.289421387983435,0.304318321727126,"Sub-Saharan Africa","Diarrheal diseases","Deaths","Both","Clostridium difficile","att",299
-0.0547389405476606,-0.368167785334583,0.259675910805246,"Central Europe, Eastern Europe, and Central Asia","Diarrheal diseases","Deaths","Both","Clostridium difficile","att",300
0.87808460864971,0.65760763418603,1.09904450832303,"Global","Diarrheal diseases","Deaths","Both","Clostridium difficile","att",300
-1.66831339853931,-1.93374902067849,-1.40215932261204,"High-income","Diarrheal diseases","Deaths","Both","Clostridium difficile","att",300
0.199903069600627,0.0016361153695188,0.398563115251704,"Latin America and Caribbean","Diarrheal diseases","Deaths","Both","Clostridium difficile","att",300
0.98429231385766,0.63633721884524,1.33345048075733,"North Africa and Middle East","Diarrheal diseases","Deaths","Both","Clostridium difficile","att",300
2.11867262070102,1.86742065760159,2.37054428682775,"South Asia","Diarrheal diseases","Deaths","Both","Clostridium difficile","att",300
0.0118341167801628,-0.214426562111347,0.23860783471179,"Southeast Asia, East Asia, and Oceania","Diarrheal diseases","Deaths","Both","Clostridium difficile","att",300
-0.154237728970186,-0.471087974467899,0.163621209137843,"Sub-Saharan Africa","Diarrheal diseases","Deaths","Both","Clostridium difficile","att",300
-0.256584257161296,-0.561148648800947,0.0489129637236019,"Central Europe, Eastern Europe, and Central Asia","Diarrheal diseases","Deaths","Both","Clostridium difficile","att",301
0.825138870843745,0.59427315506464,1.05653442770675,"Global","Diarrheal diseases","Deaths","Both","Clostridium difficile","att",301
-1.78773350122594,-2.12411406262319,-1.45019686465243,"High-income","Diarrheal diseases","Deaths","Both","Clostridium difficile","att",301
0.436461433090241,0.197950040290995,0.675540578867184,"Latin America and Caribbean","Diarrheal diseases","Deaths","Both","Clostridium difficile","att",301
0.714322910965803,0.37059505527659,1.05922789267197,"North Africa and Middle East","Diarrheal diseases","Deaths","Both","Clostridium difficile","att",301
2.12554778338483,1.8689130283883,2.38282906925633,"South Asia","Diarrheal diseases","Deaths","Both","Clostridium difficile","att",301
0.106062506261195,-0.137804512447803,0.350525056868189,"Southeast Asia, East Asia, and Oceania","Diarrheal diseases","Deaths","Both","Clostridium difficile","att",301
-0.226729759471644,-0.479603712242238,0.0267867272756517,"Sub-Saharan Africa","Diarrheal diseases","Deaths","Both","Clostridium difficile","att",301
-0.0793632605722627,-0.40610903360403,0.248454493874806,"Central Europe, Eastern Europe, and Central Asia","Diarrheal diseases","Deaths","Both","Clostridium difficile","att",302
1.11276834958682,0.910543677623221,1.31539827967768,"Global","Diarrheal diseases","Deaths","Both","Clostridium difficile","att",302
-1.56756877689443,-1.89178023528117,-1.24228591929159,"High-income","Diarrheal diseases","Deaths","Both","Clostridium difficile","att",302
0.293603867868808,0.13780195090427,0.449648193163243,"Latin America and Caribbean","Diarrheal diseases","Deaths","Both","Clostridium difficile","att",302
0.966240318493505,0.687572330246433,1.24567956227766,"North Africa and Middle East","Diarrheal diseases","Deaths","Both","Clostridium difficile","att",302
1.94903053175479,1.69967606021206,2.19899638825849,"South Asia","Diarrheal diseases","Deaths","Both","Clostridium difficile","att",302
-0.120607144202389,-0.364675173638707,0.124058757555789,"Southeast Asia, East Asia, and Oceania","Diarrheal diseases","Deaths","Both","Clostridium difficile","att",302
-0.679672405198595,-1.29678725885087,-0.0586992096340055,"Sub-Saharan Africa","Diarrheal diseases","Deaths","Both","Clostridium difficile","att",302
-0.169564334716898,-0.544838203768139,0.207125554119036,"Central Europe, Eastern Europe, and Central Asia","Diarrheal diseases","Deaths","Both","Clostridium difficile","att",303
0.907477175167704,0.677440740668112,1.13803921660374,"Global","Diarrheal diseases","Deaths","Both","Clostridium difficile","att",303
-1.85827750718653,-2.25263762523038,-1.46232634976396,"High-income","Diarrheal diseases","Deaths","Both","Clostridium difficile","att",303
0.295690124857173,0.0772779441463589,0.514578976013702,"Latin America and Caribbean","Diarrheal diseases","Deaths","Both","Clostridium difficile","att",303
0.811099559390671,0.486233419640048,1.13701597244904,"North Africa and Middle East","Diarrheal diseases","Deaths","Both","Clostridium difficile","att",303
1.96623386841781,1.74206657096994,2.19089507147363,"South Asia","Diarrheal diseases","Deaths","Both","Clostridium difficile","att",303
0.139605806171117,-0.0923101285915995,0.372060087890547,"Southeast Asia, East Asia, and Oceania","Diarrheal diseases","Deaths","Both","Clostridium difficile","att",303
-0.114197127406435,-0.402507459676804,0.174947792618863,"Sub-Saharan Africa","Diarrheal diseases","Deaths","Both","Clostridium difficile","att",303
-0.280436911214732,-0.589570682008778,0.0296581640309768,"Central Europe, Eastern Europe, and Central Asia","Diarrheal diseases","Deaths","Both","Clostridium difficile","att",304
0.95547396571054,0.72954842798918,1.18190623010141,"Global","Diarrheal diseases","Deaths","Both","Clostridium difficile","att",304
-1.64151436941029,-1.95263557983082,-1.32940591768913,"High-income","Diarrheal diseases","Deaths","Both","Clostridium difficile","att",304
0.221659869508128,0.0162663054907641,0.42747523007618,"Latin America and Caribbean","Diarrheal diseases","Deaths","Both","Clostridium difficile","att",304
0.71797618256717,0.444905344157331,0.991789394943443,"North Africa and Middle East","Diarrheal diseases","Deaths","Both","Clostridium difficile","att",304
2.14594787568771,1.92407803213466,2.36830068880429,"South Asia","Diarrheal diseases","Deaths","Both","Clostridium difficile","att",304
0.0689458779803642,-0.176387026033875,0.314881727850813,"Southeast Asia, East Asia, and Oceania","Diarrheal diseases","Deaths","Both","Clostridium difficile","att",304
0.100317606894129,-0.126196599306094,0.327345548266766,"Sub-Saharan Africa","Diarrheal diseases","Deaths","Both","Clostridium difficile","att",304
-0.31338315942776,-0.608439522037485,-0.0174508848522881,"Central Europe, Eastern Europe, and Central Asia","Diarrheal diseases","Deaths","Both","Clostridium difficile","att",305
0.738355117858491,0.547634218012116,0.929437781180664,"Global","Diarrheal diseases","Deaths","Both","Clostridium difficile","att",305
-1.67095074128821,-1.98861136753988,-1.35226055842196,"High-income","Diarrheal diseases","Deaths","Both","Clostridium difficile","att",305
0.350565307981765,0.152492005820637,0.549030343111734,"Latin America and Caribbean","Diarrheal diseases","Deaths","Both","Clostridium difficile","att",305
0.89075937858718,0.577105218005891,1.20539168357059,"North Africa and Middle East","Diarrheal diseases","Deaths","Both","Clostridium difficile","att",305
2.10746585971593,1.84067022882859,2.37496042461951,"South Asia","Diarrheal diseases","Deaths","Both","Clostridium difficile","att",305
-0.0656054087972424,-0.320512829025965,0.189953878678528,"Southeast Asia, East Asia, and Oceania","Diarrheal diseases","Deaths","Both","Clostridium difficile","att",305
-0.388794217370925,-0.802384576524939,0.0265205480044939,"Sub-Saharan Africa","Diarrheal diseases","Deaths","Both","Clostridium difficile","att",305
-0.297376773249025,-0.672860460985014,0.0795263452730399,"Central Europe, Eastern Europe, and Central Asia","Diarrheal diseases","Deaths","Both","Clostridium difficile","att",306
0.885397067306748,0.654239337336238,1.11708566310544,"Global","Diarrheal diseases","Deaths","Both","Clostridium difficile","att",306
-1.45685374525968,-1.8116727581337,-1.10075253789846,"High-income","Diarrheal diseases","Deaths","Both","Clostridium difficile","att",306
0.00288276572628643,-0.233463580793314,0.239789015370895,"Latin America and Caribbean","Diarrheal diseases","Deaths","Both","Clostridium difficile","att",306
0.816244031733793,0.419653566597988,1.21440076394432,"North Africa and Middle East","Diarrheal diseases","Deaths","Both","Clostridium difficile","att",306
2.09562974444788,1.86073426541733,2.33106690312042,"South Asia","Diarrheal diseases","Deaths","Both","Clostridium difficile","att",306
0.0827549445727271,-0.160551412459153,0.326654233398704,"Southeast Asia, East Asia, and Oceania","Diarrheal diseases","Deaths","Both","Clostridium difficile","att",306
0.0109829261251804,-0.273708744164558,0.296487314366312,"Sub-Saharan Africa","Diarrheal diseases","Deaths","Both","Clostridium difficile","att",306
-0.150703684103126,-0.48942471379767,0.189170307833142,"Central Europe, Eastern Europe, and Central Asia","Diarrheal diseases","Deaths","Both","Clostridium difficile","att",307
0.874313405819804,0.641583715417582,1.10758127444612,"Global","Diarrheal diseases","Deaths","Both","Clostridium difficile","att",307
-1.5214496749254,-1.86171029665985,-1.18000931701403,"High-income","Diarrheal diseases","Deaths","Both","Clostridium difficile","att",307
0.301408418416216,0.0969982368874911,0.506236030268004,"Latin America and Caribbean","Diarrheal diseases","Deaths","Both","Clostridium difficile","att",307
0.838039106532817,0.544174827387645,1.1327622739697,"North Africa and Middle East","Diarrheal diseases","Deaths","Both","Clostridium difficile","att",307
2.16806213294884,1.94081799122554,2.39581284211947,"South Asia","Diarrheal diseases","Deaths","Both","Clostridium difficile","att",307
0.0570711444336736,-0.197239834137575,0.312030141894515,"Southeast Asia, East Asia, and Oceania","Diarrheal diseases","Deaths","Both","Clostridium difficile","att",307
-0.0214624709842348,-0.337398593310911,0.295475186843031,"Sub-Saharan Africa","Diarrheal diseases","Deaths","Both","Clostridium difficile","att",307
-0.171546931260624,-0.555589089316577,0.21397835066137,"Central Europe, Eastern Europe, and Central Asia","Diarrheal diseases","Deaths","Both","Clostridium difficile","att",308
0.815899492071237,0.635292352485095,0.996830761871625,"Global","Diarrheal diseases","Deaths","Both","Clostridium difficile","att",308
-1.55932102650094,-1.96237683659324,-1.15460815883413,"High-income","Diarrheal diseases","Deaths","Both","Clostridium difficile","att",308
0.184996098592571,0.012598197648872,0.357691172460317,"Latin America and Caribbean","Diarrheal diseases","Deaths","Both","Clostridium difficile","att",308
0.879213021443848,0.58405090521132,1.17524128567972,"North Africa and Middle East","Diarrheal diseases","Deaths","Both","Clostridium difficile","att",308
2.18846666906016,1.9113053201923,2.46638179507832,"South Asia","Diarrheal diseases","Deaths","Both","Clostridium difficile","att",308
0.122089342606557,-0.100686456271271,0.345361932251032,"Southeast Asia, East Asia, and Oceania","Diarrheal diseases","Deaths","Both","Clostridium difficile","att",308
-0.0350776959483046,-0.322760829381818,0.253435733207175,"Sub-Saharan Africa","Diarrheal diseases","Deaths","Both","Clostridium difficile","att",308
-0.47684600233221,-0.803320108025818,-0.149297411667881,"Central Europe, Eastern Europe, and Central Asia","Diarrheal diseases","Deaths","Both","Clostridium difficile","att",309
0.975008008389211,0.765895204672895,1.18455477008892,"Global","Diarrheal diseases","Deaths","Both","Clostridium difficile","att",309
-1.56203201749262,-1.95710923099359,-1.16536278642256,"High-income","Diarrheal diseases","Deaths","Both","Clostridium difficile","att",309
0.362278154259421,0.1910083146764,0.533840768198579,"Latin America and Caribbean","Diarrheal diseases","Deaths","Both","Clostridium difficile","att",309
0.883952422735401,0.527382592141512,1.24178700369693,"North Africa and Middle East","Diarrheal diseases","Deaths","Both","Clostridium difficile","att",309
2.02116001409245,1.79142331418238,2.25141521496817,"South Asia","Diarrheal diseases","Deaths","Both","Clostridium difficile","att",309
0.0748770337334115,-0.230100125065702,0.380786448328174,"Southeast Asia, East Asia, and Oceania","Diarrheal diseases","Deaths","Both","Clostridium difficile","att",309
0.286411489635463,0.0262276889539725,0.547272068914917,"Sub-Saharan Africa","Diarrheal diseases","Deaths","Both","Clostridium difficile","att",309
-0.258584173054222,-0.527428816714703,0.0109870773639331,"Central Europe, Eastern Europe, and Central Asia","Diarrheal diseases","Deaths","Both","Clostridium difficile","att",310
0.85204284809417,0.62021411351354,1.08440571552921,"Global","Diarrheal diseases","Deaths","Both","Clostridium difficile","att",310
-1.56585973164719,-1.90648815442759,-1.22404848117287,"High-income","Diarrheal diseases","Deaths","Both","Clostridium difficile","att",310
0.268435058297678,0.0848159887844036,0.452391001714902,"Latin America and Caribbean","Diarrheal diseases","Deaths","Both","Clostridium difficile","att",310
0.953033381087454,0.606412286255464,1.30084869585683,"North Africa and Middle East","Diarrheal diseases","Deaths","Both","Clostridium difficile","att",310
2.02339442175437,1.79389412586535,2.25341213950121,"South Asia","Diarrheal diseases","Deaths","Both","Clostridium difficile","att",310
-0.0141066058932271,-0.297695037647006,0.270288451130196,"Southeast Asia, East Asia, and Oceania","Diarrheal diseases","Deaths","Both","Clostridium difficile","att",310
0.00464017294579122,-0.333511173561374,0.343938809123645,"Sub-Saharan Africa","Diarrheal diseases","Deaths","Both","Clostridium difficile","att",310
-0.350476594066174,-0.664671792193383,-0.0352876042607475,"Central Europe, Eastern Europe, and Central Asia","Diarrheal diseases","Deaths","Both","Clostridium difficile","att",311
0.844750958087226,0.619240504153384,1.07076683190477,"Global","Diarrheal diseases","Deaths","Both","Clostridium difficile","att",311
-1.64310028865834,-1.95040431511369,-1.33483311937699,"High-income","Diarrheal diseases","Deaths","Both","Clostridium difficile","att",311
0.171592910333196,-0.0441179199219599,0.387769257587656,"Latin America and Caribbean","Diarrheal diseases","Deaths","Both","Clostridium difficile","att",311
1.01826677996086,0.686861720599707,1.35076264016232,"North Africa and Middle East","Diarrheal diseases","Deaths","Both","Clostridium difficile","att",311
2.07590063215073,1.79130679809405,2.36129014958089,"South Asia","Diarrheal diseases","Deaths","Both","Clostridium difficile","att",311
-0.0657496415676584,-0.310114094826175,0.179213809126488,"Southeast Asia, East Asia, and Oceania","Diarrheal diseases","Deaths","Both","Clostridium difficile","att",311
0.2886343077525,0.00947858575783833,0.568569235060745,"Sub-Saharan Africa","Diarrheal diseases","Deaths","Both","Clostridium difficile","att",311
-0.268651597585257,-0.605728419154905,0.0695683560968607,"Central Europe, Eastern Europe, and Central Asia","Diarrheal diseases","Deaths","Both","Clostridium difficile","att",312
0.826201111946756,0.575400501283929,1.07762713345554,"Global","Diarrheal diseases","Deaths","Both","Clostridium difficile","att",312
-1.69685612562072,-1.91300440937859,-1.48023152917438,"High-income","Diarrheal diseases","Deaths","Both","Clostridium difficile","att",312
0.180345108454794,-0.0191655087160125,0.38025384679119,"Latin America and Caribbean","Diarrheal diseases","Deaths","Both","Clostridium difficile","att",312
1.08144462791857,0.813783794816847,1.34981610116174,"North Africa and Middle East","Diarrheal diseases","Deaths","Both","Clostridium difficile","att",312
2.19874902976183,1.96225986535705,2.43578670226121,"South Asia","Diarrheal diseases","Deaths","Both","Clostridium difficile","att",312
0.160414918994412,-0.0718809353437599,0.393250775130327,"Southeast Asia, East Asia, and Oceania","Diarrheal diseases","Deaths","Both","Clostridium difficile","att",312
-0.170039340124895,-0.459960409849902,0.120726155893469,"Sub-Saharan Africa","Diarrheal diseases","Deaths","Both","Clostridium difficile","att",312
-0.322970618016161,-0.674692354796647,0.0299966037575983,"Central Europe, Eastern Europe, and Central Asia","Diarrheal diseases","Deaths","Both","Clostridium difficile","att",313
1.11967957171719,0.918231911272804,1.32152935137364,"Global","Diarrheal diseases","Deaths","Both","Clostridium difficile","att",313
-1.62633251027777,-1.9397358594592,-1.3119275152193,"High-income","Diarrheal diseases","Deaths","Both","Clostridium difficile","att",313
0.172316055900623,-0.0356073249378919,0.380671912055042,"Latin America and Caribbean","Diarrheal diseases","Deaths","Both","Clostridium difficile","att",313
0.913422215205562,0.543923535520219,1.28427880165929,"North Africa and Middle East","Diarrheal diseases","Deaths","Both","Clostridium difficile","att",313
2.11197429120267,1.83694141843349,2.38774995023439,"South Asia","Diarrheal diseases","Deaths","Both","Clostridium difficile","att",313
0.0338220097359399,-0.245708936370659,0.314136255979269,"Southeast Asia, East Asia, and Oceania","Diarrheal diseases","Deaths","Both","Clostridium difficile","att",313
-0.311821427155456,-0.733906911491145,0.112058790412317,"Sub-Saharan Africa","Diarrheal diseases","Deaths","Both","Clostridium difficile","att",313
-0.462406413797045,-0.807791551522619,-0.115818652445809,"Central Europe, Eastern Europe, and Central Asia","Diarrheal diseases","Deaths","Both","Clostridium difficile","att",314
0.930747058138248,0.677297281007139,1.18483488169354,"Global","Diarrheal diseases","Deaths","Both","Clostridium difficile","att",314
-1.63262795530074,-1.97450677049185,-1.28955678574928,"High-income","Diarrheal diseases","Deaths","Both","Clostridium difficile","att",314
0.137585595545842,-0.0650898187375737,0.340672050610524,"Latin America and Caribbean","Diarrheal diseases","Deaths","Both","Clostridium difficile","att",314
0.883404757734163,0.552004995807387,1.21589674852509,"North Africa and Middle East","Diarrheal diseases","Deaths","Both","Clostridium difficile","att",314
1.98356726008793,1.74921719471062,2.21845708345703,"South Asia","Diarrheal diseases","Deaths","Both","Clostridium difficile","att",314
0.013397193067255,-0.255893379423233,0.283414800115356,"Southeast Asia, East Asia, and Oceania","Diarrheal diseases","Deaths","Both","Clostridium difficile","att",314
0.0327607560272503,-0.26438281540947,0.330789611022042,"Sub-Saharan Africa","Diarrheal diseases","Deaths","Both","Clostridium difficile","att",314
-0.135149810127877,-0.475658031134019,0.20652341077958,"Central Europe, Eastern Europe, and Central Asia","Diarrheal diseases","Deaths","Both","Clostridium difficile","att",315
0.978177176489181,0.740219149448729,1.21669728313512,"Global","Diarrheal diseases","Deaths","Both","Clostridium difficile","att",315
-1.39257369360327,-1.72277667041689,-1.06126126332522,"High-income","Diarrheal diseases","Deaths","Both","Clostridium difficile","att",315
0.0468434225607384,-0.146379439332289,0.240440182507218,"Latin America and Caribbean","Diarrheal diseases","Deaths","Both","Clostridium difficile","att",315
0.608017749513223,0.280991992301183,0.936109968511856,"North Africa and Middle East","Diarrheal diseases","Deaths","Both","Clostridium difficile","att",315
2.25621187780165,1.97856317556155,2.53461651147926,"South Asia","Diarrheal diseases","Deaths","Both","Clostridium difficile","att",315
0.110294485839124,-0.181127118112345,0.402566896344481,"Southeast Asia, East Asia, and Oceania","Diarrheal diseases","Deaths","Both","Clostridium difficile","att",315
-0.209378686968431,-0.54088151341426,0.123229057011476,"Sub-Saharan Africa","Diarrheal diseases","Deaths","Both","Clostridium difficile","att",315
-0.255471020882969,-0.583005411561266,0.0731424486542398,"Central Europe, Eastern Europe, and Central Asia","Diarrheal diseases","Deaths","Both","Clostridium difficile","att",316
0.82756197590288,0.590602246553895,1.06507990762941,"Global","Diarrheal diseases","Deaths","Both","Clostridium difficile","att",316
-1.64588467082053,-2.00274729142196,-1.28772251450292,"High-income","Diarrheal diseases","Deaths","Both","Clostridium difficile","att",316
0.29806466913711,0.106043061050998,0.49045460961199,"Latin America and Caribbean","Diarrheal diseases","Deaths","Both","Clostridium difficile","att",316
0.835115237323092,0.436260717908032,1.23555369591033,"North Africa and Middle East","Diarrheal diseases","Deaths","Both","Clostridium difficile","att",316
2.06480346792031,1.83207192468238,2.29806690617125,"South Asia","Diarrheal diseases","Deaths","Both","Clostridium difficile","att",316
-0.0671368107640236,-0.335293122434099,0.201740998111455,"Southeast Asia, East Asia, and Oceania","Diarrheal diseases","Deaths","Both","Clostridium difficile","att",316
-0.0332500736439978,-0.34489674209065,0.279371192618294,"Sub-Saharan Africa","Diarrheal diseases","Deaths","Both","Clostridium difficile","att",316
-0.0179733094908263,-0.321091018956077,0.286066163131049,"Central Europe, Eastern Europe, and Central Asia","Diarrheal diseases","Deaths","Both","Clostridium difficile","att",317
1.05678665767528,0.819633911662287,1.29449724567559,"Global","Diarrheal diseases","Deaths","Both","Clostridium difficile","att",317
-1.70938961820226,-2.01351133710028,-1.40432399345387,"High-income","Diarrheal diseases","Deaths","Both","Clostridium difficile","att",317
0.273200618429237,0.101495572583943,0.445200191570039,"Latin America and Caribbean","Diarrheal diseases","Deaths","Both","Clostridium difficile","att",317
0.985286895309678,0.613940400985191,1.3580039573537,"North Africa and Middle East","Diarrheal diseases","Deaths","Both","Clostridium difficile","att",317
2.10266392019511,1.87933281288486,2.32648459474258,"South Asia","Diarrheal diseases","Deaths","Both","Clostridium difficile","att",317
-0.0224053409634606,-0.356146238252719,0.312453367232512,"Southeast Asia, East Asia, and Oceania","Diarrheal diseases","Deaths","Both","Clostridium difficile","att",317
0.245536977339511,-0.0186756680822908,0.510447836377392,"Sub-Saharan Africa","Diarrheal diseases","Deaths","Both","Clostridium difficile","att",317
-0.364644978971951,-0.664137690617272,-0.0642493116141285,"Central Europe, Eastern Europe, and Central Asia","Diarrheal diseases","Deaths","Both","Clostridium difficile","att",318
0.981036781904354,0.781985061164003,1.18048164421169,"Global","Diarrheal diseases","Deaths","Both","Clostridium difficile","att",318
-1.52782487696852,-1.93569952319862,-1.118253775186,"High-income","Diarrheal diseases","Deaths","Both","Clostridium difficile","att",318
0.309817663738365,0.0992817941406265,0.520796347226393,"Latin America and Caribbean","Diarrheal diseases","Deaths","Both","Clostridium difficile","att",318
0.708204431895143,0.407346841777101,1.00996350275515,"North Africa and Middle East","Diarrheal diseases","Deaths","Both","Clostridium difficile","att",318
2.10376649144068,1.83948290910907,2.36873591594171,"South Asia","Diarrheal diseases","Deaths","Both","Clostridium difficile","att",318
0.0327672859538497,-0.215951497554923,0.28210601858476,"Southeast Asia, East Asia, and Oceania","Diarrheal diseases","Deaths","Both","Clostridium difficile","att",318
0.218526248107054,-0.072723526266627,0.510624904128121,"Sub-Saharan Africa","Diarrheal diseases","Deaths","Both","Clostridium difficile","att",318
-0.255864491551894,-0.519944042986697,0.00891608491564444,"Central Europe, Eastern Europe, and Central Asia","Diarrheal diseases","Deaths","Both","Clostridium difficile","att",319
0.874452352146937,0.652435221153724,1.09695920409272,"Global","Diarrheal diseases","Deaths","Both","Clostridium difficile","att",319
-1.57973155342619,-1.96213260358403,-1.19583893101116,"High-income","Diarrheal diseases","Deaths","Both","Clostridium difficile","att",319
0.260384819747106,0.048222414370036,0.472997137028353,"Latin America and Caribbean","Diarrheal diseases","Deaths","Both","Clostridium difficile","att",319
0.991268240874588,0.671067315219775,1.31248761835994,"North Africa and Middle East","Diarrheal diseases","Deaths","Both","Clostridium difficile","att",319
2.11877355805985,1.84478034120894,2.39350389941169,"South Asia","Diarrheal diseases","Deaths","Both","Clostridium difficile","att",319
-0.0199444167443108,-0.308530764947157,0.269477329722889,"Southeast Asia, East Asia, and Oceania","Diarrheal diseases","Deaths","Both","Clostridium difficile","att",319
0.0815333422795606,-0.200443281458718,0.364306671123038,"Sub-Saharan Africa","Diarrheal diseases","Deaths","Both","Clostridium difficile","att",319
-0.0187487311271051,-0.348090210107044,0.31168119472762,"Central Europe, Eastern Europe, and Central Asia","Diarrheal diseases","Deaths","Both","Clostridium difficile","att",320
0.843611630537411,0.614609773541575,1.07313470259958,"Global","Diarrheal diseases","Deaths","Both","Clostridium difficile","att",320
-1.51857496961195,-1.89885878828081,-1.13681700109168,"High-income","Diarrheal diseases","Deaths","Both","Clostridium difficile","att",320
0.153490545927815,-0.0525237285247337,0.359929462230868,"Latin America and Caribbean","Diarrheal diseases","Deaths","Both","Clostridium difficile","att",320
0.836037071020201,0.521941965003969,1.15111361187241,"North Africa and Middle East","Diarrheal diseases","Deaths","Both","Clostridium difficile","att",320
2.05119545552639,1.81313309177902,2.28981446346406,"South Asia","Diarrheal diseases","Deaths","Both","Clostridium difficile","att",320
-0.144852373574422,-0.462354440981072,0.17366245199264,"Southeast Asia, East Asia, and Oceania","Diarrheal diseases","Deaths","Both","Clostridium difficile","att",320
-0.620195617415376,-1.12540502192383,-0.112404796088372,"Sub-Saharan Africa","Diarrheal diseases","Deaths","Both","Clostridium difficile","att",320
-0.207716492633625,-0.598822011406597,0.184927876381469,"Central Europe, Eastern Europe, and Central Asia","Diarrheal diseases","Deaths","Both","Clostridium difficile","att",321
0.852217379740439,0.588850471307967,1.11627384897544,"Global","Diarrheal diseases","Deaths","Both","Clostridium difficile","att",321
-1.53712074623117,-1.9072831547587,-1.16556149384924,"High-income","Diarrheal diseases","Deaths","Both","Clostridium difficile","att",321
0.192140446610134,0.0127405061421282,0.371862189465277,"Latin America and Caribbean","Diarrheal diseases","Deaths","Both","Clostridium difficile","att",321
0.94877968560918,0.69881605457689,1.19936379878107,"North Africa and Middle East","Diarrheal diseases","Deaths","Both","Clostridium difficile","att",321
2.10607384539176,1.84058797449438,2.37225180525924,"South Asia","Diarrheal diseases","Deaths","Both","Clostridium difficile","att",321
-0.0188785923225243,-0.306852838650673,0.269927498208644,"Southeast Asia, East Asia, and Oceania","Diarrheal diseases","Deaths","Both","Clostridium difficile","att",321
-0.0502332087972124,-0.401261121490781,0.302031874134423,"Sub-Saharan Africa","Diarrheal diseases","Deaths","Both","Clostridium difficile","att",321
-0.214909088360038,-0.494896687959412,0.06586634074075,"Central Europe, Eastern Europe, and Central Asia","Diarrheal diseases","Deaths","Both","Clostridium difficile","att",322
0.917111650520286,0.68294012628618,1.15182781819341,"Global","Diarrheal diseases","Deaths","Both","Clostridium difficile","att",322
-1.76652235133234,-2.10166436875403,-1.43023301949396,"High-income","Diarrheal diseases","Deaths","Both","Clostridium difficile","att",322
0.33265898317707,0.168313061344394,0.497274546987292,"Latin America and Caribbean","Diarrheal diseases","Deaths","Both","Clostridium difficile","att",322
0.921096753969874,0.583656591007231,1.25966896827603,"North Africa and Middle East","Diarrheal diseases","Deaths","Both","Clostridium difficile","att",322
2.06623807078912,1.84750976824166,2.28543611550742,"South Asia","Diarrheal diseases","Deaths","Both","Clostridium difficile","att",322
0.117128381391174,-0.126551512509465,0.361402826612434,"Southeast Asia, East Asia, and Oceania","Diarrheal diseases","Deaths","Both","Clostridium difficile","att",322
0.221897047573538,-0.0606528461369771,0.505245770220908,"Sub-Saharan Africa","Diarrheal diseases","Deaths","Both","Clostridium difficile","att",322
-0.215084829303236,-0.563091714697317,0.134140002167094,"Central Europe, Eastern Europe, and Central Asia","Diarrheal diseases","Deaths","Both","Clostridium difficile","att",323
0.867940599229611,0.608060493075335,1.12849200020109,"Global","Diarrheal diseases","Deaths","Both","Clostridium difficile","att",323
-1.45276892338092,-1.81468526497878,-1.08951853871695,"High-income","Diarrheal diseases","Deaths","Both","Clostridium difficile","att",323
0.113794924221322,-0.117940284917684,0.346067779533321,"Latin America and Caribbean","Diarrheal diseases","Deaths","Both","Clostridium difficile","att",323
0.786655170845219,0.472519345148026,1.10177316875857,"North Africa and Middle East","Diarrheal diseases","Deaths","Both","Clostridium difficile","att",323
2.03915539127801,1.80455928641439,2.27429209405594,"South Asia","Diarrheal diseases","Deaths","Both","Clostridium difficile","att",323
-0.011718788078674,-0.263206446302111,0.240402999636857,"Southeast Asia, East Asia, and Oceania","Diarrheal diseases","Deaths","Both","Clostridium difficile","att",323
0.113252406691466,-0.162127821175884,0.389392208738903,"Sub-Saharan Africa","Diarrheal diseases","Deaths","Both","Clostridium difficile","att",323
-0.32151324523132,-0.73132476247485,0.0899900995626979,"Central Europe, Eastern Europe, and Central Asia","Diarrheal diseases","Deaths","Both","Clostridium difficile","att",324
0.934515840620542,0.712538835547472,1.15698209749233,"Global","Diarrheal diseases","Deaths","Both","Clostridium difficile","att",324
-1.73118482736798,-2.05728103519904,-1.40400289578035,"High-income","Diarrheal diseases","Deaths","Both","Clostridium difficile","att",324
0.248562460902546,0.0355803774709784,0.461997996672681,"Latin America and Caribbean","Diarrheal diseases","Deaths","Both","Clostridium difficile","att",324
0.989740789544857,0.664079242878923,1.31645589418077,"North Africa and Middle East","Diarrheal diseases","Deaths","Both","Clostridium difficile","att",324
1.96786549632928,1.71677507195611,2.21957574374705,"South Asia","Diarrheal diseases","Deaths","Both","Clostridium difficile","att",324
-0.0352447168071812,-0.293632001243038,0.22381217369396,"Southeast Asia, East Asia, and Oceania","Diarrheal diseases","Deaths","Both","Clostridium difficile","att",324
-0.0583928328791949,-0.364203897319437,0.248356854132381,"Sub-Saharan Africa","Diarrheal diseases","Deaths","Both","Clostridium difficile","att",324
-0.229154235344409,-0.517395930552722,0.0599226136642539,"Central Europe, Eastern Europe, and Central Asia","Diarrheal diseases","Deaths","Both","Clostridium difficile","att",325
0.830981295588296,0.597897289584015,1.06460535417139,"Global","Diarrheal diseases","Deaths","Both","Clostridium difficile","att",325
-1.53849093586478,-1.79509270851271,-1.28121868277403,"High-income","Diarrheal diseases","Deaths","Both","Clostridium difficile","att",325
0.122356130600387,-0.0996099751199298,0.344815417098832,"Latin America and Caribbean","Diarrheal diseases","Deaths","Both","Clostridium difficile","att",325
0.813800182633351,0.49475110213828,1.13386217489393,"North Africa and Middle East","Diarrheal diseases","Deaths","Both","Clostridium difficile","att",325
2.13959288282286,1.87763693861005,2.40222238915166,"South Asia","Diarrheal diseases","Deaths","Both","Clostridium difficile","att",325
-0.036024265569834,-0.287942068875013,0.216529996163128,"Southeast Asia, East Asia, and Oceania","Diarrheal diseases","Deaths","Both","Clostridium difficile","att",325
-0.231697826616273,-0.530950396999508,0.0684550449283616,"Sub-Saharan Africa","Diarrheal diseases","Deaths","Both","Clostridium difficile","att",325
-0.183119690088185,-0.559286349604937,0.194469941474296,"Central Europe, Eastern Europe, and Central Asia","Diarrheal diseases","Deaths","Both","Clostridium difficile","att",326
0.759361688387328,0.574161636907511,0.944902772379974,"Global","Diarrheal diseases","Deaths","Both","Clostridium difficile","att",326
-1.58195922458058,-1.97340024320497,-1.18895509888685,"High-income","Diarrheal diseases","Deaths","Both","Clostridium difficile","att",326
0.225820392525944,0.0253165866203275,0.426726114441944,"Latin America and Caribbean","Diarrheal diseases","Deaths","Both","Clostridium difficile","att",326
0.823745743749038,0.528997938012554,1.11935774062208,"North Africa and Middle East","Diarrheal diseases","Deaths","Both","Clostridium difficile","att",326
2.08880624351644,1.8638233822251,2.31428601613697,"South Asia","Diarrheal diseases","Deaths","Both","Clostridium difficile","att",326
-0.0702924577261732,-0.326434076942794,0.18650739548145,"Southeast Asia, East Asia, and Oceania","Diarrheal diseases","Deaths","Both","Clostridium difficile","att",326
0.176381341537835,-0.0814649082916064,0.434892980311274,"Sub-Saharan Africa","Diarrheal diseases","Deaths","Both","Clostridium difficile","att",326
-0.185398485924992,-0.541345233660473,0.17182213875484,"Central Europe, Eastern Europe, and Central Asia","Diarrheal diseases","Deaths","Both","Clostridium difficile","att",327
0.837847129664993,0.631224102603256,1.04489440949411,"Global","Diarrheal diseases","Deaths","Both","Clostridium difficile","att",327
-1.52185250792439,-1.82669782775532,-1.21606058991488,"High-income","Diarrheal diseases","Deaths","Both","Clostridium difficile","att",327
0.390778729030061,0.216077920643665,0.565784083085008,"Latin America and Caribbean","Diarrheal diseases","Deaths","Both","Clostridium difficile","att",327
0.935186558300538,0.581962258175284,1.2896513135074,"North Africa and Middle East","Diarrheal diseases","Deaths","Both","Clostridium difficile","att",327
2.10623418477811,1.83131740331282,2.38189316656703,"South Asia","Diarrheal diseases","Deaths","Both","Clostridium difficile","att",327
0.0607691391325993,-0.161641935554235,0.283675681564532,"Southeast Asia, East Asia, and Oceania","Diarrheal diseases","Deaths","Both","Clostridium difficile","att",327
-0.112194507208552,-0.457341527579269,0.234149250997984,"Sub-Saharan Africa","Diarrheal diseases","Deaths","Both","Clostridium difficile","att",327
-0.342515506521179,-0.6699955557668,-0.0139557917379074,"Central Europe, Eastern Europe, and Central Asia","Diarrheal diseases","Deaths","Both","Clostridium difficile","att",328
0.96631823177582,0.767198228693111,1.1658317039271,"Global","Diarrheal diseases","Deaths","Both","Clostridium difficile","att",328
-1.48250225005189,-1.87019282143358,-1.09327999341104,"High-income","Diarrheal diseases","Deaths","Both","Clostridium difficile","att",328
0.235455482425251,0.0192053863498742,0.452173129746125,"Latin America and Caribbean","Diarrheal diseases","Deaths","Both","Clostridium difficile","att",328
0.796863605319165,0.499501145751613,1.09510591435216,"North Africa and Middle East","Diarrheal diseases","Deaths","Both","Clostridium difficile","att",328
2.11382415031651,1.86951312377097,2.3587211016973,"South Asia","Diarrheal diseases","Deaths","Both","Clostridium difficile","att",328
-0.00431423890160376,-0.301720408007145,0.293979111304599,"Southeast Asia, East Asia, and Oceania","Diarrheal diseases","Deaths","Both","Clostridium difficile","att",328
-0.0204167312680914,-0.283201812512368,0.243060871198097,"Sub-Saharan Africa","Diarrheal diseases","Deaths","Both","Clostridium difficile","att",328
-0.345987006513293,-0.603556547647344,-0.0877500162611788,"Central Europe, Eastern Europe, and Central Asia","Diarrheal diseases","Deaths","Both","Clostridium difficile","att",329
1.02476783697125,0.833727483577906,1.21617013688324,"Global","Diarrheal diseases","Deaths","Both","Clostridium difficile","att",329
-1.61087024525909,-1.9268697017945,-1.29385261324354,"High-income","Diarrheal diseases","Deaths","Both","Clostridium difficile","att",329
0.164938529909486,-0.0351282151291099,0.365405682628861,"Latin America and Caribbean","Diarrheal diseases","Deaths","Both","Clostridium difficile","att",329
0.987531165502276,0.704689423281657,1.27116730420633,"North Africa and Middle East","Diarrheal diseases","Deaths","Both","Clostridium difficile","att",329
2.10115868478893,1.83278841915517,2.37023621377661,"South Asia","Diarrheal diseases","Deaths","Both","Clostridium difficile","att",329
0.0131374383683269,-0.2695987067595,0.296675141764502,"Southeast Asia, East Asia, and Oceania","Diarrheal diseases","Deaths","Both","Clostridium difficile","att",329
0.157892437179452,-0.083141094765693,0.399507424187928,"Sub-Saharan Africa","Diarrheal diseases","Deaths","Both","Clostridium difficile","att",329
-0.126886462015119,-0.423084691172171,0.170192828688021,"Central Europe, Eastern Europe, and Central Asia","Diarrheal diseases","Deaths","Both","Clostridium difficile","att",330
0.890977511575253,0.696381363539844,1.08594971742246,"Global","Diarrheal diseases","Deaths","Both","Clostridium difficile","att",330
-1.72458283245891,-2.08358240594617,-1.36426702726167,"High-income","Diarrheal diseases","Deaths","Both","Clostridium difficile","att",330
0.279875930833562,0.0809498909772888,0.479197366310835,"Latin America and Caribbean","Diarrheal diseases","Deaths","Both","Clostridium difficile","att",330
0.77415486376613,0.480098836258325,1.0690714492184,"North Africa and Middle East","Diarrheal diseases","Deaths","Both","Clostridium difficile","att",330
2.18335255777258,1.95389323680022,2.4133283041438,"South Asia","Diarrheal diseases","Deaths","Both","Clostridium difficile","att",330
0.0456969895784365,-0.229049562113692,0.321200130912502,"Southeast Asia, East Asia, and Oceania","Diarrheal diseases","Deaths","Both","Clostridium difficile","att",330
-0.125205286760677,-0.511386990869278,0.262475446272714,"Sub-Saharan Africa","Diarrheal diseases","Deaths","Both","Clostridium difficile","att",330
-0.251503617691251,-0.596114419309113,0.0943018716784927,"Central Europe, Eastern Europe, and Central Asia","Diarrheal diseases","Deaths","Both","Clostridium difficile","att",331
0.951486870462337,0.703093953015532,1.20049247058867,"Global","Diarrheal diseases","Deaths","Both","Clostridium difficile","att",331
-1.56244997912391,-1.90558091559182,-1.21811878232867,"High-income","Diarrheal diseases","Deaths","Both","Clostridium difficile","att",331
0.112939813767321,-0.0502861271981736,0.276432315854103,"Latin America and Caribbean","Diarrheal diseases","Deaths","Both","Clostridium difficile","att",331
1.1059897345995,0.727098313439911,1.48630638006748,"North Africa and Middle East","Diarrheal diseases","Deaths","Both","Clostridium difficile","att",331
1.96560557157772,1.74021773941566,2.19149271144734,"South Asia","Diarrheal diseases","Deaths","Both","Clostridium difficile","att",331
-0.103308584823547,-0.413040719577529,0.207386868782544,"Southeast Asia, East Asia, and Oceania","Diarrheal diseases","Deaths","Both","Clostridium difficile","att",331
-0.0741426357944275,-0.366375055037838,0.218946921658136,"Sub-Saharan Africa","Diarrheal diseases","Deaths","Both","Clostridium difficile","att",331
-0.375399904055562,-0.683587118144469,-0.066256359022232,"Central Europe, Eastern Europe, and Central Asia","Diarrheal diseases","Deaths","Both","Clostridium difficile","att",332
0.835127562850357,0.623182625192964,1.04751892503367,"Global","Diarrheal diseases","Deaths","Both","Clostridium difficile","att",332
-1.69087739388184,-2.05341734839902,-1.32699553222443,"High-income","Diarrheal diseases","Deaths","Both","Clostridium difficile","att",332
0.244205253030438,0.0532970059904603,0.435477765515713,"Latin America and Caribbean","Diarrheal diseases","Deaths","Both","Clostridium difficile","att",332
0.901125743431486,0.547885523532798,1.25560695066973,"North Africa and Middle East","Diarrheal diseases","Deaths","Both","Clostridium difficile","att",332
2.28946657748708,2.03043678357464,2.54915398334599,"South Asia","Diarrheal diseases","Deaths","Both","Clostridium difficile","att",332
0.00941163657837141,-0.234639275545867,0.254059557997954,"Southeast Asia, East Asia, and Oceania","Diarrheal diseases","Deaths","Both","Clostridium difficile","att",332
-0.0494924242167349,-0.328209884459008,0.230004428294439,"Sub-Saharan Africa","Diarrheal diseases","Deaths","Both","Clostridium difficile","att",332
-0.207731133679512,-0.508232119291196,0.0936774731784107,"Central Europe, Eastern Europe, and Central Asia","Diarrheal diseases","Deaths","Both","Clostridium difficile","att",333
0.892545801858091,0.705201052885718,1.08023907359396,"Global","Diarrheal diseases","Deaths","Both","Clostridium difficile","att",333
-1.65640103513705,-2.02745695947959,-1.28393979360342,"High-income","Diarrheal diseases","Deaths","Both","Clostridium difficile","att",333
0.255814817582034,0.017544411173831,0.494652852268906,"Latin America and Caribbean","Diarrheal diseases","Deaths","Both","Clostridium difficile","att",333
0.967900575079983,0.626558024324142,1.31040101833699,"North Africa and Middle East","Diarrheal diseases","Deaths","Both","Clostridium difficile","att",333
2.17681959960687,1.89481488746852,2.45960478970926,"South Asia","Diarrheal diseases","Deaths","Both","Clostridium difficile","att",333
-0.199602799444609,-0.452182900728559,0.0536181667967428,"Southeast Asia, East Asia, and Oceania","Diarrheal diseases","Deaths","Both","Clostridium difficile","att",333
0.0391896835568506,-0.245845657170429,0.325039478037947,"Sub-Saharan Africa","Diarrheal diseases","Deaths","Both","Clostridium difficile","att",333
-0.21219140678711,-0.539011571174464,0.115702660258332,"Central Europe, Eastern Europe, and Central Asia","Diarrheal diseases","Deaths","Both","Clostridium difficile","att",334
0.937529276765203,0.712644064355183,1.16291664418495,"Global","Diarrheal diseases","Deaths","Both","Clostridium difficile","att",334
-1.50275177811587,-1.86251085897927,-1.14167386795088,"High-income","Diarrheal diseases","Deaths","Both","Clostridium difficile","att",334
0.230850767791235,0.0133422763945568,0.448832295512402,"Latin America and Caribbean","Diarrheal diseases","Deaths","Both","Clostridium difficile","att",334
0.838683967625786,0.470469312711286,1.20824809401208,"North Africa and Middle East","Diarrheal diseases","Deaths","Both","Clostridium difficile","att",334
2.07760736856519,1.78174417573498,2.37433058820651,"South Asia","Diarrheal diseases","Deaths","Both","Clostridium difficile","att",334
-0.0560813664455373,-0.337595232732646,0.226227684917601,"Southeast Asia, East Asia, and Oceania","Diarrheal diseases","Deaths","Both","Clostridium difficile","att",334
-0.27837652194912,-0.628730355160811,0.0732125557038055,"Sub-Saharan Africa","Diarrheal diseases","Deaths","Both","Clostridium difficile","att",334
-0.295571857337418,-0.653863594915882,0.0640120590198467,"Central Europe, Eastern Europe, and Central Asia","Diarrheal diseases","Deaths","Both","Clostridium difficile","att",335
0.915326077795298,0.732009302077063,1.09897646187191,"Global","Diarrheal diseases","Deaths","Both","Clostridium difficile","att",335
-1.6837586639232,-1.99244992911727,-1.37409512366319,"High-income","Diarrheal diseases","Deaths","Both","Clostridium difficile","att",335
0.246078395901939,0.049366892532765,0.443176662493694,"Latin America and Caribbean","Diarrheal diseases","Deaths","Both","Clostridium difficile","att",335
0.94535721201745,0.61325958907672,1.27855100092686,"North Africa and Middle East","Diarrheal diseases","Deaths","Both","Clostridium difficile","att",335
2.14728837691966,1.9188423310722,2.37624647328369,"South Asia","Diarrheal diseases","Deaths","Both","Clostridium difficile","att",335
0.030705518170393,-0.188680755966097,0.250574005523219,"Southeast Asia, East Asia, and Oceania","Diarrheal diseases","Deaths","Both","Clostridium difficile","att",335
-0.0706051367045712,-0.322613606245237,0.182040471017753,"Sub-Saharan Africa","Diarrheal diseases","Deaths","Both","Clostridium difficile","att",335
-0.393363088247844,-0.715633883519895,-0.0700462222846365,"Central Europe, Eastern Europe, and Central Asia","Diarrheal diseases","Deaths","Both","Clostridium difficile","att",336
0.972262196975238,0.735546825392164,1.20953381874915,"Global","Diarrheal diseases","Deaths","Both","Clostridium difficile","att",336
-1.56368964594165,-1.89312280617269,-1.2331502818423,"High-income","Diarrheal diseases","Deaths","Both","Clostridium difficile","att",336
0.294433817526096,0.0780762752170761,0.511259100501782,"Latin America and Caribbean","Diarrheal diseases","Deaths","Both","Clostridium difficile","att",336
0.714232620989042,0.453406296827774,0.975736178246578,"North Africa and Middle East","Diarrheal diseases","Deaths","Both","Clostridium difficile","att",336
2.09738093381688,1.84727548065391,2.34810056872805,"South Asia","Diarrheal diseases","Deaths","Both","Clostridium difficile","att",336
-0.120395667619289,-0.460211902446395,0.220580656812763,"Southeast Asia, East Asia, and Oceania","Diarrheal diseases","Deaths","Both","Clostridium difficile","att",336
-0.0451163073791339,-0.371511434812832,0.282348130457111,"Sub-Saharan Africa","Diarrheal diseases","Deaths","Both","Clostridium difficile","att",336
-0.288513474784491,-0.58392889106359,0.00777977007104802,"Central Europe, Eastern Europe, and Central Asia","Diarrheal diseases","Deaths","Both","Clostridium difficile","att",337
0.992604775807382,0.75264706682896,1.23313398046137,"Global","Diarrheal diseases","Deaths","Both","Clostridium difficile","att",337
-1.71799254563406,-2.00775464326742,-1.42737362435185,"High-income","Diarrheal diseases","Deaths","Both","Clostridium difficile","att",337
0.176793080790483,-0.00552001424445336,0.359438574820081,"Latin America and Caribbean","Diarrheal diseases","Deaths","Both","Clostridium difficile","att",337
0.789335790112555,0.465276183858587,1.11444067919853,"North Africa and Middle East","Diarrheal diseases","Deaths","Both","Clostridium difficile","att",337
1.99430697775278,1.73746675544637,2.25179560326696,"South Asia","Diarrheal diseases","Deaths","Both","Clostridium difficile","att",337
-0.0702436575765075,-0.36853971019305,0.228945491806343,"Southeast Asia, East Asia, and Oceania","Diarrheal diseases","Deaths","Both","Clostridium difficile","att",337
-0.12783123557264,-0.377541465435638,0.122504909368315,"Sub-Saharan Africa","Diarrheal diseases","Deaths","Both","Clostridium difficile","att",337
-0.177971358786111,-0.509719594034841,0.154883083934765,"Central Europe, Eastern Europe, and Central Asia","Diarrheal diseases","Deaths","Both","Clostridium difficile","att",338
0.782623888696921,0.563350896845738,1.00237499354381,"Global","Diarrheal diseases","Deaths","Both","Clostridium difficile","att",338
-1.73074436343722,-2.11059504676854,-1.34941970504501,"High-income","Diarrheal diseases","Deaths","Both","Clostridium difficile","att",338
0.165939840305573,-0.0479740178891963,0.380311509517939,"Latin America and Caribbean","Diarrheal diseases","Deaths","Both","Clostridium difficile","att",338
0.766146220095565,0.447045997363293,1.08626016056474,"North Africa and Middle East","Diarrheal diseases","Deaths","Both","Clostridium difficile","att",338
2.0984563744761,1.88026295537829,2.31711709083795,"South Asia","Diarrheal diseases","Deaths","Both","Clostridium difficile","att",338
0.0122116110703896,-0.253877455478446,0.27901051364625,"Southeast Asia, East Asia, and Oceania","Diarrheal diseases","Deaths","Both","Clostridium difficile","att",338
-0.22986911471139,-0.712685990972872,0.255295615738005,"Sub-Saharan Africa","Diarrheal diseases","Deaths","Both","Clostridium difficile","att",338
-0.13042026862331,-0.441359189346391,0.181489768334697,"Central Europe, Eastern Europe, and Central Asia","Diarrheal diseases","Deaths","Both","Clostridium difficile","att",339
0.859447753780418,0.639151569129126,1.08022616039218,"Global","Diarrheal diseases","Deaths","Both","Clostridium difficile","att",339
-1.72529515978793,-2.05349865544504,-1.39599190525139,"High-income","Diarrheal diseases","Deaths","Both","Clostridium difficile","att",339
0.0985144919856351,-0.0847290956281888,0.282094146469913,"Latin America and Caribbean","Diarrheal diseases","Deaths","Both","Clostridium difficile","att",339
0.894118969016833,0.537115782511344,1.25238985923735,"North Africa and Middle East","Diarrheal diseases","Deaths","Both","Clostridium difficile","att",339
2.19084601709219,1.96539643587237,2.41679407637858,"South Asia","Diarrheal diseases","Deaths","Both","Clostridium difficile","att",339
-0.00658493365303103,-0.221119085937649,0.208410487610289,"Southeast Asia, East Asia, and Oceania","Diarrheal diseases","Deaths","Both","Clostridium difficile","att",339
0.233789293817521,-0.0193898744071386,0.487609583267012,"Sub-Saharan Africa","Diarrheal diseases","Deaths","Both","Clostridium difficile","att",339
-0.10097780750552,-0.4276345399573,0.226750553809985,"Central Europe, Eastern Europe, and Central Asia","Diarrheal diseases","Deaths","Both","Clostridium difficile","att",340
0.916861747515574,0.723331661606563,1.11076368266285,"Global","Diarrheal diseases","Deaths","Both","Clostridium difficile","att",340
-1.60370193990026,-1.94690109172456,-1.25930154447301,"High-income","Diarrheal diseases","Deaths","Both","Clostridium difficile","att",340
0.109101951516877,-0.0775627299334225,0.296115340467229,"Latin America and Caribbean","Diarrheal diseases","Deaths","Both","Clostridium difficile","att",340
0.951848943228017,0.621753996205943,1.2830267840551,"North Africa and Middle East","Diarrheal diseases","Deaths","Both","Clostridium difficile","att",340
2.04043469921344,1.77062908504015,2.31095559902554,"South Asia","Diarrheal diseases","Deaths","Both","Clostridium difficile","att",340
0.0203107577873007,-0.249574205258229,0.290925922159757,"Southeast Asia, East Asia, and Oceania","Diarrheal diseases","Deaths","Both","Clostridium difficile","att",340
-0.0851030988553325,-0.37653864744126,0.207185006726984,"Sub-Saharan Africa","Diarrheal diseases","Deaths","Both","Clostridium difficile","att",340
-0.34123933523762,-0.703239726741445,0.0220807799217182,"Central Europe, Eastern Europe, and Central Asia","Diarrheal diseases","Deaths","Both","Clostridium difficile","att",341
0.757354861051507,0.522025422712158,0.993235222875732,"Global","Diarrheal diseases","Deaths","Both","Clostridium difficile","att",341
-1.62332726078831,-1.93128109605285,-1.31440639377589,"High-income","Diarrheal diseases","Deaths","Both","Clostridium difficile","att",341
0.183170744643091,-0.010717530371096,0.377434986583536,"Latin America and Caribbean","Diarrheal diseases","Deaths","Both","Clostridium difficile","att",341
0.818260711160734,0.515011976174828,1.12242433232597,"North Africa and Middle East","Diarrheal diseases","Deaths","Both","Clostridium difficile","att",341
2.13467824474833,1.87859499545764,2.39140518794325,"South Asia","Diarrheal diseases","Deaths","Both","Clostridium difficile","att",341
0.0821563793105939,-0.165856763339811,0.330785649038701,"Southeast Asia, East Asia, and Oceania","Diarrheal diseases","Deaths","Both","Clostridium difficile","att",341
0.0414523392359367,-0.198652748616834,0.282135079142498,"Sub-Saharan Africa","Diarrheal diseases","Deaths","Both","Clostridium difficile","att",341
-0.268089231461333,-0.604537571572372,0.0694979683400598,"Central Europe, Eastern Europe, and Central Asia","Diarrheal diseases","Deaths","Both","Clostridium difficile","att",342
1.01641733734235,0.744478171991503,1.28909054699011,"Global","Diarrheal diseases","Deaths","Both","Clostridium difficile","att",342
-1.54509869343036,-1.88813299536726,-1.20086502044998,"High-income","Diarrheal diseases","Deaths","Both","Clostridium difficile","att",342
0.28981099807901,0.128617064761727,0.451264432475007,"Latin America and Caribbean","Diarrheal diseases","Deaths","Both","Clostridium difficile","att",342
1.02833957640291,0.761196673100928,1.29619074174565,"North Africa and Middle East","Diarrheal diseases","Deaths","Both","Clostridium difficile","att",342
1.93709882640256,1.68895598447425,2.18584719003581,"South Asia","Diarrheal diseases","Deaths","Both","Clostridium difficile","att",342
-0.0573865704519561,-0.352513910230134,0.238614852056274,"Southeast Asia, East Asia, and Oceania","Diarrheal diseases","Deaths","Both","Clostridium difficile","att",342
0.0509300408026325,-0.285815529510813,0.38881283727632,"Sub-Saharan Africa","Diarrheal diseases","Deaths","Both","Clostridium difficile","att",342
-0.189002376360126,-0.492075333325737,0.114993654999318,"Central Europe, Eastern Europe, and Central Asia","Diarrheal diseases","Deaths","Both","Clostridium difficile","att",343
0.907400443761652,0.670735403386358,1.1446218557688,"Global","Diarrheal diseases","Deaths","Both","Clostridium difficile","att",343
-1.63841840067414,-1.93965033249046,-1.33626111343073,"High-income","Diarrheal diseases","Deaths","Both","Clostridium difficile","att",343
0.0390360655115884,-0.178159127519983,0.256703838005379,"Latin America and Caribbean","Diarrheal diseases","Deaths","Both","Clostridium difficile","att",343
0.770089773504834,0.466862969711923,1.07423176954942,"North Africa and Middle East","Diarrheal diseases","Deaths","Both","Clostridium difficile","att",343
2.19476803025735,1.93682342755956,2.45336534525109,"South Asia","Diarrheal diseases","Deaths","Both","Clostridium difficile","att",343
0.130466980551436,-0.10268656078124,0.364164686406321,"Southeast Asia, East Asia, and Oceania","Diarrheal diseases","Deaths","Both","Clostridium difficile","att",343
0.0793137710171088,-0.187197658386873,0.346536815968745,"Sub-Saharan Africa","Diarrheal diseases","Deaths","Both","Clostridium difficile","att",343
-0.235667088331848,-0.575506473371956,0.105333889828119,"Central Europe, Eastern Europe, and Central Asia","Diarrheal diseases","Deaths","Both","Clostridium difficile","att",344
0.87703982112326,0.661250057031437,1.09329217853933,"Global","Diarrheal diseases","Deaths","Both","Clostridium difficile","att",344
-1.53160834722821,-1.89792228709863,-1.16392658818748,"High-income","Diarrheal diseases","Deaths","Both","Clostridium difficile","att",344
0.23934983077043,0.0511687010843032,0.427884900725628,"Latin America and Caribbean","Diarrheal diseases","Deaths","Both","Clostridium difficile","att",344
0.997252458254949,0.626896912845454,1.36897109081333,"North Africa and Middle East","Diarrheal diseases","Deaths","Both","Clostridium difficile","att",344
2.01313424730722,1.75924886068302,2.26765306814272,"South Asia","Diarrheal diseases","Deaths","Both","Clostridium difficile","att",344
0.0432327197559923,-0.161180195139954,0.248064155622618,"Southeast Asia, East Asia, and Oceania","Diarrheal diseases","Deaths","Both","Clostridium difficile","att",344
-0.281293801220428,-0.644163097544259,0.0829007733187392,"Sub-Saharan Africa","Diarrheal diseases","Deaths","Both","Clostridium difficile","att",344
-0.152807186046355,-0.448433942080206,0.143697458526493,"Central Europe, Eastern Europe, and Central Asia","Diarrheal diseases","Deaths","Both","Clostridium difficile","att",345
0.943529930036435,0.713753590881128,1.17383049914201,"Global","Diarrheal diseases","Deaths","Both","Clostridium difficile","att",345
-1.46035061658153,-1.76553049116153,-1.15422265569014,"High-income","Diarrheal diseases","Deaths","Both","Clostridium difficile","att",345
0.248864189026654,0.0318159218774205,0.466383405841619,"Latin America and Caribbean","Diarrheal diseases","Deaths","Both","Clostridium difficile","att",345
0.975055014399295,0.564034242445133,1.38775569186091,"North Africa and Middle East","Diarrheal diseases","Deaths","Both","Clostridium difficile","att",345
2.13075258079676,1.8897452940402,2.37232993976324,"South Asia","Diarrheal diseases","Deaths","Both","Clostridium difficile","att",345
0.0745818055007508,-0.208357103144952,0.358322929880184,"Southeast Asia, East Asia, and Oceania","Diarrheal diseases","Deaths","Both","Clostridium difficile","att",345
-0.0780735768228458,-0.372959950472218,0.217685631885356,"Sub-Saharan Africa","Diarrheal diseases","Deaths","Both","Clostridium difficile","att",345
-0.34119467016922,-0.626859570647553,-0.0547085776161138,"Central Europe, Eastern Europe, and Central Asia","Diarrheal diseases","Deaths","Both","Clostridium difficile","att",346
0.952247343436041,0.737103996819499,1.16785016980492,"Global","Diarrheal diseases","Deaths","Both","Clostridium difficile","att",346
-1.51401397633453,-1.81012115903264,-1.21701383537351,"High-income","Diarrheal diseases","Deaths","Both","Clostridium difficile","att",346
0.287425721010348,0.107650949012061,0.467523335152498,"Latin America and Caribbean","Diarrheal diseases","Deaths","Both","Clostridium difficile","att",346
0.91752921215813,0.571822883179096,1.26442387463324,"North Africa and Middle East","Diarrheal diseases","Deaths","Both","Clostridium difficile","att",346
1.88528919713518,1.65353351788518,2.11757324655595,"South Asia","Diarrheal diseases","Deaths","Both","Clostridium difficile","att",346
0.00964685022641909,-0.265107358420835,0.285157964237182,"Southeast Asia, East Asia, and Oceania","Diarrheal diseases","Deaths","Both","Clostridium difficile","att",346
-0.220429437752501,-0.596316186228196,0.156878695145357,"Sub-Saharan Africa","Diarrheal diseases","Deaths","Both","Clostridium difficile","att",346
-0.34738210180939,-0.653952379626088,-0.039865783989157,"Central Europe, Eastern Europe, and Central Asia","Diarrheal diseases","Deaths","Both","Clostridium difficile","att",347
0.921209369279619,0.726044998626985,1.11675188573925,"Global","Diarrheal diseases","Deaths","Both","Clostridium difficile","att",347
-1.63699459878504,-1.98479369727904,-1.2879613630844,"High-income","Diarrheal diseases","Deaths","Both","Clostridium difficile","att",347
0.208340764923709,0.018308962574487,0.398733622026604,"Latin America and Caribbean","Diarrheal diseases","Deaths","Both","Clostridium difficile","att",347
0.737410876961175,0.461680639804363,1.01389789185851,"North Africa and Middle East","Diarrheal diseases","Deaths","Both","Clostridium difficile","att",347
2.06801659891946,1.79620843578265,2.3405505226586,"South Asia","Diarrheal diseases","Deaths","Both","Clostridium difficile","att",347
-0.00194868737678489,-0.289482910152727,0.286414694967085,"Southeast Asia, East Asia, and Oceania","Diarrheal diseases","Deaths","Both","Clostridium difficile","att",347
-0.269604848368665,-0.575494905026663,0.0372263115583138,"Sub-Saharan Africa","Diarrheal diseases","Deaths","Both","Clostridium difficile","att",347
-0.151809372950829,-0.44463362921604,0.141876173350108,"Central Europe, Eastern Europe, and Central Asia","Diarrheal diseases","Deaths","Both","Clostridium difficile","att",348
1.0819913134229,0.847929155690119,1.3165967157631,"Global","Diarrheal diseases","Deaths","Both","Clostridium difficile","att",348
-1.65549548349475,-2.03539506461604,-1.2741226795515,"High-income","Diarrheal diseases","Deaths","Both","Clostridium difficile","att",348
0.0167131653655117,-0.195379912988181,0.229256959065305,"Latin America and Caribbean","Diarrheal diseases","Deaths","Both","Clostridium difficile","att",348
0.759385421866376,0.507840854345076,1.01155953897216,"North Africa and Middle East","Diarrheal diseases","Deaths","Both","Clostridium difficile","att",348
2.1985372224985,1.93335447447018,2.46440985157914,"South Asia","Diarrheal diseases","Deaths","Both","Clostridium difficile","att",348
0.0110626394683289,-0.24649724897774,0.269287538107599,"Southeast Asia, East Asia, and Oceania","Diarrheal diseases","Deaths","Both","Clostridium difficile","att",348
-0.0783568578637039,-0.359461820314888,0.203541155301168,"Sub-Saharan Africa","Diarrheal diseases","Deaths","Both","Clostridium difficile","att",348
-0.364654224298289,-0.728636012543471,0.000662115391070195,"Central Europe, Eastern Europe, and Central Asia","Diarrheal diseases","Deaths","Both","Clostridium difficile","att",349
0.949369634343888,0.723742577042064,1.17550210941202,"Global","Diarrheal diseases","Deaths","Both","Clostridium difficile","att",349
-1.51253610967867,-1.85731363754876,-1.16654737037624,"High-income","Diarrheal diseases","Deaths","Both","Clostridium difficile","att",349
0.252115302499112,0.0706092215320808,0.433950595586308,"Latin America and Caribbean","Diarrheal diseases","Deaths","Both","Clostridium difficile","att",349
0.767506481599489,0.448445290352217,1.08758112849026,"North Africa and Middle East","Diarrheal diseases","Deaths","Both","Clostridium difficile","att",349
2.12156123591547,1.80917384637336,2.43490714301999,"South Asia","Diarrheal diseases","Deaths","Both","Clostridium difficile","att",349
0.138927555335533,-0.11128358173963,0.389765446015722,"Southeast Asia, East Asia, and Oceania","Diarrheal diseases","Deaths","Both","Clostridium difficile","att",349
-0.0490806802183275,-0.296870650302905,0.199325116768323,"Sub-Saharan Africa","Diarrheal diseases","Deaths","Both","Clostridium difficile","att",349
-0.144089990284368,-0.424966010437566,0.137578310177844,"Central Europe, Eastern Europe, and Central Asia","Diarrheal diseases","Deaths","Both","Clostridium difficile","att",350
1.02029870342328,0.814102930722038,1.22691620974553,"Global","Diarrheal diseases","Deaths","Both","Clostridium difficile","att",350
-1.71895195515662,-2.09412989049319,-1.34233632785117,"High-income","Diarrheal diseases","Deaths","Both","Clostridium difficile","att",350
0.104105419634903,-0.0841272995225517,0.292692752685042,"Latin America and Caribbean","Diarrheal diseases","Deaths","Both","Clostridium difficile","att",350
0.878720684501921,0.480073473789466,1.2789494983434,"North Africa and Middle East","Diarrheal diseases","Deaths","Both","Clostridium difficile","att",350
1.99773930716671,1.74360961985587,2.25250374587092,"South Asia","Diarrheal diseases","Deaths","Both","Clostridium difficile","att",350
0.0831574504394528,-0.238314659971484,0.405665472758043,"Southeast Asia, East Asia, and Oceania","Diarrheal diseases","Deaths","Both","Clostridium difficile","att",350
0.0474795275652973,-0.219933646422288,0.315609375816917,"Sub-Saharan Africa","Diarrheal diseases","Deaths","Both","Clostridium difficile","att",350
-0.313424441456533,-0.598615408895786,-0.0274152370455916,"Central Europe, Eastern Europe, and Central Asia","Diarrheal diseases","Deaths","Both","Clostridium difficile","att",351
0.914216216742569,0.670812589532721,1.15820834944094,"Global","Diarrheal diseases","Deaths","Both","Clostridium difficile","att",351
-1.60159780981924,-1.93355709372861,-1.26851482892538,"High-income","Diarrheal diseases","Deaths","Both","Clostridium difficile","att",351
0.103350779083078,-0.12490349363653,0.332126703494029,"Latin America and Caribbean","Diarrheal diseases","Deaths","Both","Clostridium difficile","att",351
0.758588272952965,0.401845309719273,1.11659879796724,"North Africa and Middle East","Diarrheal diseases","Deaths","Both","Clostridium difficile","att",351
2.06716785173273,1.86385128584257,2.27089023014073,"South Asia","Diarrheal diseases","Deaths","Both","Clostridium difficile","att",351
0.111390884394647,-0.169658912624071,0.39323191369347,"Southeast Asia, East Asia, and Oceania","Diarrheal diseases","Deaths","Both","Clostridium difficile","att",351
-0.240380830616616,-0.524211928659513,0.0442601136589893,"Sub-Saharan Africa","Diarrheal diseases","Deaths","Both","Clostridium difficile","att",351
-0.0813016691563417,-0.369021465244213,0.207249019915601,"Central Europe, Eastern Europe, and Central Asia","Diarrheal diseases","Deaths","Both","Clostridium difficile","att",352
0.893449616395747,0.650681808337472,1.13680297645993,"Global","Diarrheal diseases","Deaths","Both","Clostridium difficile","att",352
-1.77345799105441,-2.08483537282065,-1.46109040645038,"High-income","Diarrheal diseases","Deaths","Both","Clostridium difficile","att",352
0.215297326026209,0.0343387663269246,0.396583233321657,"Latin America and Caribbean","Diarrheal diseases","Deaths","Both","Clostridium difficile","att",352
0.983125387804762,0.684587506941714,1.28254845743918,"North Africa and Middle East","Diarrheal diseases","Deaths","Both","Clostridium difficile","att",352
2.12338133046441,1.86662474686119,2.38078507346244,"South Asia","Diarrheal diseases","Deaths","Both","Clostridium difficile","att",352
0.0739197568120353,-0.172365958131282,0.320813085608651,"Southeast Asia, East Asia, and Oceania","Diarrheal diseases","Deaths","Both","Clostridium difficile","att",352
0.189874054329486,-0.062164592940972,0.442548331533898,"Sub-Saharan Africa","Diarrheal diseases","Deaths","Both","Clostridium difficile","att",352
-0.167725561727394,-0.495090804250742,0.160716693004481,"Central Europe, Eastern Europe, and Central Asia","Diarrheal diseases","Deaths","Both","Clostridium difficile","att",353
0.775944782749116,0.539153648363522,1.01329361072262,"Global","Diarrheal diseases","Deaths","Both","Clostridium difficile","att",353
-1.50585210365561,-1.87273960809021,-1.13759284543545,"High-income","Diarrheal diseases","Deaths","Both","Clostridium difficile","att",353
0.175969990378322,-0.0446693682529919,0.397096383830764,"Latin America and Caribbean","Diarrheal diseases","Deaths","Both","Clostridium difficile","att",353
0.736966254580973,0.441402777550182,1.03339947025081,"North Africa and Middle East","Diarrheal diseases","Deaths","Both","Clostridium difficile","att",353
2.15205232727271,1.89903580770849,2.40569708986851,"South Asia","Diarrheal diseases","Deaths","Both","Clostridium difficile","att",353
0.0732844627408857,-0.168763738539801,0.315919527752184,"Southeast Asia, East Asia, and Oceania","Diarrheal diseases","Deaths","Both","Clostridium difficile","att",353
0.243603310016427,-0.10305843235715,0.591468035802123,"Sub-Saharan Africa","Diarrheal diseases","Deaths","Both","Clostridium difficile","att",353
-0.322164984276907,-0.600433929073219,-0.0431170259627467,"Central Europe, Eastern Europe, and Central Asia","Diarrheal diseases","Deaths","Both","Clostridium difficile","att",354
0.996063532505431,0.780266181628897,1.21232296289824,"Global","Diarrheal diseases","Deaths","Both","Clostridium difficile","att",354
-1.67878928804341,-1.98340033074216,-1.37323159051633,"High-income","Diarrheal diseases","Deaths","Both","Clostridium difficile","att",354
0.273206936713821,0.0271314737772643,0.519887766739968,"Latin America and Caribbean","Diarrheal diseases","Deaths","Both","Clostridium difficile","att",354
0.850907758188657,0.606810158017446,1.09559760095577,"North Africa and Middle East","Diarrheal diseases","Deaths","Both","Clostridium difficile","att",354
2.08613016061796,1.83872508784582,2.334136274595,"South Asia","Diarrheal diseases","Deaths","Both","Clostridium difficile","att",354
0.0609510915764,-0.209026414650759,0.33165900308223,"Southeast Asia, East Asia, and Oceania","Diarrheal diseases","Deaths","Both","Clostridium difficile","att",354
0.14255870240083,-0.165985213890918,0.452056194970996,"Sub-Saharan Africa","Diarrheal diseases","Deaths","Both","Clostridium difficile","att",354
-0.345302341721476,-0.666613211940337,-0.0229521364043306,"Central Europe, Eastern Europe, and Central Asia","Diarrheal diseases","Deaths","Both","Clostridium difficile","att",355
0.877307975896779,0.643625240361789,1.11153329543303,"Global","Diarrheal diseases","Deaths","Both","Clostridium difficile","att",355
-1.59369514836926,-1.98091156681812,-1.20494906302476,"High-income","Diarrheal diseases","Deaths","Both","Clostridium difficile","att",355
0.213945535926197,0.00213544317653191,0.426204254249596,"Latin America and Caribbean","Diarrheal diseases","Deaths","Both","Clostridium difficile","att",355
0.965017041176575,0.625630208483452,1.30554854667289,"North Africa and Middle East","Diarrheal diseases","Deaths","Both","Clostridium difficile","att",355
1.96026181082765,1.69746570255525,2.22373700971501,"South Asia","Diarrheal diseases","Deaths","Both","Clostridium difficile","att",355
0.0802641736080467,-0.1643412722524,0.32546892261236,"Southeast Asia, East Asia, and Oceania","Diarrheal diseases","Deaths","Both","Clostridium difficile","att",355
-0.134410956139241,-0.415770788288361,0.14774381468412,"Sub-Saharan Africa","Diarrheal diseases","Deaths","Both","Clostridium difficile","att",355
-0.186808413059292,-0.454977039176652,0.0820826440736333,"Central Europe, Eastern Europe, and Central Asia","Diarrheal diseases","Deaths","Both","Clostridium difficile","att",356
1.0089812868793,0.785504073128229,1.23295402888637,"Global","Diarrheal diseases","Deaths","Both","Clostridium difficile","att",356
-1.63539583399825,-1.96453587395855,-1.30515075346035,"High-income","Diarrheal diseases","Deaths","Both","Clostridium difficile","att",356
0.224137877290054,0.0401736787000617,0.408440368239193,"Latin America and Caribbean","Diarrheal diseases","Deaths","Both","Clostridium difficile","att",356
0.905432778742021,0.586117773903672,1.22576146294857,"North Africa and Middle East","Diarrheal diseases","Deaths","Both","Clostridium difficile","att",356
2.11385779716791,1.81981326350302,2.40875149942785,"South Asia","Diarrheal diseases","Deaths","Both","Clostridium difficile","att",356
0.143022005300142,-0.104290727976919,0.390947013003085,"Southeast Asia, East Asia, and Oceania","Diarrheal diseases","Deaths","Both","Clostridium difficile","att",356
-0.0850708364096953,-0.375056703583332,0.205759114588511,"Sub-Saharan Africa","Diarrheal diseases","Deaths","Both","Clostridium difficile","att",356
-0.171993325444986,-0.478995860572329,0.135956251539393,"Central Europe, Eastern Europe, and Central Asia","Diarrheal diseases","Deaths","Both","Clostridium difficile","att",357
0.928589890414711,0.731935857494848,1.12562784138732,"Global","Diarrheal diseases","Deaths","Both","Clostridium difficile","att",357
-1.63306322069141,-1.9329158458845,-1.33229375782938,"High-income","Diarrheal diseases","Deaths","Both","Clostridium difficile","att",357
0.191329804365736,-0.0122041398699202,0.395278059829085,"Latin America and Caribbean","Diarrheal diseases","Deaths","Both","Clostridium difficile","att",357
0.87899332287773,0.54082439960681,1.21829967685254,"North Africa and Middle East","Diarrheal diseases","Deaths","Both","Clostridium difficile","att",357
2.15207322215736,1.90983819031834,2.39488403560582,"South Asia","Diarrheal diseases","Deaths","Both","Clostridium difficile","att",357
-0.0133050738550189,-0.320155383763754,0.29448983135334,"Southeast Asia, East Asia, and Oceania","Diarrheal diseases","Deaths","Both","Clostridium difficile","att",357
-0.0306882797979857,-0.338847637450379,0.278423928463267,"Sub-Saharan Africa","Diarrheal diseases","Deaths","Both","Clostridium difficile","att",357
-0.0723604426729141,-0.349126140092304,0.205173930908575,"Central Europe, Eastern Europe, and Central Asia","Diarrheal diseases","Deaths","Both","Clostridium difficile","att",358
0.856299094949686,0.642342574859311,1.07071046725551,"Global","Diarrheal diseases","Deaths","Both","Clostridium difficile","att",358
-1.68759269399195,-2.15229839607749,-1.22067997645269,"High-income","Diarrheal diseases","Deaths","Both","Clostridium difficile","att",358
0.151819906071515,-0.0365532531411694,0.340548039509936,"Latin America and Caribbean","Diarrheal diseases","Deaths","Both","Clostridium difficile","att",358
0.852916521563896,0.592807290316633,1.11369833382367,"North Africa and Middle East","Diarrheal diseases","Deaths","Both","Clostridium difficile","att",358
1.98408835158959,1.73224578826374,2.2365543620458,"South Asia","Diarrheal diseases","Deaths","Both","Clostridium difficile","att",358
0.0330536751983468,-0.199533231653981,0.266182630309464,"Southeast Asia, East Asia, and Oceania","Diarrheal diseases","Deaths","Both","Clostridium difficile","att",358
0.0935827850545579,-0.146181282091085,0.333922561858935,"Sub-Saharan Africa","Diarrheal diseases","Deaths","Both","Clostridium difficile","att",358
-0.274958347514975,-0.583156219156389,0.0341949550622056,"Central Europe, Eastern Europe, and Central Asia","Diarrheal diseases","Deaths","Both","Clostridium difficile","att",359
0.865824036701968,0.653522039856114,1.07857382848784,"Global","Diarrheal diseases","Deaths","Both","Clostridium difficile","att",359
-1.57045841771064,-1.92290695698365,-1.21674332404678,"High-income","Diarrheal diseases","Deaths","Both","Clostridium difficile","att",359
0.301242895423748,0.11674633614962,0.486079447572463,"Latin America and Caribbean","Diarrheal diseases","Deaths","Both","Clostridium difficile","att",359
0.85529685705894,0.52532215664296,1.18635470051367,"North Africa and Middle East","Diarrheal diseases","Deaths","Both","Clostridium difficile","att",359
1.99558348182329,1.72990036241223,2.26196047314111,"South Asia","Diarrheal diseases","Deaths","Both","Clostridium difficile","att",359
0.13068597787238,-0.0799397560731552,0.341755698737956,"Southeast Asia, East Asia, and Oceania","Diarrheal diseases","Deaths","Both","Clostridium difficile","att",359
0.0213611365978306,-0.272311007441961,0.315898068832898,"Sub-Saharan Africa","Diarrheal diseases","Deaths","Both","Clostridium difficile","att",359
-0.295875597755357,-0.650950262612715,0.0604681081039837,"Central Europe, Eastern Europe, and Central Asia","Diarrheal diseases","Deaths","Both","Clostridium difficile","att",360
0.981794424753746,0.734021830365839,1.23017645831041,"Global","Diarrheal diseases","Deaths","Both","Clostridium difficile","att",360
-1.57036685708672,-1.95574273528855,-1.18347620819212,"High-income","Diarrheal diseases","Deaths","Both","Clostridium difficile","att",360
0.287766058223271,0.0906391847277144,0.485281169865437,"Latin America and Caribbean","Diarrheal diseases","Deaths","Both","Clostridium difficile","att",360
0.81791776813378,0.460984795881636,1.17611890580298,"North Africa and Middle East","Diarrheal diseases","Deaths","Both","Clostridium difficile","att",360
2.06372432722992,1.77435072765189,2.35392069874936,"South Asia","Diarrheal diseases","Deaths","Both","Clostridium difficile","att",360
-0.103774035242332,-0.352222592722828,0.145293970933569,"Southeast Asia, East Asia, and Oceania","Diarrheal diseases","Deaths","Both","Clostridium difficile","att",360
0.0796774494262742,-0.169183160838526,0.329158425278586,"Sub-Saharan Africa","Diarrheal diseases","Deaths","Both","Clostridium difficile","att",360
-0.305947110221461,-0.60906009046775,-0.00190972500548892,"Central Europe, Eastern Europe, and Central Asia","Diarrheal diseases","Deaths","Both","Clostridium difficile","att",361
0.986047210343011,0.800863703372889,1.17157092204943,"Global","Diarrheal diseases","Deaths","Both","Clostridium difficile","att",361
-1.66964066225883,-2.08093573785946,-1.25661800030422,"High-income","Diarrheal diseases","Deaths","Both","Clostridium difficile","att",361
0.236085644990713,0.0311394511647523,0.441451737486154,"Latin America and Caribbean","Diarrheal diseases","Deaths","Both","Clostridium difficile","att",361
0.900433560367886,0.623445528694,1.17818406215286,"North Africa and Middle East","Diarrheal diseases","Deaths","Both","Clostridium difficile","att",361
2.1258540657799,1.90358457825803,2.34860836181257,"South Asia","Diarrheal diseases","Deaths","Both","Clostridium difficile","att",361
-0.015886707387136,-0.269299578004034,0.238170078119793,"Southeast Asia, East Asia, and Oceania","Diarrheal diseases","Deaths","Both","Clostridium difficile","att",361
0.193297617907029,-0.0977049220821535,0.485147810877673,"Sub-Saharan Africa","Diarrheal diseases","Deaths","Both","Clostridium difficile","att",361
-0.201694000525054,-0.583381165452845,0.181458564187786,"Central Europe, Eastern Europe, and Central Asia","Diarrheal diseases","Deaths","Both","Clostridium difficile","att",362
0.819183847649296,0.535030657747937,1.10414017089435,"Global","Diarrheal diseases","Deaths","Both","Clostridium difficile","att",362
-1.47019806220043,-1.73649915274913,-1.20317527671703,"High-income","Diarrheal diseases","Deaths","Both","Clostridium difficile","att",362
0.23201743835195,0.00525847006422886,0.45929057589924,"Latin America and Caribbean","Diarrheal diseases","Deaths","Both","Clostridium difficile","att",362
0.569598982616326,0.264718270346953,0.875406763253506,"North Africa and Middle East","Diarrheal diseases","Deaths","Both","Clostridium difficile","att",362
2.06476840027812,1.80870009887235,2.32148076230858,"South Asia","Diarrheal diseases","Deaths","Both","Clostridium difficile","att",362
0.0322410016227126,-0.254529152889371,0.319835625865816,"Southeast Asia, East Asia, and Oceania","Diarrheal diseases","Deaths","Both","Clostridium difficile","att",362
-0.0143967379343857,-0.307331971534519,0.279399251554624,"Sub-Saharan Africa","Diarrheal diseases","Deaths","Both","Clostridium difficile","att",362
-0.16058266147041,-0.511623456944277,0.19169676754407,"Central Europe, Eastern Europe, and Central Asia","Diarrheal diseases","Deaths","Both","Clostridium difficile","att",363
0.854419982147214,0.66312367536514,1.04607982103173,"Global","Diarrheal diseases","Deaths","Both","Clostridium difficile","att",363
-1.41964284039144,-1.71664518869779,-1.12174298105621,"High-income","Diarrheal diseases","Deaths","Both","Clostridium difficile","att",363
0.232945046571809,0.0166388083487234,0.44971909084448,"Latin America and Caribbean","Diarrheal diseases","Deaths","Both","Clostridium difficile","att",363
0.753788116189291,0.435751064212142,1.07283225543726,"North Africa and Middle East","Diarrheal diseases","Deaths","Both","Clostridium difficile","att",363
2.09528348771031,1.88512929383564,2.30587115784897,"South Asia","Diarrheal diseases","Deaths","Both","Clostridium difficile","att",363
0.166322140897179,-0.111222414770351,0.444637864079644,"Southeast Asia, East Asia, and Oceania","Diarrheal diseases","Deaths","Both","Clostridium difficile","att",363
-0.413947472551779,-0.842460039423465,0.0164169254568858,"Sub-Saharan Africa","Diarrheal diseases","Deaths","Both","Clostridium difficile","att",363
-0.120434607602971,-0.418984208127782,0.179010061758644,"Central Europe, Eastern Europe, and Central Asia","Diarrheal diseases","Deaths","Both","Clostridium difficile","att",364
0.956727468531438,0.686559073979942,1.22762079560705,"Global","Diarrheal diseases","Deaths","Both","Clostridium difficile","att",364
-1.64691099199036,-1.95171724275551,-1.34115717898451,"High-income","Diarrheal diseases","Deaths","Both","Clostridium difficile","att",364
0.133642345985674,-0.0731649652792377,0.340877663040828,"Latin America and Caribbean","Diarrheal diseases","Deaths","Both","Clostridium difficile","att",364
0.92304043897169,0.617746162713284,1.22926103885261,"North Africa and Middle East","Diarrheal diseases","Deaths","Both","Clostridium difficile","att",364
1.97241868186089,1.73456329405399,2.21083017551496,"South Asia","Diarrheal diseases","Deaths","Both","Clostridium difficile","att",364
0.0132169473733956,-0.285236309348225,0.312563495551088,"Southeast Asia, East Asia, and Oceania","Diarrheal diseases","Deaths","Both","Clostridium difficile","att",364
0.103109886981545,-0.161687912487785,0.368610000754277,"Sub-Saharan Africa","Diarrheal diseases","Deaths","Both","Clostridium difficile","att",364
-0.383788610255564,-0.651447301601127,-0.115408809511752,"Central Europe, Eastern Europe, and Central Asia","Diarrheal diseases","Deaths","Both","Clostridium difficile","att",365
1.02151414993268,0.794530683003969,1.24900877053122,"Global","Diarrheal diseases","Deaths","Both","Clostridium difficile","att",365
-1.78659072199986,-2.09164564922732,-1.48058532931679,"High-income","Diarrheal diseases","Deaths","Both","Clostridium difficile","att",365
0.210176740089496,0.000964044586093671,0.419827130892902,"Latin America and Caribbean","Diarrheal diseases","Deaths","Both","Clostridium difficile","att",365
0.924657366373594,0.575738753983135,1.27478645158365,"North Africa and Middle East","Diarrheal diseases","Deaths","Both","Clostridium difficile","att",365
2.11429812722115,1.87900901892024,2.35013063464831,"South Asia","Diarrheal diseases","Deaths","Both","Clostridium difficile","att",365
0.0267116857060046,-0.201591041142013,0.255536686762903,"Southeast Asia, East Asia, and Oceania","Diarrheal diseases","Deaths","Both","Clostridium difficile","att",365
-0.010269555581166,-0.269104409253784,0.249237060648877,"Sub-Saharan Africa","Diarrheal diseases","Deaths","Both","Clostridium difficile","att",365
-0.234586676452764,-0.55680189707582,0.0886725838872504,"Central Europe, Eastern Europe, and Central Asia","Diarrheal diseases","Deaths","Both","Clostridium difficile","att",366
0.881818344918628,0.699280274766045,1.06468730270979,"Global","Diarrheal diseases","Deaths","Both","Clostridium difficile","att",366
-1.55552960985051,-1.89353690579407,-1.21635777358508,"High-income","Diarrheal diseases","Deaths","Both","Clostridium difficile","att",366
0.245335418104786,0.0403612091126604,0.45072960185355,"Latin America and Caribbean","Diarrheal diseases","Deaths","Both","Clostridium difficile","att",366
0.894886886894941,0.557654473493407,1.23325025050851,"North Africa and Middle East","Diarrheal diseases","Deaths","Both","Clostridium difficile","att",366
1.95617979930252,1.69146662525879,2.22158204851486,"South Asia","Diarrheal diseases","Deaths","Both","Clostridium difficile","att",366
0.232059569195764,-0.0339973344548494,0.498824576342494,"Southeast Asia, East Asia, and Oceania","Diarrheal diseases","Deaths","Both","Clostridium difficile","att",366
-0.0467075546329299,-0.310114604322809,0.217395486165284,"Sub-Saharan Africa","Diarrheal diseases","Deaths","Both","Clostridium difficile","att",366
-0.119820159001183,-0.497680007660384,0.259474611630095,"Central Europe, Eastern Europe, and Central Asia","Diarrheal diseases","Deaths","Both","Clostridium difficile","att",367
0.708391030667754,0.502324113265451,0.914880461428069,"Global","Diarrheal diseases","Deaths","Both","Clostridium difficile","att",367
-1.56337318078114,-1.89543417011849,-1.2301882427294,"High-income","Diarrheal diseases","Deaths","Both","Clostridium difficile","att",367
0.259523956137619,0.0390138950692176,0.480520074446478,"Latin America and Caribbean","Diarrheal diseases","Deaths","Both","Clostridium difficile","att",367
0.972169255665944,0.640095207323843,1.30533902210488,"North Africa and Middle East","Diarrheal diseases","Deaths","Both","Clostridium difficile","att",367
2.05354578033365,1.79700368691471,2.31073439421305,"South Asia","Diarrheal diseases","Deaths","Both","Clostridium difficile","att",367
0.105753364297545,-0.172990128829331,0.385275183200817,"Southeast Asia, East Asia, and Oceania","Diarrheal diseases","Deaths","Both","Clostridium difficile","att",367
-0.42570563694847,-0.857958689837834,0.00843201201399246,"Sub-Saharan Africa","Diarrheal diseases","Deaths","Both","Clostridium difficile","att",367
-0.366581559167845,-0.643364652414991,-0.0890274164539018,"Central Europe, Eastern Europe, and Central Asia","Diarrheal diseases","Deaths","Both","Clostridium difficile","att",368
0.913934627999491,0.687785896731796,1.14059129822124,"Global","Diarrheal diseases","Deaths","Both","Clostridium difficile","att",368
-1.6917888748708,-1.98658158375684,-1.39610952472057,"High-income","Diarrheal diseases","Deaths","Both","Clostridium difficile","att",368
0.313885903626931,0.102670500685131,0.525546968469826,"Latin America and Caribbean","Diarrheal diseases","Deaths","Both","Clostridium difficile","att",368
0.79820991483357,0.523142269458954,1.07403024469281,"North Africa and Middle East","Diarrheal diseases","Deaths","Both","Clostridium difficile","att",368
2.23433124608698,1.95765574539444,2.5117575421183,"South Asia","Diarrheal diseases","Deaths","Both","Clostridium difficile","att",368
0.0887638233450616,-0.214742566101123,0.393193356457977,"Southeast Asia, East Asia, and Oceania","Diarrheal diseases","Deaths","Both","Clostridium difficile","att",368
0.0559888799502195,-0.190024400351874,0.302608537858595,"Sub-Saharan Africa","Diarrheal diseases","Deaths","Both","Clostridium difficile","att",368
-0.25415620671333,-0.64526640386231,0.1384935968618,"Central Europe, Eastern Europe, and Central Asia","Diarrheal diseases","Deaths","Both","Clostridium difficile","att",369
0.816444524696558,0.593351618047522,1.04003220007731,"Global","Diarrheal diseases","Deaths","Both","Clostridium difficile","att",369
-1.65882762431747,-2.03109316068003,-1.28514754089061,"High-income","Diarrheal diseases","Deaths","Both","Clostridium difficile","att",369
0.233427888148507,0.0242825858952633,0.44301050178579,"Latin America and Caribbean","Diarrheal diseases","Deaths","Both","Clostridium difficile","att",369
0.915171761608113,0.587164077689617,1.24424905556775,"North Africa and Middle East","Diarrheal diseases","Deaths","Both","Clostridium difficile","att",369
1.98744538494444,1.71442582914862,2.2611977736422,"South Asia","Diarrheal diseases","Deaths","Both","Clostridium difficile","att",369
0.0401286837213632,-0.289630228275473,0.37097816373326,"Southeast Asia, East Asia, and Oceania","Diarrheal diseases","Deaths","Both","Clostridium difficile","att",369
0.165867767484529,-0.0740614964450104,0.406373118589776,"Sub-Saharan Africa","Diarrheal diseases","Deaths","Both","Clostridium difficile","att",369
-0.376790310044128,-0.732800010941093,-0.0195038237926104,"Central Europe, Eastern Europe, and Central Asia","Diarrheal diseases","Deaths","Both","Clostridium difficile","att",370
0.804348074096084,0.616498424534817,0.992548436427043,"Global","Diarrheal diseases","Deaths","Both","Clostridium difficile","att",370
-1.38747368935561,-1.70055033085215,-1.07339992138704,"High-income","Diarrheal diseases","Deaths","Both","Clostridium difficile","att",370
0.176057033449428,-0.00113564882696648,0.35356369175803,"Latin America and Caribbean","Diarrheal diseases","Deaths","Both","Clostridium difficile","att",370
0.880236006211543,0.611790799584644,1.14939745919875,"North Africa and Middle East","Diarrheal diseases","Deaths","Both","Clostridium difficile","att",370
2.03485065922668,1.81156208748794,2.25862893749038,"South Asia","Diarrheal diseases","Deaths","Both","Clostridium difficile","att",370
0.00476783961762539,-0.248699125230301,0.258878861251843,"Southeast Asia, East Asia, and Oceania","Diarrheal diseases","Deaths","Both","Clostridium difficile","att",370
0.110701418942116,-0.100382992406911,0.322231844300469,"Sub-Saharan Africa","Diarrheal diseases","Deaths","Both","Clostridium difficile","att",370
-0.262203628341684,-0.579716502825489,0.0563232688537418,"Central Europe, Eastern Europe, and Central Asia","Diarrheal diseases","Deaths","Both","Clostridium difficile","att",371
0.809909025694822,0.567316188350131,1.05308705599245,"Global","Diarrheal diseases","Deaths","Both","Clostridium difficile","att",371
-1.4533637209144,-1.71963120195353,-1.18637485093133,"High-income","Diarrheal diseases","Deaths","Both","Clostridium difficile","att",371
0.129884253301271,-0.0897246769695381,0.349975897508159,"Latin America and Caribbean","Diarrheal diseases","Deaths","Both","Clostridium difficile","att",371
0.987255097769268,0.627129819760119,1.34866919536509,"North Africa and Middle East","Diarrheal diseases","Deaths","Both","Clostridium difficile","att",371
2.05395730786992,1.78334333275978,2.32529077126888,"South Asia","Diarrheal diseases","Deaths","Both","Clostridium difficile","att",371
-0.155001222080398,-0.456470192209746,0.147380751034931,"Southeast Asia, East Asia, and Oceania","Diarrheal diseases","Deaths","Both","Clostridium difficile","att",371
-0.138546874904311,-0.442516271348126,0.16635060238801,"Sub-Saharan Africa","Diarrheal diseases","Deaths","Both","Clostridium difficile","att",371
-0.19752850644339,-0.522324282228448,0.12832773135194,"Central Europe, Eastern Europe, and Central Asia","Diarrheal diseases","Deaths","Both","Clostridium difficile","att",372
0.900710108333524,0.659809504637843,1.14218723905768,"Global","Diarrheal diseases","Deaths","Both","Clostridium difficile","att",372
-1.67402888929167,-2.03857454347252,-1.30812664466347,"High-income","Diarrheal diseases","Deaths","Both","Clostridium difficile","att",372
0.156549716457977,-0.0450487281907108,0.358554763604779,"Latin America and Caribbean","Diarrheal diseases","Deaths","Both","Clostridium difficile","att",372
0.891045532776258,0.549825101870915,1.23342391082222,"North Africa and Middle East","Diarrheal diseases","Deaths","Both","Clostridium difficile","att",372
2.24158526853113,2.01415505703884,2.4695225126119,"South Asia","Diarrheal diseases","Deaths","Both","Clostridium difficile","att",372
-0.091664202308217,-0.378626755652911,0.196124955853683,"Southeast Asia, East Asia, and Oceania","Diarrheal diseases","Deaths","Both","Clostridium difficile","att",372
0.043685670545357,-0.24630770728542,0.334522086435718,"Sub-Saharan Africa","Diarrheal diseases","Deaths","Both","Clostridium difficile","att",372
-0.107627600203453,-0.431891241207871,0.217692070790765,"Central Europe, Eastern Europe, and Central Asia","Diarrheal diseases","Deaths","Both","Clostridium difficile","att",373
0.854387931554812,0.611857085426637,1.09750341266566,"Global","Diarrheal diseases","Deaths","Both","Clostridium difficile","att",373
-1.6802583347088,-2.05617981761669,-1.30289401486592,"High-income","Diarrheal diseases","Deaths","Both","Clostridium difficile","att",373
0.229265242239252,0.00867925097982614,0.450337773066067,"Latin America and Caribbean","Diarrheal diseases","Deaths","Both","Clostridium difficile","att",373
0.743800302480491,0.415622390022374,1.07305076460431,"North Africa and Middle East","Diarrheal diseases","Deaths","Both","Clostridium difficile","att",373
1.92126253614795,1.70405603634463,2.13893291778053,"South Asia","Diarrheal diseases","Deaths","Both","Clostridium difficile","att",373
0.0636892902031505,-0.171074331958576,0.299004996421903,"Southeast Asia, East Asia, and Oceania","Diarrheal diseases","Deaths","Both","Clostridium difficile","att",373
0.251401849672983,-0.0279529523619537,0.531537260965464,"Sub-Saharan Africa","Diarrheal diseases","Deaths","Both","Clostridium difficile","att",373
-0.182721877173009,-0.479766729378561,0.115209585135068,"Central Europe, Eastern Europe, and Central Asia","Diarrheal diseases","Deaths","Both","Clostridium difficile","att",374
0.818364217694123,0.582272336703227,1.05501026568655,"Global","Diarrheal diseases","Deaths","Both","Clostridium difficile","att",374
-1.69489857610775,-2.02524733271909,-1.36343595803696,"High-income","Diarrheal diseases","Deaths","Both","Clostridium difficile","att",374
0.209421677935584,-0.0045319097456531,0.423833047739897,"Latin America and Caribbean","Diarrheal diseases","Deaths","Both","Clostridium difficile","att",374
1.05475183723185,0.674415909972992,1.4365246282287,"North Africa and Middle East","Diarrheal diseases","Deaths","Both","Clostridium difficile","att",374
2.14103189241945,1.92861324703868,2.35389321703883,"South Asia","Diarrheal diseases","Deaths","Both","Clostridium difficile","att",374
0.0182294419956985,-0.214232127352221,0.251232555317005,"Southeast Asia, East Asia, and Oceania","Diarrheal diseases","Deaths","Both","Clostridium difficile","att",374
-0.0861272474237174,-0.336387787489023,0.164761709939754,"Sub-Saharan Africa","Diarrheal diseases","Deaths","Both","Clostridium difficile","att",374
-0.213359563719184,-0.475081499676633,0.0490506257208478,"Central Europe, Eastern Europe, and Central Asia","Diarrheal diseases","Deaths","Both","Clostridium difficile","att",375
0.967112840541517,0.72799464777602,1.20679867599971,"Global","Diarrheal diseases","Deaths","Both","Clostridium difficile","att",375
-1.71395153848168,-2.14093633751565,-1.28510369261503,"High-income","Diarrheal diseases","Deaths","Both","Clostridium difficile","att",375
0.228544109102802,-0.00928747652531037,0.466941385900577,"Latin America and Caribbean","Diarrheal diseases","Deaths","Both","Clostridium difficile","att",375
1.00057289791637,0.751767553096538,1.24999266470731,"North Africa and Middle East","Diarrheal diseases","Deaths","Both","Clostridium difficile","att",375
2.02357439936991,1.74888150356383,2.2990088874755,"South Asia","Diarrheal diseases","Deaths","Both","Clostridium difficile","att",375
0.057774469704519,-0.194186108160233,0.31037112406942,"Southeast Asia, East Asia, and Oceania","Diarrheal diseases","Deaths","Both","Clostridium difficile","att",375
-0.0762295460466578,-0.368997937725613,0.217399153462106,"Sub-Saharan Africa","Diarrheal diseases","Deaths","Both","Clostridium difficile","att",375
-0.0420190546847166,-0.35107495693143,0.26799536819504,"Central Europe, Eastern Europe, and Central Asia","Diarrheal diseases","Deaths","Both","Clostridium difficile","att",376
0.863252303614925,0.632717772740254,1.09431495467855,"Global","Diarrheal diseases","Deaths","Both","Clostridium difficile","att",376
-1.67905578797712,-2.00419262474977,-1.35284019114874,"High-income","Diarrheal diseases","Deaths","Both","Clostridium difficile","att",376
0.0968670684359685,-0.114597653940307,0.308779477138366,"Latin America and Caribbean","Diarrheal diseases","Deaths","Both","Clostridium difficile","att",376
0.959048568847565,0.643682919159017,1.27540241262958,"North Africa and Middle East","Diarrheal diseases","Deaths","Both","Clostridium difficile","att",376
2.02719878599207,1.78285216205911,2.27213200453658,"South Asia","Diarrheal diseases","Deaths","Both","Clostridium difficile","att",376
-0.00536636159870207,-0.21536222169346,0.205071432868298,"Southeast Asia, East Asia, and Oceania","Diarrheal diseases","Deaths","Both","Clostridium difficile","att",376
0.164235593924933,-0.0933757052465789,0.422511149164828,"Sub-Saharan Africa","Diarrheal diseases","Deaths","Both","Clostridium difficile","att",376
-0.190514572207034,-0.504119113513279,0.124078430203856,"Central Europe, Eastern Europe, and Central Asia","Diarrheal diseases","Deaths","Both","Clostridium difficile","att",377
0.824130929257993,0.62280666985477,1.02585799453365,"Global","Diarrheal diseases","Deaths","Both","Clostridium difficile","att",377
-1.54386917635819,-1.88308983471956,-1.20347572673317,"High-income","Diarrheal diseases","Deaths","Both","Clostridium difficile","att",377
0.253709108888889,0.0691437433821385,0.438614882765997,"Latin America and Caribbean","Diarrheal diseases","Deaths","Both","Clostridium difficile","att",377
1.04357170893858,0.694368329200956,1.39398610973376,"North Africa and Middle East","Diarrheal diseases","Deaths","Both","Clostridium difficile","att",377
2.13950059261834,1.91615851438565,2.36333210927413,"South Asia","Diarrheal diseases","Deaths","Both","Clostridium difficile","att",377
0.297775802179689,-0.0216586497885474,0.618230858888147,"Southeast Asia, East Asia, and Oceania","Diarrheal diseases","Deaths","Both","Clostridium difficile","att",377
-0.132318329778103,-0.466819248354144,0.203306745221776,"Sub-Saharan Africa","Diarrheal diseases","Deaths","Both","Clostridium difficile","att",377
-0.282359536196108,-0.591046707112219,0.0272861778525035,"Central Europe, Eastern Europe, and Central Asia","Diarrheal diseases","Deaths","Both","Clostridium difficile","att",378
0.985730374505933,0.759910526542074,1.21205632259895,"Global","Diarrheal diseases","Deaths","Both","Clostridium difficile","att",378
-1.58497599601785,-1.91874363122413,-1.25007255935026,"High-income","Diarrheal diseases","Deaths","Both","Clostridium difficile","att",378
0.235028984751917,0.0456034104615144,0.424813215964481,"Latin America and Caribbean","Diarrheal diseases","Deaths","Both","Clostridium difficile","att",378
0.841908717025519,0.565513536817974,1.11906354428259,"North Africa and Middle East","Diarrheal diseases","Deaths","Both","Clostridium difficile","att",378
2.10401356424301,1.83527901386196,2.37345728200955,"South Asia","Diarrheal diseases","Deaths","Both","Clostridium difficile","att",378
0.0984173120992526,-0.183219855031358,0.380849130127192,"Southeast Asia, East Asia, and Oceania","Diarrheal diseases","Deaths","Both","Clostridium difficile","att",378
0.0977746569380766,-0.135506861894119,0.331601116873159,"Sub-Saharan Africa","Diarrheal diseases","Deaths","Both","Clostridium difficile","att",378
-0.161825466653243,-0.457192673430962,0.134418164942907,"Central Europe, Eastern Europe, and Central Asia","Diarrheal diseases","Deaths","Both","Clostridium difficile","att",379
0.857646050959859,0.618827838204128,1.09703109737853,"Global","Diarrheal diseases","Deaths","Both","Clostridium difficile","att",379
-1.64836228945081,-2.00571016940445,-1.28971129777987,"High-income","Diarrheal diseases","Deaths","Both","Clostridium difficile","att",379
0.0991469756282282,-0.124799348002547,0.323595445492875,"Latin America and Caribbean","Diarrheal diseases","Deaths","Both","Clostridium difficile","att",379
0.94462886817992,0.557720653880156,1.33302575948349,"North Africa and Middle East","Diarrheal diseases","Deaths","Both","Clostridium difficile","att",379
2.13376937665108,1.9050391079114,2.36301304037396,"South Asia","Diarrheal diseases","Deaths","Both","Clostridium difficile","att",379
0.120541359093651,-0.123747363173954,0.365427590561396,"Southeast Asia, East Asia, and Oceania","Diarrheal diseases","Deaths","Both","Clostridium difficile","att",379
0.111604014293754,-0.159800795137144,0.383746608416269,"Sub-Saharan Africa","Diarrheal diseases","Deaths","Both","Clostridium difficile","att",379
-0.242782231069094,-0.559043394511016,0.0744847666579673,"Central Europe, Eastern Europe, and Central Asia","Diarrheal diseases","Deaths","Both","Clostridium difficile","att",380
0.770726489782847,0.562370184384831,0.979514490952571,"Global","Diarrheal diseases","Deaths","Both","Clostridium difficile","att",380
-1.60738107188773,-1.88678271822599,-1.3271837602748,"High-income","Diarrheal diseases","Deaths","Both","Clostridium difficile","att",380
0.173857832609814,-0.0628116094246733,0.411087750936434,"Latin America and Caribbean","Diarrheal diseases","Deaths","Both","Clostridium difficile","att",380
1.01779096728405,0.692383651303197,1.34424990124684,"North Africa and Middle East","Diarrheal diseases","Deaths","Both","Clostridium difficile","att",380
2.13096971821805,1.89647374779753,2.36600533793279,"South Asia","Diarrheal diseases","Deaths","Both","Clostridium difficile","att",380
-0.0377341533081443,-0.31295568846208,0.238247228764066,"Southeast Asia, East Asia, and Oceania","Diarrheal diseases","Deaths","Both","Clostridium difficile","att",380
0.086893962468948,-0.121221417706252,0.295442988430339,"Sub-Saharan Africa","Diarrheal diseases","Deaths","Both","Clostridium difficile","att",380
-0.0724777477980054,-0.381430737771271,0.237433416446575,"Central Europe, Eastern Europe, and Central Asia","Diarrheal diseases","Deaths","Both","Clostridium difficile","att",381
0.915188156546809,0.665948990889298,1.1650444143027,"Global","Diarrheal diseases","Deaths","Both","Clostridium difficile","att",381
-1.62299204466584,-1.97122954617867,-1.27351746390679,"High-income","Diarrheal diseases","Deaths","Both","Clostridium difficile","att",381
0.197887303094979,-0.0117572666307408,0.407971432957122,"Latin America and Caribbean","Diarrheal diseases","Deaths","Both","Clostridium difficile","att",381
0.937113632550712,0.600694432454651,1.27465785349112,"North Africa and Middle East","Diarrheal diseases","Deaths","Both","Clostridium difficile","att",381
2.07056733725368,1.84707253181395,2.29455258318245,"South Asia","Diarrheal diseases","Deaths","Both","Clostridium difficile","att",381
0.0859555247250343,-0.181295116146729,0.353921691861414,"Southeast Asia, East Asia, and Oceania","Diarrheal diseases","Deaths","Both","Clostridium difficile","att",381
-0.0337357455808873,-0.301194331120791,0.234440341984232,"Sub-Saharan Africa","Diarrheal diseases","Deaths","Both","Clostridium difficile","att",381
-0.240266124446764,-0.595675650660377,0.116414130501741,"Central Europe, Eastern Europe, and Central Asia","Diarrheal diseases","Deaths","Both","Clostridium difficile","att",382
0.883333502353612,0.661526654660882,1.10562909961449,"Global","Diarrheal diseases","Deaths","Both","Clostridium difficile","att",382
-1.70428501161376,-1.98166419076371,-1.42612088535784,"High-income","Diarrheal diseases","Deaths","Both","Clostridium difficile","att",382
0.223075732899924,-0.0301652031804434,0.47695817220812,"Latin America and Caribbean","Diarrheal diseases","Deaths","Both","Clostridium difficile","att",382
0.904059851032457,0.591422308716694,1.21766906897047,"North Africa and Middle East","Diarrheal diseases","Deaths","Both","Clostridium difficile","att",382
2.02091728759726,1.78036775232444,2.26203534192926,"South Asia","Diarrheal diseases","Deaths","Both","Clostridium difficile","att",382
-0.0652702473743938,-0.355826436619622,0.226133185579025,"Southeast Asia, East Asia, and Oceania","Diarrheal diseases","Deaths","Both","Clostridium difficile","att",382
-0.18480318497659,-0.475054264722719,0.106294372892912,"Sub-Saharan Africa","Diarrheal diseases","Deaths","Both","Clostridium difficile","att",382
-0.178378873287877,-0.504056091768801,0.14836437508805,"Central Europe, Eastern Europe, and Central Asia","Diarrheal diseases","Deaths","Both","Clostridium difficile","att",383
1.01191561256428,0.839074140188578,1.18505334087877,"Global","Diarrheal diseases","Deaths","Both","Clostridium difficile","att",383
-1.59235558959684,-1.95612156809359,-1.22723995328127,"High-income","Diarrheal diseases","Deaths","Both","Clostridium difficile","att",383
0.183375220692072,-0.0292400223680267,0.396442648386852,"Latin America and Caribbean","Diarrheal diseases","Deaths","Both","Clostridium difficile","att",383
0.630139199813851,0.253491969405428,1.00820147456027,"North Africa and Middle East","Diarrheal diseases","Deaths","Both","Clostridium difficile","att",383
2.21637222997235,1.92869727269338,2.50485909678475,"South Asia","Diarrheal diseases","Deaths","Both","Clostridium difficile","att",383
-0.111811739329015,-0.334494118242024,0.111368178240312,"Southeast Asia, East Asia, and Oceania","Diarrheal diseases","Deaths","Both","Clostridium difficile","att",383
0.19597959595703,-0.112413016096968,0.505324338361191,"Sub-Saharan Africa","Diarrheal diseases","Deaths","Both","Clostridium difficile","att",383
-0.177596985681439,-0.460630000855788,0.106240813446035,"Central Europe, Eastern Europe, and Central Asia","Diarrheal diseases","Deaths","Both","Clostridium difficile","att",384
1.03835264230523,0.798982751506183,1.27829097083108,"Global","Diarrheal diseases","Deaths","Both","Clostridium difficile","att",384
-1.55819030869324,-1.82996332517249,-1.28566491832285,"High-income","Diarrheal diseases","Deaths","Both","Clostridium difficile","att",384
0.37122047104321,0.166280449127187,0.576579799859656,"Latin America and Caribbean","Diarrheal diseases","Deaths","Both","Clostridium difficile","att",384
0.934992457609796,0.606993038738746,1.26406122181688,"North Africa and Middle East","Diarrheal diseases","Deaths","Both","Clostridium difficile","att",384
2.17240006283976,1.90932536236634,2.43615387975109,"South Asia","Diarrheal diseases","Deaths","Both","Clostridium difficile","att",384
-0.192002842825323,-0.496494522238655,0.113420614643345,"Southeast Asia, East Asia, and Oceania","Diarrheal diseases","Deaths","Both","Clostridium difficile","att",384
0.180707116253087,-0.0594221407179796,0.421413336668719,"Sub-Saharan Africa","Diarrheal diseases","Deaths","Both","Clostridium difficile","att",384
-0.11694073202011,-0.466021237817427,0.233364051165119,"Central Europe, Eastern Europe, and Central Asia","Diarrheal diseases","Deaths","Both","Clostridium difficile","att",385
0.861025601185506,0.593502431099524,1.12926023518123,"Global","Diarrheal diseases","Deaths","Both","Clostridium difficile","att",385
-1.63787792116841,-2.00358615527955,-1.27080491760041,"High-income","Diarrheal diseases","Deaths","Both","Clostridium difficile","att",385
0.193592628343264,-0.0690946463573705,0.456970426201342,"Latin America and Caribbean","Diarrheal diseases","Deaths","Both","Clostridium difficile","att",385
0.888433202333916,0.588059085773707,1.18970429027145,"North Africa and Middle East","Diarrheal diseases","Deaths","Both","Clostridium difficile","att",385
2.03542712322167,1.7801994634109,2.29129480101899,"South Asia","Diarrheal diseases","Deaths","Both","Clostridium difficile","att",385
0.155503941080415,-0.0907284155701182,0.402343152054896,"Southeast Asia, East Asia, and Oceania","Diarrheal diseases","Deaths","Both","Clostridium difficile","att",385
0.234608735564734,0.0111594740577203,0.458557237083856,"Sub-Saharan Africa","Diarrheal diseases","Deaths","Both","Clostridium difficile","att",385
-0.390743147452299,-0.765661135119411,-0.0144086793703924,"Central Europe, Eastern Europe, and Central Asia","Diarrheal diseases","Deaths","Both","Clostridium difficile","att",386
0.887136511843178,0.657695944816394,1.11710006892358,"Global","Diarrheal diseases","Deaths","Both","Clostridium difficile","att",386
-1.64178960047875,-2.03850610935478,-1.24346650127661,"High-income","Diarrheal diseases","Deaths","Both","Clostridium difficile","att",386
0.25066934689606,0.0675713559288527,0.434102360227095,"Latin America and Caribbean","Diarrheal diseases","Deaths","Both","Clostridium difficile","att",386
0.819078166174791,0.465889743456227,1.17350822485818,"North Africa and Middle East","Diarrheal diseases","Deaths","Both","Clostridium difficile","att",386
2.18500291265673,1.9237590604487,2.44691636683927,"South Asia","Diarrheal diseases","Deaths","Both","Clostridium difficile","att",386
-0.024558123978069,-0.305181777813557,0.256855436860581,"Southeast Asia, East Asia, and Oceania","Diarrheal diseases","Deaths","Both","Clostridium difficile","att",386
-0.106749599203104,-0.425786485684654,0.213309485007573,"Sub-Saharan Africa","Diarrheal diseases","Deaths","Both","Clostridium difficile","att",386
-0.234772452002208,-0.572660447540896,0.104263802134597,"Central Europe, Eastern Europe, and Central Asia","Diarrheal diseases","Deaths","Both","Clostridium difficile","att",387
0.925128505949946,0.693414768901013,1.15737545816557,"Global","Diarrheal diseases","Deaths","Both","Clostridium difficile","att",387
-1.6586523943893,-2.04802642429562,-1.26773054334544,"High-income","Diarrheal diseases","Deaths","Both","Clostridium difficile","att",387
0.198897526190667,-0.0195279088479605,0.417800151121228,"Latin America and Caribbean","Diarrheal diseases","Deaths","Both","Clostridium difficile","att",387
0.829894974584855,0.515890569907684,1.14488030641293,"North Africa and Middle East","Diarrheal diseases","Deaths","Both","Clostridium difficile","att",387
2.03527228304257,1.77807882902352,2.29311566554868,"South Asia","Diarrheal diseases","Deaths","Both","Clostridium difficile","att",387
0.108238395373328,-0.16022078889445,0.3774194395469,"Southeast Asia, East Asia, and Oceania","Diarrheal diseases","Deaths","Both","Clostridium difficile","att",387
-0.0642556923004078,-0.327143651032225,0.199325635532843,"Sub-Saharan Africa","Diarrheal diseases","Deaths","Both","Clostridium difficile","att",387
-0.205008652767658,-0.467209589657214,0.0578830045470102,"Central Europe, Eastern Europe, and Central Asia","Diarrheal diseases","Deaths","Both","Clostridium difficile","att",388
0.819164480431622,0.573345938661207,1.06558384496394,"Global","Diarrheal diseases","Deaths","Both","Clostridium difficile","att",388
-1.50838035038467,-1.89258542257146,-1.12267066676635,"High-income","Diarrheal diseases","Deaths","Both","Clostridium difficile","att",388
0.130628219829343,-0.0554332327459606,0.317036053055975,"Latin America and Caribbean","Diarrheal diseases","Deaths","Both","Clostridium difficile","att",388
0.857090548576167,0.578330723083864,1.13662297627561,"North Africa and Middle East","Diarrheal diseases","Deaths","Both","Clostridium difficile","att",388
1.98803303222228,1.71297937604622,2.26383049232819,"South Asia","Diarrheal diseases","Deaths","Both","Clostridium difficile","att",388
0.0820089575901184,-0.151588424204885,0.316152845192486,"Southeast Asia, East Asia, and Oceania","Diarrheal diseases","Deaths","Both","Clostridium difficile","att",388
0.154698950469268,-0.10081044346395,0.410861853711997,"Sub-Saharan Africa","Diarrheal diseases","Deaths","Both","Clostridium difficile","att",388
-0.188211832777929,-0.477669024042493,0.102087234523429,"Central Europe, Eastern Europe, and Central Asia","Diarrheal diseases","Deaths","Both","Clostridium difficile","att",389
0.917087207413703,0.67143381060073,1.16334003535703,"Global","Diarrheal diseases","Deaths","Both","Clostridium difficile","att",389
-1.6792530424639,-2.08654839126086,-1.27026344738693,"High-income","Diarrheal diseases","Deaths","Both","Clostridium difficile","att",389
0.258454019721355,0.0559772353284194,0.461340543235833,"Latin America and Caribbean","Diarrheal diseases","Deaths","Both","Clostridium difficile","att",389
0.984630661113206,0.595271592129332,1.3754967639984,"North Africa and Middle East","Diarrheal diseases","Deaths","Both","Clostridium difficile","att",389
2.00906379138104,1.78510763882682,2.23351271109375,"South Asia","Diarrheal diseases","Deaths","Both","Clostridium difficile","att",389
0.119285933376267,-0.105485321150234,0.344562942568327,"Southeast Asia, East Asia, and Oceania","Diarrheal diseases","Deaths","Both","Clostridium difficile","att",389
0.030892324464693,-0.221197593137257,0.283619144144276,"Sub-Saharan Africa","Diarrheal diseases","Deaths","Both","Clostridium difficile","att",389
-0.417110071185089,-0.738444099025548,-0.0947358062003523,"Central Europe, Eastern Europe, and Central Asia","Diarrheal diseases","Deaths","Both","Clostridium difficile","att",390
0.934299247140324,0.705420998000195,1.16369767932929,"Global","Diarrheal diseases","Deaths","Both","Clostridium difficile","att",390
-1.44359477420279,-1.78283366505952,-1.10318416327548,"High-income","Diarrheal diseases","Deaths","Both","Clostridium difficile","att",390
0.279245323398758,0.06790508015031,0.491031910541184,"Latin America and Caribbean","Diarrheal diseases","Deaths","Both","Clostridium difficile","att",390
0.929289152256185,0.599735758386011,1.25992212589456,"North Africa and Middle East","Diarrheal diseases","Deaths","Both","Clostridium difficile","att",390
2.11902963643438,1.84836969604238,2.39040885003174,"South Asia","Diarrheal diseases","Deaths","Both","Clostridium difficile","att",390
0.0580887063895474,-0.17992680086244,0.29667174860597,"Southeast Asia, East Asia, and Oceania","Diarrheal diseases","Deaths","Both","Clostridium difficile","att",390
0.171372868185848,-0.0974671454255227,0.44093633645701,"Sub-Saharan Africa","Diarrheal diseases","Deaths","Both","Clostridium difficile","att",390
-0.184555045555534,-0.50264926482595,0.134556124735052,"Central Europe, Eastern Europe, and Central Asia","Diarrheal diseases","Deaths","Both","Clostridium difficile","att",391
1.03824295853763,0.817909703983699,1.25905774205011,"Global","Diarrheal diseases","Deaths","Both","Clostridium difficile","att",391
-1.56863136893426,-1.88084848958096,-1.25542076710755,"High-income","Diarrheal diseases","Deaths","Both","Clostridium difficile","att",391
0.0688940410501049,-0.143190087056788,0.28142861091891,"Latin America and Caribbean","Diarrheal diseases","Deaths","Both","Clostridium difficile","att",391
0.943783973458245,0.653927484631378,1.23447517173176,"North Africa and Middle East","Diarrheal diseases","Deaths","Both","Clostridium difficile","att",391
2.02992665825388,1.76759034359202,2.29293922300435,"South Asia","Diarrheal diseases","Deaths","Both","Clostridium difficile","att",391
0.0771161668890796,-0.155739882558392,0.310515281503254,"Southeast Asia, East Asia, and Oceania","Diarrheal diseases","Deaths","Both","Clostridium difficile","att",391
0.206006226082978,-0.0790131501182678,0.491838605111461,"Sub-Saharan Africa","Diarrheal diseases","Deaths","Both","Clostridium difficile","att",391
-0.399710545000753,-0.684976458341768,-0.113625252693572,"Central Europe, Eastern Europe, and Central Asia","Diarrheal diseases","Deaths","Both","Clostridium difficile","att",392
0.834697216372615,0.600078897026513,1.06986270980023,"Global","Diarrheal diseases","Deaths","Both","Clostridium difficile","att",392
-1.77088327420604,-2.10268552103906,-1.43795645381766,"High-income","Diarrheal diseases","Deaths","Both","Clostridium difficile","att",392
0.237249289258479,0.0709950446202035,0.403779742540888,"Latin America and Caribbean","Diarrheal diseases","Deaths","Both","Clostridium difficile","att",392
0.835470083753242,0.47975693558675,1.19244250888892,"North Africa and Middle East","Diarrheal diseases","Deaths","Both","Clostridium difficile","att",392
2.11884148209551,1.87774485583818,2.3605086704837,"South Asia","Diarrheal diseases","Deaths","Both","Clostridium difficile","att",392
0.125651974186147,-0.14436834968653,0.396402461937417,"Southeast Asia, East Asia, and Oceania","Diarrheal diseases","Deaths","Both","Clostridium difficile","att",392
0.314272990932229,0.0927225679375754,0.536313805122868,"Sub-Saharan Africa","Diarrheal diseases","Deaths","Both","Clostridium difficile","att",392
-0.30657331530255,-0.614256233759058,0.0020621419660749,"Central Europe, Eastern Europe, and Central Asia","Diarrheal diseases","Deaths","Both","Clostridium difficile","att",393
0.961594074361294,0.745303278114551,1.17834922683129,"Global","Diarrheal diseases","Deaths","Both","Clostridium difficile","att",393
-1.61922181300469,-1.93132255293241,-1.30612782146595,"High-income","Diarrheal diseases","Deaths","Both","Clostridium difficile","att",393
0.373112902707518,0.203069733204275,0.543444633026025,"Latin America and Caribbean","Diarrheal diseases","Deaths","Both","Clostridium difficile","att",393
0.876942210914389,0.519065768812332,1.23609279486041,"North Africa and Middle East","Diarrheal diseases","Deaths","Both","Clostridium difficile","att",393
2.06740100221816,1.80377811480292,2.33170654628971,"South Asia","Diarrheal diseases","Deaths","Both","Clostridium difficile","att",393
-0.238121369927846,-0.508499279690844,0.0329913183193309,"Southeast Asia, East Asia, and Oceania","Diarrheal diseases","Deaths","Both","Clostridium difficile","att",393
0.11370886115718,-0.162555652409579,0.390737838217103,"Sub-Saharan Africa","Diarrheal diseases","Deaths","Both","Clostridium difficile","att",393
-0.198422418805755,-0.477111789381468,0.081047352808028,"Central Europe, Eastern Europe, and Central Asia","Diarrheal diseases","Deaths","Both","Clostridium difficile","att",394
1.01664269351682,0.788661702103877,1.24513937123383,"Global","Diarrheal diseases","Deaths","Both","Clostridium difficile","att",394
-1.7064987307715,-2.03912797155621,-1.3727400368742,"High-income","Diarrheal diseases","Deaths","Both","Clostridium difficile","att",394
0.235185512606484,0.0137454602995524,0.45711585448851,"Latin America and Caribbean","Diarrheal diseases","Deaths","Both","Clostridium difficile","att",394
0.859473133648581,0.496148206318137,1.22411159393703,"North Africa and Middle East","Diarrheal diseases","Deaths","Both","Clostridium difficile","att",394
2.03162610313865,1.82587625881085,2.23779168656926,"South Asia","Diarrheal diseases","Deaths","Both","Clostridium difficile","att",394
0.0631456972960409,-0.17307398561166,0.299924345012337,"Southeast Asia, East Asia, and Oceania","Diarrheal diseases","Deaths","Both","Clostridium difficile","att",394
-0.262722586199871,-0.613824798691587,0.0896199674496279,"Sub-Saharan Africa","Diarrheal diseases","Deaths","Both","Clostridium difficile","att",394
-0.331828362303122,-0.662635537659861,8.04467426007704e-05,"Central Europe, Eastern Europe, and Central Asia","Diarrheal diseases","Deaths","Both","Clostridium difficile","att",395
0.823148939524176,0.591867367881838,1.0549622754809,"Global","Diarrheal diseases","Deaths","Both","Clostridium difficile","att",395
-1.44215248913326,-1.74622641003868,-1.13713752600629,"High-income","Diarrheal diseases","Deaths","Both","Clostridium difficile","att",395
0.279704031257477,0.0731191765868777,0.486715347124966,"Latin America and Caribbean","Diarrheal diseases","Deaths","Both","Clostridium difficile","att",395
0.957381019008019,0.609493919929704,1.30647104068329,"North Africa and Middle East","Diarrheal diseases","Deaths","Both","Clostridium difficile","att",395
2.13566567490748,1.92546573288401,2.34629911032058,"South Asia","Diarrheal diseases","Deaths","Both","Clostridium difficile","att",395
0.102424139324753,-0.167501190858876,0.373079288803124,"Southeast Asia, East Asia, and Oceania","Diarrheal diseases","Deaths","Both","Clostridium difficile","att",395
-0.106221989422772,-0.394350623309081,0.18274011234598,"Sub-Saharan Africa","Diarrheal diseases","Deaths","Both","Clostridium difficile","att",395
-0.223729037997999,-0.551988135202053,0.105613580463815,"Central Europe, Eastern Europe, and Central Asia","Diarrheal diseases","Deaths","Both","Clostridium difficile","att",396
0.724104897214195,0.494555754137926,0.954178375252601,"Global","Diarrheal diseases","Deaths","Both","Clostridium difficile","att",396
-1.58937438852029,-2.00098813578766,-1.17603178834189,"High-income","Diarrheal diseases","Deaths","Both","Clostridium difficile","att",396
0.208408325804776,0.0238683751543789,0.393288745124698,"Latin America and Caribbean","Diarrheal diseases","Deaths","Both","Clostridium difficile","att",396
0.932232750953155,0.62758037043511,1.23780747376157,"North Africa and Middle East","Diarrheal diseases","Deaths","Both","Clostridium difficile","att",396
2.24655166234999,1.98132133107947,2.512471797672,"South Asia","Diarrheal diseases","Deaths","Both","Clostridium difficile","att",396
-0.0091471817899369,-0.321293285197233,0.303976414133889,"Southeast Asia, East Asia, and Oceania","Diarrheal diseases","Deaths","Both","Clostridium difficile","att",396
0.150539975528252,-0.0887519383267366,0.390405004234129,"Sub-Saharan Africa","Diarrheal diseases","Deaths","Both","Clostridium difficile","att",396
-0.108465308810701,-0.391678594455347,0.175553228483927,"Central Europe, Eastern Europe, and Central Asia","Diarrheal diseases","Deaths","Both","Clostridium difficile","att",397
0.904513302847931,0.692273810001076,1.11720015476835,"Global","Diarrheal diseases","Deaths","Both","Clostridium difficile","att",397
-1.56933320112251,-2.00937571985726,-1.12731460131146,"High-income","Diarrheal diseases","Deaths","Both","Clostridium difficile","att",397
0.336843498548833,0.102306098756832,0.571930414071731,"Latin America and Caribbean","Diarrheal diseases","Deaths","Both","Clostridium difficile","att",397
0.745100498590023,0.412680400467713,1.07862108642336,"North Africa and Middle East","Diarrheal diseases","Deaths","Both","Clostridium difficile","att",397
2.02162078108208,1.76766699568243,2.27620828961819,"South Asia","Diarrheal diseases","Deaths","Both","Clostridium difficile","att",397
-0.0311762564661366,-0.314463927887976,0.252916465597375,"Southeast Asia, East Asia, and Oceania","Diarrheal diseases","Deaths","Both","Clostridium difficile","att",397
0.0143601425666828,-0.283005593034336,0.312612651593214,"Sub-Saharan Africa","Diarrheal diseases","Deaths","Both","Clostridium difficile","att",397
-0.143294813411521,-0.450298133422422,0.164655280288617,"Central Europe, Eastern Europe, and Central Asia","Diarrheal diseases","Deaths","Both","Clostridium difficile","att",398
0.889294244564032,0.64336449699478,1.13582494025382,"Global","Diarrheal diseases","Deaths","Both","Clostridium difficile","att",398
-1.53905951963483,-1.88624460989136,-1.19064588108334,"High-income","Diarrheal diseases","Deaths","Both","Clostridium difficile","att",398
0.211250769203164,0.0125873674295285,0.410308792776348,"Latin America and Caribbean","Diarrheal diseases","Deaths","Both","Clostridium difficile","att",398
0.836026870350315,0.485209427769195,1.18806909893447,"North Africa and Middle East","Diarrheal diseases","Deaths","Both","Clostridium difficile","att",398
2.13792310095786,1.88633531719311,2.39013213008139,"South Asia","Diarrheal diseases","Deaths","Both","Clostridium difficile","att",398
0.173916963608578,-0.099797915710842,0.448381789710894,"Southeast Asia, East Asia, and Oceania","Diarrheal diseases","Deaths","Both","Clostridium difficile","att",398
0.0895673360854721,-0.126072146476686,0.305672409492419,"Sub-Saharan Africa","Diarrheal diseases","Deaths","Both","Clostridium difficile","att",398
-0.206679072650251,-0.550768543277103,0.138600930694266,"Central Europe, Eastern Europe, and Central Asia","Diarrheal diseases","Deaths","Both","Clostridium difficile","att",399
0.925223684794019,0.732582849815833,1.11823292580582,"Global","Diarrheal diseases","Deaths","Both","Clostridium difficile","att",399
-1.65546974080297,-2.05249733991394,-1.2568328008699,"High-income","Diarrheal diseases","Deaths","Both","Clostridium difficile","att",399
0.250616101759271,0.0687299829541521,0.432832818946305,"Latin America and Caribbean","Diarrheal diseases","Deaths","Both","Clostridium difficile","att",399
0.886014358851051,0.594079486936305,1.17879645726136,"North Africa and Middle East","Diarrheal diseases","Deaths","Both","Clostridium difficile","att",399
2.11536271857331,1.86982783748957,2.36148940764482,"South Asia","Diarrheal diseases","Deaths","Both","Clostridium difficile","att",399
0.00912812686117981,-0.219073103602019,0.237851258685762,"Southeast Asia, East Asia, and Oceania","Diarrheal diseases","Deaths","Both","Clostridium difficile","att",399
-0.459102672553668,-0.767227062279741,-0.15002153601168,"Sub-Saharan Africa","Diarrheal diseases","Deaths","Both","Clostridium difficile","att",399
-0.331270845434339,-0.603775559281694,-0.0580190325951913,"Central Europe, Eastern Europe, and Central Asia","Diarrheal diseases","Deaths","Both","Clostridium difficile","att",400
0.781260505316905,0.53765062192821,1.02546067279239,"Global","Diarrheal diseases","Deaths","Both","Clostridium difficile","att",400
-1.57911587236077,-1.86910986908562,-1.28826489249817,"High-income","Diarrheal diseases","Deaths","Both","Clostridium difficile","att",400
0.302912731459393,0.131654644975887,0.474463725638152,"Latin America and Caribbean","Diarrheal diseases","Deaths","Both","Clostridium difficile","att",400
1.03291809800916,0.677957579457233,1.38913010171988,"North Africa and Middle East","Diarrheal diseases","Deaths","Both","Clostridium difficile","att",400
2.01090291454975,1.78542902711871,2.23687626908922,"South Asia","Diarrheal diseases","Deaths","Both","Clostridium difficile","att",400
0.0370755552834945,-0.195046427777124,0.269737397470249,"Southeast Asia, East Asia, and Oceania","Diarrheal diseases","Deaths","Both","Clostridium difficile","att",400
-0.0205968431519765,-0.233279709390843,0.192539420787652,"Sub-Saharan Africa","Diarrheal diseases","Deaths","Both","Clostridium difficile","att",400
-0.290996574434266,-0.619798541192429,0.0388932421345967,"Central Europe, Eastern Europe, and Central Asia","Diarrheal diseases","Deaths","Both","Clostridium difficile","att",401
0.914259664741968,0.710123067524826,1.11881004112107,"Global","Diarrheal diseases","Deaths","Both","Clostridium difficile","att",401
-1.59691565855971,-1.89718301075554,-1.29572926565167,"High-income","Diarrheal diseases","Deaths","Both","Clostridium difficile","att",401
0.307882388843606,0.0918292961520795,0.524401842667599,"Latin America and Caribbean","Diarrheal diseases","Deaths","Both","Clostridium difficile","att",401
1.03835937123022,0.711481894589872,1.36629778831869,"North Africa and Middle East","Diarrheal diseases","Deaths","Both","Clostridium difficile","att",401
2.03552435739871,1.77687060800511,2.29483544437477,"South Asia","Diarrheal diseases","Deaths","Both","Clostridium difficile","att",401
0.0477613144522548,-0.237905840334607,0.334246472550004,"Southeast Asia, East Asia, and Oceania","Diarrheal diseases","Deaths","Both","Clostridium difficile","att",401
-0.248175494250813,-0.594074906506525,0.0989275324100314,"Sub-Saharan Africa","Diarrheal diseases","Deaths","Both","Clostridium difficile","att",401
-0.244266033875695,-0.589025965189671,0.101689534151372,"Central Europe, Eastern Europe, and Central Asia","Diarrheal diseases","Deaths","Both","Clostridium difficile","att",402
0.849873323130912,0.641401657227991,1.05877682359465,"Global","Diarrheal diseases","Deaths","Both","Clostridium difficile","att",402
-1.76789024633425,-2.03970432341639,-1.49532195661942,"High-income","Diarrheal diseases","Deaths","Both","Clostridium difficile","att",402
0.0867617781312058,-0.0887636312650431,0.262595552937217,"Latin America and Caribbean","Diarrheal diseases","Deaths","Both","Clostridium difficile","att",402
1.00226454435417,0.723299728136695,1.28200198586188,"North Africa and Middle East","Diarrheal diseases","Deaths","Both","Clostridium difficile","att",402
2.11099716307381,1.83815992085368,2.38456537059029,"South Asia","Diarrheal diseases","Deaths","Both","Clostridium difficile","att",402
0.180470526417964,-0.0972092670412206,0.458922130825878,"Southeast Asia, East Asia, and Oceania","Diarrheal diseases","Deaths","Both","Clostridium difficile","att",402
-0.115184149733238,-0.373323315732144,0.143623871548604,"Sub-Saharan Africa","Diarrheal diseases","Deaths","Both","Clostridium difficile","att",402
-0.328847063393856,-0.674244705379312,0.0177516722126292,"Central Europe, Eastern Europe, and Central Asia","Diarrheal diseases","Deaths","Both","Clostridium difficile","att",403
0.890545808098286,0.676359166356644,1.10518812700069,"Global","Diarrheal diseases","Deaths","Both","Clostridium difficile","att",403
-1.70520404990788,-2.06392182810391,-1.34517236935027,"High-income","Diarrheal diseases","Deaths","Both","Clostridium difficile","att",403
0.282065279411081,0.0605674635337561,0.504053411140926,"Latin America and Caribbean","Diarrheal diseases","Deaths","Both","Clostridium difficile","att",403
0.821218332648166,0.552407079869965,1.0907482105863,"North Africa and Middle East","Diarrheal diseases","Deaths","Both","Clostridium difficile","att",403
2.22639731274823,2.01045907700816,2.44279265182921,"South Asia","Diarrheal diseases","Deaths","Both","Clostridium difficile","att",403
-0.0476288163244853,-0.333118343622529,0.238678477806853,"Southeast Asia, East Asia, and Oceania","Diarrheal diseases","Deaths","Both","Clostridium difficile","att",403
-0.227543044967238,-0.509806481385111,0.0555212005024508,"Sub-Saharan Africa","Diarrheal diseases","Deaths","Both","Clostridium difficile","att",403
-0.359910546908149,-0.702884038307616,-0.0157524207419657,"Central Europe, Eastern Europe, and Central Asia","Diarrheal diseases","Deaths","Both","Clostridium difficile","att",404
1.0539263591955,0.831621671733895,1.27672116447182,"Global","Diarrheal diseases","Deaths","Both","Clostridium difficile","att",404
-1.49145339885759,-1.86081911922285,-1.12069749942056,"High-income","Diarrheal diseases","Deaths","Both","Clostridium difficile","att",404
0.0903481853679944,-0.126017303294812,0.307182404959749,"Latin America and Caribbean","Diarrheal diseases","Deaths","Both","Clostridium difficile","att",404
0.885548662089808,0.559574819902653,1.2125791808389,"North Africa and Middle East","Diarrheal diseases","Deaths","Both","Clostridium difficile","att",404
2.19371553334129,1.96429381781764,2.42365345234739,"South Asia","Diarrheal diseases","Deaths","Both","Clostridium difficile","att",404
0.00621475933284543,-0.223732114947428,0.236691574911907,"Southeast Asia, East Asia, and Oceania","Diarrheal diseases","Deaths","Both","Clostridium difficile","att",404
-0.251281226683264,-0.5270289211048,0.02523086423869,"Sub-Saharan Africa","Diarrheal diseases","Deaths","Both","Clostridium difficile","att",404
-0.374600953018644,-0.680429185145504,-0.0678310041002272,"Central Europe, Eastern Europe, and Central Asia","Diarrheal diseases","Deaths","Both","Clostridium difficile","att",405
1.00336065095974,0.79301051096683,1.21414978152521,"Global","Diarrheal diseases","Deaths","Both","Clostridium difficile","att",405
-1.66887888389019,-2.0334633847237,-1.3029375742642,"High-income","Diarrheal diseases","Deaths","Both","Clostridium difficile","att",405
0.259919323446756,0.0567979769286131,0.463453018573334,"Latin America and Caribbean","Diarrheal diseases","Deaths","Both","Clostridium difficile","att",405
0.86817258798606,0.58677373793472,1.15035867188402,"North Africa and Middle East","Diarrheal diseases","Deaths","Both","Clostridium difficile","att",405
2.05233514950849,1.79784588859258,2.30746062019247,"South Asia","Diarrheal diseases","Deaths","Both","Clostridium difficile","att",405
0.129821926249885,-0.146012694286324,0.406418506723183,"Southeast Asia, East Asia, and Oceania","Diarrheal diseases","Deaths","Both","Clostridium difficile","att",405
-0.127101466519364,-0.473242377107075,0.22024327641299,"Sub-Saharan Africa","Diarrheal diseases","Deaths","Both","Clostridium difficile","att",405
-0.41265038033852,-0.80993631837073,-0.0137731930349605,"Central Europe, Eastern Europe, and Central Asia","Diarrheal diseases","Deaths","Both","Clostridium difficile","att",406
0.900343194712772,0.699520739654158,1.10156614481007,"Global","Diarrheal diseases","Deaths","Both","Clostridium difficile","att",406
-1.58855380031071,-1.90445480120888,-1.27163549080627,"High-income","Diarrheal diseases","Deaths","Both","Clostridium difficile","att",406
0.289949410601253,0.0872486269199113,0.49306071218842,"Latin America and Caribbean","Diarrheal diseases","Deaths","Both","Clostridium difficile","att",406
0.803688632371014,0.52732723870379,1.08080977586951,"North Africa and Middle East","Diarrheal diseases","Deaths","Both","Clostridium difficile","att",406
2.18366271130717,1.94248247810351,2.42541353984533,"South Asia","Diarrheal diseases","Deaths","Both","Clostridium difficile","att",406
-0.0143632335240951,-0.295547929257667,0.267614454212062,"Southeast Asia, East Asia, and Oceania","Diarrheal diseases","Deaths","Both","Clostridium difficile","att",406
-0.225620059553133,-0.557549062875584,0.107416889744183,"Sub-Saharan Africa","Diarrheal diseases","Deaths","Both","Clostridium difficile","att",406
-0.457694171222578,-0.765024524256397,-0.149412017218964,"Central Europe, Eastern Europe, and Central Asia","Diarrheal diseases","Deaths","Both","Clostridium difficile","att",407
0.826937384801218,0.60549855714771,1.04886361279661,"Global","Diarrheal diseases","Deaths","Both","Clostridium difficile","att",407
-1.67548199088655,-1.99780454637295,-1.35209933843707,"High-income","Diarrheal diseases","Deaths","Both","Clostridium difficile","att",407
0.298912332552681,0.0978047933668735,0.500423918984083,"Latin America and Caribbean","Diarrheal diseases","Deaths","Both","Clostridium difficile","att",407
0.921411694006946,0.567760786301941,1.27630623052046,"North Africa and Middle East","Diarrheal diseases","Deaths","Both","Clostridium difficile","att",407
2.10723001918121,1.82626409422313,2.38897120435029,"South Asia","Diarrheal diseases","Deaths","Both","Clostridium difficile","att",407
0.134539326024141,-0.108663528055419,0.378334299804184,"Southeast Asia, East Asia, and Oceania","Diarrheal diseases","Deaths","Both","Clostridium difficile","att",407
0.284639833608846,0.05342876201333,0.516385205330683,"Sub-Saharan Africa","Diarrheal diseases","Deaths","Both","Clostridium difficile","att",407
-0.277128667144,-0.669544367630459,0.116837313979024,"Central Europe, Eastern Europe, and Central Asia","Diarrheal diseases","Deaths","Both","Clostridium difficile","att",408
0.992694840700814,0.75926693202204,1.22666352930199,"Global","Diarrheal diseases","Deaths","Both","Clostridium difficile","att",408
-1.5909659892166,-1.98311560681181,-1.19724744476218,"High-income","Diarrheal diseases","Deaths","Both","Clostridium difficile","att",408
0.18156836884593,-0.0693119671866249,0.433078550867205,"Latin America and Caribbean","Diarrheal diseases","Deaths","Both","Clostridium difficile","att",408
0.701330472480488,0.345040932000007,1.05888507036167,"North Africa and Middle East","Diarrheal diseases","Deaths","Both","Clostridium difficile","att",408
2.10027345570036,1.852749335735,2.34839911259392,"South Asia","Diarrheal diseases","Deaths","Both","Clostridium difficile","att",408
-0.0780087045186062,-0.360803932263121,0.205589150545182,"Southeast Asia, East Asia, and Oceania","Diarrheal diseases","Deaths","Both","Clostridium difficile","att",408
0.145039705061434,-0.11548455684397,0.406243480610557,"Sub-Saharan Africa","Diarrheal diseases","Deaths","Both","Clostridium difficile","att",408
-0.170767280452933,-0.527397691496112,0.187141726375706,"Central Europe, Eastern Europe, and Central Asia","Diarrheal diseases","Deaths","Both","Clostridium difficile","att",409
0.841771801514413,0.617983441613368,1.06605789778738,"Global","Diarrheal diseases","Deaths","Both","Clostridium difficile","att",409
-1.50995205825368,-1.84527634580589,-1.17348220812805,"High-income","Diarrheal diseases","Deaths","Both","Clostridium difficile","att",409
0.135607043615305,-0.0752114047019359,0.346870270638377,"Latin America and Caribbean","Diarrheal diseases","Deaths","Both","Clostridium difficile","att",409
0.870868487114884,0.531025828304155,1.21185997567044,"North Africa and Middle East","Diarrheal diseases","Deaths","Both","Clostridium difficile","att",409
2.15124167464353,1.91268586762838,2.39035588979577,"South Asia","Diarrheal diseases","Deaths","Both","Clostridium difficile","att",409
0.058242061585223,-0.244698645133645,0.362102750205229,"Southeast Asia, East Asia, and Oceania","Diarrheal diseases","Deaths","Both","Clostridium difficile","att",409
0.201405120203191,-0.0420159658825914,0.445418993605795,"Sub-Saharan Africa","Diarrheal diseases","Deaths","Both","Clostridium difficile","att",409
-0.245196330522923,-0.564149558460014,0.0747799807504057,"Central Europe, Eastern Europe, and Central Asia","Diarrheal diseases","Deaths","Both","Clostridium difficile","att",410
0.960139765111778,0.747098549466996,1.17363148067382,"Global","Diarrheal diseases","Deaths","Both","Clostridium difficile","att",410
-1.55489250878483,-1.90281775667961,-1.205733260327,"High-income","Diarrheal diseases","Deaths","Both","Clostridium difficile","att",410
0.240768358591414,-0.00440179187836121,0.486539619547655,"Latin America and Caribbean","Diarrheal diseases","Deaths","Both","Clostridium difficile","att",410
0.867932783849401,0.580864137304915,1.15582075530758,"North Africa and Middle East","Diarrheal diseases","Deaths","Both","Clostridium difficile","att",410
2.13159454336331,1.91735464098521,2.3462847982445,"South Asia","Diarrheal diseases","Deaths","Both","Clostridium difficile","att",410
-0.00570605892419307,-0.272119411286187,0.261418990847773,"Southeast Asia, East Asia, and Oceania","Diarrheal diseases","Deaths","Both","Clostridium difficile","att",410
0.194742904880263,-0.104144942857365,0.494525023410963,"Sub-Saharan Africa","Diarrheal diseases","Deaths","Both","Clostridium difficile","att",410
-0.169488003337215,-0.476238365449722,0.138207819267433,"Central Europe, Eastern Europe, and Central Asia","Diarrheal diseases","Deaths","Both","Clostridium difficile","att",411
1.00431693345391,0.779790532648006,1.22934355463526,"Global","Diarrheal diseases","Deaths","Both","Clostridium difficile","att",411
-1.71659840863035,-2.00833988275316,-1.42398835969596,"High-income","Diarrheal diseases","Deaths","Both","Clostridium difficile","att",411
0.198000539404108,0.00708648835447967,0.389279046375512,"Latin America and Caribbean","Diarrheal diseases","Deaths","Both","Clostridium difficile","att",411
0.813280896210111,0.508414960749648,1.11907156258628,"North Africa and Middle East","Diarrheal diseases","Deaths","Both","Clostridium difficile","att",411
2.17587705409881,1.90779256228357,2.44466678437467,"South Asia","Diarrheal diseases","Deaths","Both","Clostridium difficile","att",411
0.0301383453759296,-0.215796108475352,0.276678944821751,"Southeast Asia, East Asia, and Oceania","Diarrheal diseases","Deaths","Both","Clostridium difficile","att",411
0.0376979132807431,-0.201846288478846,0.277817089851617,"Sub-Saharan Africa","Diarrheal diseases","Deaths","Both","Clostridium difficile","att",411
-0.318488730555566,-0.607319232572956,-0.0288189005489325,"Central Europe, Eastern Europe, and Central Asia","Diarrheal diseases","Deaths","Both","Clostridium difficile","att",412
0.777718930938298,0.594170442958308,0.961602329453304,"Global","Diarrheal diseases","Deaths","Both","Clostridium difficile","att",412
-1.58732901209244,-1.96375225839807,-1.2094604385367,"High-income","Diarrheal diseases","Deaths","Both","Clostridium difficile","att",412
0.235563684281503,0.0137767318761028,0.457842463451819,"Latin America and Caribbean","Diarrheal diseases","Deaths","Both","Clostridium difficile","att",412
0.796926130049247,0.570240969597013,1.02412223848642,"North Africa and Middle East","Diarrheal diseases","Deaths","Both","Clostridium difficile","att",412
2.10158794169308,1.83794693252435,2.36591147229719,"South Asia","Diarrheal diseases","Deaths","Both","Clostridium difficile","att",412
-0.0914727305888485,-0.372509755815442,0.190357065883462,"Southeast Asia, East Asia, and Oceania","Diarrheal diseases","Deaths","Both","Clostridium difficile","att",412
-0.0597809353337864,-0.341150857443273,0.222383387210279,"Sub-Saharan Africa","Diarrheal diseases","Deaths","Both","Clostridium difficile","att",412
-0.174275079452879,-0.439756144629611,0.0919139007835135,"Central Europe, Eastern Europe, and Central Asia","Diarrheal diseases","Deaths","Both","Clostridium difficile","att",413
0.75496586029995,0.527446678322141,0.98299997605833,"Global","Diarrheal diseases","Deaths","Both","Clostridium difficile","att",413
-1.65060497600487,-1.96305903740582,-1.33715509058567,"High-income","Diarrheal diseases","Deaths","Both","Clostridium difficile","att",413
0.174570010634878,-0.0474699130010747,0.397103185693726,"Latin America and Caribbean","Diarrheal diseases","Deaths","Both","Clostridium difficile","att",413
0.887491615891878,0.609688803959041,1.16606149512444,"North Africa and Middle East","Diarrheal diseases","Deaths","Both","Clostridium difficile","att",413
2.07365119559217,1.80157416057316,2.34645538943554,"South Asia","Diarrheal diseases","Deaths","Both","Clostridium difficile","att",413
-0.00553420144777661,-0.227727722921856,0.217154146493193,"Southeast Asia, East Asia, and Oceania","Diarrheal diseases","Deaths","Both","Clostridium difficile","att",413
-0.0180013366996579,-0.306274004523555,0.271104895425145,"Sub-Saharan Africa","Diarrheal diseases","Deaths","Both","Clostridium difficile","att",413
-0.0889043948742008,-0.344522226716748,0.167369100634973,"Central Europe, Eastern Europe, and Central Asia","Diarrheal diseases","Deaths","Both","Clostridium difficile","att",414
0.861258512847751,0.664511134844381,1.05839043084752,"Global","Diarrheal diseases","Deaths","Both","Clostridium difficile","att",414
-1.67018660814735,-1.99639187045972,-1.34289557077841,"High-income","Diarrheal diseases","Deaths","Both","Clostridium difficile","att",414
0.308865080547926,0.0891404194605094,0.529072100925143,"Latin America and Caribbean","Diarrheal diseases","Deaths","Both","Clostridium difficile","att",414
0.812233569597876,0.449630479510232,1.17614558437058,"North Africa and Middle East","Diarrheal diseases","Deaths","Both","Clostridium difficile","att",414
2.2384052971157,1.9965927636616,2.48079111738018,"South Asia","Diarrheal diseases","Deaths","Both","Clostridium difficile","att",414
0.0454402014549604,-0.219669809587264,0.311254592987997,"Southeast Asia, East Asia, and Oceania","Diarrheal diseases","Deaths","Both","Clostridium difficile","att",414
-0.0987878837753864,-0.368405103827907,0.171558958696849,"Sub-Saharan Africa","Diarrheal diseases","Deaths","Both","Clostridium difficile","att",414
-0.244292122808998,-0.573011381319355,0.0855139266463301,"Central Europe, Eastern Europe, and Central Asia","Diarrheal diseases","Deaths","Both","Clostridium difficile","att",415
0.984138028851023,0.799674802718386,1.16893882236033,"Global","Diarrheal diseases","Deaths","Both","Clostridium difficile","att",415
-1.82136421631557,-2.14084941172579,-1.50083598313655,"High-income","Diarrheal diseases","Deaths","Both","Clostridium difficile","att",415
0.260498658744157,0.0194397072695862,0.502138591458556,"Latin America and Caribbean","Diarrheal diseases","Deaths","Both","Clostridium difficile","att",415
0.808043278944903,0.448224934304653,1.16915053875735,"North Africa and Middle East","Diarrheal diseases","Deaths","Both","Clostridium difficile","att",415
2.13541922839835,1.87626355215096,2.39523415207186,"South Asia","Diarrheal diseases","Deaths","Both","Clostridium difficile","att",415
-0.218935643737173,-0.466040942187462,0.0287831240164627,"Southeast Asia, East Asia, and Oceania","Diarrheal diseases","Deaths","Both","Clostridium difficile","att",415
-0.0506169329643313,-0.340351559659324,0.239960022147612,"Sub-Saharan Africa","Diarrheal diseases","Deaths","Both","Clostridium difficile","att",415
-0.314840721709231,-0.635430732342734,0.00678364106485585,"Central Europe, Eastern Europe, and Central Asia","Diarrheal diseases","Deaths","Both","Clostridium difficile","att",416
0.89176950334684,0.710028670322327,1.07383830500392,"Global","Diarrheal diseases","Deaths","Both","Clostridium difficile","att",416
-1.69457793193144,-2.10227686678275,-1.28518111876224,"High-income","Diarrheal diseases","Deaths","Both","Clostridium difficile","att",416
0.208521804672457,0.0199209644366372,0.397478276832364,"Latin America and Caribbean","Diarrheal diseases","Deaths","Both","Clostridium difficile","att",416
0.81423068158204,0.483297891185752,1.14625336964351,"North Africa and Middle East","Diarrheal diseases","Deaths","Both","Clostridium difficile","att",416
2.11575951757563,1.86399947000804,2.36814179794267,"South Asia","Diarrheal diseases","Deaths","Both","Clostridium difficile","att",416
0.153631385711428,-0.0928628430043044,0.400733773228645,"Southeast Asia, East Asia, and Oceania","Diarrheal diseases","Deaths","Both","Clostridium difficile","att",416
-0.0379805097168839,-0.312855643757937,0.237652558958579,"Sub-Saharan Africa","Diarrheal diseases","Deaths","Both","Clostridium difficile","att",416
-0.184695083422892,-0.502993756810599,0.134621852215155,"Central Europe, Eastern Europe, and Central Asia","Diarrheal diseases","Deaths","Both","Clostridium difficile","att",417
0.661373260350318,0.436665239825951,0.886584022521553,"Global","Diarrheal diseases","Deaths","Both","Clostridium difficile","att",417
-1.56710739086211,-1.88431662919436,-1.24887261107282,"High-income","Diarrheal diseases","Deaths","Both","Clostridium difficile","att",417
0.267093107650629,0.0660486420628326,0.468541495224861,"Latin America and Caribbean","Diarrheal diseases","Deaths","Both","Clostridium difficile","att",417
0.927155150027348,0.587389889677947,1.26806807344135,"North Africa and Middle East","Diarrheal diseases","Deaths","Both","Clostridium difficile","att",417
1.98617696125942,1.71816513349152,2.25489495925493,"South Asia","Diarrheal diseases","Deaths","Both","Clostridium difficile","att",417
-0.137368393384762,-0.436392991600487,0.162554281076144,"Southeast Asia, East Asia, and Oceania","Diarrheal diseases","Deaths","Both","Clostridium difficile","att",417
-0.0349343928891188,-0.316516334507844,0.247442950203669,"Sub-Saharan Africa","Diarrheal diseases","Deaths","Both","Clostridium difficile","att",417
-0.476143316999866,-0.79746679025946,-0.153779056059489,"Central Europe, Eastern Europe, and Central Asia","Diarrheal diseases","Deaths","Both","Clostridium difficile","att",418
0.908929245961665,0.67940385590739,1.13897789998716,"Global","Diarrheal diseases","Deaths","Both","Clostridium difficile","att",418
-1.61106680883023,-2.00108897000516,-1.21949241320076,"High-income","Diarrheal diseases","Deaths","Both","Clostridium difficile","att",418
0.247539806569197,0.0661834846677145,0.429224812091333,"Latin America and Caribbean","Diarrheal diseases","Deaths","Both","Clostridium difficile","att",418
0.872071478457581,0.558686755306703,1.18643284507778,"North Africa and Middle East","Diarrheal diseases","Deaths","Both","Clostridium difficile","att",418
2.028595220235,1.7653511116406,2.29252028221829,"South Asia","Diarrheal diseases","Deaths","Both","Clostridium difficile","att",418
-0.0626774000796249,-0.279755215157085,0.154872964758423,"Southeast Asia, East Asia, and Oceania","Diarrheal diseases","Deaths","Both","Clostridium difficile","att",418
-0.138694947053386,-0.46674816791944,0.19043950961819,"Sub-Saharan Africa","Diarrheal diseases","Deaths","Both","Clostridium difficile","att",418
-0.211465116603426,-0.565067607678982,0.143394827146825,"Central Europe, Eastern Europe, and Central Asia","Diarrheal diseases","Deaths","Both","Clostridium difficile","att",419
1.02649674763344,0.806780512974714,1.24669187094952,"Global","Diarrheal diseases","Deaths","Both","Clostridium difficile","att",419
-1.936225376914,-2.21130182550573,-1.6603751471596,"High-income","Diarrheal diseases","Deaths","Both","Clostridium difficile","att",419
0.277622674231104,0.0474073832554156,0.508367704873058,"Latin America and Caribbean","Diarrheal diseases","Deaths","Both","Clostridium difficile","att",419
0.917124972651195,0.567420207840663,1.26804577166324,"North Africa and Middle East","Diarrheal diseases","Deaths","Both","Clostridium difficile","att",419
2.03549066543225,1.83481977822473,2.23655698521443,"South Asia","Diarrheal diseases","Deaths","Both","Clostridium difficile","att",419
0.0165050655227095,-0.244220812256279,0.277912387363344,"Southeast Asia, East Asia, and Oceania","Diarrheal diseases","Deaths","Both","Clostridium difficile","att",419
-0.176977134080358,-0.456577658273483,0.103408740377908,"Sub-Saharan Africa","Diarrheal diseases","Deaths","Both","Clostridium difficile","att",419
-0.196287563875341,-0.531306991327751,0.139860238881639,"Central Europe, Eastern Europe, and Central Asia","Diarrheal diseases","Deaths","Both","Clostridium difficile","att",420
0.90939490137909,0.727166862721851,1.09195261334203,"Global","Diarrheal diseases","Deaths","Both","Clostridium difficile","att",420
-1.62516433234331,-1.98941977805509,-1.25955513452202,"High-income","Diarrheal diseases","Deaths","Both","Clostridium difficile","att",420
0.0738031301639186,-0.113512701468932,0.261470232741745,"Latin America and Caribbean","Diarrheal diseases","Deaths","Both","Clostridium difficile","att",420
0.697364329025407,0.393910116695761,1.00173577287708,"North Africa and Middle East","Diarrheal diseases","Deaths","Both","Clostridium difficile","att",420
2.15501605713819,1.89114432680191,2.41957114705915,"South Asia","Diarrheal diseases","Deaths","Both","Clostridium difficile","att",420
-0.0701721180628834,-0.33388311423862,0.194236642726109,"Southeast Asia, East Asia, and Oceania","Diarrheal diseases","Deaths","Both","Clostridium difficile","att",420
-0.105816050878493,-0.377683702571863,0.166793523134934,"Sub-Saharan Africa","Diarrheal diseases","Deaths","Both","Clostridium difficile","att",420
-0.304362157879412,-0.659925537966322,0.0524738739338337,"Central Europe, Eastern Europe, and Central Asia","Diarrheal diseases","Deaths","Both","Clostridium difficile","att",421
0.86588394075966,0.641955958796991,1.09031016165886,"Global","Diarrheal diseases","Deaths","Both","Clostridium difficile","att",421
-1.50553270648254,-1.86463952860281,-1.14511180441113,"High-income","Diarrheal diseases","Deaths","Both","Clostridium difficile","att",421
0.203629904470759,0.0183774892464017,0.389225441211449,"Latin America and Caribbean","Diarrheal diseases","Deaths","Both","Clostridium difficile","att",421
0.707599052830932,0.376740717965895,1.03954795147567,"North Africa and Middle East","Diarrheal diseases","Deaths","Both","Clostridium difficile","att",421
2.11680781548178,1.86017474154729,2.37408746728447,"South Asia","Diarrheal diseases","Deaths","Both","Clostridium difficile","att",421
0.0697877105304556,-0.18420936843776,0.324431125270963,"Southeast Asia, East Asia, and Oceania","Diarrheal diseases","Deaths","Both","Clostridium difficile","att",421
0.0288475179769376,-0.221520174686918,0.279843442115557,"Sub-Saharan Africa","Diarrheal diseases","Deaths","Both","Clostridium difficile","att",421
-0.357677455845673,-0.631696179202856,-0.082903096557696,"Central Europe, Eastern Europe, and Central Asia","Diarrheal diseases","Deaths","Both","Clostridium difficile","att",422
0.842124742830319,0.58861286194305,1.09627554567826,"Global","Diarrheal diseases","Deaths","Both","Clostridium difficile","att",422
-1.72637882446752,-2.03610409575503,-1.41567431748518,"High-income","Diarrheal diseases","Deaths","Both","Clostridium difficile","att",422
0.197399708058166,0.00580138925885265,0.389365104719541,"Latin America and Caribbean","Diarrheal diseases","Deaths","Both","Clostridium difficile","att",422
0.999653882451046,0.625558827573891,1.37513970833822,"North Africa and Middle East","Diarrheal diseases","Deaths","Both","Clostridium difficile","att",422
2.1959649887227,1.93539802779195,2.45719801014315,"South Asia","Diarrheal diseases","Deaths","Both","Clostridium difficile","att",422
0.134554034275314,-0.142148752452731,0.412023555228314,"Southeast Asia, East Asia, and Oceania","Diarrheal diseases","Deaths","Both","Clostridium difficile","att",422
-0.315302528502703,-0.617158686806318,-0.0125295405018933,"Sub-Saharan Africa","Diarrheal diseases","Deaths","Both","Clostridium difficile","att",422
-0.245124992022205,-0.56605235015359,0.0768381730104739,"Central Europe, Eastern Europe, and Central Asia","Diarrheal diseases","Deaths","Both","Clostridium difficile","att",423
0.917062253160661,0.718591507007238,1.1159240953023,"Global","Diarrheal diseases","Deaths","Both","Clostridium difficile","att",423
-1.59479411952348,-2.04147848209896,-1.14607290587393,"High-income","Diarrheal diseases","Deaths","Both","Clostridium difficile","att",423
0.304398342507595,0.0943483257995315,0.514889153428899,"Latin America and Caribbean","Diarrheal diseases","Deaths","Both","Clostridium difficile","att",423
0.871889574285434,0.583314190569295,1.16129288610034,"North Africa and Middle East","Diarrheal diseases","Deaths","Both","Clostridium difficile","att",423
2.15755856633615,1.87614535932743,2.43974912306497,"South Asia","Diarrheal diseases","Deaths","Both","Clostridium difficile","att",423
0.145248928712971,-0.0879134043345053,0.378955386854885,"Southeast Asia, East Asia, and Oceania","Diarrheal diseases","Deaths","Both","Clostridium difficile","att",423
-0.690822664922042,-1.36889216655789,-0.00809156859107318,"Sub-Saharan Africa","Diarrheal diseases","Deaths","Both","Clostridium difficile","att",423
-0.219795704679215,-0.510345241446508,0.0716023528063436,"Central Europe, Eastern Europe, and Central Asia","Diarrheal diseases","Deaths","Both","Clostridium difficile","att",424
0.810156952336571,0.572756639567906,1.04811764457962,"Global","Diarrheal diseases","Deaths","Both","Clostridium difficile","att",424
-1.69752789213669,-1.994029922763,-1.40012884009324,"High-income","Diarrheal diseases","Deaths","Both","Clostridium difficile","att",424
0.355994227265377,0.128754661027997,0.583749507701325,"Latin America and Caribbean","Diarrheal diseases","Deaths","Both","Clostridium difficile","att",424
0.794530978416508,0.465265031522843,1.12487606508798,"North Africa and Middle East","Diarrheal diseases","Deaths","Both","Clostridium difficile","att",424
2.04365690552395,1.78575635256388,2.30221091627223,"South Asia","Diarrheal diseases","Deaths","Both","Clostridium difficile","att",424
0.0616866654069792,-0.171299047972284,0.295216133659548,"Southeast Asia, East Asia, and Oceania","Diarrheal diseases","Deaths","Both","Clostridium difficile","att",424
0.0127566991949379,-0.251585262581777,0.277799190127315,"Sub-Saharan Africa","Diarrheal diseases","Deaths","Both","Clostridium difficile","att",424
-0.211194076151311,-0.505006812728637,0.0834863013133402,"Central Europe, Eastern Europe, and Central Asia","Diarrheal diseases","Deaths","Both","Clostridium difficile","att",425
1.0749455287411,0.830923005193185,1.31955861508686,"Global","Diarrheal diseases","Deaths","Both","Clostridium difficile","att",425
-1.76432827476033,-2.09584470662036,-1.43168928437085,"High-income","Diarrheal diseases","Deaths","Both","Clostridium difficile","att",425
0.141382343788732,-0.0713918637524569,0.354609603406164,"Latin America and Caribbean","Diarrheal diseases","Deaths","Both","Clostridium difficile","att",425
0.856669599538629,0.58910576837865,1.12494514200372,"North Africa and Middle East","Diarrheal diseases","Deaths","Both","Clostridium difficile","att",425
2.12711090000037,1.82562236811765,2.42949208868932,"South Asia","Diarrheal diseases","Deaths","Both","Clostridium difficile","att",425
0.115334696132474,-0.148106221630517,0.37947065446533,"Southeast Asia, East Asia, and Oceania","Diarrheal diseases","Deaths","Both","Clostridium difficile","att",425
-0.0813215721283012,-0.355657259056874,0.193769401724264,"Sub-Saharan Africa","Diarrheal diseases","Deaths","Both","Clostridium difficile","att",425
-0.107733442542313,-0.436602241634187,0.222221646184639,"Central Europe, Eastern Europe, and Central Asia","Diarrheal diseases","Deaths","Both","Clostridium difficile","att",426
0.81095443081356,0.545688416087198,1.07692028717088,"Global","Diarrheal diseases","Deaths","Both","Clostridium difficile","att",426
-1.51004053840188,-1.78795190395671,-1.2313427649816,"High-income","Diarrheal diseases","Deaths","Both","Clostridium difficile","att",426
0.354233102418933,0.15060365240831,0.558276578420402,"Latin America and Caribbean","Diarrheal diseases","Deaths","Both","Clostridium difficile","att",426
0.706797657463198,0.407906699661886,1.00657834404774,"North Africa and Middle East","Diarrheal diseases","Deaths","Both","Clostridium difficile","att",426
2.16602512171333,1.90441421474632,2.42830764106505,"South Asia","Diarrheal diseases","Deaths","Both","Clostridium difficile","att",426
-0.0709321391703543,-0.316492595009432,0.175233230551086,"Southeast Asia, East Asia, and Oceania","Diarrheal diseases","Deaths","Both","Clostridium difficile","att",426
-0.400073003546864,-0.857516291092952,0.0594809267175922,"Sub-Saharan Africa","Diarrheal diseases","Deaths","Both","Clostridium difficile","att",426
-0.234119673996136,-0.557267431258401,0.0900781798425676,"Central Europe, Eastern Europe, and Central Asia","Diarrheal diseases","Deaths","Both","Clostridium difficile","att",427
1.02359807253427,0.838967977298744,1.20856621438763,"Global","Diarrheal diseases","Deaths","Both","Clostridium difficile","att",427
-1.72328768267576,-2.0708462896781,-1.37449556164083,"High-income","Diarrheal diseases","Deaths","Both","Clostridium difficile","att",427
0.247204170231874,0.00749885365276537,0.48748403011476,"Latin America and Caribbean","Diarrheal diseases","Deaths","Both","Clostridium difficile","att",427
0.67685727081892,0.344745788321377,1.01006794427003,"North Africa and Middle East","Diarrheal diseases","Deaths","Both","Clostridium difficile","att",427
2.15991066195307,1.90037520855924,2.42010713991556,"South Asia","Diarrheal diseases","Deaths","Both","Clostridium difficile","att",427
0.0462352551753531,-0.255588056998268,0.348971874771387,"Southeast Asia, East Asia, and Oceania","Diarrheal diseases","Deaths","Both","Clostridium difficile","att",427
-0.151133240027002,-0.47211688889468,0.170885601186965,"Sub-Saharan Africa","Diarrheal diseases","Deaths","Both","Clostridium difficile","att",427
-0.25871418779202,-0.589327214764612,0.0729983687435487,"Central Europe, Eastern Europe, and Central Asia","Diarrheal diseases","Deaths","Both","Clostridium difficile","att",428
0.977695215867302,0.752038435332736,1.20385740535827,"Global","Diarrheal diseases","Deaths","Both","Clostridium difficile","att",428
-1.66688869310916,-2.01897918197538,-1.313532982557,"High-income","Diarrheal diseases","Deaths","Both","Clostridium difficile","att",428
0.294424445033759,0.0927724066078106,0.496482742009885,"Latin America and Caribbean","Diarrheal diseases","Deaths","Both","Clostridium difficile","att",428
0.794564371365314,0.503485890110822,1.08648587494384,"North Africa and Middle East","Diarrheal diseases","Deaths","Both","Clostridium difficile","att",428
2.17789095962433,1.91567855159585,2.44077799738496,"South Asia","Diarrheal diseases","Deaths","Both","Clostridium difficile","att",428
-0.0234646643742065,-0.327971252854153,0.281972217825999,"Southeast Asia, East Asia, and Oceania","Diarrheal diseases","Deaths","Both","Clostridium difficile","att",428
-0.137180281005234,-0.411554498214362,0.137949859350295,"Sub-Saharan Africa","Diarrheal diseases","Deaths","Both","Clostridium difficile","att",428
-0.136060213173717,-0.436738451660468,0.165526065102961,"Central Europe, Eastern Europe, and Central Asia","Diarrheal diseases","Deaths","Both","Clostridium difficile","att",429
0.698790412749184,0.460898029004975,0.937246127972124,"Global","Diarrheal diseases","Deaths","Both","Clostridium difficile","att",429
-1.62422016978385,-1.92549958046138,-1.32201524551301,"High-income","Diarrheal diseases","Deaths","Both","Clostridium difficile","att",429
0.312331990686632,0.105022238752617,0.520071065069083,"Latin America and Caribbean","Diarrheal diseases","Deaths","Both","Clostridium difficile","att",429
0.946441250307117,0.664273253102809,1.22940018133604,"North Africa and Middle East","Diarrheal diseases","Deaths","Both","Clostridium difficile","att",429
2.14992689114468,1.86704788774559,2.43359143346167,"South Asia","Diarrheal diseases","Deaths","Both","Clostridium difficile","att",429
0.0207440982686657,-0.238058756098913,0.280218340107208,"Southeast Asia, East Asia, and Oceania","Diarrheal diseases","Deaths","Both","Clostridium difficile","att",429
-0.473551363648583,-0.977723357288862,0.0331876220645011,"Sub-Saharan Africa","Diarrheal diseases","Deaths","Both","Clostridium difficile","att",429
-0.237290155991032,-0.579796586567072,0.106396222432203,"Central Europe, Eastern Europe, and Central Asia","Diarrheal diseases","Deaths","Both","Clostridium difficile","att",430
0.947244784546597,0.759607678837204,1.13523131284952,"Global","Diarrheal diseases","Deaths","Both","Clostridium difficile","att",430
-1.64173686356437,-2.01139204363349,-1.27068718514487,"High-income","Diarrheal diseases","Deaths","Both","Clostridium difficile","att",430
0.263671917693475,0.0806533770683959,0.447025146243596,"Latin America and Caribbean","Diarrheal diseases","Deaths","Both","Clostridium difficile","att",430
0.922109824009465,0.561980255583339,1.28352907771945,"North Africa and Middle East","Diarrheal diseases","Deaths","Both","Clostridium difficile","att",430
2.17394855156012,1.93263693387242,2.41583144159576,"South Asia","Diarrheal diseases","Deaths","Both","Clostridium difficile","att",430
0.227116528463478,-0.0651693677329535,0.520257292222825,"Southeast Asia, East Asia, and Oceania","Diarrheal diseases","Deaths","Both","Clostridium difficile","att",430
0.0934990741083386,-0.152096247478928,0.339698485112772,"Sub-Saharan Africa","Diarrheal diseases","Deaths","Both","Clostridium difficile","att",430
-0.319331367878783,-0.647310688119562,0.00973066522311772,"Central Europe, Eastern Europe, and Central Asia","Diarrheal diseases","Deaths","Both","Clostridium difficile","att",431
0.966162087489253,0.766800399971523,1.16591820136855,"Global","Diarrheal diseases","Deaths","Both","Clostridium difficile","att",431
-1.66825583760829,-2.04288429723667,-1.29219464405592,"High-income","Diarrheal diseases","Deaths","Both","Clostridium difficile","att",431
0.203359954202775,0.0223221261170359,0.384725456096735,"Latin America and Caribbean","Diarrheal diseases","Deaths","Both","Clostridium difficile","att",431
0.83673597300753,0.499548940456185,1.17505430511318,"North Africa and Middle East","Diarrheal diseases","Deaths","Both","Clostridium difficile","att",431
2.12048896493455,1.87284951405053,2.36873039463752,"South Asia","Diarrheal diseases","Deaths","Both","Clostridium difficile","att",431
0.0300819007010178,-0.187031415233552,0.247667481839442,"Southeast Asia, East Asia, and Oceania","Diarrheal diseases","Deaths","Both","Clostridium difficile","att",431
0.0732865273264771,-0.197786581166237,0.345095898349168,"Sub-Saharan Africa","Diarrheal diseases","Deaths","Both","Clostridium difficile","att",431
-0.355686436880576,-0.65723648259518,-0.0532210509151976,"Central Europe, Eastern Europe, and Central Asia","Diarrheal diseases","Deaths","Both","Clostridium difficile","att",432
0.955974715754704,0.767194865050813,1.14510823147902,"Global","Diarrheal diseases","Deaths","Both","Clostridium difficile","att",432
-1.6049199844502,-1.95244496083842,-1.25616322202545,"High-income","Diarrheal diseases","Deaths","Both","Clostridium difficile","att",432
0.214650337019262,0.00117614874712846,0.428580232222209,"Latin America and Caribbean","Diarrheal diseases","Deaths","Both","Clostridium difficile","att",432
0.883556929618878,0.587366968681513,1.18061905269355,"North Africa and Middle East","Diarrheal diseases","Deaths","Both","Clostridium difficile","att",432
2.23845049038922,2.00738343034865,2.47004096338717,"South Asia","Diarrheal diseases","Deaths","Both","Clostridium difficile","att",432
0.178274933852363,-0.0213492561577988,0.378297707129471,"Southeast Asia, East Asia, and Oceania","Diarrheal diseases","Deaths","Both","Clostridium difficile","att",432
-0.0802078899825864,-0.37251736091144,0.212959224083797,"Sub-Saharan Africa","Diarrheal diseases","Deaths","Both","Clostridium difficile","att",432
-0.240394126109833,-0.525454393457259,0.0454830271607642,"Central Europe, Eastern Europe, and Central Asia","Diarrheal diseases","Deaths","Both","Clostridium difficile","att",433
1.02490383698297,0.794469202150183,1.25586528763564,"Global","Diarrheal diseases","Deaths","Both","Clostridium difficile","att",433
-1.60044502715423,-1.94890068722393,-1.25075101944859,"High-income","Diarrheal diseases","Deaths","Both","Clostridium difficile","att",433
0.33909151439846,0.142676600768987,0.535891666565647,"Latin America and Caribbean","Diarrheal diseases","Deaths","Both","Clostridium difficile","att",433
0.916650954767539,0.441535136513616,1.39401420024814,"North Africa and Middle East","Diarrheal diseases","Deaths","Both","Clostridium difficile","att",433
2.15931035530113,1.89641699646443,2.42288198055931,"South Asia","Diarrheal diseases","Deaths","Both","Clostridium difficile","att",433
0.0917117084967556,-0.190308465878619,0.374528753171322,"Southeast Asia, East Asia, and Oceania","Diarrheal diseases","Deaths","Both","Clostridium difficile","att",433
0.201415357754864,-0.0102130847917326,0.413491712023983,"Sub-Saharan Africa","Diarrheal diseases","Deaths","Both","Clostridium difficile","att",433
-0.218849181376557,-0.535997331731208,0.0993102187425654,"Central Europe, Eastern Europe, and Central Asia","Diarrheal diseases","Deaths","Both","Clostridium difficile","att",434
0.934603422318214,0.73318854531268,1.13642102610392,"Global","Diarrheal diseases","Deaths","Both","Clostridium difficile","att",434
-1.66445410392374,-2.08658995604627,-1.24049828988212,"High-income","Diarrheal diseases","Deaths","Both","Clostridium difficile","att",434
0.30698082642362,0.104430257447574,0.509941234733335,"Latin America and Caribbean","Diarrheal diseases","Deaths","Both","Clostridium difficile","att",434
0.836572466309571,0.596764500858105,1.07695209885768,"North Africa and Middle East","Diarrheal diseases","Deaths","Both","Clostridium difficile","att",434
1.99937673339341,1.73714099318336,2.26228840751288,"South Asia","Diarrheal diseases","Deaths","Both","Clostridium difficile","att",434
0.106721986584635,-0.155995721243596,0.370130978726868,"Southeast Asia, East Asia, and Oceania","Diarrheal diseases","Deaths","Both","Clostridium difficile","att",434
-0.233850837453586,-0.591361887270425,0.124945957276035,"Sub-Saharan Africa","Diarrheal diseases","Deaths","Both","Clostridium difficile","att",434
-0.315567609266343,-0.586384444997878,-0.044013029935952,"Central Europe, Eastern Europe, and Central Asia","Diarrheal diseases","Deaths","Both","Clostridium difficile","att",435
0.904119054605079,0.673943879224104,1.13482048940652,"Global","Diarrheal diseases","Deaths","Both","Clostridium difficile","att",435
-1.71389256078942,-2.01666126595269,-1.41018829974481,"High-income","Diarrheal diseases","Deaths","Both","Clostridium difficile","att",435
0.247929850122008,0.0436292538698257,0.45264765168691,"Latin America and Caribbean","Diarrheal diseases","Deaths","Both","Clostridium difficile","att",435
0.795055873629602,0.460165898087461,1.1310622249483,"North Africa and Middle East","Diarrheal diseases","Deaths","Both","Clostridium difficile","att",435
2.09905178471934,1.81355979234208,2.38534431562876,"South Asia","Diarrheal diseases","Deaths","Both","Clostridium difficile","att",435
0.058511727663535,-0.195405999110898,0.313075458889123,"Southeast Asia, East Asia, and Oceania","Diarrheal diseases","Deaths","Both","Clostridium difficile","att",435
-0.182372865723668,-0.460039446984206,0.0960682660783974,"Sub-Saharan Africa","Diarrheal diseases","Deaths","Both","Clostridium difficile","att",435
-0.233018489367154,-0.60547821497593,0.14083694945306,"Central Europe, Eastern Europe, and Central Asia","Diarrheal diseases","Deaths","Both","Clostridium difficile","att",436
0.974136865233222,0.744444015108225,1.20435340483722,"Global","Diarrheal diseases","Deaths","Both","Clostridium difficile","att",436
-1.55130568057289,-1.88241315383443,-1.2190808524887,"High-income","Diarrheal diseases","Deaths","Both","Clostridium difficile","att",436
0.208330354140829,-0.00931763155450627,0.426452090435259,"Latin America and Caribbean","Diarrheal diseases","Deaths","Both","Clostridium difficile","att",436
0.897695512001451,0.649424969943402,1.14657845956576,"North Africa and Middle East","Diarrheal diseases","Deaths","Both","Clostridium difficile","att",436
2.0441067940133,1.84438348586569,2.24422177226047,"South Asia","Diarrheal diseases","Deaths","Both","Clostridium difficile","att",436
0.0755686020525781,-0.224612501635013,0.376652821200518,"Southeast Asia, East Asia, and Oceania","Diarrheal diseases","Deaths","Both","Clostridium difficile","att",436
-0.0269774456344796,-0.353589303428969,0.300704950525699,"Sub-Saharan Africa","Diarrheal diseases","Deaths","Both","Clostridium difficile","att",436
-0.231594729112505,-0.574378138443365,0.1123704728339,"Central Europe, Eastern Europe, and Central Asia","Diarrheal diseases","Deaths","Both","Clostridium difficile","att",437
1.01343865284989,0.817096455081545,1.21016322880585,"Global","Diarrheal diseases","Deaths","Both","Clostridium difficile","att",437
-1.6446849352738,-1.95776797129665,-1.33060211593903,"High-income","Diarrheal diseases","Deaths","Both","Clostridium difficile","att",437
0.15540083103136,-0.0560159743899225,0.367264857624106,"Latin America and Caribbean","Diarrheal diseases","Deaths","Both","Clostridium difficile","att",437
0.870428636373122,0.447996390383887,1.2946374135911,"North Africa and Middle East","Diarrheal diseases","Deaths","Both","Clostridium difficile","att",437
2.05068300137772,1.78629045639551,2.31576231289332,"South Asia","Diarrheal diseases","Deaths","Both","Clostridium difficile","att",437
0.110830876622803,-0.159869199899798,0.382264911833596,"Southeast Asia, East Asia, and Oceania","Diarrheal diseases","Deaths","Both","Clostridium difficile","att",437
0.0704936099433562,-0.167671619981113,0.309227019310954,"Sub-Saharan Africa","Diarrheal diseases","Deaths","Both","Clostridium difficile","att",437
-0.272539708721764,-0.552097163979237,0.00780360896779353,"Central Europe, Eastern Europe, and Central Asia","Diarrheal diseases","Deaths","Both","Clostridium difficile","att",438
0.979596091291235,0.748717577913283,1.21100369217739,"Global","Diarrheal diseases","Deaths","Both","Clostridium difficile","att",438
-1.56208723714867,-1.98603464859511,-1.13630609305986,"High-income","Diarrheal diseases","Deaths","Both","Clostridium difficile","att",438
0.210700785701756,-0.00196166118385799,0.423815494622382,"Latin America and Caribbean","Diarrheal diseases","Deaths","Both","Clostridium difficile","att",438
0.822551993490683,0.423889247374154,1.22279735093935,"North Africa and Middle East","Diarrheal diseases","Deaths","Both","Clostridium difficile","att",438
2.17322181627548,1.94093505073318,2.40603787990024,"South Asia","Diarrheal diseases","Deaths","Both","Clostridium difficile","att",438
0.00374718759852399,-0.270068078257524,0.278314231765964,"Southeast Asia, East Asia, and Oceania","Diarrheal diseases","Deaths","Both","Clostridium difficile","att",438
-0.179367692987065,-0.507995185739551,0.150345274213293,"Sub-Saharan Africa","Diarrheal diseases","Deaths","Both","Clostridium difficile","att",438
-0.238656790174763,-0.505573835985884,0.0289763229789353,"Central Europe, Eastern Europe, and Central Asia","Diarrheal diseases","Deaths","Both","Clostridium difficile","att",439
0.871818925268308,0.684750866287276,1.05923454888441,"Global","Diarrheal diseases","Deaths","Both","Clostridium difficile","att",439
-1.54109301748572,-1.94599996517678,-1.13451403564785,"High-income","Diarrheal diseases","Deaths","Both","Clostridium difficile","att",439
0.145972982221543,-0.0587295947714228,0.351094836904897,"Latin America and Caribbean","Diarrheal diseases","Deaths","Both","Clostridium difficile","att",439
0.812356355590871,0.399060779733862,1.2273532743857,"North Africa and Middle East","Diarrheal diseases","Deaths","Both","Clostridium difficile","att",439
2.12109988588047,1.86650569509563,2.37633038200962,"South Asia","Diarrheal diseases","Deaths","Both","Clostridium difficile","att",439
0.102021956051712,-0.122179852757132,0.326727044277342,"Southeast Asia, East Asia, and Oceania","Diarrheal diseases","Deaths","Both","Clostridium difficile","att",439
-0.0801429774001106,-0.363007836322904,0.20352492190634,"Sub-Saharan Africa","Diarrheal diseases","Deaths","Both","Clostridium difficile","att",439
-0.318572262594341,-0.620861899210834,-0.015363126914425,"Central Europe, Eastern Europe, and Central Asia","Diarrheal diseases","Deaths","Both","Clostridium difficile","att",440
0.836272345756339,0.62739393407838,1.04558433907802,"Global","Diarrheal diseases","Deaths","Both","Clostridium difficile","att",440
-1.55602188371068,-1.88103958706173,-1.22992756369914,"High-income","Diarrheal diseases","Deaths","Both","Clostridium difficile","att",440
0.248863723593828,0.0614086552430448,0.436669970317194,"Latin America and Caribbean","Diarrheal diseases","Deaths","Both","Clostridium difficile","att",440
0.720848657220063,0.36856335270421,1.07437045383694,"North Africa and Middle East","Diarrheal diseases","Deaths","Both","Clostridium difficile","att",440
2.30102730177124,2.06532273789737,2.53727619000466,"South Asia","Diarrheal diseases","Deaths","Both","Clostridium difficile","att",440
-0.0247159197000579,-0.293652014677548,0.244945571650312,"Southeast Asia, East Asia, and Oceania","Diarrheal diseases","Deaths","Both","Clostridium difficile","att",440
0.131056033553256,-0.107046386059084,0.369725988313685,"Sub-Saharan Africa","Diarrheal diseases","Deaths","Both","Clostridium difficile","att",440
-0.335138053347872,-0.65020077207214,-0.0190761930299432,"Central Europe, Eastern Europe, and Central Asia","Diarrheal diseases","Deaths","Both","Clostridium difficile","att",441
0.764889540108715,0.519090007935352,1.01129012637053,"Global","Diarrheal diseases","Deaths","Both","Clostridium difficile","att",441
-1.66688923041376,-2.02274528095467,-1.30974070103099,"High-income","Diarrheal diseases","Deaths","Both","Clostridium difficile","att",441
0.170482552500273,-0.0248239078838974,0.36617055373247,"Latin America and Caribbean","Diarrheal diseases","Deaths","Both","Clostridium difficile","att",441
0.701810589504803,0.444278053460256,0.960003422068056,"North Africa and Middle East","Diarrheal diseases","Deaths","Both","Clostridium difficile","att",441
1.96623874221038,1.64196530090508,2.29154672928058,"South Asia","Diarrheal diseases","Deaths","Both","Clostridium difficile","att",441
-0.173340286489609,-0.442398288672896,0.096444854629274,"Southeast Asia, East Asia, and Oceania","Diarrheal diseases","Deaths","Both","Clostridium difficile","att",441
-0.0454195356848097,-0.320789995587056,0.230711653462623,"Sub-Saharan Africa","Diarrheal diseases","Deaths","Both","Clostridium difficile","att",441
-0.103897428264221,-0.405123042670719,0.198239245762477,"Central Europe, Eastern Europe, and Central Asia","Diarrheal diseases","Deaths","Both","Clostridium difficile","att",442
0.971945070337088,0.777268327316727,1.16699788064822,"Global","Diarrheal diseases","Deaths","Both","Clostridium difficile","att",442
-1.63933512372648,-2.01992194058787,-1.25726998261758,"High-income","Diarrheal diseases","Deaths","Both","Clostridium difficile","att",442
0.258352142774632,0.079070075821952,0.437955376375898,"Latin America and Caribbean","Diarrheal diseases","Deaths","Both","Clostridium difficile","att",442
0.967529179573745,0.595462742516473,1.34097175656627,"North Africa and Middle East","Diarrheal diseases","Deaths","Both","Clostridium difficile","att",442
2.17887896783604,1.91871249013995,2.43970956887574,"South Asia","Diarrheal diseases","Deaths","Both","Clostridium difficile","att",442
0.152168833571209,-0.0727668263316827,0.377610822424557,"Southeast Asia, East Asia, and Oceania","Diarrheal diseases","Deaths","Both","Clostridium difficile","att",442
0.240047456738912,0.00703630052698578,0.473601516739719,"Sub-Saharan Africa","Diarrheal diseases","Deaths","Both","Clostridium difficile","att",442
-0.25233871527649,-0.558794409269192,0.0550614070527589,"Central Europe, Eastern Europe, and Central Asia","Diarrheal diseases","Deaths","Both","Clostridium difficile","att",443
0.760645309063968,0.523730824131019,0.998118154422944,"Global","Diarrheal diseases","Deaths","Both","Clostridium difficile","att",443
-1.47638870412622,-1.7917589173862,-1.16000576148307,"High-income","Diarrheal diseases","Deaths","Both","Clostridium difficile","att",443
0.2032514874585,0.0156465357110891,0.391208340324778,"Latin America and Caribbean","Diarrheal diseases","Deaths","Both","Clostridium difficile","att",443
0.764254358851502,0.472350870565363,1.05700591773354,"North Africa and Middle East","Diarrheal diseases","Deaths","Both","Clostridium difficile","att",443
2.17264996835616,1.91409739748474,2.43185847823515,"South Asia","Diarrheal diseases","Deaths","Both","Clostridium difficile","att",443
-0.10973841223727,-0.373417334452919,0.154638381692518,"Southeast Asia, East Asia, and Oceania","Diarrheal diseases","Deaths","Both","Clostridium difficile","att",443
0.10556679686764,-0.144912650952989,0.35667455472681,"Sub-Saharan Africa","Diarrheal diseases","Deaths","Both","Clostridium difficile","att",443
-0.269709183287059,-0.569908876482417,0.0313968739151793,"Central Europe, Eastern Europe, and Central Asia","Diarrheal diseases","Deaths","Both","Clostridium difficile","att",444
0.860038655285145,0.636894306412339,1.08367778691907,"Global","Diarrheal diseases","Deaths","Both","Clostridium difficile","att",444
-1.45777583919254,-1.78967425739959,-1.12475578169579,"High-income","Diarrheal diseases","Deaths","Both","Clostridium difficile","att",444
0.270824275447068,0.0918120378552434,0.450156672905644,"Latin America and Caribbean","Diarrheal diseases","Deaths","Both","Clostridium difficile","att",444
0.820940204434506,0.564866085117632,1.07766638005231,"North Africa and Middle East","Diarrheal diseases","Deaths","Both","Clostridium difficile","att",444
2.18346854181923,1.9332135292198,2.43433795250503,"South Asia","Diarrheal diseases","Deaths","Both","Clostridium difficile","att",444
-0.0630965409122553,-0.320030087598744,0.194499273705007,"Southeast Asia, East Asia, and Oceania","Diarrheal diseases","Deaths","Both","Clostridium difficile","att",444
-0.199018587334576,-0.498855274294552,0.10172162730937,"Sub-Saharan Africa","Diarrheal diseases","Deaths","Both","Clostridium difficile","att",444
-0.347499868509316,-0.675753369807441,-0.0181615327949247,"Central Europe, Eastern Europe, and Central Asia","Diarrheal diseases","Deaths","Both","Clostridium difficile","att",445
0.983325444937777,0.755615532154352,1.21154998714514,"Global","Diarrheal diseases","Deaths","Both","Clostridium difficile","att",445
-1.54997596049072,-1.87036715206454,-1.22853869840122,"High-income","Diarrheal diseases","Deaths","Both","Clostridium difficile","att",445
0.216709307536789,0.0284564427976974,0.40531646286821,"Latin America and Caribbean","Diarrheal diseases","Deaths","Both","Clostridium difficile","att",445
0.668091047703601,0.314934714369475,1.02249065948006,"North Africa and Middle East","Diarrheal diseases","Deaths","Both","Clostridium difficile","att",445
2.07555281367544,1.80808112376569,2.34372720914759,"South Asia","Diarrheal diseases","Deaths","Both","Clostridium difficile","att",445
-0.0988921479297522,-0.335551849844196,0.13832951780981,"Southeast Asia, East Asia, and Oceania","Diarrheal diseases","Deaths","Both","Clostridium difficile","att",445
-0.0570065729295965,-0.320668667257484,0.207352934784355,"Sub-Saharan Africa","Diarrheal diseases","Deaths","Both","Clostridium difficile","att",445
-0.168763770025071,-0.545402484707647,0.209301291200981,"Central Europe, Eastern Europe, and Central Asia","Diarrheal diseases","Deaths","Both","Clostridium difficile","att",446
0.904840234964888,0.668383631069425,1.14185224387937,"Global","Diarrheal diseases","Deaths","Both","Clostridium difficile","att",446
-1.54711232439534,-1.90875523856169,-1.1841361047165,"High-income","Diarrheal diseases","Deaths","Both","Clostridium difficile","att",446
0.241708195195312,0.0312344228414752,0.452624821314829,"Latin America and Caribbean","Diarrheal diseases","Deaths","Both","Clostridium difficile","att",446
0.916884164241583,0.52316979513356,1.31214057589319,"North Africa and Middle East","Diarrheal diseases","Deaths","Both","Clostridium difficile","att",446
2.04314478920653,1.80255543396701,2.28430272779456,"South Asia","Diarrheal diseases","Deaths","Both","Clostridium difficile","att",446
0.0385393306533643,-0.195996646333341,0.273626459123522,"Southeast Asia, East Asia, and Oceania","Diarrheal diseases","Deaths","Both","Clostridium difficile","att",446
-0.00331292892434831,-0.277790672421607,0.271920293539751,"Sub-Saharan Africa","Diarrheal diseases","Deaths","Both","Clostridium difficile","att",446
-0.216375851115624,-0.573592301032377,0.142123996190668,"Central Europe, Eastern Europe, and Central Asia","Diarrheal diseases","Deaths","Both","Clostridium difficile","att",447
0.816495479284995,0.593239566950099,1.04024688418587,"Global","Diarrheal diseases","Deaths","Both","Clostridium difficile","att",447
-1.73278121369911,-2.1530012580772,-1.31075646516077,"High-income","Diarrheal diseases","Deaths","Both","Clostridium difficile","att",447
0.235503017423211,0.0454916433645369,0.42587527053477,"Latin America and Caribbean","Diarrheal diseases","Deaths","Both","Clostridium difficile","att",447
0.766252864751604,0.424367733758158,1.10930191089267,"North Africa and Middle East","Diarrheal diseases","Deaths","Both","Clostridium difficile","att",447
2.20825580686839,1.96147650291532,2.45563239547195,"South Asia","Diarrheal diseases","Deaths","Both","Clostridium difficile","att",447
-0.041653579417289,-0.309667078634224,0.22708046344373,"Southeast Asia, East Asia, and Oceania","Diarrheal diseases","Deaths","Both","Clostridium difficile","att",447
-0.0535847899963748,-0.403579206508631,0.297639551151874,"Sub-Saharan Africa","Diarrheal diseases","Deaths","Both","Clostridium difficile","att",447
-0.267879818253569,-0.66896862117749,0.134828541274135,"Central Europe, Eastern Europe, and Central Asia","Diarrheal diseases","Deaths","Both","Clostridium difficile","att",448
0.818176629064271,0.628317057014849,1.00839441695346,"Global","Diarrheal diseases","Deaths","Both","Clostridium difficile","att",448
-1.73352289091543,-2.02861002980814,-1.43754695765564,"High-income","Diarrheal diseases","Deaths","Both","Clostridium difficile","att",448
0.186857034003807,-0.0190698473495954,0.393208055044636,"Latin America and Caribbean","Diarrheal diseases","Deaths","Both","Clostridium difficile","att",448
0.854756108800814,0.536952709766214,1.17356410363543,"North Africa and Middle East","Diarrheal diseases","Deaths","Both","Clostridium difficile","att",448
2.03677232420374,1.76945914752804,2.30478764015603,"South Asia","Diarrheal diseases","Deaths","Both","Clostridium difficile","att",448
0.125251554461303,-0.105938217641344,0.356976380497809,"Southeast Asia, East Asia, and Oceania","Diarrheal diseases","Deaths","Both","Clostridium difficile","att",448
0.0928838995891024,-0.190961072562534,0.377536092901098,"Sub-Saharan Africa","Diarrheal diseases","Deaths","Both","Clostridium difficile","att",448
-0.106691813672821,-0.428337053059813,0.215992432766554,"Central Europe, Eastern Europe, and Central Asia","Diarrheal diseases","Deaths","Both","Clostridium difficile","att",449
0.709101376781418,0.515630836208292,0.902944305706099,"Global","Diarrheal diseases","Deaths","Both","Clostridium difficile","att",449
-1.63330569634,-1.95528590596478,-1.31026809921252,"High-income","Diarrheal diseases","Deaths","Both","Clostridium difficile","att",449
0.16954670387741,-0.0357506944155372,0.375265723120233,"Latin America and Caribbean","Diarrheal diseases","Deaths","Both","Clostridium difficile","att",449
0.719914786780684,0.4632385558204,0.977246806748866,"North Africa and Middle East","Diarrheal diseases","Deaths","Both","Clostridium difficile","att",449
2.18065538137113,1.93405642678572,2.42785090835378,"South Asia","Diarrheal diseases","Deaths","Both","Clostridium difficile","att",449
0.206110472127197,-0.0312829267365644,0.444067603601228,"Southeast Asia, East Asia, and Oceania","Diarrheal diseases","Deaths","Both","Clostridium difficile","att",449
-0.031082703544294,-0.339301601151343,0.278089417252714,"Sub-Saharan Africa","Diarrheal diseases","Deaths","Both","Clostridium difficile","att",449
-0.260409245972271,-0.585855591851669,0.0661024948232836,"Central Europe, Eastern Europe, and Central Asia","Diarrheal diseases","Deaths","Both","Clostridium difficile","att",450
0.972698462916854,0.757844130566743,1.188010947032,"Global","Diarrheal diseases","Deaths","Both","Clostridium difficile","att",450
-1.57626969852934,-1.86121573502288,-1.29049632099708,"High-income","Diarrheal diseases","Deaths","Both","Clostridium difficile","att",450
0.048656869436603,-0.159181073529535,0.256927467212686,"Latin America and Caribbean","Diarrheal diseases","Deaths","Both","Clostridium difficile","att",450
1.0110822982472,0.679313659174263,1.34394421483539,"North Africa and Middle East","Diarrheal diseases","Deaths","Both","Clostridium difficile","att",450
1.93553674169742,1.6643123270166,2.20748474050954,"South Asia","Diarrheal diseases","Deaths","Both","Clostridium difficile","att",450
-0.0263119768881936,-0.288103520627869,0.236166895192369,"Southeast Asia, East Asia, and Oceania","Diarrheal diseases","Deaths","Both","Clostridium difficile","att",450
0.0451092357552696,-0.247968173187241,0.339047723575669,"Sub-Saharan Africa","Diarrheal diseases","Deaths","Both","Clostridium difficile","att",450
-0.0947414214056419,-0.415631438275021,0.227182597128994,"Central Europe, Eastern Europe, and Central Asia","Diarrheal diseases","Deaths","Both","Clostridium difficile","att",451
1.14168482671855,0.916867919451447,1.36700256841338,"Global","Diarrheal diseases","Deaths","Both","Clostridium difficile","att",451
-1.5287892116684,-1.83443071841178,-1.22219608073206,"High-income","Diarrheal diseases","Deaths","Both","Clostridium difficile","att",451
0.28729017893554,0.0727333243615513,0.502307045366068,"Latin America and Caribbean","Diarrheal diseases","Deaths","Both","Clostridium difficile","att",451
1.01874178715986,0.662749021034537,1.37599351800415,"North Africa and Middle East","Diarrheal diseases","Deaths","Both","Clostridium difficile","att",451
2.13396953683969,1.87007692843333,2.39854575431819,"South Asia","Diarrheal diseases","Deaths","Both","Clostridium difficile","att",451
-0.0168655703252418,-0.280903999973514,0.247871986121506,"Southeast Asia, East Asia, and Oceania","Diarrheal diseases","Deaths","Both","Clostridium difficile","att",451
0.225296717203483,-0.0416688795158882,0.492975317321687,"Sub-Saharan Africa","Diarrheal diseases","Deaths","Both","Clostridium difficile","att",451
-0.193865217302691,-0.520807939949997,0.134152016925149,"Central Europe, Eastern Europe, and Central Asia","Diarrheal diseases","Deaths","Both","Clostridium difficile","att",452
0.868011965794735,0.622689744714089,1.11393229245484,"Global","Diarrheal diseases","Deaths","Both","Clostridium difficile","att",452
-1.66803386215412,-2.0433774124613,-1.29125209585871,"High-income","Diarrheal diseases","Deaths","Both","Clostridium difficile","att",452
0.201374168285828,0.00371731678425746,0.399421687574475,"Latin America and Caribbean","Diarrheal diseases","Deaths","Both","Clostridium difficile","att",452
0.823427861104098,0.429142065030441,1.21926162707759,"North Africa and Middle East","Diarrheal diseases","Deaths","Both","Clostridium difficile","att",452
2.02080196051868,1.76282120062492,2.27943673208082,"South Asia","Diarrheal diseases","Deaths","Both","Clostridium difficile","att",452
-0.0532525780315152,-0.292643840483719,0.186713448196851,"Southeast Asia, East Asia, and Oceania","Diarrheal diseases","Deaths","Both","Clostridium difficile","att",452
0.123094029785809,-0.122331784874941,0.36912292050526,"Sub-Saharan Africa","Diarrheal diseases","Deaths","Both","Clostridium difficile","att",452
-0.423408777034218,-0.788343870617847,-0.0571313248233341,"Central Europe, Eastern Europe, and Central Asia","Diarrheal diseases","Deaths","Both","Clostridium difficile","att",453
0.816901105379375,0.557804156200303,1.07666564301303,"Global","Diarrheal diseases","Deaths","Both","Clostridium difficile","att",453
-1.51449777317221,-1.85523398340621,-1.17257860464428,"High-income","Diarrheal diseases","Deaths","Both","Clostridium difficile","att",453
0.200137681555823,-0.021524331071332,0.422291140441922,"Latin America and Caribbean","Diarrheal diseases","Deaths","Both","Clostridium difficile","att",453
0.825231690902606,0.539574025158074,1.11170098035638,"North Africa and Middle East","Diarrheal diseases","Deaths","Both","Clostridium difficile","att",453
2.0665163868834,1.83113624541085,2.30244060370504,"South Asia","Diarrheal diseases","Deaths","Both","Clostridium difficile","att",453
0.188686364019985,-0.041988094363099,0.419893152976014,"Southeast Asia, East Asia, and Oceania","Diarrheal diseases","Deaths","Both","Clostridium difficile","att",453
-0.169485911174583,-0.477206931741148,0.139186572102989,"Sub-Saharan Africa","Diarrheal diseases","Deaths","Both","Clostridium difficile","att",453
-0.453533695027375,-0.757679630810204,-0.148455649335077,"Central Europe, Eastern Europe, and Central Asia","Diarrheal diseases","Deaths","Both","Clostridium difficile","att",454
0.889332808690124,0.602207504418728,1.17727758742832,"Global","Diarrheal diseases","Deaths","Both","Clostridium difficile","att",454
-1.64552021352644,-2.02356642964172,-1.2660152900842,"High-income","Diarrheal diseases","Deaths","Both","Clostridium difficile","att",454
0.162031723229084,-0.0367762118699266,0.361235049688635,"Latin America and Caribbean","Diarrheal diseases","Deaths","Both","Clostridium difficile","att",454
0.831255216492433,0.416774132906061,1.24744711552907,"North Africa and Middle East","Diarrheal diseases","Deaths","Both","Clostridium difficile","att",454
1.98856542172341,1.73767101550522,2.24007855650536,"South Asia","Diarrheal diseases","Deaths","Both","Clostridium difficile","att",454
-0.115643854047442,-0.356927473976243,0.126224029129873,"Southeast Asia, East Asia, and Oceania","Diarrheal diseases","Deaths","Both","Clostridium difficile","att",454
-0.0204566552792884,-0.285738385986167,0.245530836022989,"Sub-Saharan Africa","Diarrheal diseases","Deaths","Both","Clostridium difficile","att",454
-0.321455355185374,-0.648775745567332,0.00694341786136032,"Central Europe, Eastern Europe, and Central Asia","Diarrheal diseases","Deaths","Both","Clostridium difficile","att",455
0.947988614330697,0.761885229640691,1.13443572492176,"Global","Diarrheal diseases","Deaths","Both","Clostridium difficile","att",455
-1.58097915191991,-1.94004412916486,-1.22059939070693,"High-income","Diarrheal diseases","Deaths","Both","Clostridium difficile","att",455
0.253687452451512,0.0541552004498458,0.453617620156987,"Latin America and Caribbean","Diarrheal diseases","Deaths","Both","Clostridium difficile","att",455
0.795452374392513,0.487783766976535,1.10406298658199,"North Africa and Middle East","Diarrheal diseases","Deaths","Both","Clostridium difficile","att",455
2.05815785346464,1.83395895208014,2.28285035391862,"South Asia","Diarrheal diseases","Deaths","Both","Clostridium difficile","att",455
0.0444057448266699,-0.247949113944945,0.337617441755378,"Southeast Asia, East Asia, and Oceania","Diarrheal diseases","Deaths","Both","Clostridium difficile","att",455
-0.264295601422015,-0.550727287065123,0.0229610586859774,"Sub-Saharan Africa","Diarrheal diseases","Deaths","Both","Clostridium difficile","att",455
-0.266740343644589,-0.651200781420058,0.119207880892036,"Central Europe, Eastern Europe, and Central Asia","Diarrheal diseases","Deaths","Both","Clostridium difficile","att",456
1.00502365400803,0.779564693560331,1.23098699987356,"Global","Diarrheal diseases","Deaths","Both","Clostridium difficile","att",456
-1.70510084190671,-2.06217951915968,-1.34672026533516,"High-income","Diarrheal diseases","Deaths","Both","Clostridium difficile","att",456
0.214490749021934,0.020005213747698,0.40935445487662,"Latin America and Caribbean","Diarrheal diseases","Deaths","Both","Clostridium difficile","att",456
0.954086699896761,0.545818727152936,1.36401245154854,"North Africa and Middle East","Diarrheal diseases","Deaths","Both","Clostridium difficile","att",456
2.13486924177391,1.89806466946627,2.37222413273235,"South Asia","Diarrheal diseases","Deaths","Both","Clostridium difficile","att",456
-0.0416533600825497,-0.345425453519832,0.263044706750049,"Southeast Asia, East Asia, and Oceania","Diarrheal diseases","Deaths","Both","Clostridium difficile","att",456
0.105022193271087,-0.140397297494443,0.351044838113101,"Sub-Saharan Africa","Diarrheal diseases","Deaths","Both","Clostridium difficile","att",456
-0.154032144475347,-0.450454182008431,0.143272529172389,"Central Europe, Eastern Europe, and Central Asia","Diarrheal diseases","Deaths","Both","Clostridium difficile","att",457
0.787038689459219,0.600926919468048,0.973494766326977,"Global","Diarrheal diseases","Deaths","Both","Clostridium difficile","att",457
-1.78483784433739,-2.11704576293482,-1.45150243523827,"High-income","Diarrheal diseases","Deaths","Both","Clostridium difficile","att",457
0.275959118189051,0.0563904769834478,0.496009591569213,"Latin America and Caribbean","Diarrheal diseases","Deaths","Both","Clostridium difficile","att",457
0.951304228706573,0.559733124542494,1.34440007766514,"North Africa and Middle East","Diarrheal diseases","Deaths","Both","Clostridium difficile","att",457
2.08646886057537,1.83374788154229,2.33981701767636,"South Asia","Diarrheal diseases","Deaths","Both","Clostridium difficile","att",457
0.0315455323587122,-0.183997041494244,0.24755354862338,"Southeast Asia, East Asia, and Oceania","Diarrheal diseases","Deaths","Both","Clostridium difficile","att",457
-0.191524731842962,-0.477488424033745,0.0952606360868691,"Sub-Saharan Africa","Diarrheal diseases","Deaths","Both","Clostridium difficile","att",457
-0.238227962422977,-0.54967178841967,0.0741911972754306,"Central Europe, Eastern Europe, and Central Asia","Diarrheal diseases","Deaths","Both","Clostridium difficile","att",458
0.837721151845572,0.606355763599709,1.06961861326389,"Global","Diarrheal diseases","Deaths","Both","Clostridium difficile","att",458
-1.7130188112238,-2.05070776645134,-1.37416564308687,"High-income","Diarrheal diseases","Deaths","Both","Clostridium difficile","att",458
0.351847091317525,0.14555787160182,0.558561244930189,"Latin America and Caribbean","Diarrheal diseases","Deaths","Both","Clostridium difficile","att",458
0.831964268991436,0.493272730918703,1.1717972959902,"North Africa and Middle East","Diarrheal diseases","Deaths","Both","Clostridium difficile","att",458
2.26960920528347,2.0139244108671,2.52593484078574,"South Asia","Diarrheal diseases","Deaths","Both","Clostridium difficile","att",458
-0.0463588458992192,-0.31967738523504,0.227709119421449,"Southeast Asia, East Asia, and Oceania","Diarrheal diseases","Deaths","Both","Clostridium difficile","att",458
-0.150207064849484,-0.464150847575373,0.164726920899239,"Sub-Saharan Africa","Diarrheal diseases","Deaths","Both","Clostridium difficile","att",458
-0.294687554290418,-0.600774532662285,0.0123419790952317,"Central Europe, Eastern Europe, and Central Asia","Diarrheal diseases","Deaths","Both","Clostridium difficile","att",459
1.04468736369574,0.802920139988439,1.2870344455101,"Global","Diarrheal diseases","Deaths","Both","Clostridium difficile","att",459
-1.65977903165081,-1.99775069761364,-1.32064183277617,"High-income","Diarrheal diseases","Deaths","Both","Clostridium difficile","att",459
0.15867767392943,-0.0710826100692952,0.388966231319676,"Latin America and Caribbean","Diarrheal diseases","Deaths","Both","Clostridium difficile","att",459
0.922553114467362,0.629583616201446,1.21637555402379,"North Africa and Middle East","Diarrheal diseases","Deaths","Both","Clostridium difficile","att",459
1.98635650984609,1.74342114709272,2.22987193556381,"South Asia","Diarrheal diseases","Deaths","Both","Clostridium difficile","att",459
0.12717292426776,-0.140806642028346,0.395871633644629,"Southeast Asia, East Asia, and Oceania","Diarrheal diseases","Deaths","Both","Clostridium difficile","att",459
-0.225890803445528,-0.517558740110757,0.066632260860322,"Sub-Saharan Africa","Diarrheal diseases","Deaths","Both","Clostridium difficile","att",459
-0.195959977728799,-0.570079224258113,0.179566945780762,"Central Europe, Eastern Europe, and Central Asia","Diarrheal diseases","Deaths","Both","Clostridium difficile","att",460
0.91925544083622,0.658399698471612,1.18078718956023,"Global","Diarrheal diseases","Deaths","Both","Clostridium difficile","att",460
-1.61165811206805,-1.9320670122995,-1.29020236746842,"High-income","Diarrheal diseases","Deaths","Both","Clostridium difficile","att",460
0.195373104982743,-0.0171107712739316,0.408308552483438,"Latin America and Caribbean","Diarrheal diseases","Deaths","Both","Clostridium difficile","att",460
0.853041169782331,0.49238157466196,1.21499514504888,"North Africa and Middle East","Diarrheal diseases","Deaths","Both","Clostridium difficile","att",460
2.23443959631604,1.97977898647601,2.48973613640466,"South Asia","Diarrheal diseases","Deaths","Both","Clostridium difficile","att",460
0.102378652565305,-0.174346563136474,0.379870974139851,"Southeast Asia, East Asia, and Oceania","Diarrheal diseases","Deaths","Both","Clostridium difficile","att",460
0.0569183262830508,-0.171545192622258,0.285904697911765,"Sub-Saharan Africa","Diarrheal diseases","Deaths","Both","Clostridium difficile","att",460
-0.205827502294531,-0.586024011665809,0.175823021809585,"Central Europe, Eastern Europe, and Central Asia","Diarrheal diseases","Deaths","Both","Clostridium difficile","att",461
0.711659454384272,0.503760962378164,0.919987997789096,"Global","Diarrheal diseases","Deaths","Both","Clostridium difficile","att",461
-1.62350802545469,-1.9086994189406,-1.33748746434192,"High-income","Diarrheal diseases","Deaths","Both","Clostridium difficile","att",461
0.317182857611109,0.0940250708477253,0.540838170553104,"Latin America and Caribbean","Diarrheal diseases","Deaths","Both","Clostridium difficile","att",461
0.956597179518703,0.626372216974369,1.28790583934322,"North Africa and Middle East","Diarrheal diseases","Deaths","Both","Clostridium difficile","att",461
2.111522118628,1.86714801310186,2.35648246520059,"South Asia","Diarrheal diseases","Deaths","Both","Clostridium difficile","att",461
0.31254144150874,0.0266413037112834,0.599258750489073,"Southeast Asia, East Asia, and Oceania","Diarrheal diseases","Deaths","Both","Clostridium difficile","att",461
-0.121722985811867,-0.450305198031997,0.207943772879271,"Sub-Saharan Africa","Diarrheal diseases","Deaths","Both","Clostridium difficile","att",461
-0.487728795149367,-0.820802081004735,-0.153536949998534,"Central Europe, Eastern Europe, and Central Asia","Diarrheal diseases","Deaths","Both","Clostridium difficile","att",462
0.943777807759272,0.729039085712202,1.15897431952781,"Global","Diarrheal diseases","Deaths","Both","Clostridium difficile","att",462
-1.5887665548081,-1.9148645349752,-1.26158441553611,"High-income","Diarrheal diseases","Deaths","Both","Clostridium difficile","att",462
0.329753831113733,0.129581973176829,0.530325858230629,"Latin America and Caribbean","Diarrheal diseases","Deaths","Both","Clostridium difficile","att",462
0.842125240757574,0.518393716208521,1.16689938144994,"North Africa and Middle East","Diarrheal diseases","Deaths","Both","Clostridium difficile","att",462
2.11243208195921,1.85434890541856,2.37116920137741,"South Asia","Diarrheal diseases","Deaths","Both","Clostridium difficile","att",462
0.0121037644023048,-0.217905767729354,0.242643495717276,"Southeast Asia, East Asia, and Oceania","Diarrheal diseases","Deaths","Both","Clostridium difficile","att",462
-0.0725358007105714,-0.343571950295796,0.199237487419768,"Sub-Saharan Africa","Diarrheal diseases","Deaths","Both","Clostridium difficile","att",462
-0.281338008968379,-0.554533478210051,-0.0073920202005251,"Central Europe, Eastern Europe, and Central Asia","Diarrheal diseases","Deaths","Both","Clostridium difficile","att",463
0.735153295796365,0.499650021750364,0.971208430391846,"Global","Diarrheal diseases","Deaths","Both","Clostridium difficile","att",463
-1.59733517542541,-1.97854263773245,-1.21464518946253,"High-income","Diarrheal diseases","Deaths","Both","Clostridium difficile","att",463
0.222140460665021,0.0267854260365796,0.417877028993607,"Latin America and Caribbean","Diarrheal diseases","Deaths","Both","Clostridium difficile","att",463
0.911879273145888,0.592748768915308,1.23202221892893,"North Africa and Middle East","Diarrheal diseases","Deaths","Both","Clostridium difficile","att",463
2.02848887057459,1.79858873852772,2.25890820501287,"South Asia","Diarrheal diseases","Deaths","Both","Clostridium difficile","att",463
0.10829926451319,-0.201144198836156,0.418702210376032,"Southeast Asia, East Asia, and Oceania","Diarrheal diseases","Deaths","Both","Clostridium difficile","att",463
0.186849795706734,-0.0612825712176801,0.435598236892454,"Sub-Saharan Africa","Diarrheal diseases","Deaths","Both","Clostridium difficile","att",463
-0.346848881509387,-0.711005661698161,0.0186434964608129,"Central Europe, Eastern Europe, and Central Asia","Diarrheal diseases","Deaths","Both","Clostridium difficile","att",464
1.05909288318311,0.827853726954131,1.29086236456926,"Global","Diarrheal diseases","Deaths","Both","Clostridium difficile","att",464
-1.77249307244257,-2.13179088669242,-1.41187618920705,"High-income","Diarrheal diseases","Deaths","Both","Clostridium difficile","att",464
0.16025651720506,-0.0604785760759174,0.381479145154096,"Latin America and Caribbean","Diarrheal diseases","Deaths","Both","Clostridium difficile","att",464
0.753507945443177,0.41345085652833,1.09471666118426,"North Africa and Middle East","Diarrheal diseases","Deaths","Both","Clostridium difficile","att",464
2.07463504286625,1.82016546369568,2.32974059396269,"South Asia","Diarrheal diseases","Deaths","Both","Clostridium difficile","att",464
-0.114358827229766,-0.401445111718879,0.173554964594524,"Southeast Asia, East Asia, and Oceania","Diarrheal diseases","Deaths","Both","Clostridium difficile","att",464
0.115180974337759,-0.194259354404358,0.425580699968586,"Sub-Saharan Africa","Diarrheal diseases","Deaths","Both","Clostridium difficile","att",464
-0.339732571071205,-0.613495966987765,-0.0652150848717392,"Central Europe, Eastern Europe, and Central Asia","Diarrheal diseases","Deaths","Both","Clostridium difficile","att",465
0.910203869974957,0.681964570099347,1.13896057312364,"Global","Diarrheal diseases","Deaths","Both","Clostridium difficile","att",465
-1.75770488901981,-2.12934100773788,-1.38465758735724,"High-income","Diarrheal diseases","Deaths","Both","Clostridium difficile","att",465
-0.00580482485261768,-0.202399525587482,0.191177154495903,"Latin America and Caribbean","Diarrheal diseases","Deaths","Both","Clostridium difficile","att",465
0.976563103178907,0.567774529332521,1.38701332360034,"North Africa and Middle East","Diarrheal diseases","Deaths","Both","Clostridium difficile","att",465
2.21710982773853,1.97011786302861,2.4647000562527,"South Asia","Diarrheal diseases","Deaths","Both","Clostridium difficile","att",465
0.284206055617764,-0.0494274813570117,0.618953256418453,"Southeast Asia, East Asia, and Oceania","Diarrheal diseases","Deaths","Both","Clostridium difficile","att",465
-0.287702053070493,-0.609189307172109,0.0348250763860802,"Sub-Saharan Africa","Diarrheal diseases","Deaths","Both","Clostridium difficile","att",465
-0.115377353791135,-0.457900751300577,0.228324663405099,"Central Europe, Eastern Europe, and Central Asia","Diarrheal diseases","Deaths","Both","Clostridium difficile","att",466
0.916017139368686,0.70220538778154,1.13028285782717,"Global","Diarrheal diseases","Deaths","Both","Clostridium difficile","att",466
-1.57304975331879,-1.86944843083727,-1.27575581765053,"High-income","Diarrheal diseases","Deaths","Both","Clostridium difficile","att",466
0.231882806051908,0.00863324892279582,0.455630723803901,"Latin America and Caribbean","Diarrheal diseases","Deaths","Both","Clostridium difficile","att",466
0.83972301637123,0.519144084145662,1.1613243493815,"North Africa and Middle East","Diarrheal diseases","Deaths","Both","Clostridium difficile","att",466
2.16934990436801,1.889927810965,2.44953828260366,"South Asia","Diarrheal diseases","Deaths","Both","Clostridium difficile","att",466
-0.181667730218604,-0.477635306932489,0.115180018572536,"Southeast Asia, East Asia, and Oceania","Diarrheal diseases","Deaths","Both","Clostridium difficile","att",466
0.0922392900073676,-0.156075159115088,0.341171303651078,"Sub-Saharan Africa","Diarrheal diseases","Deaths","Both","Clostridium difficile","att",466
-0.113627517985249,-0.451115163972715,0.225004268505447,"Central Europe, Eastern Europe, and Central Asia","Diarrheal diseases","Deaths","Both","Clostridium difficile","att",467
0.911056211587846,0.71495490170379,1.10753934881596,"Global","Diarrheal diseases","Deaths","Both","Clostridium difficile","att",467
-1.61240984590311,-2.04416106394443,-1.17875563651073,"High-income","Diarrheal diseases","Deaths","Both","Clostridium difficile","att",467
0.237734488133357,0.0276936477184409,0.448216377952049,"Latin America and Caribbean","Diarrheal diseases","Deaths","Both","Clostridium difficile","att",467
0.744656034628788,0.487982825499111,1.00198485584693,"North Africa and Middle East","Diarrheal diseases","Deaths","Both","Clostridium difficile","att",467
1.97421901634134,1.73757799310463,2.21141046524163,"South Asia","Diarrheal diseases","Deaths","Both","Clostridium difficile","att",467
0.0608005244874921,-0.19793947476231,0.320211315370855,"Southeast Asia, East Asia, and Oceania","Diarrheal diseases","Deaths","Both","Clostridium difficile","att",467
-0.271572375622464,-0.570570866433784,0.0283252463443517,"Sub-Saharan Africa","Diarrheal diseases","Deaths","Both","Clostridium difficile","att",467
-0.310104926547961,-0.637176390140182,0.0180431544189563,"Central Europe, Eastern Europe, and Central Asia","Diarrheal diseases","Deaths","Both","Clostridium difficile","att",468
1.11791232238352,0.883616232474616,1.35275255077392,"Global","Diarrheal diseases","Deaths","Both","Clostridium difficile","att",468
-1.55078399055542,-1.89467167766962,-1.20569087715734,"High-income","Diarrheal diseases","Deaths","Both","Clostridium difficile","att",468
0.180236543502144,-0.0189365546943154,0.379806416064454,"Latin America and Caribbean","Diarrheal diseases","Deaths","Both","Clostridium difficile","att",468
1.02963230778517,0.771730282444283,1.28819437393795,"North Africa and Middle East","Diarrheal diseases","Deaths","Both","Clostridium difficile","att",468
2.09105128843259,1.87948780953426,2.30305410116118,"South Asia","Diarrheal diseases","Deaths","Both","Clostridium difficile","att",468
-0.0484498298557234,-0.280343404520866,0.183983002883581,"Southeast Asia, East Asia, and Oceania","Diarrheal diseases","Deaths","Both","Clostridium difficile","att",468
-0.0482736601926104,-0.300890800118314,0.204983559869176,"Sub-Saharan Africa","Diarrheal diseases","Deaths","Both","Clostridium difficile","att",468
-0.355412839341662,-0.663094340524406,-0.0467783398191646,"Central Europe, Eastern Europe, and Central Asia","Diarrheal diseases","Deaths","Both","Clostridium difficile","att",469
0.908938610644539,0.674561047988087,1.14386182099298,"Global","Diarrheal diseases","Deaths","Both","Clostridium difficile","att",469
-1.61309728433369,-1.89979661305997,-1.32556007248125,"High-income","Diarrheal diseases","Deaths","Both","Clostridium difficile","att",469
0.0533536784639521,-0.139933721803953,0.247015202448142,"Latin America and Caribbean","Diarrheal diseases","Deaths","Both","Clostridium difficile","att",469
1.02270549574401,0.752750961780801,1.29338333948994,"North Africa and Middle East","Diarrheal diseases","Deaths","Both","Clostridium difficile","att",469
2.22859785630409,2.01335287525592,2.44429699752404,"South Asia","Diarrheal diseases","Deaths","Both","Clostridium difficile","att",469
0.0221872700137959,-0.227648091695931,0.272648232972439,"Southeast Asia, East Asia, and Oceania","Diarrheal diseases","Deaths","Both","Clostridium difficile","att",469
-0.0618613692806913,-0.333726237688137,0.210745079040242,"Sub-Saharan Africa","Diarrheal diseases","Deaths","Both","Clostridium difficile","att",469
-0.31171118507114,-0.638280156427862,0.0159311100285775,"Central Europe, Eastern Europe, and Central Asia","Diarrheal diseases","Deaths","Both","Clostridium difficile","att",470
0.977451900334669,0.713071802812193,1.24252601735941,"Global","Diarrheal diseases","Deaths","Both","Clostridium difficile","att",470
-1.42889152216819,-1.78807389683695,-1.06839553943376,"High-income","Diarrheal diseases","Deaths","Both","Clostridium difficile","att",470
0.292213786879647,0.0868148635720267,0.498034231421163,"Latin America and Caribbean","Diarrheal diseases","Deaths","Both","Clostridium difficile","att",470
0.720621719195624,0.424636864398176,1.01747893994832,"North Africa and Middle East","Diarrheal diseases","Deaths","Both","Clostridium difficile","att",470
1.93751548263454,1.69445498190184,2.18115692366558,"South Asia","Diarrheal diseases","Deaths","Both","Clostridium difficile","att",470
0.049618362807502,-0.22941494377644,0.329432055575829,"Southeast Asia, East Asia, and Oceania","Diarrheal diseases","Deaths","Both","Clostridium difficile","att",470
-0.342770699534567,-0.788939675489753,0.105404774027362,"Sub-Saharan Africa","Diarrheal diseases","Deaths","Both","Clostridium difficile","att",470
-0.0124939287703851,-0.332513743661877,0.308553429663827,"Central Europe, Eastern Europe, and Central Asia","Diarrheal diseases","Deaths","Both","Clostridium difficile","att",471
0.921193380753715,0.69967707359806,1.14319697322907,"Global","Diarrheal diseases","Deaths","Both","Clostridium difficile","att",471
-1.63330671616858,-2.01989001442583,-1.24519814256194,"High-income","Diarrheal diseases","Deaths","Both","Clostridium difficile","att",471
0.367045340621819,0.13597941047061,0.598644460385711,"Latin America and Caribbean","Diarrheal diseases","Deaths","Both","Clostridium difficile","att",471
0.983808457294844,0.702534956042133,1.26586758705771,"North Africa and Middle East","Diarrheal diseases","Deaths","Both","Clostridium difficile","att",471
2.27317263949176,2.0200528423947,2.52692044676817,"South Asia","Diarrheal diseases","Deaths","Both","Clostridium difficile","att",471
0.0295410772985116,-0.208964529348099,0.268616724371418,"Southeast Asia, East Asia, and Oceania","Diarrheal diseases","Deaths","Both","Clostridium difficile","att",471
-0.258461451886616,-0.585565984760072,0.0697193570476262,"Sub-Saharan Africa","Diarrheal diseases","Deaths","Both","Clostridium difficile","att",471
-0.0727655400386884,-0.338087525279163,0.193262790826765,"Central Europe, Eastern Europe, and Central Asia","Diarrheal diseases","Deaths","Both","Clostridium difficile","att",472
0.910498877048305,0.671620783427729,1.14994379122035,"Global","Diarrheal diseases","Deaths","Both","Clostridium difficile","att",472
-1.65621994410754,-2.00297726328986,-1.30823564235933,"High-income","Diarrheal diseases","Deaths","Both","Clostridium difficile","att",472
0.246666738842927,0.0739514393753415,0.41968012361886,"Latin America and Caribbean","Diarrheal diseases","Deaths","Both","Clostridium difficile","att",472
0.858830419660528,0.549492141797359,1.16912036986048,"North Africa and Middle East","Diarrheal diseases","Deaths","Both","Clostridium difficile","att",472
2.13366766196839,1.88960412547281,2.37831582150136,"South Asia","Diarrheal diseases","Deaths","Both","Clostridium difficile","att",472
0.0302065700115373,-0.190006624926231,0.250905626630948,"Southeast Asia, East Asia, and Oceania","Diarrheal diseases","Deaths","Both","Clostridium difficile","att",472
0.0101098098985508,-0.2361548169447,0.256982334987121,"Sub-Saharan Africa","Diarrheal diseases","Deaths","Both","Clostridium difficile","att",472
-0.152802720806622,-0.464084796899378,0.159452838382146,"Central Europe, Eastern Europe, and Central Asia","Diarrheal diseases","Deaths","Both","Clostridium difficile","att",473
0.747995839188009,0.452352295636937,1.04450949780206,"Global","Diarrheal diseases","Deaths","Both","Clostridium difficile","att",473
-1.66723198403317,-2.01427590353677,-1.31895891116897,"High-income","Diarrheal diseases","Deaths","Both","Clostridium difficile","att",473
0.263268329926047,0.047236897574443,0.479766237726764,"Latin America and Caribbean","Diarrheal diseases","Deaths","Both","Clostridium difficile","att",473
0.846057630301544,0.52128514618337,1.17187941622963,"North Africa and Middle East","Diarrheal diseases","Deaths","Both","Clostridium difficile","att",473
2.20347495175663,1.95298646791575,2.45457886122369,"South Asia","Diarrheal diseases","Deaths","Both","Clostridium difficile","att",473
0.291592039088728,0.00744279517230773,0.576548630844109,"Southeast Asia, East Asia, and Oceania","Diarrheal diseases","Deaths","Both","Clostridium difficile","att",473
-0.212117613157525,-0.468564104580782,0.0449896223047697,"Sub-Saharan Africa","Diarrheal diseases","Deaths","Both","Clostridium difficile","att",473
-0.366745347422948,-0.689075944780881,-0.0433685709565035,"Central Europe, Eastern Europe, and Central Asia","Diarrheal diseases","Deaths","Both","Clostridium difficile","att",474
0.894179440440857,0.673719101150461,1.11512255479542,"Global","Diarrheal diseases","Deaths","Both","Clostridium difficile","att",474
-1.59726658750876,-1.94268315993776,-1.25063325112625,"High-income","Diarrheal diseases","Deaths","Both","Clostridium difficile","att",474
0.179490439883567,-0.0475974576554794,0.407094272126485,"Latin America and Caribbean","Diarrheal diseases","Deaths","Both","Clostridium difficile","att",474
1.01873704868309,0.674954789090743,1.36369324713896,"North Africa and Middle East","Diarrheal diseases","Deaths","Both","Clostridium difficile","att",474
2.21397260679446,1.91277507661769,2.51606030949489,"South Asia","Diarrheal diseases","Deaths","Both","Clostridium difficile","att",474
0.0450440897776572,-0.191754922675591,0.282404917261858,"Southeast Asia, East Asia, and Oceania","Diarrheal diseases","Deaths","Both","Clostridium difficile","att",474
-0.578138146757601,-1.21273098566993,0.0605312100625088,"Sub-Saharan Africa","Diarrheal diseases","Deaths","Both","Clostridium difficile","att",474
-0.22620965918887,-0.613502032188984,0.162591926684752,"Central Europe, Eastern Europe, and Central Asia","Diarrheal diseases","Deaths","Both","Clostridium difficile","att",475
0.944133541561776,0.722979159703452,1.16577350536995,"Global","Diarrheal diseases","Deaths","Both","Clostridium difficile","att",475
-1.74941638460613,-2.11110272654069,-1.38639366016461,"High-income","Diarrheal diseases","Deaths","Both","Clostridium difficile","att",475
0.248450296602942,0.0378356317535244,0.45950837905302,"Latin America and Caribbean","Diarrheal diseases","Deaths","Both","Clostridium difficile","att",475
0.757959091580429,0.418431532026031,1.09863463723596,"North Africa and Middle East","Diarrheal diseases","Deaths","Both","Clostridium difficile","att",475
2.27736082185686,2.0096895736526,2.54573443370341,"South Asia","Diarrheal diseases","Deaths","Both","Clostridium difficile","att",475
0.0335202977270743,-0.238484709921083,0.306266941305378,"Southeast Asia, East Asia, and Oceania","Diarrheal diseases","Deaths","Both","Clostridium difficile","att",475
-0.186019467935949,-0.525619710114933,0.154740151402777,"Sub-Saharan Africa","Diarrheal diseases","Deaths","Both","Clostridium difficile","att",475
-0.498362854088219,-0.906408179643903,-0.0886372888253106,"Central Europe, Eastern Europe, and Central Asia","Diarrheal diseases","Deaths","Both","Clostridium difficile","att",476
0.910439918471795,0.696527298039396,1.12480695983022,"Global","Diarrheal diseases","Deaths","Both","Clostridium difficile","att",476
-1.80263492370176,-2.11218568887911,-1.49210526572865,"High-income","Diarrheal diseases","Deaths","Both","Clostridium difficile","att",476
0.332707282582057,0.123035505985647,0.542818141490331,"Latin America and Caribbean","Diarrheal diseases","Deaths","Both","Clostridium difficile","att",476
0.75059772934214,0.432957004199053,1.0692430612725,"North Africa and Middle East","Diarrheal diseases","Deaths","Both","Clostridium difficile","att",476
2.2255319167322,1.94997261212086,2.50183602713809,"South Asia","Diarrheal diseases","Deaths","Both","Clostridium difficile","att",476
0.0641800172419549,-0.202542051418764,0.331614936343683,"Southeast Asia, East Asia, and Oceania","Diarrheal diseases","Deaths","Both","Clostridium difficile","att",476
0.0583181213559714,-0.17777633289997,0.294970974225794,"Sub-Saharan Africa","Diarrheal diseases","Deaths","Both","Clostridium difficile","att",476
-0.188782036506174,-0.525305428522727,0.148879815838021,"Central Europe, Eastern Europe, and Central Asia","Diarrheal diseases","Deaths","Both","Clostridium difficile","att",477
1.0905238200356,0.899965591470608,1.2814419341393,"Global","Diarrheal diseases","Deaths","Both","Clostridium difficile","att",477
-1.69212853180218,-2.07143873240002,-1.31134913543127,"High-income","Diarrheal diseases","Deaths","Both","Clostridium difficile","att",477
0.157453702920374,-0.0363940697160725,0.351677381954008,"Latin America and Caribbean","Diarrheal diseases","Deaths","Both","Clostridium difficile","att",477
0.910597846424777,0.65160862336191,1.17025348126765,"North Africa and Middle East","Diarrheal diseases","Deaths","Both","Clostridium difficile","att",477
2.06673161801585,1.83899565760308,2.29497684962998,"South Asia","Diarrheal diseases","Deaths","Both","Clostridium difficile","att",477
0.00981189528634907,-0.288993735817367,0.309512962195257,"Southeast Asia, East Asia, and Oceania","Diarrheal diseases","Deaths","Both","Clostridium difficile","att",477
0.138108436739226,-0.124846535006662,0.401755725991215,"Sub-Saharan Africa","Diarrheal diseases","Deaths","Both","Clostridium difficile","att",477
-0.243739553884692,-0.567092603076902,0.0806650304296275,"Central Europe, Eastern Europe, and Central Asia","Diarrheal diseases","Deaths","Both","Clostridium difficile","att",478
0.807482286692673,0.614388149540268,1.00094700052391,"Global","Diarrheal diseases","Deaths","Both","Clostridium difficile","att",478
-1.55448713385995,-1.91265390945159,-1.19501250925158,"High-income","Diarrheal diseases","Deaths","Both","Clostridium difficile","att",478
0.229295691999987,0.049557251537391,0.409357031512503,"Latin America and Caribbean","Diarrheal diseases","Deaths","Both","Clostridium difficile","att",478
1.00997605530506,0.66085239575322,1.36031058608199,"North Africa and Middle East","Diarrheal diseases","Deaths","Both","Clostridium difficile","att",478
2.25498500598498,1.97771242710005,2.53301147590326,"South Asia","Diarrheal diseases","Deaths","Both","Clostridium difficile","att",478
-0.00103258782107041,-0.253016817200824,0.251588212709319,"Southeast Asia, East Asia, and Oceania","Diarrheal diseases","Deaths","Both","Clostridium difficile","att",478
0.202602843395838,-0.0542314374767261,0.460097120672254,"Sub-Saharan Africa","Diarrheal diseases","Deaths","Both","Clostridium difficile","att",478
-0.162221820398678,-0.4862965148279,0.16290825036458,"Central Europe, Eastern Europe, and Central Asia","Diarrheal diseases","Deaths","Both","Clostridium difficile","att",479
1.09712461128928,0.883241495282761,1.31146118206824,"Global","Diarrheal diseases","Deaths","Both","Clostridium difficile","att",479
-1.50711580800418,-1.83525873548875,-1.17787597159414,"High-income","Diarrheal diseases","Deaths","Both","Clostridium difficile","att",479
0.0595172068645011,-0.133214408060944,0.252620772035184,"Latin America and Caribbean","Diarrheal diseases","Deaths","Both","Clostridium difficile","att",479
0.770737583726233,0.447320217395131,1.09519627990684,"North Africa and Middle East","Diarrheal diseases","Deaths","Both","Clostridium difficile","att",479
2.12221501198653,1.89481347918685,2.35012404320891,"South Asia","Diarrheal diseases","Deaths","Both","Clostridium difficile","att",479
0.0343845558685274,-0.222507378931269,0.291937897007855,"Southeast Asia, East Asia, and Oceania","Diarrheal diseases","Deaths","Both","Clostridium difficile","att",479
-0.133027569264876,-0.366478349243804,0.100970208007412,"Sub-Saharan Africa","Diarrheal diseases","Deaths","Both","Clostridium difficile","att",479
-0.23712121243018,-0.516236994205799,0.0427776681877212,"Central Europe, Eastern Europe, and Central Asia","Diarrheal diseases","Deaths","Both","Clostridium difficile","att",480
1.0349902751569,0.822976331146563,1.247450049216,"Global","Diarrheal diseases","Deaths","Both","Clostridium difficile","att",480
-1.80226712050437,-2.12431657945921,-1.47915799227943,"High-income","Diarrheal diseases","Deaths","Both","Clostridium difficile","att",480
0.308169474507181,0.0828769202023238,0.533969175854443,"Latin America and Caribbean","Diarrheal diseases","Deaths","Both","Clostridium difficile","att",480
0.85314775040648,0.545691818348248,1.161543843584,"North Africa and Middle East","Diarrheal diseases","Deaths","Both","Clostridium difficile","att",480
2.06904775756915,1.78041631764232,2.35849770572309,"South Asia","Diarrheal diseases","Deaths","Both","Clostridium difficile","att",480
0.182647854672124,-0.0597998401140609,0.425683710024471,"Southeast Asia, East Asia, and Oceania","Diarrheal diseases","Deaths","Both","Clostridium difficile","att",480
-0.213810629025624,-0.581610340619176,0.155349762702772,"Sub-Saharan Africa","Diarrheal diseases","Deaths","Both","Clostridium difficile","att",480
-0.329595951886785,-0.651155182742691,-0.00699594054532904,"Central Europe, Eastern Europe, and Central Asia","Diarrheal diseases","Deaths","Both","Clostridium difficile","att",481
0.790749261982171,0.561300689252842,1.02072136262104,"Global","Diarrheal diseases","Deaths","Both","Clostridium difficile","att",481
-1.60761157082301,-1.95481613244468,-1.25917746377283,"High-income","Diarrheal diseases","Deaths","Both","Clostridium difficile","att",481
0.217819900572858,0.0131305820812111,0.42292814122864,"Latin America and Caribbean","Diarrheal diseases","Deaths","Both","Clostridium difficile","att",481
0.881422609337301,0.526581665288961,1.23751607877234,"North Africa and Middle East","Diarrheal diseases","Deaths","Both","Clostridium difficile","att",481
2.10150194808099,1.83220171695688,2.37151435681946,"South Asia","Diarrheal diseases","Deaths","Both","Clostridium difficile","att",481
0.0290840994792596,-0.21439471114385,0.273157003118607,"Southeast Asia, East Asia, and Oceania","Diarrheal diseases","Deaths","Both","Clostridium difficile","att",481
0.0170716797156301,-0.245872205576225,0.280708664013396,"Sub-Saharan Africa","Diarrheal diseases","Deaths","Both","Clostridium difficile","att",481
-0.443848234096655,-0.825688282610604,-0.0605380284409596,"Central Europe, Eastern Europe, and Central Asia","Diarrheal diseases","Deaths","Both","Clostridium difficile","att",482
0.668446040384674,0.419896763282379,0.91761050177952,"Global","Diarrheal diseases","Deaths","Both","Clostridium difficile","att",482
-1.50157412165,-1.82746976258721,-1.17459663054018,"High-income","Diarrheal diseases","Deaths","Both","Clostridium difficile","att",482
0.123415188037468,-0.091336402372888,0.338628382516215,"Latin America and Caribbean","Diarrheal diseases","Deaths","Both","Clostridium difficile","att",482
0.876771534546927,0.570116809193499,1.18436130028376,"North Africa and Middle East","Diarrheal diseases","Deaths","Both","Clostridium difficile","att",482
2.23868193958034,1.99347255771865,2.48448084584441,"South Asia","Diarrheal diseases","Deaths","Both","Clostridium difficile","att",482
0.0797036343904267,-0.191268660426824,0.351411596153572,"Southeast Asia, East Asia, and Oceania","Diarrheal diseases","Deaths","Both","Clostridium difficile","att",482
-0.0741987477640427,-0.389745084595927,0.242347179830582,"Sub-Saharan Africa","Diarrheal diseases","Deaths","Both","Clostridium difficile","att",482
-0.206735051318518,-0.527061926200345,0.114623353432242,"Central Europe, Eastern Europe, and Central Asia","Diarrheal diseases","Deaths","Both","Clostridium difficile","att",483
0.873211252771489,0.672714106519101,1.07410770390022,"Global","Diarrheal diseases","Deaths","Both","Clostridium difficile","att",483
-1.52491881692867,-1.81041170618025,-1.23859583773346,"High-income","Diarrheal diseases","Deaths","Both","Clostridium difficile","att",483
0.216912802604741,0.0201578799304825,0.414054772254513,"Latin America and Caribbean","Diarrheal diseases","Deaths","Both","Clostridium difficile","att",483
0.818721343784623,0.485178828082344,1.15337099400248,"North Africa and Middle East","Diarrheal diseases","Deaths","Both","Clostridium difficile","att",483
2.14005923583083,1.88177903884779,2.39899419817802,"South Asia","Diarrheal diseases","Deaths","Both","Clostridium difficile","att",483
-0.0246840267516757,-0.328260098617961,0.279816664585475,"Southeast Asia, East Asia, and Oceania","Diarrheal diseases","Deaths","Both","Clostridium difficile","att",483
0.00779592990383104,-0.232473718344473,0.24864421837727,"Sub-Saharan Africa","Diarrheal diseases","Deaths","Both","Clostridium difficile","att",483
-0.306480659060315,-0.626840083033009,0.0149115403681899,"Central Europe, Eastern Europe, and Central Asia","Diarrheal diseases","Deaths","Both","Clostridium difficile","att",484
0.978897257663558,0.782327738311706,1.17585017335884,"Global","Diarrheal diseases","Deaths","Both","Clostridium difficile","att",484
-1.55383133143814,-1.91334712935155,-1.19299780470875,"High-income","Diarrheal diseases","Deaths","Both","Clostridium difficile","att",484
0.187861813299994,-0.0201279833411561,0.396284294586891,"Latin America and Caribbean","Diarrheal diseases","Deaths","Both","Clostridium difficile","att",484
0.815768188988875,0.516155881309488,1.11627356240607,"North Africa and Middle East","Diarrheal diseases","Deaths","Both","Clostridium difficile","att",484
2.10800136186928,1.87510719937289,2.34142793794949,"South Asia","Diarrheal diseases","Deaths","Both","Clostridium difficile","att",484
-0.0208113860444836,-0.284413721265697,0.243487793007535,"Southeast Asia, East Asia, and Oceania","Diarrheal diseases","Deaths","Both","Clostridium difficile","att",484
-0.191177783746366,-0.497961215997822,0.116551519317931,"Sub-Saharan Africa","Diarrheal diseases","Deaths","Both","Clostridium difficile","att",484
-0.286884643037599,-0.60383477851641,0.031076169142441,"Central Europe, Eastern Europe, and Central Asia","Diarrheal diseases","Deaths","Both","Clostridium difficile","att",485
0.864344983164123,0.634174260666942,1.09504215268472,"Global","Diarrheal diseases","Deaths","Both","Clostridium difficile","att",485
-1.49521546290089,-1.775955666732,-1.21367285816496,"High-income","Diarrheal diseases","Deaths","Both","Clostridium difficile","att",485
0.276435739093883,0.0644573719789321,0.488863165038556,"Latin America and Caribbean","Diarrheal diseases","Deaths","Both","Clostridium difficile","att",485
0.750022889146251,0.383601198532157,1.11778209757951,"North Africa and Middle East","Diarrheal diseases","Deaths","Both","Clostridium difficile","att",485
2.26142984820528,2.01535772910091,2.50809551997808,"South Asia","Diarrheal diseases","Deaths","Both","Clostridium difficile","att",485
0.00830979872090687,-0.247906316651303,0.265184012538477,"Southeast Asia, East Asia, and Oceania","Diarrheal diseases","Deaths","Both","Clostridium difficile","att",485
0.0507051573838124,-0.213056463757277,0.315163965855447,"Sub-Saharan Africa","Diarrheal diseases","Deaths","Both","Clostridium difficile","att",485
-0.15224954882973,-0.491921582005461,0.188581958953038,"Central Europe, Eastern Europe, and Central Asia","Diarrheal diseases","Deaths","Both","Clostridium difficile","att",486
0.814093408633365,0.589649718673857,1.03903789534587,"Global","Diarrheal diseases","Deaths","Both","Clostridium difficile","att",486
-1.6338168575051,-1.98463244610342,-1.28174563338476,"High-income","Diarrheal diseases","Deaths","Both","Clostridium difficile","att",486
0.172382287574102,-0.0588782037708291,0.404177908142067,"Latin America and Caribbean","Diarrheal diseases","Deaths","Both","Clostridium difficile","att",486
0.799747055552569,0.43696844583041,1.16383602262331,"North Africa and Middle East","Diarrheal diseases","Deaths","Both","Clostridium difficile","att",486
2.19991362098857,1.94249637974282,2.45798087217564,"South Asia","Diarrheal diseases","Deaths","Both","Clostridium difficile","att",486
-0.0464559334061865,-0.273310521726944,0.180914695349799,"Southeast Asia, East Asia, and Oceania","Diarrheal diseases","Deaths","Both","Clostridium difficile","att",486
-0.206585474205523,-0.467209393315371,0.0547208815847355,"Sub-Saharan Africa","Diarrheal diseases","Deaths","Both","Clostridium difficile","att",486
-0.13128054505408,-0.427286046581066,0.165604908956429,"Central Europe, Eastern Europe, and Central Asia","Diarrheal diseases","Deaths","Both","Clostridium difficile","att",487
1.01165525221218,0.793715233092507,1.23006650956159,"Global","Diarrheal diseases","Deaths","Both","Clostridium difficile","att",487
-1.54293108452835,-1.8655945641451,-1.21920669543122,"High-income","Diarrheal diseases","Deaths","Both","Clostridium difficile","att",487
0.247298432664556,0.0575039709379999,0.437452906746727,"Latin America and Caribbean","Diarrheal diseases","Deaths","Both","Clostridium difficile","att",487
0.785282656326158,0.449986283374137,1.12169822960737,"North Africa and Middle East","Diarrheal diseases","Deaths","Both","Clostridium difficile","att",487
2.33825481303696,2.09528344633958,2.5818044149186,"South Asia","Diarrheal diseases","Deaths","Both","Clostridium difficile","att",487
0.0953848243269828,-0.182965772376686,0.374511631777508,"Southeast Asia, East Asia, and Oceania","Diarrheal diseases","Deaths","Both","Clostridium difficile","att",487
-0.104459822451108,-0.431636316631512,0.223791756770209,"Sub-Saharan Africa","Diarrheal diseases","Deaths","Both","Clostridium difficile","att",487
-0.300719661881699,-0.652613670992463,0.052420775527029,"Central Europe, Eastern Europe, and Central Asia","Diarrheal diseases","Deaths","Both","Clostridium difficile","att",488
0.816754006058007,0.578530923374942,1.05554132682053,"Global","Diarrheal diseases","Deaths","Both","Clostridium difficile","att",488
-1.65842645485211,-1.94621962201376,-1.36978859912522,"High-income","Diarrheal diseases","Deaths","Both","Clostridium difficile","att",488
0.23711381273539,0.0369122839070757,0.437716000192934,"Latin America and Caribbean","Diarrheal diseases","Deaths","Both","Clostridium difficile","att",488
1.13878849397986,0.826842425625474,1.45169968577974,"North Africa and Middle East","Diarrheal diseases","Deaths","Both","Clostridium difficile","att",488
2.26929843063894,2.02291551397402,2.516276356193,"South Asia","Diarrheal diseases","Deaths","Both","Clostridium difficile","att",488
0.0691398531980969,-0.184349077445101,0.323272536973818,"Southeast Asia, East Asia, and Oceania","Diarrheal diseases","Deaths","Both","Clostridium difficile","att",488
0.157007619164773,-0.120439022126162,0.435224955060387,"Sub-Saharan Africa","Diarrheal diseases","Deaths","Both","Clostridium difficile","att",488
-0.110930522816921,-0.451004499766228,0.230305196741809,"Central Europe, Eastern Europe, and Central Asia","Diarrheal diseases","Deaths","Both","Clostridium difficile","att",489
0.928773190845522,0.659295582650721,1.19897222452712,"Global","Diarrheal diseases","Deaths","Both","Clostridium difficile","att",489
-1.60570686906873,-1.98219175090848,-1.22777591463478,"High-income","Diarrheal diseases","Deaths","Both","Clostridium difficile","att",489
0.282436600850278,0.0792867724569435,0.485998800815279,"Latin America and Caribbean","Diarrheal diseases","Deaths","Both","Clostridium difficile","att",489
0.880212006630798,0.553812324887781,1.20767118825531,"North Africa and Middle East","Diarrheal diseases","Deaths","Both","Clostridium difficile","att",489
2.31014511990966,2.04733712082421,2.57362994257844,"South Asia","Diarrheal diseases","Deaths","Both","Clostridium difficile","att",489
0.210614277025312,-0.0571478345060994,0.479093764004968,"Southeast Asia, East Asia, and Oceania","Diarrheal diseases","Deaths","Both","Clostridium difficile","att",489
0.157335277955339,-0.0687184097717841,0.3839003197742,"Sub-Saharan Africa","Diarrheal diseases","Deaths","Both","Clostridium difficile","att",489
-0.258128157242621,-0.635027675326238,0.120200971733131,"Central Europe, Eastern Europe, and Central Asia","Diarrheal diseases","Deaths","Both","Clostridium difficile","att",490
1.04530996525185,0.820982079525767,1.27013698319502,"Global","Diarrheal diseases","Deaths","Both","Clostridium difficile","att",490
-1.6668798861601,-1.981108026828,-1.35164439555792,"High-income","Diarrheal diseases","Deaths","Both","Clostridium difficile","att",490
0.0904529142343957,-0.0848315464575311,0.266044882211092,"Latin America and Caribbean","Diarrheal diseases","Deaths","Both","Clostridium difficile","att",490
0.768619940919391,0.473302048044788,1.06480585202446,"North Africa and Middle East","Diarrheal diseases","Deaths","Both","Clostridium difficile","att",490
2.18185546302219,1.92588839503738,2.43846534257259,"South Asia","Diarrheal diseases","Deaths","Both","Clostridium difficile","att",490
-0.0825659002213319,-0.420208296309632,0.256221330433148,"Southeast Asia, East Asia, and Oceania","Diarrheal diseases","Deaths","Both","Clostridium difficile","att",490
-0.100763617822996,-0.366982211150479,0.166166309367544,"Sub-Saharan Africa","Diarrheal diseases","Deaths","Both","Clostridium difficile","att",490
-0.426032375138174,-0.742146136832633,-0.108911862779237,"Central Europe, Eastern Europe, and Central Asia","Diarrheal diseases","Deaths","Both","Clostridium difficile","att",491
1.01971659921212,0.813878753794151,1.22597471631418,"Global","Diarrheal diseases","Deaths","Both","Clostridium difficile","att",491
-1.65945924149801,-1.97659504671723,-1.34129740459789,"High-income","Diarrheal diseases","Deaths","Both","Clostridium difficile","att",491
0.448224599011637,0.227000173681646,0.669937318376945,"Latin America and Caribbean","Diarrheal diseases","Deaths","Both","Clostridium difficile","att",491
0.845925643712353,0.573444470912055,1.11914504308845,"North Africa and Middle East","Diarrheal diseases","Deaths","Both","Clostridium difficile","att",491
2.17889478071309,1.88698026305611,2.47164565729834,"South Asia","Diarrheal diseases","Deaths","Both","Clostridium difficile","att",491
0.0319367565575934,-0.28992798315246,0.35484047767218,"Southeast Asia, East Asia, and Oceania","Diarrheal diseases","Deaths","Both","Clostridium difficile","att",491
-0.0807062402083503,-0.366051650408672,0.205456381439184,"Sub-Saharan Africa","Diarrheal diseases","Deaths","Both","Clostridium difficile","att",491
-0.216833631605007,-0.575449151203655,0.143075382304647,"Central Europe, Eastern Europe, and Central Asia","Diarrheal diseases","Deaths","Both","Clostridium difficile","att",492
0.80290129662357,0.564098428014903,1.04227123450393,"Global","Diarrheal diseases","Deaths","Both","Clostridium difficile","att",492
-1.63482354774851,-1.92256060802145,-1.34624233191474,"High-income","Diarrheal diseases","Deaths","Both","Clostridium difficile","att",492
0.220411025827705,0.0308972399123641,0.410283855558924,"Latin America and Caribbean","Diarrheal diseases","Deaths","Both","Clostridium difficile","att",492
0.679546110269724,0.391773345538304,0.968143774904395,"North Africa and Middle East","Diarrheal diseases","Deaths","Both","Clostridium difficile","att",492
2.11430966491442,1.87655505997075,2.35261913012144,"South Asia","Diarrheal diseases","Deaths","Both","Clostridium difficile","att",492
0.0689629260447244,-0.177613087397543,0.316148018595253,"Southeast Asia, East Asia, and Oceania","Diarrheal diseases","Deaths","Both","Clostridium difficile","att",492
0.188873249595578,-0.0532763567320238,0.43160953280168,"Sub-Saharan Africa","Diarrheal diseases","Deaths","Both","Clostridium difficile","att",492
-0.209399426134782,-0.564640109280479,0.147110382431692,"Central Europe, Eastern Europe, and Central Asia","Diarrheal diseases","Deaths","Both","Clostridium difficile","att",493
0.711847226440243,0.478360586204052,0.94587643137245,"Global","Diarrheal diseases","Deaths","Both","Clostridium difficile","att",493
-1.54346114376632,-1.90555633297999,-1.18002935564706,"High-income","Diarrheal diseases","Deaths","Both","Clostridium difficile","att",493
0.1223982983797,-0.0991984559000181,0.344486591473414,"Latin America and Caribbean","Diarrheal diseases","Deaths","Both","Clostridium difficile","att",493
0.784485264457313,0.406127540038148,1.16426874416788,"North Africa and Middle East","Diarrheal diseases","Deaths","Both","Clostridium difficile","att",493
2.05463318898911,1.79829330956096,2.31161856188917,"South Asia","Diarrheal diseases","Deaths","Both","Clostridium difficile","att",493
0.105362826930788,-0.155934202815811,0.367343684376231,"Southeast Asia, East Asia, and Oceania","Diarrheal diseases","Deaths","Both","Clostridium difficile","att",493
0.177209573732817,-0.0673113391737923,0.422328794136728,"Sub-Saharan Africa","Diarrheal diseases","Deaths","Both","Clostridium difficile","att",493
-0.244476638774194,-0.601411670741181,0.113740127865158,"Central Europe, Eastern Europe, and Central Asia","Diarrheal diseases","Deaths","Both","Clostridium difficile","att",494
0.919210705733087,0.698980419253248,1.13992263938436,"Global","Diarrheal diseases","Deaths","Both","Clostridium difficile","att",494
-1.63636838912703,-1.99371839787461,-1.27771541258327,"High-income","Diarrheal diseases","Deaths","Both","Clostridium difficile","att",494
0.144798229677146,-0.0411083433788817,0.331050557406254,"Latin America and Caribbean","Diarrheal diseases","Deaths","Both","Clostridium difficile","att",494
0.845785870924898,0.506580065196505,1.18613648307857,"North Africa and Middle East","Diarrheal diseases","Deaths","Both","Clostridium difficile","att",494
2.07467805162518,1.84711656959511,2.30274798426087,"South Asia","Diarrheal diseases","Deaths","Both","Clostridium difficile","att",494
-0.238442063830169,-0.605166017114511,0.129634942249002,"Southeast Asia, East Asia, and Oceania","Diarrheal diseases","Deaths","Both","Clostridium difficile","att",494
-0.113492720608477,-0.389299090724671,0.163077313984528,"Sub-Saharan Africa","Diarrheal diseases","Deaths","Both","Clostridium difficile","att",494
-0.370653094545481,-0.719113438641772,-0.0209697092817041,"Central Europe, Eastern Europe, and Central Asia","Diarrheal diseases","Deaths","Both","Clostridium difficile","att",495
0.817411062569118,0.561839672332876,1.07363197091002,"Global","Diarrheal diseases","Deaths","Both","Clostridium difficile","att",495
-1.562987185784,-1.87423683531814,-1.25075026908159,"High-income","Diarrheal diseases","Deaths","Both","Clostridium difficile","att",495
0.27542100247484,0.0915319482512889,0.459647899307103,"Latin America and Caribbean","Diarrheal diseases","Deaths","Both","Clostridium difficile","att",495
0.809702081357111,0.421915116871041,1.19898651509232,"North Africa and Middle East","Diarrheal diseases","Deaths","Both","Clostridium difficile","att",495
2.08449546486764,1.83774007789241,2.3318487463067,"South Asia","Diarrheal diseases","Deaths","Both","Clostridium difficile","att",495
-0.0373162836487695,-0.314851926948512,0.24099205282333,"Southeast Asia, East Asia, and Oceania","Diarrheal diseases","Deaths","Both","Clostridium difficile","att",495
-0.0642167250331283,-0.33159080612819,0.203874623447065,"Sub-Saharan Africa","Diarrheal diseases","Deaths","Both","Clostridium difficile","att",495
-0.325533771497777,-0.654988318613547,0.00501333473874599,"Central Europe, Eastern Europe, and Central Asia","Diarrheal diseases","Deaths","Both","Clostridium difficile","att",496
0.995626114661663,0.771383204151865,1.22036802480128,"Global","Diarrheal diseases","Deaths","Both","Clostridium difficile","att",496
-1.57671560616773,-1.87464474811125,-1.27788188891448,"High-income","Diarrheal diseases","Deaths","Both","Clostridium difficile","att",496
0.4014121570038,0.206913863094327,0.596287965646325,"Latin America and Caribbean","Diarrheal diseases","Deaths","Both","Clostridium difficile","att",496
0.892581627654665,0.59938901109553,1.18662874155471,"North Africa and Middle East","Diarrheal diseases","Deaths","Both","Clostridium difficile","att",496
2.16625686149121,1.85899747282412,2.47444310330105,"South Asia","Diarrheal diseases","Deaths","Both","Clostridium difficile","att",496
-0.182065956957245,-0.506814321214233,0.143742394467394,"Southeast Asia, East Asia, and Oceania","Diarrheal diseases","Deaths","Both","Clostridium difficile","att",496
-0.335865543514002,-0.815580960551066,0.146170065379514,"Sub-Saharan Africa","Diarrheal diseases","Deaths","Both","Clostridium difficile","att",496
-0.315006031660192,-0.611533197414527,-0.017594172109292,"Central Europe, Eastern Europe, and Central Asia","Diarrheal diseases","Deaths","Both","Clostridium difficile","att",497
0.790454573699528,0.594482629335813,0.986808298474773,"Global","Diarrheal diseases","Deaths","Both","Clostridium difficile","att",497
-1.60270680317441,-2.00068955138824,-1.20310781636513,"High-income","Diarrheal diseases","Deaths","Both","Clostridium difficile","att",497
0.184983698752839,-0.0436619942745686,0.414152408669222,"Latin America and Caribbean","Diarrheal diseases","Deaths","Both","Clostridium difficile","att",497
0.840300571456898,0.587147694296775,1.09409057155652,"North Africa and Middle East","Diarrheal diseases","Deaths","Both","Clostridium difficile","att",497
2.03063422125049,1.77690580570216,2.28499517822212,"South Asia","Diarrheal diseases","Deaths","Both","Clostridium difficile","att",497
-0.109876721507274,-0.393866238541374,0.174922485078466,"Southeast Asia, East Asia, and Oceania","Diarrheal diseases","Deaths","Both","Clostridium difficile","att",497
-0.0921878406629606,-0.354606794876866,0.170922201270263,"Sub-Saharan Africa","Diarrheal diseases","Deaths","Both","Clostridium difficile","att",497
-0.246768229095917,-0.591013120951367,0.0986687536286723,"Central Europe, Eastern Europe, and Central Asia","Diarrheal diseases","Deaths","Both","Clostridium difficile","att",498
0.825676156823252,0.595427960664052,1.05645135736931,"Global","Diarrheal diseases","Deaths","Both","Clostridium difficile","att",498
-1.61618703616658,-1.95105080162854,-1.28017962008588,"High-income","Diarrheal diseases","Deaths","Both","Clostridium difficile","att",498
0.241018171311014,0.0508181566193588,0.431579762711931,"Latin America and Caribbean","Diarrheal diseases","Deaths","Both","Clostridium difficile","att",498
0.908136056993514,0.552617031640579,1.26491207377162,"North Africa and Middle East","Diarrheal diseases","Deaths","Both","Clostridium difficile","att",498
2.17431568989939,1.96344496120708,2.38562252061076,"South Asia","Diarrheal diseases","Deaths","Both","Clostridium difficile","att",498
0.141696543136338,-0.120957705018909,0.405041499296854,"Southeast Asia, East Asia, and Oceania","Diarrheal diseases","Deaths","Both","Clostridium difficile","att",498
-0.198961108714457,-0.533315646496113,0.13651735269713,"Sub-Saharan Africa","Diarrheal diseases","Deaths","Both","Clostridium difficile","att",498
-0.0862675826346471,-0.404783037053325,0.233266516030195,"Central Europe, Eastern Europe, and Central Asia","Diarrheal diseases","Deaths","Both","Clostridium difficile","att",499
1.07033776480108,0.868038716778874,1.2730425400026,"Global","Diarrheal diseases","Deaths","Both","Clostridium difficile","att",499
-1.57370765080331,-1.87229643519101,-1.27421030278962,"High-income","Diarrheal diseases","Deaths","Both","Clostridium difficile","att",499
0.202909739105572,-0.00219205384732746,0.408432208734633,"Latin America and Caribbean","Diarrheal diseases","Deaths","Both","Clostridium difficile","att",499
0.755745548823294,0.472425126132858,1.03986490178554,"North Africa and Middle East","Diarrheal diseases","Deaths","Both","Clostridium difficile","att",499
1.995977640102,1.72490821815032,2.26776938889384,"South Asia","Diarrheal diseases","Deaths","Both","Clostridium difficile","att",499
0.389338802063799,0.0960314742942447,0.683505596360212,"Southeast Asia, East Asia, and Oceania","Diarrheal diseases","Deaths","Both","Clostridium difficile","att",499
-0.0863362424060932,-0.335669336185906,0.163620615073734,"Sub-Saharan Africa","Diarrheal diseases","Deaths","Both","Clostridium difficile","att",499
-0.232495869408567,-0.529219524328384,0.0651129190848199,"Central Europe, Eastern Europe, and Central Asia","Diarrheal diseases","Deaths","Both","Clostridium difficile","att",500
0.861704441235744,0.640780101424188,1.0831137491077,"Global","Diarrheal diseases","Deaths","Both","Clostridium difficile","att",500
-1.69132224163036,-2.06054642256615,-1.32070611402948,"High-income","Diarrheal diseases","Deaths","Both","Clostridium difficile","att",500
0.270301494001912,0.0752118758859277,0.465771425667927,"Latin America and Caribbean","Diarrheal diseases","Deaths","Both","Clostridium difficile","att",500
0.717180754724733,0.418501757684742,1.01674812533843,"North Africa and Middle East","Diarrheal diseases","Deaths","Both","Clostridium difficile","att",500
1.91348666846867,1.65231442786173,2.17532993107492,"South Asia","Diarrheal diseases","Deaths","Both","Clostridium difficile","att",500
-0.00352270659441656,-0.243430360247932,0.236961908380939,"Southeast Asia, East Asia, and Oceania","Diarrheal diseases","Deaths","Both","Clostridium difficile","att",500
-0.120867042518258,-0.384613461274108,0.143577683756368,"Sub-Saharan Africa","Diarrheal diseases","Deaths","Both","Clostridium difficile","att",500
