"Net Drift (%/year)","CILo","CIHi","location","cause","measure","sex","rei","type","draw_id"
-0.0872094049361505,-0.340665396246065,0.166891181682227,"Central Europe, Eastern Europe, and Central Asia","Diarrheal diseases","Deaths","Both","Clostridium difficile","ass",1
0.831261158322061,0.639820184454143,1.02306629864424,"Global","Diarrheal diseases","Deaths","Both","Clostridium difficile","ass",1
-1.57350150629743,-1.82104858580674,-1.32533026493172,"High-income","Diarrheal diseases","Deaths","Both","Clostridium difficile","ass",1
0.142694386176956,0.0238042721845133,0.261725815122427,"Latin America and Caribbean","Diarrheal diseases","Deaths","Both","Clostridium difficile","ass",1
0.858071170257113,0.514022188336249,1.2032977958478,"North Africa and Middle East","Diarrheal diseases","Deaths","Both","Clostridium difficile","ass",1
1.43888880640042,1.2249505854399,1.65327918428593,"South Asia","Diarrheal diseases","Deaths","Both","Clostridium difficile","ass",1
0.256978719085343,0.0188586359650689,0.495665707034965,"Southeast Asia, East Asia, and Oceania","Diarrheal diseases","Deaths","Both","Clostridium difficile","ass",1
0.223217783560536,-0.0817777887947568,0.529144340245802,"Sub-Saharan Africa","Diarrheal diseases","Deaths","Both","Clostridium difficile","ass",1
-0.148195907775461,-0.41983459856475,0.124183769715702,"Central Europe, Eastern Europe, and Central Asia","Diarrheal diseases","Deaths","Both","Clostridium difficile","ass",2
0.8815082824704,0.729962328683276,1.03328223372301,"Global","Diarrheal diseases","Deaths","Both","Clostridium difficile","ass",2
-1.46410024213772,-1.73970506750297,-1.18772238815683,"High-income","Diarrheal diseases","Deaths","Both","Clostridium difficile","ass",2
0.110308166361817,-0.0519123750513883,0.272791999496569,"Latin America and Caribbean","Diarrheal diseases","Deaths","Both","Clostridium difficile","ass",2
0.638517951257689,0.356991787863792,0.920833865114057,"North Africa and Middle East","Diarrheal diseases","Deaths","Both","Clostridium difficile","ass",2
1.46503124280013,1.24217122371706,1.68838183401834,"South Asia","Diarrheal diseases","Deaths","Both","Clostridium difficile","ass",2
0.314420754982248,0.117626676355531,0.51160165769446,"Southeast Asia, East Asia, and Oceania","Diarrheal diseases","Deaths","Both","Clostridium difficile","ass",2
-0.295794122881354,-0.729770742208513,0.140079698734263,"Sub-Saharan Africa","Diarrheal diseases","Deaths","Both","Clostridium difficile","ass",2
-0.169145092560352,-0.402080734419241,0.0643353298888094,"Central Europe, Eastern Europe, and Central Asia","Diarrheal diseases","Deaths","Both","Clostridium difficile","ass",3
0.814126409894489,0.621104812912754,1.0075182804582,"Global","Diarrheal diseases","Deaths","Both","Clostridium difficile","ass",3
-1.49296207431998,-1.73000925836413,-1.25534308430496,"High-income","Diarrheal diseases","Deaths","Both","Clostridium difficile","ass",3
0.27488150980679,0.140914283752114,0.409027955491981,"Latin America and Caribbean","Diarrheal diseases","Deaths","Both","Clostridium difficile","ass",3
0.796575159320478,0.513434526858303,1.08051338285224,"North Africa and Middle East","Diarrheal diseases","Deaths","Both","Clostridium difficile","ass",3
1.49975555155792,1.29795329322349,1.70195983333059,"South Asia","Diarrheal diseases","Deaths","Both","Clostridium difficile","ass",3
0.356980210394986,0.0866565792643437,0.628033957487606,"Southeast Asia, East Asia, and Oceania","Diarrheal diseases","Deaths","Both","Clostridium difficile","ass",3
0.101146197290314,-0.131722899668973,0.33455828966209,"Sub-Saharan Africa","Diarrheal diseases","Deaths","Both","Clostridium difficile","ass",3
-0.139872240551542,-0.354175338887441,0.074891748324557,"Central Europe, Eastern Europe, and Central Asia","Diarrheal diseases","Deaths","Both","Clostridium difficile","ass",4
0.869246126313539,0.720103066996303,1.01861003183192,"Global","Diarrheal diseases","Deaths","Both","Clostridium difficile","ass",4
-1.67853860533116,-1.91660226366002,-1.4398971294845,"High-income","Diarrheal diseases","Deaths","Both","Clostridium difficile","ass",4
0.102448857745574,-0.0366726238668957,0.241763958229635,"Latin America and Caribbean","Diarrheal diseases","Deaths","Both","Clostridium difficile","ass",4
0.745926110339123,0.520575809595858,0.971781608726108,"North Africa and Middle East","Diarrheal diseases","Deaths","Both","Clostridium difficile","ass",4
1.4744345372395,1.26587621685013,1.68342238606063,"South Asia","Diarrheal diseases","Deaths","Both","Clostridium difficile","ass",4
0.0414689865090301,-0.195419001866792,0.278919232834118,"Southeast Asia, East Asia, and Oceania","Diarrheal diseases","Deaths","Both","Clostridium difficile","ass",4
0.44680710137055,0.16404794360243,0.730364477091561,"Sub-Saharan Africa","Diarrheal diseases","Deaths","Both","Clostridium difficile","ass",4
-0.0472964232615558,-0.292514039893654,0.19852427426188,"Central Europe, Eastern Europe, and Central Asia","Diarrheal diseases","Deaths","Both","Clostridium difficile","ass",5
0.778010350569702,0.585798866454401,0.970589135586719,"Global","Diarrheal diseases","Deaths","Both","Clostridium difficile","ass",5
-1.61857090189107,-1.87229280251737,-1.36419297041785,"High-income","Diarrheal diseases","Deaths","Both","Clostridium difficile","ass",5
0.152608164292167,0.0108941869192192,0.294522948302678,"Latin America and Caribbean","Diarrheal diseases","Deaths","Both","Clostridium difficile","ass",5
0.773102121558278,0.447717974809825,1.09954029765744,"North Africa and Middle East","Diarrheal diseases","Deaths","Both","Clostridium difficile","ass",5
1.56898441343829,1.39160702697156,1.74667210899422,"South Asia","Diarrheal diseases","Deaths","Both","Clostridium difficile","ass",5
0.252072870190778,0.01249609555527,0.4922235434208,"Southeast Asia, East Asia, and Oceania","Diarrheal diseases","Deaths","Both","Clostridium difficile","ass",5
0.127302599916912,-0.0989122309076551,0.354029668904543,"Sub-Saharan Africa","Diarrheal diseases","Deaths","Both","Clostridium difficile","ass",5
-0.0496589936614278,-0.328861200020958,0.230325323477354,"Central Europe, Eastern Europe, and Central Asia","Diarrheal diseases","Deaths","Both","Clostridium difficile","ass",6
0.821801921012288,0.640186551096367,1.00374503418583,"Global","Diarrheal diseases","Deaths","Both","Clostridium difficile","ass",6
-1.55286892843902,-1.75112680552311,-1.35421098380661,"High-income","Diarrheal diseases","Deaths","Both","Clostridium difficile","ass",6
0.233749343454059,0.0925749912895402,0.375122813262529,"Latin America and Caribbean","Diarrheal diseases","Deaths","Both","Clostridium difficile","ass",6
0.753666246107532,0.490388534471098,1.01763372673038,"North Africa and Middle East","Diarrheal diseases","Deaths","Both","Clostridium difficile","ass",6
1.53442773156538,1.30963723396333,1.75971700469553,"South Asia","Diarrheal diseases","Deaths","Both","Clostridium difficile","ass",6
0.228442157641551,-0.0295086945005796,0.48705859260969,"Southeast Asia, East Asia, and Oceania","Diarrheal diseases","Deaths","Both","Clostridium difficile","ass",6
0.31189692852378,0.00662272980693768,0.618102988889957,"Sub-Saharan Africa","Diarrheal diseases","Deaths","Both","Clostridium difficile","ass",6
-0.194899699841333,-0.444625178489544,0.0554521921451778,"Central Europe, Eastern Europe, and Central Asia","Diarrheal diseases","Deaths","Both","Clostridium difficile","ass",7
0.551847479173517,0.390109270710215,0.713846263586637,"Global","Diarrheal diseases","Deaths","Both","Clostridium difficile","ass",7
-1.61453602241611,-1.91450081090475,-1.3136538824833,"High-income","Diarrheal diseases","Deaths","Both","Clostridium difficile","ass",7
0.234193653073533,0.0990369024666427,0.369532896417635,"Latin America and Caribbean","Diarrheal diseases","Deaths","Both","Clostridium difficile","ass",7
0.787133002128737,0.485620948489651,1.08954975753144,"North Africa and Middle East","Diarrheal diseases","Deaths","Both","Clostridium difficile","ass",7
1.44547526489491,1.22092717269875,1.6705214936634,"South Asia","Diarrheal diseases","Deaths","Both","Clostridium difficile","ass",7
0.134630772947619,-0.135661057617531,0.405654172703973,"Southeast Asia, East Asia, and Oceania","Diarrheal diseases","Deaths","Both","Clostridium difficile","ass",7
0.202940968058263,-0.0608989549815031,0.467477430333063,"Sub-Saharan Africa","Diarrheal diseases","Deaths","Both","Clostridium difficile","ass",7
-0.0435576917076963,-0.358000243912826,0.271877154097311,"Central Europe, Eastern Europe, and Central Asia","Diarrheal diseases","Deaths","Both","Clostridium difficile","ass",8
0.892513377570414,0.729101027356616,1.05619083087687,"Global","Diarrheal diseases","Deaths","Both","Clostridium difficile","ass",8
-1.64526283190349,-1.96149172398604,-1.32801392519664,"High-income","Diarrheal diseases","Deaths","Both","Clostridium difficile","ass",8
0.152285156030141,0.0185888499646847,0.286160175897332,"Latin America and Caribbean","Diarrheal diseases","Deaths","Both","Clostridium difficile","ass",8
0.760587605407381,0.502811136099646,1.01902523739681,"North Africa and Middle East","Diarrheal diseases","Deaths","Both","Clostridium difficile","ass",8
1.51015591114967,1.29157185328352,1.72921166660605,"South Asia","Diarrheal diseases","Deaths","Both","Clostridium difficile","ass",8
0.35490424841631,0.173677337392619,0.53645902194992,"Southeast Asia, East Asia, and Oceania","Diarrheal diseases","Deaths","Both","Clostridium difficile","ass",8
-0.268747497401312,-0.639870106628171,0.103761301550009,"Sub-Saharan Africa","Diarrheal diseases","Deaths","Both","Clostridium difficile","ass",8
-0.161307458166837,-0.40098694935643,0.0789488084017353,"Central Europe, Eastern Europe, and Central Asia","Diarrheal diseases","Deaths","Both","Clostridium difficile","ass",9
0.788373772868489,0.589540994314586,0.987599579101373,"Global","Diarrheal diseases","Deaths","Both","Clostridium difficile","ass",9
-1.61006119103917,-1.90939333553358,-1.30981560808439,"High-income","Diarrheal diseases","Deaths","Both","Clostridium difficile","ass",9
0.14376375960059,0.021899806287351,0.26577618862913,"Latin America and Caribbean","Diarrheal diseases","Deaths","Both","Clostridium difficile","ass",9
0.749268013526128,0.46426778499562,1.03507673976486,"North Africa and Middle East","Diarrheal diseases","Deaths","Both","Clostridium difficile","ass",9
1.47846291455001,1.2847497306006,1.67254658663047,"South Asia","Diarrheal diseases","Deaths","Both","Clostridium difficile","ass",9
0.428351426745244,0.177664260057808,0.679665919453964,"Southeast Asia, East Asia, and Oceania","Diarrheal diseases","Deaths","Both","Clostridium difficile","ass",9
-0.0302027964518614,-0.439042943974344,0.380316224709132,"Sub-Saharan Africa","Diarrheal diseases","Deaths","Both","Clostridium difficile","ass",9
-0.243400806863614,-0.493102076300977,0.00692705957616724,"Central Europe, Eastern Europe, and Central Asia","Diarrheal diseases","Deaths","Both","Clostridium difficile","ass",10
0.784209312532602,0.594829399963115,0.973945751888783,"Global","Diarrheal diseases","Deaths","Both","Clostridium difficile","ass",10
-1.55446586213566,-1.84030685578666,-1.26779249960662,"High-income","Diarrheal diseases","Deaths","Both","Clostridium difficile","ass",10
0.147519120877293,0.0146185357277506,0.280596305865877,"Latin America and Caribbean","Diarrheal diseases","Deaths","Both","Clostridium difficile","ass",10
0.777586843793987,0.427135262657208,1.12926136443214,"North Africa and Middle East","Diarrheal diseases","Deaths","Both","Clostridium difficile","ass",10
1.65212983924672,1.44366507822866,1.86102299129887,"South Asia","Diarrheal diseases","Deaths","Both","Clostridium difficile","ass",10
0.175517840343353,-0.0445389072294522,0.396059053413333,"Southeast Asia, East Asia, and Oceania","Diarrheal diseases","Deaths","Both","Clostridium difficile","ass",10
0.203265659160579,-0.0463948268903946,0.453549738109338,"Sub-Saharan Africa","Diarrheal diseases","Deaths","Both","Clostridium difficile","ass",10
-0.212353878432581,-0.47796531877764,0.0539664444978216,"Central Europe, Eastern Europe, and Central Asia","Diarrheal diseases","Deaths","Both","Clostridium difficile","ass",11
0.941665316462181,0.752422439878964,1.131263647192,"Global","Diarrheal diseases","Deaths","Both","Clostridium difficile","ass",11
-1.60833900863057,-1.86751448118478,-1.34847903363846,"High-income","Diarrheal diseases","Deaths","Both","Clostridium difficile","ass",11
0.185878251967497,0.035820043834689,0.336161554129832,"Latin America and Caribbean","Diarrheal diseases","Deaths","Both","Clostridium difficile","ass",11
0.796092058298026,0.483346930622752,1.10981057627002,"North Africa and Middle East","Diarrheal diseases","Deaths","Both","Clostridium difficile","ass",11
1.51653205454587,1.30620533551862,1.72729544306036,"South Asia","Diarrheal diseases","Deaths","Both","Clostridium difficile","ass",11
0.36972981156187,0.171969546795347,0.567880496148399,"Southeast Asia, East Asia, and Oceania","Diarrheal diseases","Deaths","Both","Clostridium difficile","ass",11
0.256929961912222,0.00631534560235902,0.508172615418445,"Sub-Saharan Africa","Diarrheal diseases","Deaths","Both","Clostridium difficile","ass",11
-0.085814433916187,-0.332405034715222,0.161386264120811,"Central Europe, Eastern Europe, and Central Asia","Diarrheal diseases","Deaths","Both","Clostridium difficile","ass",12
0.706928771243431,0.498702513140437,0.915586459538864,"Global","Diarrheal diseases","Deaths","Both","Clostridium difficile","ass",12
-1.53867408850829,-1.8014735907095,-1.27517128065796,"High-income","Diarrheal diseases","Deaths","Both","Clostridium difficile","ass",12
0.235331215465351,0.0862063782930189,0.384678243265824,"Latin America and Caribbean","Diarrheal diseases","Deaths","Both","Clostridium difficile","ass",12
0.808788775216951,0.471353166664334,1.14735766988878,"North Africa and Middle East","Diarrheal diseases","Deaths","Both","Clostridium difficile","ass",12
1.46654513253728,1.23609111857734,1.69752375241554,"South Asia","Diarrheal diseases","Deaths","Both","Clostridium difficile","ass",12
0.248378772691149,-0.00419945903209484,0.501594988837684,"Southeast Asia, East Asia, and Oceania","Diarrheal diseases","Deaths","Both","Clostridium difficile","ass",12
0.430848800882955,0.206521625537825,0.655678165913787,"Sub-Saharan Africa","Diarrheal diseases","Deaths","Both","Clostridium difficile","ass",12
-0.131430414341782,-0.380377661920139,0.118138946938906,"Central Europe, Eastern Europe, and Central Asia","Diarrheal diseases","Deaths","Both","Clostridium difficile","ass",13
0.867552036970065,0.700558672184903,1.03482232955234,"Global","Diarrheal diseases","Deaths","Both","Clostridium difficile","ass",13
-1.55507090812728,-1.77731789349947,-1.33232104784424,"High-income","Diarrheal diseases","Deaths","Both","Clostridium difficile","ass",13
0.202215459981603,0.0575173204194979,0.347122854701687,"Latin America and Caribbean","Diarrheal diseases","Deaths","Both","Clostridium difficile","ass",13
0.777494989486938,0.420011946156973,1.13625062902349,"North Africa and Middle East","Diarrheal diseases","Deaths","Both","Clostridium difficile","ass",13
1.70885907955947,1.4945363955696,1.92363434173239,"South Asia","Diarrheal diseases","Deaths","Both","Clostridium difficile","ass",13
0.161104197940865,-0.0538513313648847,0.376522035001292,"Southeast Asia, East Asia, and Oceania","Diarrheal diseases","Deaths","Both","Clostridium difficile","ass",13
0.194802211484379,-0.0682377337607454,0.458534529316834,"Sub-Saharan Africa","Diarrheal diseases","Deaths","Both","Clostridium difficile","ass",13
-0.208065079186537,-0.464259908847209,0.0487891698011556,"Central Europe, Eastern Europe, and Central Asia","Diarrheal diseases","Deaths","Both","Clostridium difficile","ass",14
0.748646457786295,0.562970307690969,0.934665434198423,"Global","Diarrheal diseases","Deaths","Both","Clostridium difficile","ass",14
-1.54006221899736,-1.83580806251638,-1.24342536214413,"High-income","Diarrheal diseases","Deaths","Both","Clostridium difficile","ass",14
0.218746185210095,0.0905937617612151,0.347062690447464,"Latin America and Caribbean","Diarrheal diseases","Deaths","Both","Clostridium difficile","ass",14
0.798974398817709,0.5445691209917,1.05402339162457,"North Africa and Middle East","Diarrheal diseases","Deaths","Both","Clostridium difficile","ass",14
1.45287125092677,1.24523255454942,1.66093578294246,"South Asia","Diarrheal diseases","Deaths","Both","Clostridium difficile","ass",14
0.18047121421163,-0.107932887936091,0.469707984343293,"Southeast Asia, East Asia, and Oceania","Diarrheal diseases","Deaths","Both","Clostridium difficile","ass",14
0.39432918965232,0.102255295261378,0.687255284221311,"Sub-Saharan Africa","Diarrheal diseases","Deaths","Both","Clostridium difficile","ass",14
-0.194374117700669,-0.467209436357618,0.0792090862580475,"Central Europe, Eastern Europe, and Central Asia","Diarrheal diseases","Deaths","Both","Clostridium difficile","ass",15
0.772506535343198,0.592634494991851,0.95270020909306,"Global","Diarrheal diseases","Deaths","Both","Clostridium difficile","ass",15
-1.64300345843684,-1.84073871706129,-1.44486987537522,"High-income","Diarrheal diseases","Deaths","Both","Clostridium difficile","ass",15
0.117109397651416,-0.0451695782463624,0.279651837214812,"Latin America and Caribbean","Diarrheal diseases","Deaths","Both","Clostridium difficile","ass",15
0.922297355269786,0.618790497980326,1.22671971166202,"North Africa and Middle East","Diarrheal diseases","Deaths","Both","Clostridium difficile","ass",15
1.57555356488952,1.37206711458284,1.77944847816474,"South Asia","Diarrheal diseases","Deaths","Both","Clostridium difficile","ass",15
0.257937158997223,0.0694932452928843,0.446735937180875,"Southeast Asia, East Asia, and Oceania","Diarrheal diseases","Deaths","Both","Clostridium difficile","ass",15
0.41723848890578,0.166223104951357,0.668882914477487,"Sub-Saharan Africa","Diarrheal diseases","Deaths","Both","Clostridium difficile","ass",15
-0.170706957298017,-0.404643460687815,0.0637790324284904,"Central Europe, Eastern Europe, and Central Asia","Diarrheal diseases","Deaths","Both","Clostridium difficile","ass",16
0.801215202518057,0.624489285681773,0.978251501547622,"Global","Diarrheal diseases","Deaths","Both","Clostridium difficile","ass",16
-1.48653032004007,-1.75680875152999,-1.21550832118837,"High-income","Diarrheal diseases","Deaths","Both","Clostridium difficile","ass",16
0.171254708973434,0.0141210609624132,0.328635231956453,"Latin America and Caribbean","Diarrheal diseases","Deaths","Both","Clostridium difficile","ass",16
0.974718507742645,0.682471051534272,1.26781426033038,"North Africa and Middle East","Diarrheal diseases","Deaths","Both","Clostridium difficile","ass",16
1.56062807587267,1.32419660158545,1.79761124308131,"South Asia","Diarrheal diseases","Deaths","Both","Clostridium difficile","ass",16
0.252427096853358,-0.00140212220685054,0.506900617671957,"Southeast Asia, East Asia, and Oceania","Diarrheal diseases","Deaths","Both","Clostridium difficile","ass",16
0.390425375323411,0.193286797215775,0.587951839887535,"Sub-Saharan Africa","Diarrheal diseases","Deaths","Both","Clostridium difficile","ass",16
-0.0849987151344322,-0.309666944410358,0.140175840198364,"Central Europe, Eastern Europe, and Central Asia","Diarrheal diseases","Deaths","Both","Clostridium difficile","ass",17
0.808587668976513,0.613879652348936,1.00367248462894,"Global","Diarrheal diseases","Deaths","Both","Clostridium difficile","ass",17
-1.66764523409971,-1.99976810668722,-1.33439679680317,"High-income","Diarrheal diseases","Deaths","Both","Clostridium difficile","ass",17
0.116038397852991,-0.0386329615150949,0.270949081973382,"Latin America and Caribbean","Diarrheal diseases","Deaths","Both","Clostridium difficile","ass",17
0.921575867540136,0.66091608939487,1.18291061987184,"North Africa and Middle East","Diarrheal diseases","Deaths","Both","Clostridium difficile","ass",17
1.6095438089895,1.40122624379888,1.81828933949746,"South Asia","Diarrheal diseases","Deaths","Both","Clostridium difficile","ass",17
0.325303741332839,0.0750697331556971,0.576163450386491,"Southeast Asia, East Asia, and Oceania","Diarrheal diseases","Deaths","Both","Clostridium difficile","ass",17
0.0901020726155055,-0.168999352337817,0.349875969526181,"Sub-Saharan Africa","Diarrheal diseases","Deaths","Both","Clostridium difficile","ass",17
-0.114631696481649,-0.387252569742336,0.15873528751742,"Central Europe, Eastern Europe, and Central Asia","Diarrheal diseases","Deaths","Both","Clostridium difficile","ass",18
0.871977300489402,0.733167330196904,1.01097855046028,"Global","Diarrheal diseases","Deaths","Both","Clostridium difficile","ass",18
-1.6428268544661,-1.90349933162851,-1.38146169061365,"High-income","Diarrheal diseases","Deaths","Both","Clostridium difficile","ass",18
0.206699827017465,0.0631614998354069,0.350444056662136,"Latin America and Caribbean","Diarrheal diseases","Deaths","Both","Clostridium difficile","ass",18
0.955348372564635,0.703074350467703,1.20825437320478,"North Africa and Middle East","Diarrheal diseases","Deaths","Both","Clostridium difficile","ass",18
1.37000980763708,1.14128179232276,1.59925508458842,"South Asia","Diarrheal diseases","Deaths","Both","Clostridium difficile","ass",18
0.243382523637026,0.0538791812604078,0.433244787797249,"Southeast Asia, East Asia, and Oceania","Diarrheal diseases","Deaths","Both","Clostridium difficile","ass",18
0.430232591741331,0.216087691679423,0.644835083386375,"Sub-Saharan Africa","Diarrheal diseases","Deaths","Both","Clostridium difficile","ass",18
-0.12749257602811,-0.400969041277888,0.14673479388736,"Central Europe, Eastern Europe, and Central Asia","Diarrheal diseases","Deaths","Both","Clostridium difficile","ass",19
0.807164047287445,0.636251346963279,0.978367012309889,"Global","Diarrheal diseases","Deaths","Both","Clostridium difficile","ass",19
-1.53474488120098,-1.76015696289735,-1.30881558973508,"High-income","Diarrheal diseases","Deaths","Both","Clostridium difficile","ass",19
0.0399244900571416,-0.106250721050105,0.186313600357235,"Latin America and Caribbean","Diarrheal diseases","Deaths","Both","Clostridium difficile","ass",19
0.900212557913926,0.629463508406736,1.1716900724775,"North Africa and Middle East","Diarrheal diseases","Deaths","Both","Clostridium difficile","ass",19
1.59711266587399,1.37335325575401,1.8213659757419,"South Asia","Diarrheal diseases","Deaths","Both","Clostridium difficile","ass",19
0.277646918069796,0.0472359719920767,0.508588505534635,"Southeast Asia, East Asia, and Oceania","Diarrheal diseases","Deaths","Both","Clostridium difficile","ass",19
0.316285463535038,0.0815976634451099,0.551523598199921,"Sub-Saharan Africa","Diarrheal diseases","Deaths","Both","Clostridium difficile","ass",19
-0.0762983356302316,-0.347443220486399,0.195584308004615,"Central Europe, Eastern Europe, and Central Asia","Diarrheal diseases","Deaths","Both","Clostridium difficile","ass",20
0.948831195364908,0.768250489462319,1.1297355090625,"Global","Diarrheal diseases","Deaths","Both","Clostridium difficile","ass",20
-1.71381584431997,-2.02550315758346,-1.40113695687767,"High-income","Diarrheal diseases","Deaths","Both","Clostridium difficile","ass",20
0.195149031383957,0.0562934408632643,0.33419732217721,"Latin America and Caribbean","Diarrheal diseases","Deaths","Both","Clostridium difficile","ass",20
0.798913089239806,0.431004244993161,1.16816969375924,"North Africa and Middle East","Diarrheal diseases","Deaths","Both","Clostridium difficile","ass",20
1.46903581882223,1.294314112505,1.64405890113402,"South Asia","Diarrheal diseases","Deaths","Both","Clostridium difficile","ass",20
0.279138455395489,0.095927366459958,0.462684885677977,"Southeast Asia, East Asia, and Oceania","Diarrheal diseases","Deaths","Both","Clostridium difficile","ass",20
0.204074023588929,-0.0630644180977913,0.471926545076218,"Sub-Saharan Africa","Diarrheal diseases","Deaths","Both","Clostridium difficile","ass",20
-0.134029006973091,-0.355292573435961,0.0877258807762571,"Central Europe, Eastern Europe, and Central Asia","Diarrheal diseases","Deaths","Both","Clostridium difficile","ass",21
0.800347108530164,0.629322686722289,0.971662194650103,"Global","Diarrheal diseases","Deaths","Both","Clostridium difficile","ass",21
-1.65478094083538,-1.88757018490846,-1.42143936274856,"High-income","Diarrheal diseases","Deaths","Both","Clostridium difficile","ass",21
0.223974957701856,0.0703736056480109,0.377812077590889,"Latin America and Caribbean","Diarrheal diseases","Deaths","Both","Clostridium difficile","ass",21
0.657294377582418,0.418286924387945,0.89687069691109,"North Africa and Middle East","Diarrheal diseases","Deaths","Both","Clostridium difficile","ass",21
1.78729429128748,1.54803239858177,2.02711991971458,"South Asia","Diarrheal diseases","Deaths","Both","Clostridium difficile","ass",21
0.27947105267685,0.06801109925203,0.491377855313635,"Southeast Asia, East Asia, and Oceania","Diarrheal diseases","Deaths","Both","Clostridium difficile","ass",21
0.261153744467846,0.0150056656883502,0.507907621110215,"Sub-Saharan Africa","Diarrheal diseases","Deaths","Both","Clostridium difficile","ass",21
0.0196517917819383,-0.2699206747653,0.310065049933383,"Central Europe, Eastern Europe, and Central Asia","Diarrheal diseases","Deaths","Both","Clostridium difficile","ass",22
0.85573652834896,0.642619923827592,1.06930441968258,"Global","Diarrheal diseases","Deaths","Both","Clostridium difficile","ass",22
-1.68367160255184,-1.91367047877206,-1.45313341077847,"High-income","Diarrheal diseases","Deaths","Both","Clostridium difficile","ass",22
0.170030501884777,0.0186620133989512,0.321628071812441,"Latin America and Caribbean","Diarrheal diseases","Deaths","Both","Clostridium difficile","ass",22
0.862330888093621,0.566281885150977,1.15925140592679,"North Africa and Middle East","Diarrheal diseases","Deaths","Both","Clostridium difficile","ass",22
1.32184834555988,1.10339390398342,1.54077480237937,"South Asia","Diarrheal diseases","Deaths","Both","Clostridium difficile","ass",22
0.359852440611519,0.12071704341583,0.599559005692152,"Southeast Asia, East Asia, and Oceania","Diarrheal diseases","Deaths","Both","Clostridium difficile","ass",22
0.2857200351297,-0.016725359210279,0.589080314653079,"Sub-Saharan Africa","Diarrheal diseases","Deaths","Both","Clostridium difficile","ass",22
-0.211337290466618,-0.45974426493226,0.0376895942504785,"Central Europe, Eastern Europe, and Central Asia","Diarrheal diseases","Deaths","Both","Clostridium difficile","ass",23
0.717233132391759,0.561297769003466,0.873410296931132,"Global","Diarrheal diseases","Deaths","Both","Clostridium difficile","ass",23
-1.68635269281313,-1.94954840774187,-1.42245048461249,"High-income","Diarrheal diseases","Deaths","Both","Clostridium difficile","ass",23
0.076360385551677,-0.0578772357416213,0.210778308588355,"Latin America and Caribbean","Diarrheal diseases","Deaths","Both","Clostridium difficile","ass",23
0.884667719576737,0.58729734140901,1.18291722606532,"North Africa and Middle East","Diarrheal diseases","Deaths","Both","Clostridium difficile","ass",23
1.3736217525401,1.15747848282102,1.59022685576615,"South Asia","Diarrheal diseases","Deaths","Both","Clostridium difficile","ass",23
0.362448408132376,0.157262603471797,0.568054563882225,"Southeast Asia, East Asia, and Oceania","Diarrheal diseases","Deaths","Both","Clostridium difficile","ass",23
0.0621367320267519,-0.229160528996875,0.354284482980405,"Sub-Saharan Africa","Diarrheal diseases","Deaths","Both","Clostridium difficile","ass",23
-0.0377535028311837,-0.294524817622455,0.219679074623746,"Central Europe, Eastern Europe, and Central Asia","Diarrheal diseases","Deaths","Both","Clostridium difficile","ass",24
0.898088915716833,0.713576083210166,1.08293978592091,"Global","Diarrheal diseases","Deaths","Both","Clostridium difficile","ass",24
-1.59186763601114,-1.86534764502935,-1.31762549747457,"High-income","Diarrheal diseases","Deaths","Both","Clostridium difficile","ass",24
0.17992073842088,0.0593683377565046,0.300618381670215,"Latin America and Caribbean","Diarrheal diseases","Deaths","Both","Clostridium difficile","ass",24
0.82224420337329,0.49952914382061,1.14599553653389,"North Africa and Middle East","Diarrheal diseases","Deaths","Both","Clostridium difficile","ass",24
1.47196377738663,1.27424200376445,1.67007157117534,"South Asia","Diarrheal diseases","Deaths","Both","Clostridium difficile","ass",24
0.242134614344547,0.0442859731325962,0.440374523128151,"Southeast Asia, East Asia, and Oceania","Diarrheal diseases","Deaths","Both","Clostridium difficile","ass",24
0.0600342180171465,-0.166797195586565,0.28738101616983,"Sub-Saharan Africa","Diarrheal diseases","Deaths","Both","Clostridium difficile","ass",24
-0.189896144628232,-0.468479187850568,0.0894666366242136,"Central Europe, Eastern Europe, and Central Asia","Diarrheal diseases","Deaths","Both","Clostridium difficile","ass",25
0.756335898560945,0.571745632090637,0.941264963629829,"Global","Diarrheal diseases","Deaths","Both","Clostridium difficile","ass",25
-1.50483970342931,-1.81751708104946,-1.19116655609984,"High-income","Diarrheal diseases","Deaths","Both","Clostridium difficile","ass",25
0.148022237661882,0.00578385003990878,0.29046293117192,"Latin America and Caribbean","Diarrheal diseases","Deaths","Both","Clostridium difficile","ass",25
0.746544428273621,0.464512809802264,1.02936778734666,"North Africa and Middle East","Diarrheal diseases","Deaths","Both","Clostridium difficile","ass",25
1.43832011110947,1.21154867349429,1.6655996457313,"South Asia","Diarrheal diseases","Deaths","Both","Clostridium difficile","ass",25
0.291120610003359,0.0785760740859898,0.504116543028088,"Southeast Asia, East Asia, and Oceania","Diarrheal diseases","Deaths","Both","Clostridium difficile","ass",25
0.264436125143774,-0.0173973511254477,0.547064040707834,"Sub-Saharan Africa","Diarrheal diseases","Deaths","Both","Clostridium difficile","ass",25
-0.184240523346491,-0.433462783479477,0.0656055581694792,"Central Europe, Eastern Europe, and Central Asia","Diarrheal diseases","Deaths","Both","Clostridium difficile","ass",26
0.781060509528153,0.60980798021848,0.952604535555523,"Global","Diarrheal diseases","Deaths","Both","Clostridium difficile","ass",26
-1.52503802688061,-1.80097996165559,-1.24832068771423,"High-income","Diarrheal diseases","Deaths","Both","Clostridium difficile","ass",26
0.187524969162234,0.0586060598138705,0.31660998201577,"Latin America and Caribbean","Diarrheal diseases","Deaths","Both","Clostridium difficile","ass",26
0.724328819291142,0.407243293613346,1.04241569932642,"North Africa and Middle East","Diarrheal diseases","Deaths","Both","Clostridium difficile","ass",26
1.59023561770302,1.36388190446619,1.81709479701446,"South Asia","Diarrheal diseases","Deaths","Both","Clostridium difficile","ass",26
0.333704746568775,0.139612514064047,0.528173171808555,"Southeast Asia, East Asia, and Oceania","Diarrheal diseases","Deaths","Both","Clostridium difficile","ass",26
0.348813501793321,0.0942900117746115,0.603984203625663,"Sub-Saharan Africa","Diarrheal diseases","Deaths","Both","Clostridium difficile","ass",26
-0.0804965265216118,-0.34548970493139,0.18520130022166,"Central Europe, Eastern Europe, and Central Asia","Diarrheal diseases","Deaths","Both","Clostridium difficile","ass",27
0.820803957897653,0.638829670404273,1.00310728977098,"Global","Diarrheal diseases","Deaths","Both","Clostridium difficile","ass",27
-1.57492395184134,-1.81962444734618,-1.32961357547017,"High-income","Diarrheal diseases","Deaths","Both","Clostridium difficile","ass",27
0.108379632243083,-0.0426150574345585,0.259602413085003,"Latin America and Caribbean","Diarrheal diseases","Deaths","Both","Clostridium difficile","ass",27
0.837722772925864,0.595231113688999,1.08079897483089,"North Africa and Middle East","Diarrheal diseases","Deaths","Both","Clostridium difficile","ass",27
1.42551143278915,1.21085354447095,1.64062458857528,"South Asia","Diarrheal diseases","Deaths","Both","Clostridium difficile","ass",27
0.332713404199225,0.118781278264879,0.54710265669784,"Southeast Asia, East Asia, and Oceania","Diarrheal diseases","Deaths","Both","Clostridium difficile","ass",27
0.158861196341453,-0.260621827589391,0.58010847838772,"Sub-Saharan Africa","Diarrheal diseases","Deaths","Both","Clostridium difficile","ass",27
-0.206727743241009,-0.478494623803338,0.0657812607155694,"Central Europe, Eastern Europe, and Central Asia","Diarrheal diseases","Deaths","Both","Clostridium difficile","ass",28
0.738401755165707,0.551181814060464,0.925970287960443,"Global","Diarrheal diseases","Deaths","Both","Clostridium difficile","ass",28
-1.50479542678552,-1.77744745417919,-1.2313865556109,"High-income","Diarrheal diseases","Deaths","Both","Clostridium difficile","ass",28
0.180649424281887,0.0572049551689879,0.304246191642199,"Latin America and Caribbean","Diarrheal diseases","Deaths","Both","Clostridium difficile","ass",28
0.796694368303963,0.488159238118335,1.10617681335017,"North Africa and Middle East","Diarrheal diseases","Deaths","Both","Clostridium difficile","ass",28
1.53704979503577,1.35518791595879,1.7192379893586,"South Asia","Diarrheal diseases","Deaths","Both","Clostridium difficile","ass",28
0.256632802245327,0.0163334717930175,0.497509476079583,"Southeast Asia, East Asia, and Oceania","Diarrheal diseases","Deaths","Both","Clostridium difficile","ass",28
0.382113866872591,0.085090650889974,0.680018560708295,"Sub-Saharan Africa","Diarrheal diseases","Deaths","Both","Clostridium difficile","ass",28
-0.270123670105482,-0.523691233154622,-0.0159097570879285,"Central Europe, Eastern Europe, and Central Asia","Diarrheal diseases","Deaths","Both","Clostridium difficile","ass",29
0.909035621864063,0.736127545576193,1.08224048544734,"Global","Diarrheal diseases","Deaths","Both","Clostridium difficile","ass",29
-1.60707051897659,-1.85296074315945,-1.36056425988523,"High-income","Diarrheal diseases","Deaths","Both","Clostridium difficile","ass",29
0.179936887270871,0.0265129145219367,0.33359618678197,"Latin America and Caribbean","Diarrheal diseases","Deaths","Both","Clostridium difficile","ass",29
0.792035354357412,0.543836598586678,1.04084680429668,"North Africa and Middle East","Diarrheal diseases","Deaths","Both","Clostridium difficile","ass",29
1.5479514058143,1.3314283458028,1.76493712816346,"South Asia","Diarrheal diseases","Deaths","Both","Clostridium difficile","ass",29
0.407873139150383,0.169631328642672,0.646681580078123,"Southeast Asia, East Asia, and Oceania","Diarrheal diseases","Deaths","Both","Clostridium difficile","ass",29
0.0470033376784418,-0.322442693110403,0.417818687432892,"Sub-Saharan Africa","Diarrheal diseases","Deaths","Both","Clostridium difficile","ass",29
-0.211543806309777,-0.461179546380353,0.0387180010824384,"Central Europe, Eastern Europe, and Central Asia","Diarrheal diseases","Deaths","Both","Clostridium difficile","ass",30
0.933586708379885,0.765990559221641,1.10146160703541,"Global","Diarrheal diseases","Deaths","Both","Clostridium difficile","ass",30
-1.58436419899821,-1.84430806659983,-1.3237319269549,"High-income","Diarrheal diseases","Deaths","Both","Clostridium difficile","ass",30
0.151211030331755,0.0220099406042396,0.280579012542193,"Latin America and Caribbean","Diarrheal diseases","Deaths","Both","Clostridium difficile","ass",30
0.673386637326412,0.435330671406131,0.912006853322178,"North Africa and Middle East","Diarrheal diseases","Deaths","Both","Clostridium difficile","ass",30
1.38558176334151,1.167562044876,1.60407132210643,"South Asia","Diarrheal diseases","Deaths","Both","Clostridium difficile","ass",30
0.223366171900352,0.0189141270286353,0.428236144111271,"Southeast Asia, East Asia, and Oceania","Diarrheal diseases","Deaths","Both","Clostridium difficile","ass",30
0.0301517039177135,-0.291464296691601,0.352805096673214,"Sub-Saharan Africa","Diarrheal diseases","Deaths","Both","Clostridium difficile","ass",30
-0.170918673577625,-0.449065172478758,0.108004969957909,"Central Europe, Eastern Europe, and Central Asia","Diarrheal diseases","Deaths","Both","Clostridium difficile","ass",31
0.786288401654045,0.630415652252236,0.942402592113711,"Global","Diarrheal diseases","Deaths","Both","Clostridium difficile","ass",31
-1.56818267665639,-1.80405911610672,-1.3317396384833,"High-income","Diarrheal diseases","Deaths","Both","Clostridium difficile","ass",31
0.190015979520042,0.0311104170241272,0.349173973261463,"Latin America and Caribbean","Diarrheal diseases","Deaths","Both","Clostridium difficile","ass",31
0.782706494565821,0.412582418680518,1.15419485994803,"North Africa and Middle East","Diarrheal diseases","Deaths","Both","Clostridium difficile","ass",31
1.49017177966755,1.29787843805873,1.68283015092749,"South Asia","Diarrheal diseases","Deaths","Both","Clostridium difficile","ass",31
0.443425266586539,0.215160945064308,0.672209515433031,"Southeast Asia, East Asia, and Oceania","Diarrheal diseases","Deaths","Both","Clostridium difficile","ass",31
0.191417595299792,-0.0849878660104553,0.46858770625986,"Sub-Saharan Africa","Diarrheal diseases","Deaths","Both","Clostridium difficile","ass",31
-0.0362645769706016,-0.263749241565903,0.191738948843478,"Central Europe, Eastern Europe, and Central Asia","Diarrheal diseases","Deaths","Both","Clostridium difficile","ass",32
0.661098566023832,0.455867494938555,0.866748923643468,"Global","Diarrheal diseases","Deaths","Both","Clostridium difficile","ass",32
-1.58875474595832,-1.77312633133765,-1.40403709559468,"High-income","Diarrheal diseases","Deaths","Both","Clostridium difficile","ass",32
0.264301470458328,0.12753929717817,0.401250444414636,"Latin America and Caribbean","Diarrheal diseases","Deaths","Both","Clostridium difficile","ass",32
0.770130205321906,0.437111270732959,1.10425332948174,"North Africa and Middle East","Diarrheal diseases","Deaths","Both","Clostridium difficile","ass",32
1.5207867597381,1.37373443461026,1.66805239836816,"South Asia","Diarrheal diseases","Deaths","Both","Clostridium difficile","ass",32
0.3172148471837,0.0690890510716802,0.565955882339897,"Southeast Asia, East Asia, and Oceania","Diarrheal diseases","Deaths","Both","Clostridium difficile","ass",32
0.308949541535819,0.0312858615794775,0.587383951554288,"Sub-Saharan Africa","Diarrheal diseases","Deaths","Both","Clostridium difficile","ass",32
-0.183380811081812,-0.438492227772902,0.072384290315175,"Central Europe, Eastern Europe, and Central Asia","Diarrheal diseases","Deaths","Both","Clostridium difficile","ass",33
0.866001251453752,0.69036315531612,1.04194571991789,"Global","Diarrheal diseases","Deaths","Both","Clostridium difficile","ass",33
-1.62916794662959,-1.84585805319556,-1.41199946389577,"High-income","Diarrheal diseases","Deaths","Both","Clostridium difficile","ass",33
0.0884339152802394,-0.044189730859745,0.221233529495213,"Latin America and Caribbean","Diarrheal diseases","Deaths","Both","Clostridium difficile","ass",33
0.748177573990416,0.462274298906817,1.03489449462677,"North Africa and Middle East","Diarrheal diseases","Deaths","Both","Clostridium difficile","ass",33
1.51425149850402,1.30079139331278,1.72816140488519,"South Asia","Diarrheal diseases","Deaths","Both","Clostridium difficile","ass",33
0.379133773104345,0.202544458617515,0.556034295117502,"Southeast Asia, East Asia, and Oceania","Diarrheal diseases","Deaths","Both","Clostridium difficile","ass",33
0.337619188668747,0.0914231500433793,0.58442079855614,"Sub-Saharan Africa","Diarrheal diseases","Deaths","Both","Clostridium difficile","ass",33
-0.126045424576871,-0.358009658469638,0.106458816652388,"Central Europe, Eastern Europe, and Central Asia","Diarrheal diseases","Deaths","Both","Clostridium difficile","ass",34
0.783924238146749,0.609119090094135,0.959033104590534,"Global","Diarrheal diseases","Deaths","Both","Clostridium difficile","ass",34
-1.46596252637797,-1.69166002732922,-1.23974686631683,"High-income","Diarrheal diseases","Deaths","Both","Clostridium difficile","ass",34
0.143792913377427,0.005067988700036,0.282710274349407,"Latin America and Caribbean","Diarrheal diseases","Deaths","Both","Clostridium difficile","ass",34
0.853691396422662,0.58833225120285,1.11975057786315,"North Africa and Middle East","Diarrheal diseases","Deaths","Both","Clostridium difficile","ass",34
1.49664923679893,1.25287326081283,1.74101212676145,"South Asia","Diarrheal diseases","Deaths","Both","Clostridium difficile","ass",34
0.343958692286783,0.134295381189764,0.554061000870654,"Southeast Asia, East Asia, and Oceania","Diarrheal diseases","Deaths","Both","Clostridium difficile","ass",34
0.252717816735104,0.0171384063133218,0.488852108645199,"Sub-Saharan Africa","Diarrheal diseases","Deaths","Both","Clostridium difficile","ass",34
-0.169715443613194,-0.41807729739165,0.0792658359479725,"Central Europe, Eastern Europe, and Central Asia","Diarrheal diseases","Deaths","Both","Clostridium difficile","ass",35
0.736189004044796,0.574428413805528,0.898209764676938,"Global","Diarrheal diseases","Deaths","Both","Clostridium difficile","ass",35
-1.49562496284,-1.72521475860516,-1.26549879882747,"High-income","Diarrheal diseases","Deaths","Both","Clostridium difficile","ass",35
0.123083587701145,-0.0168837508966013,0.263246867939926,"Latin America and Caribbean","Diarrheal diseases","Deaths","Both","Clostridium difficile","ass",35
0.770980167707669,0.458281907063851,1.08465176972619,"North Africa and Middle East","Diarrheal diseases","Deaths","Both","Clostridium difficile","ass",35
1.54675202737986,1.37016790268885,1.7236437568992,"South Asia","Diarrheal diseases","Deaths","Both","Clostridium difficile","ass",35
0.176895738967553,-0.0728527467864892,0.427268422528204,"Southeast Asia, East Asia, and Oceania","Diarrheal diseases","Deaths","Both","Clostridium difficile","ass",35
0.200871074405717,-0.0854590125182519,0.488021711750752,"Sub-Saharan Africa","Diarrheal diseases","Deaths","Both","Clostridium difficile","ass",35
-0.179790240344557,-0.392608189568888,0.0334824088642716,"Central Europe, Eastern Europe, and Central Asia","Diarrheal diseases","Deaths","Both","Clostridium difficile","ass",36
0.88283230924886,0.700842511038147,1.06515100527043,"Global","Diarrheal diseases","Deaths","Both","Clostridium difficile","ass",36
-1.65119173872285,-1.91227013441064,-1.38941843523376,"High-income","Diarrheal diseases","Deaths","Both","Clostridium difficile","ass",36
0.170225057850715,0.0357502778115748,0.304880607928748,"Latin America and Caribbean","Diarrheal diseases","Deaths","Both","Clostridium difficile","ass",36
0.689566413216314,0.407175811567462,0.972751225550339,"North Africa and Middle East","Diarrheal diseases","Deaths","Both","Clostridium difficile","ass",36
1.43156916558873,1.22108959991749,1.64248640336706,"South Asia","Diarrheal diseases","Deaths","Both","Clostridium difficile","ass",36
0.156070955383614,-0.0804238663369095,0.393125525282279,"Southeast Asia, East Asia, and Oceania","Diarrheal diseases","Deaths","Both","Clostridium difficile","ass",36
0.442583337947466,0.176033854898572,0.709842058766896,"Sub-Saharan Africa","Diarrheal diseases","Deaths","Both","Clostridium difficile","ass",36
-0.141466326331752,-0.434074325678546,0.152001600150764,"Central Europe, Eastern Europe, and Central Asia","Diarrheal diseases","Deaths","Both","Clostridium difficile","ass",37
0.817814578574838,0.63345141525053,1.0025155001248,"Global","Diarrheal diseases","Deaths","Both","Clostridium difficile","ass",37
-1.57180199522442,-1.79336081637814,-1.34974332689498,"High-income","Diarrheal diseases","Deaths","Both","Clostridium difficile","ass",37
0.281361132047131,0.15603913590676,0.406839939527592,"Latin America and Caribbean","Diarrheal diseases","Deaths","Both","Clostridium difficile","ass",37
0.889435754148482,0.533909863608084,1.24621891856806,"North Africa and Middle East","Diarrheal diseases","Deaths","Both","Clostridium difficile","ass",37
1.51012522871792,1.3286603605779,1.69191507399917,"South Asia","Diarrheal diseases","Deaths","Both","Clostridium difficile","ass",37
0.274723852500069,0.00417298103325692,0.546006671163402,"Southeast Asia, East Asia, and Oceania","Diarrheal diseases","Deaths","Both","Clostridium difficile","ass",37
0.0395938598527268,-0.274609800144021,0.354787477770491,"Sub-Saharan Africa","Diarrheal diseases","Deaths","Both","Clostridium difficile","ass",37
-0.110620690399243,-0.41219377153211,0.191865618233145,"Central Europe, Eastern Europe, and Central Asia","Diarrheal diseases","Deaths","Both","Clostridium difficile","ass",38
0.904418790218342,0.749534756484582,1.05954092990428,"Global","Diarrheal diseases","Deaths","Both","Clostridium difficile","ass",38
-1.58115968568999,-1.83861741206396,-1.32302669905459,"High-income","Diarrheal diseases","Deaths","Both","Clostridium difficile","ass",38
0.259853466368609,0.121787111079508,0.398110212970249,"Latin America and Caribbean","Diarrheal diseases","Deaths","Both","Clostridium difficile","ass",38
0.832688313142982,0.522959862630556,1.14337109004203,"North Africa and Middle East","Diarrheal diseases","Deaths","Both","Clostridium difficile","ass",38
1.53255891250126,1.28639322249962,1.77932288174858,"South Asia","Diarrheal diseases","Deaths","Both","Clostridium difficile","ass",38
0.222224411104444,0.00188098512208246,0.443053340208288,"Southeast Asia, East Asia, and Oceania","Diarrheal diseases","Deaths","Both","Clostridium difficile","ass",38
0.551101259384246,0.312618061967807,0.790151426704844,"Sub-Saharan Africa","Diarrheal diseases","Deaths","Both","Clostridium difficile","ass",38
-0.214887738659486,-0.459372117685231,0.0301971249408339,"Central Europe, Eastern Europe, and Central Asia","Diarrheal diseases","Deaths","Both","Clostridium difficile","ass",39
0.826903555627645,0.66754482679714,0.986514552500406,"Global","Diarrheal diseases","Deaths","Both","Clostridium difficile","ass",39
-1.62963065062894,-1.8753236023712,-1.38332251187409,"High-income","Diarrheal diseases","Deaths","Both","Clostridium difficile","ass",39
0.0910458213787102,-0.0429945092654704,0.225265897405946,"Latin America and Caribbean","Diarrheal diseases","Deaths","Both","Clostridium difficile","ass",39
0.891637102775711,0.589808237207468,1.19437163329836,"North Africa and Middle East","Diarrheal diseases","Deaths","Both","Clostridium difficile","ass",39
1.5755910884786,1.38857474185181,1.76295239620179,"South Asia","Diarrheal diseases","Deaths","Both","Clostridium difficile","ass",39
0.395802682893476,0.171467108853096,0.620640659975691,"Southeast Asia, East Asia, and Oceania","Diarrheal diseases","Deaths","Both","Clostridium difficile","ass",39
-0.229487926543948,-0.628882156855048,0.171511556426762,"Sub-Saharan Africa","Diarrheal diseases","Deaths","Both","Clostridium difficile","ass",39
-0.00367836376776731,-0.215834130435322,0.208928477165315,"Central Europe, Eastern Europe, and Central Asia","Diarrheal diseases","Deaths","Both","Clostridium difficile","ass",40
0.65649539978101,0.512045680667916,0.801152713130282,"Global","Diarrheal diseases","Deaths","Both","Clostridium difficile","ass",40
-1.63646349048674,-1.88287233118392,-1.38943582493996,"High-income","Diarrheal diseases","Deaths","Both","Clostridium difficile","ass",40
0.198806550169794,0.0569261436920598,0.340888142617524,"Latin America and Caribbean","Diarrheal diseases","Deaths","Both","Clostridium difficile","ass",40
0.770774004504737,0.5377347842769,1.00435339284242,"North Africa and Middle East","Diarrheal diseases","Deaths","Both","Clostridium difficile","ass",40
1.35006631180876,1.14529715629421,1.55525002349377,"South Asia","Diarrheal diseases","Deaths","Both","Clostridium difficile","ass",40
0.295528600118633,0.0804853237900804,0.511033940660255,"Southeast Asia, East Asia, and Oceania","Diarrheal diseases","Deaths","Both","Clostridium difficile","ass",40
-0.114780431705797,-0.552517697667121,0.324883619223604,"Sub-Saharan Africa","Diarrheal diseases","Deaths","Both","Clostridium difficile","ass",40
-0.235386791341907,-0.500289144264365,0.0302208224901568,"Central Europe, Eastern Europe, and Central Asia","Diarrheal diseases","Deaths","Both","Clostridium difficile","ass",41
0.847766555645357,0.679739131569845,1.0160744057081,"Global","Diarrheal diseases","Deaths","Both","Clostridium difficile","ass",41
-1.7175620978747,-1.96214282761491,-1.4723711983992,"High-income","Diarrheal diseases","Deaths","Both","Clostridium difficile","ass",41
0.0996334189786063,-0.0444481701851296,0.243922695498955,"Latin America and Caribbean","Diarrheal diseases","Deaths","Both","Clostridium difficile","ass",41
0.764289271884167,0.512059748467064,1.01715175151211,"North Africa and Middle East","Diarrheal diseases","Deaths","Both","Clostridium difficile","ass",41
1.42452138735261,1.18441791973154,1.66519460352144,"South Asia","Diarrheal diseases","Deaths","Both","Clostridium difficile","ass",41
0.329568741116959,0.127818565151361,0.531725428820118,"Southeast Asia, East Asia, and Oceania","Diarrheal diseases","Deaths","Both","Clostridium difficile","ass",41
0.415009068628658,0.180671086793716,0.649895203007755,"Sub-Saharan Africa","Diarrheal diseases","Deaths","Both","Clostridium difficile","ass",41
-0.108741375003651,-0.340941786571503,0.124000051421258,"Central Europe, Eastern Europe, and Central Asia","Diarrheal diseases","Deaths","Both","Clostridium difficile","ass",42
0.869509463263607,0.700021264006678,1.0392829280977,"Global","Diarrheal diseases","Deaths","Both","Clostridium difficile","ass",42
-1.56566896734996,-1.83066669538354,-1.29995590598876,"High-income","Diarrheal diseases","Deaths","Both","Clostridium difficile","ass",42
0.130993344553731,-0.0392806301776183,0.301557365481742,"Latin America and Caribbean","Diarrheal diseases","Deaths","Both","Clostridium difficile","ass",42
0.830442477396631,0.574943430739405,1.08659058992071,"North Africa and Middle East","Diarrheal diseases","Deaths","Both","Clostridium difficile","ass",42
1.56461869079496,1.33197670345588,1.79779478687279,"South Asia","Diarrheal diseases","Deaths","Both","Clostridium difficile","ass",42
0.180042516798329,-0.0704793113509572,0.431192399459879,"Southeast Asia, East Asia, and Oceania","Diarrheal diseases","Deaths","Both","Clostridium difficile","ass",42
0.0921572424249284,-0.137431704311963,0.322274025420799,"Sub-Saharan Africa","Diarrheal diseases","Deaths","Both","Clostridium difficile","ass",42
-0.211085830746138,-0.442472621065704,0.0208387375611352,"Central Europe, Eastern Europe, and Central Asia","Diarrheal diseases","Deaths","Both","Clostridium difficile","ass",43
0.732933327922436,0.547467875007035,0.918740882284541,"Global","Diarrheal diseases","Deaths","Both","Clostridium difficile","ass",43
-1.5927600121716,-1.86248413290643,-1.32229457349466,"High-income","Diarrheal diseases","Deaths","Both","Clostridium difficile","ass",43
0.24354529857189,0.108644617854958,0.378627763726413,"Latin America and Caribbean","Diarrheal diseases","Deaths","Both","Clostridium difficile","ass",43
0.814264038142554,0.561358767740794,1.06780534883435,"North Africa and Middle East","Diarrheal diseases","Deaths","Both","Clostridium difficile","ass",43
1.57228558964835,1.36214240223871,1.78286444424269,"South Asia","Diarrheal diseases","Deaths","Both","Clostridium difficile","ass",43
0.221395231946198,0.0147511685226531,0.428466250078419,"Southeast Asia, East Asia, and Oceania","Diarrheal diseases","Deaths","Both","Clostridium difficile","ass",43
0.432403254490388,0.176491343379448,0.688968920842381,"Sub-Saharan Africa","Diarrheal diseases","Deaths","Both","Clostridium difficile","ass",43
-0.135363818323175,-0.387641411975648,0.11755269187701,"Central Europe, Eastern Europe, and Central Asia","Diarrheal diseases","Deaths","Both","Clostridium difficile","ass",44
0.792920165692257,0.603443022482519,0.982754171318634,"Global","Diarrheal diseases","Deaths","Both","Clostridium difficile","ass",44
-1.47911183573008,-1.74284500342384,-1.2146707787865,"High-income","Diarrheal diseases","Deaths","Both","Clostridium difficile","ass",44
0.172765322082213,0.0410578888301094,0.30464615262078,"Latin America and Caribbean","Diarrheal diseases","Deaths","Both","Clostridium difficile","ass",44
0.925500667370449,0.579267105520476,1.27292610188763,"North Africa and Middle East","Diarrheal diseases","Deaths","Both","Clostridium difficile","ass",44
1.47038806587179,1.24168354685312,1.69960922739565,"South Asia","Diarrheal diseases","Deaths","Both","Clostridium difficile","ass",44
0.233322320845075,-0.00854174301125887,0.475771416927184,"Southeast Asia, East Asia, and Oceania","Diarrheal diseases","Deaths","Both","Clostridium difficile","ass",44
0.160112594911133,-0.106006940525172,0.426941077952536,"Sub-Saharan Africa","Diarrheal diseases","Deaths","Both","Clostridium difficile","ass",44
-0.063023810220153,-0.324745332069032,0.199384924871637,"Central Europe, Eastern Europe, and Central Asia","Diarrheal diseases","Deaths","Both","Clostridium difficile","ass",45
0.855515650994731,0.663784387838895,1.04761209888402,"Global","Diarrheal diseases","Deaths","Both","Clostridium difficile","ass",45
-1.6438769347649,-1.94009639666288,-1.34676265279894,"High-income","Diarrheal diseases","Deaths","Both","Clostridium difficile","ass",45
0.175264125076513,0.00294333349530884,0.347881852470011,"Latin America and Caribbean","Diarrheal diseases","Deaths","Both","Clostridium difficile","ass",45
0.752134460886311,0.431941485753384,1.07334826206134,"North Africa and Middle East","Diarrheal diseases","Deaths","Both","Clostridium difficile","ass",45
1.45829392632106,1.23437351803404,1.68270962437482,"South Asia","Diarrheal diseases","Deaths","Both","Clostridium difficile","ass",45
0.301427565594548,0.103036460085937,0.500211856286503,"Southeast Asia, East Asia, and Oceania","Diarrheal diseases","Deaths","Both","Clostridium difficile","ass",45
0.159548122741682,-0.13468961154296,0.454652783128462,"Sub-Saharan Africa","Diarrheal diseases","Deaths","Both","Clostridium difficile","ass",45
-0.0526006633753684,-0.338028789528544,0.233644918164333,"Central Europe, Eastern Europe, and Central Asia","Diarrheal diseases","Deaths","Both","Clostridium difficile","ass",46
0.807547255549346,0.624616408558398,0.990810662265518,"Global","Diarrheal diseases","Deaths","Both","Clostridium difficile","ass",46
-1.72908139096521,-1.9919979111611,-1.46545957023143,"High-income","Diarrheal diseases","Deaths","Both","Clostridium difficile","ass",46
0.112864914522737,-0.0338338580682218,0.259778965249424,"Latin America and Caribbean","Diarrheal diseases","Deaths","Both","Clostridium difficile","ass",46
0.653962706739852,0.380080519150172,0.928592168612319,"North Africa and Middle East","Diarrheal diseases","Deaths","Both","Clostridium difficile","ass",46
1.62250883858548,1.44095452763784,1.80438808701009,"South Asia","Diarrheal diseases","Deaths","Both","Clostridium difficile","ass",46
0.238890275675119,0.0341599586393571,0.444039594607148,"Southeast Asia, East Asia, and Oceania","Diarrheal diseases","Deaths","Both","Clostridium difficile","ass",46
0.0162871308606372,-0.302619480096122,0.336213843107735,"Sub-Saharan Africa","Diarrheal diseases","Deaths","Both","Clostridium difficile","ass",46
-0.0918751963547293,-0.364215098085408,0.181209106819158,"Central Europe, Eastern Europe, and Central Asia","Diarrheal diseases","Deaths","Both","Clostridium difficile","ass",47
0.906887143639246,0.734217999713938,1.07985226080838,"Global","Diarrheal diseases","Deaths","Both","Clostridium difficile","ass",47
-1.58919150133224,-1.81635359484579,-1.36150383539784,"High-income","Diarrheal diseases","Deaths","Both","Clostridium difficile","ass",47
0.238528081507838,0.102961636800969,0.374278119793048,"Latin America and Caribbean","Diarrheal diseases","Deaths","Both","Clostridium difficile","ass",47
0.840749839409849,0.542877157970234,1.13950501135358,"North Africa and Middle East","Diarrheal diseases","Deaths","Both","Clostridium difficile","ass",47
1.53544903787282,1.29172797805082,1.77975652223494,"South Asia","Diarrheal diseases","Deaths","Both","Clostridium difficile","ass",47
0.205974429030875,-0.0271141861884261,0.439606494627776,"Southeast Asia, East Asia, and Oceania","Diarrheal diseases","Deaths","Both","Clostridium difficile","ass",47
0.441359028555532,0.152263420898091,0.731289128290458,"Sub-Saharan Africa","Diarrheal diseases","Deaths","Both","Clostridium difficile","ass",47
-0.0914330053672696,-0.307429914368007,0.125031889007476,"Central Europe, Eastern Europe, and Central Asia","Diarrheal diseases","Deaths","Both","Clostridium difficile","ass",48
0.861184139314974,0.70296326228263,1.01965360730349,"Global","Diarrheal diseases","Deaths","Both","Clostridium difficile","ass",48
-1.48542750811729,-1.72631389718804,-1.24395066340434,"High-income","Diarrheal diseases","Deaths","Both","Clostridium difficile","ass",48
0.173804258905763,0.0147719800967838,0.333089413017085,"Latin America and Caribbean","Diarrheal diseases","Deaths","Both","Clostridium difficile","ass",48
0.902357725768876,0.567752120787812,1.23807661914035,"North Africa and Middle East","Diarrheal diseases","Deaths","Both","Clostridium difficile","ass",48
1.50952869437397,1.31197485217518,1.70746775777317,"South Asia","Diarrheal diseases","Deaths","Both","Clostridium difficile","ass",48
0.32667051201809,0.0844795841294488,0.569447509253296,"Southeast Asia, East Asia, and Oceania","Diarrheal diseases","Deaths","Both","Clostridium difficile","ass",48
0.103480654541976,-0.202680538074751,0.410581097595197,"Sub-Saharan Africa","Diarrheal diseases","Deaths","Both","Clostridium difficile","ass",48
-0.162216954749306,-0.414058499676184,0.0902614688654158,"Central Europe, Eastern Europe, and Central Asia","Diarrheal diseases","Deaths","Both","Clostridium difficile","ass",49
0.886763154679837,0.744989652934147,1.02873616734775,"Global","Diarrheal diseases","Deaths","Both","Clostridium difficile","ass",49
-1.59498854197107,-1.85696261838765,-1.33231517583872,"High-income","Diarrheal diseases","Deaths","Both","Clostridium difficile","ass",49
0.174301980674185,0.0441259804056626,0.304647364111199,"Latin America and Caribbean","Diarrheal diseases","Deaths","Both","Clostridium difficile","ass",49
0.823128615102076,0.517881567557699,1.12930261970705,"North Africa and Middle East","Diarrheal diseases","Deaths","Both","Clostridium difficile","ass",49
1.52304993001382,1.30282353823314,1.74375508104267,"South Asia","Diarrheal diseases","Deaths","Both","Clostridium difficile","ass",49
0.157608077418425,-0.00918556582478747,0.324679947412587,"Southeast Asia, East Asia, and Oceania","Diarrheal diseases","Deaths","Both","Clostridium difficile","ass",49
0.282500220743276,0.0754259198380458,0.490002996128669,"Sub-Saharan Africa","Diarrheal diseases","Deaths","Both","Clostridium difficile","ass",49
-0.16161617663103,-0.426652238181158,0.104125335880623,"Central Europe, Eastern Europe, and Central Asia","Diarrheal diseases","Deaths","Both","Clostridium difficile","ass",50
0.739196000692699,0.562787357931605,0.915914101952908,"Global","Diarrheal diseases","Deaths","Both","Clostridium difficile","ass",50
-1.50341740128569,-1.73508450619244,-1.2712041233402,"High-income","Diarrheal diseases","Deaths","Both","Clostridium difficile","ass",50
0.168545898777106,0.0196350861776828,0.317678412146449,"Latin America and Caribbean","Diarrheal diseases","Deaths","Both","Clostridium difficile","ass",50
0.795106604053375,0.511056900427564,1.07995904756288,"North Africa and Middle East","Diarrheal diseases","Deaths","Both","Clostridium difficile","ass",50
1.40121293573141,1.21223994086852,1.59053876136663,"South Asia","Diarrheal diseases","Deaths","Both","Clostridium difficile","ass",50
0.39722598041414,0.191776244528552,0.603097004309139,"Southeast Asia, East Asia, and Oceania","Diarrheal diseases","Deaths","Both","Clostridium difficile","ass",50
0.302916526886765,0.0614256934452495,0.544990180553273,"Sub-Saharan Africa","Diarrheal diseases","Deaths","Both","Clostridium difficile","ass",50
-0.114828882490781,-0.368662251988217,0.139651184932488,"Central Europe, Eastern Europe, and Central Asia","Diarrheal diseases","Deaths","Both","Clostridium difficile","ass",51
0.952698572691313,0.771694522568844,1.13402773857487,"Global","Diarrheal diseases","Deaths","Both","Clostridium difficile","ass",51
-1.57200712330924,-1.8756390200787,-1.26743568076526,"High-income","Diarrheal diseases","Deaths","Both","Clostridium difficile","ass",51
0.114562732485002,-0.0361849536454573,0.265537749523759,"Latin America and Caribbean","Diarrheal diseases","Deaths","Both","Clostridium difficile","ass",51
0.989996280416516,0.641132867920602,1.34006899647563,"North Africa and Middle East","Diarrheal diseases","Deaths","Both","Clostridium difficile","ass",51
1.51317233396129,1.27789227127719,1.74899897899077,"South Asia","Diarrheal diseases","Deaths","Both","Clostridium difficile","ass",51
0.301229850521234,0.0368598995187375,0.566298458709302,"Southeast Asia, East Asia, and Oceania","Diarrheal diseases","Deaths","Both","Clostridium difficile","ass",51
-0.117627944792398,-0.486262008014504,0.252371669310514,"Sub-Saharan Africa","Diarrheal diseases","Deaths","Both","Clostridium difficile","ass",51
-0.141838757853674,-0.395650742728904,0.112619991185436,"Central Europe, Eastern Europe, and Central Asia","Diarrheal diseases","Deaths","Both","Clostridium difficile","ass",52
0.929767418754568,0.746818105095359,1.11304895582292,"Global","Diarrheal diseases","Deaths","Both","Clostridium difficile","ass",52
-1.61595051977088,-1.8815327878029,-1.3496493866455,"High-income","Diarrheal diseases","Deaths","Both","Clostridium difficile","ass",52
0.209211687152711,0.0782946352545277,0.340299997709326,"Latin America and Caribbean","Diarrheal diseases","Deaths","Both","Clostridium difficile","ass",52
0.886075786209561,0.601573041029502,1.17138310938547,"North Africa and Middle East","Diarrheal diseases","Deaths","Both","Clostridium difficile","ass",52
1.53604287386864,1.3259545648352,1.7465667780838,"South Asia","Diarrheal diseases","Deaths","Both","Clostridium difficile","ass",52
0.206719160238089,-0.0618156256255831,0.475975501447889,"Southeast Asia, East Asia, and Oceania","Diarrheal diseases","Deaths","Both","Clostridium difficile","ass",52
0.173846035642056,-0.196034948636747,0.545097826606367,"Sub-Saharan Africa","Diarrheal diseases","Deaths","Both","Clostridium difficile","ass",52
-0.105215361419309,-0.383527954469298,0.173874792789586,"Central Europe, Eastern Europe, and Central Asia","Diarrheal diseases","Deaths","Both","Clostridium difficile","ass",53
0.790865646521111,0.632438191343399,0.949542516887436,"Global","Diarrheal diseases","Deaths","Both","Clostridium difficile","ass",53
-1.56769482471116,-1.81803729501405,-1.31671403601751,"High-income","Diarrheal diseases","Deaths","Both","Clostridium difficile","ass",53
0.12348201165675,-0.0537463085453549,0.301024599540956,"Latin America and Caribbean","Diarrheal diseases","Deaths","Both","Clostridium difficile","ass",53
0.906348158380177,0.558907791095709,1.25498896440717,"North Africa and Middle East","Diarrheal diseases","Deaths","Both","Clostridium difficile","ass",53
1.40988161426883,1.19017341965333,1.63006684819702,"South Asia","Diarrheal diseases","Deaths","Both","Clostridium difficile","ass",53
0.371044598870207,0.115583692561239,0.627157354494212,"Southeast Asia, East Asia, and Oceania","Diarrheal diseases","Deaths","Both","Clostridium difficile","ass",53
0.0403236819538799,-0.337243036190094,0.419320790255551,"Sub-Saharan Africa","Diarrheal diseases","Deaths","Both","Clostridium difficile","ass",53
-0.152334890555939,-0.390122685623084,0.0860205493774302,"Central Europe, Eastern Europe, and Central Asia","Diarrheal diseases","Deaths","Both","Clostridium difficile","ass",54
0.766964146594473,0.59196676628861,0.9422659655558,"Global","Diarrheal diseases","Deaths","Both","Clostridium difficile","ass",54
-1.53841592006037,-1.75948892779562,-1.31684542636727,"High-income","Diarrheal diseases","Deaths","Both","Clostridium difficile","ass",54
0.1863675491099,0.0444677448639297,0.328468619401834,"Latin America and Caribbean","Diarrheal diseases","Deaths","Both","Clostridium difficile","ass",54
0.712412613236624,0.397876492092153,1.02793414338538,"North Africa and Middle East","Diarrheal diseases","Deaths","Both","Clostridium difficile","ass",54
1.45821653563205,1.25997736539807,1.65684380360849,"South Asia","Diarrheal diseases","Deaths","Both","Clostridium difficile","ass",54
0.40254841053613,0.190133269414594,0.615413897322492,"Southeast Asia, East Asia, and Oceania","Diarrheal diseases","Deaths","Both","Clostridium difficile","ass",54
-0.340447320055381,-0.867704832124572,0.189614530232385,"Sub-Saharan Africa","Diarrheal diseases","Deaths","Both","Clostridium difficile","ass",54
-0.0977150492820322,-0.375899024971826,0.181245709571409,"Central Europe, Eastern Europe, and Central Asia","Diarrheal diseases","Deaths","Both","Clostridium difficile","ass",55
0.809825989389479,0.654425520790824,0.965466380927582,"Global","Diarrheal diseases","Deaths","Both","Clostridium difficile","ass",55
-1.67600108341589,-1.90538221126816,-1.44608357851256,"High-income","Diarrheal diseases","Deaths","Both","Clostridium difficile","ass",55
0.156556728881174,0.00121903781835631,0.312135714985184,"Latin America and Caribbean","Diarrheal diseases","Deaths","Both","Clostridium difficile","ass",55
0.855997723392132,0.580928626782917,1.13181907998683,"North Africa and Middle East","Diarrheal diseases","Deaths","Both","Clostridium difficile","ass",55
1.52824603915658,1.33377537554833,1.72308991336378,"South Asia","Diarrheal diseases","Deaths","Both","Clostridium difficile","ass",55
0.345877969035802,0.116636774043699,0.575644067052772,"Southeast Asia, East Asia, and Oceania","Diarrheal diseases","Deaths","Both","Clostridium difficile","ass",55
0.30664441694126,0.0485008444764068,0.565454047402425,"Sub-Saharan Africa","Diarrheal diseases","Deaths","Both","Clostridium difficile","ass",55
-0.121010973704005,-0.376688072290721,0.135322304420171,"Central Europe, Eastern Europe, and Central Asia","Diarrheal diseases","Deaths","Both","Clostridium difficile","ass",56
0.789743221477934,0.622323916112899,0.957441085543631,"Global","Diarrheal diseases","Deaths","Both","Clostridium difficile","ass",56
-1.52320371534507,-1.78328690575373,-1.26243181052312,"High-income","Diarrheal diseases","Deaths","Both","Clostridium difficile","ass",56
0.237565642778592,0.0790220258567453,0.396360422011544,"Latin America and Caribbean","Diarrheal diseases","Deaths","Both","Clostridium difficile","ass",56
0.692963675511815,0.335402953028852,1.05179862091609,"North Africa and Middle East","Diarrheal diseases","Deaths","Both","Clostridium difficile","ass",56
1.63959315186288,1.43367490042512,1.84592943337121,"South Asia","Diarrheal diseases","Deaths","Both","Clostridium difficile","ass",56
0.322709269198906,0.123224061372773,0.52259193074784,"Southeast Asia, East Asia, and Oceania","Diarrheal diseases","Deaths","Both","Clostridium difficile","ass",56
0.238143874594665,-0.0496845450848049,0.526801158083079,"Sub-Saharan Africa","Diarrheal diseases","Deaths","Both","Clostridium difficile","ass",56
-0.00706745207171844,-0.254646321351015,0.241125935019704,"Central Europe, Eastern Europe, and Central Asia","Diarrheal diseases","Deaths","Both","Clostridium difficile","ass",57
0.815550700840229,0.660421142468759,0.970919332122455,"Global","Diarrheal diseases","Deaths","Both","Clostridium difficile","ass",57
-1.56653894804583,-1.81900461044433,-1.31342408759797,"High-income","Diarrheal diseases","Deaths","Both","Clostridium difficile","ass",57
0.120555430488989,-0.0246522164642493,0.265973982042222,"Latin America and Caribbean","Diarrheal diseases","Deaths","Both","Clostridium difficile","ass",57
0.804539091872858,0.508971767491539,1.10097559282323,"North Africa and Middle East","Diarrheal diseases","Deaths","Both","Clostridium difficile","ass",57
1.5810650676604,1.34327949441586,1.81940856619736,"South Asia","Diarrheal diseases","Deaths","Both","Clostridium difficile","ass",57
0.488905978345766,0.253301243520987,0.725064406568987,"Southeast Asia, East Asia, and Oceania","Diarrheal diseases","Deaths","Both","Clostridium difficile","ass",57
0.318353128550952,0.11039805851214,0.526740174807938,"Sub-Saharan Africa","Diarrheal diseases","Deaths","Both","Clostridium difficile","ass",57
-0.191224300836523,-0.494075411934403,0.112548552317149,"Central Europe, Eastern Europe, and Central Asia","Diarrheal diseases","Deaths","Both","Clostridium difficile","ass",58
0.719663275439109,0.541654225863208,0.89798749012715,"Global","Diarrheal diseases","Deaths","Both","Clostridium difficile","ass",58
-1.5965210629668,-1.83355030502982,-1.35891949846809,"High-income","Diarrheal diseases","Deaths","Both","Clostridium difficile","ass",58
0.222878624152534,0.0835029094946149,0.362448432634821,"Latin America and Caribbean","Diarrheal diseases","Deaths","Both","Clostridium difficile","ass",58
0.833635845811331,0.471470419984299,1.1971067546289,"North Africa and Middle East","Diarrheal diseases","Deaths","Both","Clostridium difficile","ass",58
1.56904983168478,1.33466740596924,1.80397437317266,"South Asia","Diarrheal diseases","Deaths","Both","Clostridium difficile","ass",58
0.301709170228426,0.0710457349503368,0.532904283975388,"Southeast Asia, East Asia, and Oceania","Diarrheal diseases","Deaths","Both","Clostridium difficile","ass",58
0.263285469933994,-0.0338897589251874,0.561344129352137,"Sub-Saharan Africa","Diarrheal diseases","Deaths","Both","Clostridium difficile","ass",58
-0.135304070047393,-0.380697771973182,0.110694113817122,"Central Europe, Eastern Europe, and Central Asia","Diarrheal diseases","Deaths","Both","Clostridium difficile","ass",59
0.821489656320562,0.641201933241953,1.00210034516737,"Global","Diarrheal diseases","Deaths","Both","Clostridium difficile","ass",59
-1.63381984427676,-1.86294929927323,-1.40415542000241,"High-income","Diarrheal diseases","Deaths","Both","Clostridium difficile","ass",59
0.230293059050246,0.0677744619696385,0.393075600188153,"Latin America and Caribbean","Diarrheal diseases","Deaths","Both","Clostridium difficile","ass",59
0.723667886483548,0.454940701035,0.99311394449022,"North Africa and Middle East","Diarrheal diseases","Deaths","Both","Clostridium difficile","ass",59
1.43113490501479,1.23355904239093,1.62909637318152,"South Asia","Diarrheal diseases","Deaths","Both","Clostridium difficile","ass",59
0.125172626311998,-0.0887620980525639,0.339565437947309,"Southeast Asia, East Asia, and Oceania","Diarrheal diseases","Deaths","Both","Clostridium difficile","ass",59
0.372681772796479,0.0950940441411641,0.651039318872293,"Sub-Saharan Africa","Diarrheal diseases","Deaths","Both","Clostridium difficile","ass",59
-0.0191493150567323,-0.266252938707878,0.228566540688568,"Central Europe, Eastern Europe, and Central Asia","Diarrheal diseases","Deaths","Both","Clostridium difficile","ass",60
0.906994928903959,0.74900369022024,1.06523392419653,"Global","Diarrheal diseases","Deaths","Both","Clostridium difficile","ass",60
-1.61476102427562,-1.85955342360952,-1.36935803755537,"High-income","Diarrheal diseases","Deaths","Both","Clostridium difficile","ass",60
0.190934632735917,0.0375609977714575,0.344543414096066,"Latin America and Caribbean","Diarrheal diseases","Deaths","Both","Clostridium difficile","ass",60
0.872469490536365,0.472447249282926,1.27408438527721,"North Africa and Middle East","Diarrheal diseases","Deaths","Both","Clostridium difficile","ass",60
1.61369222505119,1.4262695465447,1.80146123652027,"South Asia","Diarrheal diseases","Deaths","Both","Clostridium difficile","ass",60
0.272470290769489,0.0428250911671979,0.502642633799133,"Southeast Asia, East Asia, and Oceania","Diarrheal diseases","Deaths","Both","Clostridium difficile","ass",60
0.320725020757617,0.0884314598295965,0.553557707912922,"Sub-Saharan Africa","Diarrheal diseases","Deaths","Both","Clostridium difficile","ass",60
-0.146572264526568,-0.389164202763215,0.0966104814071223,"Central Europe, Eastern Europe, and Central Asia","Diarrheal diseases","Deaths","Both","Clostridium difficile","ass",61
0.900857842449798,0.717785377488322,1.08426307413465,"Global","Diarrheal diseases","Deaths","Both","Clostridium difficile","ass",61
-1.64274611999885,-1.91821263317415,-1.36650594841135,"High-income","Diarrheal diseases","Deaths","Both","Clostridium difficile","ass",61
0.076772513218426,-0.071727475836969,0.225493183030046,"Latin America and Caribbean","Diarrheal diseases","Deaths","Both","Clostridium difficile","ass",61
0.94200373168003,0.621449487389958,1.26357917993858,"North Africa and Middle East","Diarrheal diseases","Deaths","Both","Clostridium difficile","ass",61
1.5065540897893,1.29613348619728,1.71741179624887,"South Asia","Diarrheal diseases","Deaths","Both","Clostridium difficile","ass",61
0.130665780841555,-0.0677989523176659,0.329524663733238,"Southeast Asia, East Asia, and Oceania","Diarrheal diseases","Deaths","Both","Clostridium difficile","ass",61
-0.00622914883910974,-0.293783549508342,0.282154563544945,"Sub-Saharan Africa","Diarrheal diseases","Deaths","Both","Clostridium difficile","ass",61
-0.0846460468802213,-0.339593364137736,0.170953466537949,"Central Europe, Eastern Europe, and Central Asia","Diarrheal diseases","Deaths","Both","Clostridium difficile","ass",62
0.868137798298751,0.683012208215361,1.05360377831833,"Global","Diarrheal diseases","Deaths","Both","Clostridium difficile","ass",62
-1.71922421038572,-1.98465130855907,-1.45307833147662,"High-income","Diarrheal diseases","Deaths","Both","Clostridium difficile","ass",62
0.146557584365303,0.00306952793054371,0.290251522703833,"Latin America and Caribbean","Diarrheal diseases","Deaths","Both","Clostridium difficile","ass",62
0.746911430483777,0.470315295736823,1.0242690381248,"North Africa and Middle East","Diarrheal diseases","Deaths","Both","Clostridium difficile","ass",62
1.51638834379419,1.3308908484416,1.70222541299734,"South Asia","Diarrheal diseases","Deaths","Both","Clostridium difficile","ass",62
0.341182103260218,0.12781584831234,0.555003028654699,"Southeast Asia, East Asia, and Oceania","Diarrheal diseases","Deaths","Both","Clostridium difficile","ass",62
0.278636378704467,0.0711005637673345,0.486602598765939,"Sub-Saharan Africa","Diarrheal diseases","Deaths","Both","Clostridium difficile","ass",62
-0.22005710076427,-0.501692738029613,0.0623757222458332,"Central Europe, Eastern Europe, and Central Asia","Diarrheal diseases","Deaths","Both","Clostridium difficile","ass",63
0.802141589023364,0.660337308252279,0.944145635209304,"Global","Diarrheal diseases","Deaths","Both","Clostridium difficile","ass",63
-1.61838735053548,-1.84454469922641,-1.39170891877066,"High-income","Diarrheal diseases","Deaths","Both","Clostridium difficile","ass",63
0.228779694452563,0.0934544408984328,0.364287906266569,"Latin America and Caribbean","Diarrheal diseases","Deaths","Both","Clostridium difficile","ass",63
0.974421019488214,0.680605003472534,1.26909447821857,"North Africa and Middle East","Diarrheal diseases","Deaths","Both","Clostridium difficile","ass",63
1.5269720897682,1.28572983773516,1.76878893236061,"South Asia","Diarrheal diseases","Deaths","Both","Clostridium difficile","ass",63
0.126419031537006,-0.102737949303988,0.356101681658538,"Southeast Asia, East Asia, and Oceania","Diarrheal diseases","Deaths","Both","Clostridium difficile","ass",63
0.170955316079602,-0.0950689463947052,0.437687941068954,"Sub-Saharan Africa","Diarrheal diseases","Deaths","Both","Clostridium difficile","ass",63
-0.155481126239099,-0.436293228007967,0.126122985380106,"Central Europe, Eastern Europe, and Central Asia","Diarrheal diseases","Deaths","Both","Clostridium difficile","ass",64
0.859510331249669,0.68243736054272,1.03689472505855,"Global","Diarrheal diseases","Deaths","Both","Clostridium difficile","ass",64
-1.63844534888308,-1.888532352578,-1.38772087119131,"High-income","Diarrheal diseases","Deaths","Both","Clostridium difficile","ass",64
0.172119927429448,0.0268275755015202,0.317623321415206,"Latin America and Caribbean","Diarrheal diseases","Deaths","Both","Clostridium difficile","ass",64
0.770086245336699,0.44127369059308,1.09997522705287,"North Africa and Middle East","Diarrheal diseases","Deaths","Both","Clostridium difficile","ass",64
1.49304993328812,1.26775008507352,1.7188510271763,"South Asia","Diarrheal diseases","Deaths","Both","Clostridium difficile","ass",64
0.115935071324991,-0.0614085914238616,0.293593435074446,"Southeast Asia, East Asia, and Oceania","Diarrheal diseases","Deaths","Both","Clostridium difficile","ass",64
0.0459206616607366,-0.31484009589231,0.407987012988387,"Sub-Saharan Africa","Diarrheal diseases","Deaths","Both","Clostridium difficile","ass",64
-0.153386788421661,-0.421235946143483,0.115182835877281,"Central Europe, Eastern Europe, and Central Asia","Diarrheal diseases","Deaths","Both","Clostridium difficile","ass",65
0.937635085080601,0.781392964646788,1.09411942880069,"Global","Diarrheal diseases","Deaths","Both","Clostridium difficile","ass",65
-1.65272272297384,-1.87237971234657,-1.4325740352104,"High-income","Diarrheal diseases","Deaths","Both","Clostridium difficile","ass",65
0.26968978049704,0.121951362589057,0.417646198951638,"Latin America and Caribbean","Diarrheal diseases","Deaths","Both","Clostridium difficile","ass",65
0.790813464365336,0.487520894996663,1.09502143478895,"North Africa and Middle East","Diarrheal diseases","Deaths","Both","Clostridium difficile","ass",65
1.53092880654913,1.30825502309655,1.75409202310688,"South Asia","Diarrheal diseases","Deaths","Both","Clostridium difficile","ass",65
0.388426384113805,0.142090414549689,0.635368306775663,"Southeast Asia, East Asia, and Oceania","Diarrheal diseases","Deaths","Both","Clostridium difficile","ass",65
0.142865407029014,-0.14027341482965,0.426807030929965,"Sub-Saharan Africa","Diarrheal diseases","Deaths","Both","Clostridium difficile","ass",65
-0.223115906586469,-0.501323554980149,0.0558696365329459,"Central Europe, Eastern Europe, and Central Asia","Diarrheal diseases","Deaths","Both","Clostridium difficile","ass",66
0.87723813800118,0.707329722332695,1.04743321472793,"Global","Diarrheal diseases","Deaths","Both","Clostridium difficile","ass",66
-1.56491974174056,-1.80211470003758,-1.32715184393398,"High-income","Diarrheal diseases","Deaths","Both","Clostridium difficile","ass",66
0.198175439818127,0.0283801346752321,0.368258967619539,"Latin America and Caribbean","Diarrheal diseases","Deaths","Both","Clostridium difficile","ass",66
0.822043724596622,0.541111162475416,1.10376127012957,"North Africa and Middle East","Diarrheal diseases","Deaths","Both","Clostridium difficile","ass",66
1.46532356872362,1.2895855796103,1.6413664642164,"South Asia","Diarrheal diseases","Deaths","Both","Clostridium difficile","ass",66
0.210627628185067,-0.0263131546890727,0.448129968168476,"Southeast Asia, East Asia, and Oceania","Diarrheal diseases","Deaths","Both","Clostridium difficile","ass",66
0.243064770546209,-0.0339089596073761,0.52080590539072,"Sub-Saharan Africa","Diarrheal diseases","Deaths","Both","Clostridium difficile","ass",66
-0.0538967242397881,-0.296581856865985,0.189379121069044,"Central Europe, Eastern Europe, and Central Asia","Diarrheal diseases","Deaths","Both","Clostridium difficile","ass",67
0.762319942528089,0.580529775487615,0.944438678774806,"Global","Diarrheal diseases","Deaths","Both","Clostridium difficile","ass",67
-1.60878438713137,-1.86271095986307,-1.35420078886972,"High-income","Diarrheal diseases","Deaths","Both","Clostridium difficile","ass",67
0.0898082596177963,-0.0459252316003855,0.225726071291943,"Latin America and Caribbean","Diarrheal diseases","Deaths","Both","Clostridium difficile","ass",67
0.88024277709744,0.552092457243392,1.2094640108409,"North Africa and Middle East","Diarrheal diseases","Deaths","Both","Clostridium difficile","ass",67
1.47347097739954,1.24326870918141,1.70419666890267,"South Asia","Diarrheal diseases","Deaths","Both","Clostridium difficile","ass",67
0.0482213327491099,-0.177918064292049,0.274873031536549,"Southeast Asia, East Asia, and Oceania","Diarrheal diseases","Deaths","Both","Clostridium difficile","ass",67
0.230212071476954,-0.020995304833038,0.482050631765074,"Sub-Saharan Africa","Diarrheal diseases","Deaths","Both","Clostridium difficile","ass",67
-0.0798545725152366,-0.360814579153423,0.201897677907326,"Central Europe, Eastern Europe, and Central Asia","Diarrheal diseases","Deaths","Both","Clostridium difficile","ass",68
0.771205122041896,0.586069041058468,0.956681959641137,"Global","Diarrheal diseases","Deaths","Both","Clostridium difficile","ass",68
-1.57242427976645,-1.86075870401775,-1.28324272505937,"High-income","Diarrheal diseases","Deaths","Both","Clostridium difficile","ass",68
0.361403721613152,0.210439679637586,0.512595186420528,"Latin America and Caribbean","Diarrheal diseases","Deaths","Both","Clostridium difficile","ass",68
0.856611583732003,0.5631371260991,1.15094249095216,"North Africa and Middle East","Diarrheal diseases","Deaths","Both","Clostridium difficile","ass",68
1.56413461032081,1.37354755339518,1.75507997991426,"South Asia","Diarrheal diseases","Deaths","Both","Clostridium difficile","ass",68
0.291359888514009,0.0775968556990136,0.505579513369891,"Southeast Asia, East Asia, and Oceania","Diarrheal diseases","Deaths","Both","Clostridium difficile","ass",68
0.329352261264515,0.0609827786215655,0.598441526756033,"Sub-Saharan Africa","Diarrheal diseases","Deaths","Both","Clostridium difficile","ass",68
-0.0738662460202821,-0.366507336491639,0.219634382800504,"Central Europe, Eastern Europe, and Central Asia","Diarrheal diseases","Deaths","Both","Clostridium difficile","ass",69
0.80610009351052,0.639361613759859,0.973114824224841,"Global","Diarrheal diseases","Deaths","Both","Clostridium difficile","ass",69
-1.60801921215958,-1.81446375992164,-1.40114059484989,"High-income","Diarrheal diseases","Deaths","Both","Clostridium difficile","ass",69
0.0448497335199471,-0.0827022753404183,0.172564572193923,"Latin America and Caribbean","Diarrheal diseases","Deaths","Both","Clostridium difficile","ass",69
0.85199372324527,0.61069151636246,1.09387466340352,"North Africa and Middle East","Diarrheal diseases","Deaths","Both","Clostridium difficile","ass",69
1.71370854087911,1.48021084970362,1.94774349120421,"South Asia","Diarrheal diseases","Deaths","Both","Clostridium difficile","ass",69
0.292392300586841,0.090161716137005,0.49503148872545,"Southeast Asia, East Asia, and Oceania","Diarrheal diseases","Deaths","Both","Clostridium difficile","ass",69
-0.0757682413043415,-0.430124644327334,0.279849270662647,"Sub-Saharan Africa","Diarrheal diseases","Deaths","Both","Clostridium difficile","ass",69
-0.165778788750792,-0.429865798007434,0.0990086509011334,"Central Europe, Eastern Europe, and Central Asia","Diarrheal diseases","Deaths","Both","Clostridium difficile","ass",70
0.81678670951475,0.624851883994348,1.00908763721128,"Global","Diarrheal diseases","Deaths","Both","Clostridium difficile","ass",70
-1.4943307768276,-1.78241745656514,-1.20539909629801,"High-income","Diarrheal diseases","Deaths","Both","Clostridium difficile","ass",70
0.142901698698905,-0.000520006242621385,0.28652910256457,"Latin America and Caribbean","Diarrheal diseases","Deaths","Both","Clostridium difficile","ass",70
0.796918762418786,0.503408679602324,1.09128601187116,"North Africa and Middle East","Diarrheal diseases","Deaths","Both","Clostridium difficile","ass",70
1.41823938007184,1.20869254487637,1.62822007005821,"South Asia","Diarrheal diseases","Deaths","Both","Clostridium difficile","ass",70
0.317129463211363,0.117666752438517,0.516989560122738,"Southeast Asia, East Asia, and Oceania","Diarrheal diseases","Deaths","Both","Clostridium difficile","ass",70
0.455484643104809,0.225374340475537,0.686123262557281,"Sub-Saharan Africa","Diarrheal diseases","Deaths","Both","Clostridium difficile","ass",70
-0.0601037572232732,-0.315348727167652,0.195794773664049,"Central Europe, Eastern Europe, and Central Asia","Diarrheal diseases","Deaths","Both","Clostridium difficile","ass",71
0.871761141123373,0.700570845969328,1.04324245863117,"Global","Diarrheal diseases","Deaths","Both","Clostridium difficile","ass",71
-1.72159637959088,-2.00172125428312,-1.44067077710602,"High-income","Diarrheal diseases","Deaths","Both","Clostridium difficile","ass",71
0.135134146336413,-0.0160770543272237,0.286574032037934,"Latin America and Caribbean","Diarrheal diseases","Deaths","Both","Clostridium difficile","ass",71
0.661480569044337,0.344462099258891,0.979500595946958,"North Africa and Middle East","Diarrheal diseases","Deaths","Both","Clostridium difficile","ass",71
1.50867520256892,1.29376312000606,1.72404325795588,"South Asia","Diarrheal diseases","Deaths","Both","Clostridium difficile","ass",71
0.459434242977252,0.222455113977005,0.696973716538207,"Southeast Asia, East Asia, and Oceania","Diarrheal diseases","Deaths","Both","Clostridium difficile","ass",71
0.100699340983845,-0.168440243860435,0.370564509163773,"Sub-Saharan Africa","Diarrheal diseases","Deaths","Both","Clostridium difficile","ass",71
-0.125060767400753,-0.401028904656486,0.151672020452698,"Central Europe, Eastern Europe, and Central Asia","Diarrheal diseases","Deaths","Both","Clostridium difficile","ass",72
0.764613805381265,0.594873306527122,0.934640718801094,"Global","Diarrheal diseases","Deaths","Both","Clostridium difficile","ass",72
-1.62324411514756,-1.86597176624658,-1.37991609419043,"High-income","Diarrheal diseases","Deaths","Both","Clostridium difficile","ass",72
0.198455553351007,0.0573813702584136,0.339728641560511,"Latin America and Caribbean","Diarrheal diseases","Deaths","Both","Clostridium difficile","ass",72
0.882114767830333,0.628174922065505,1.13669544252124,"North Africa and Middle East","Diarrheal diseases","Deaths","Both","Clostridium difficile","ass",72
1.51676582758951,1.28435019675783,1.74971477897219,"South Asia","Diarrheal diseases","Deaths","Both","Clostridium difficile","ass",72
0.230968158086919,-0.0272717481117346,0.48987512469616,"Southeast Asia, East Asia, and Oceania","Diarrheal diseases","Deaths","Both","Clostridium difficile","ass",72
0.216613410035027,-0.0499760462902454,0.483913921099588,"Sub-Saharan Africa","Diarrheal diseases","Deaths","Both","Clostridium difficile","ass",72
-0.22625089234678,-0.450079763456002,-0.00191876253657908,"Central Europe, Eastern Europe, and Central Asia","Diarrheal diseases","Deaths","Both","Clostridium difficile","ass",73
0.728237423390632,0.576276302445033,0.880428143036149,"Global","Diarrheal diseases","Deaths","Both","Clostridium difficile","ass",73
-1.54202883087636,-1.73231691596224,-1.35137226701711,"High-income","Diarrheal diseases","Deaths","Both","Clostridium difficile","ass",73
0.145401730985917,0.00537235843443007,0.28562717525551,"Latin America and Caribbean","Diarrheal diseases","Deaths","Both","Clostridium difficile","ass",73
0.894888481670542,0.646718175005612,1.14367071589982,"North Africa and Middle East","Diarrheal diseases","Deaths","Both","Clostridium difficile","ass",73
1.57567531762608,1.37080467753901,1.78096000176955,"South Asia","Diarrheal diseases","Deaths","Both","Clostridium difficile","ass",73
0.28091896420821,0.0794315093738618,0.482812068773386,"Southeast Asia, East Asia, and Oceania","Diarrheal diseases","Deaths","Both","Clostridium difficile","ass",73
0.0669028735952315,-0.267563280082006,0.402490704548519,"Sub-Saharan Africa","Diarrheal diseases","Deaths","Both","Clostridium difficile","ass",73
-0.282018108436544,-0.565876971905677,0.00265109912689354,"Central Europe, Eastern Europe, and Central Asia","Diarrheal diseases","Deaths","Both","Clostridium difficile","ass",74
0.795232947168523,0.654194442119671,0.93646907795979,"Global","Diarrheal diseases","Deaths","Both","Clostridium difficile","ass",74
-1.64642371449359,-1.89928636143386,-1.39290929331186,"High-income","Diarrheal diseases","Deaths","Both","Clostridium difficile","ass",74
0.170125275223465,0.038702795388712,0.301720406919204,"Latin America and Caribbean","Diarrheal diseases","Deaths","Both","Clostridium difficile","ass",74
0.817207932745956,0.444025741571807,1.19177661701195,"North Africa and Middle East","Diarrheal diseases","Deaths","Both","Clostridium difficile","ass",74
1.36426458156984,1.14390074094448,1.58510853243319,"South Asia","Diarrheal diseases","Deaths","Both","Clostridium difficile","ass",74
0.248695081697603,0.0584861038178452,0.439265642654174,"Southeast Asia, East Asia, and Oceania","Diarrheal diseases","Deaths","Both","Clostridium difficile","ass",74
0.23989867692138,-0.00411519893096512,0.484508004993867,"Sub-Saharan Africa","Diarrheal diseases","Deaths","Both","Clostridium difficile","ass",74
-0.0446269322480819,-0.301387794015839,0.212795183860881,"Central Europe, Eastern Europe, and Central Asia","Diarrheal diseases","Deaths","Both","Clostridium difficile","ass",75
0.813011733781899,0.617069704714313,1.00933534103369,"Global","Diarrheal diseases","Deaths","Both","Clostridium difficile","ass",75
-1.58496576153468,-1.86013858771978,-1.30902138255564,"High-income","Diarrheal diseases","Deaths","Both","Clostridium difficile","ass",75
0.125009989401281,-0.0293475749085559,0.279605886232503,"Latin America and Caribbean","Diarrheal diseases","Deaths","Both","Clostridium difficile","ass",75
0.802076092030179,0.513742814873708,1.0912364807476,"North Africa and Middle East","Diarrheal diseases","Deaths","Both","Clostridium difficile","ass",75
1.51492962275213,1.32364084301828,1.70657953634326,"South Asia","Diarrheal diseases","Deaths","Both","Clostridium difficile","ass",75
0.236608508179081,0.030319045804017,0.443323394992401,"Southeast Asia, East Asia, and Oceania","Diarrheal diseases","Deaths","Both","Clostridium difficile","ass",75
0.110956734764001,-0.140154030764827,0.362698951462725,"Sub-Saharan Africa","Diarrheal diseases","Deaths","Both","Clostridium difficile","ass",75
-0.159404762865101,-0.413179639581995,0.0950168027190612,"Central Europe, Eastern Europe, and Central Asia","Diarrheal diseases","Deaths","Both","Clostridium difficile","ass",76
0.788698833618606,0.61660666700436,0.961085342437307,"Global","Diarrheal diseases","Deaths","Both","Clostridium difficile","ass",76
-1.53470418692895,-1.73796657866234,-1.33102133168127,"High-income","Diarrheal diseases","Deaths","Both","Clostridium difficile","ass",76
0.150072226734066,-0.0109472023316903,0.311350956751388,"Latin America and Caribbean","Diarrheal diseases","Deaths","Both","Clostridium difficile","ass",76
0.86119823453561,0.5992592437571,1.12381925851599,"North Africa and Middle East","Diarrheal diseases","Deaths","Both","Clostridium difficile","ass",76
1.55383529767392,1.36762404346451,1.74038861998962,"South Asia","Diarrheal diseases","Deaths","Both","Clostridium difficile","ass",76
0.272814362016871,0.0222654811376843,0.523990850573286,"Southeast Asia, East Asia, and Oceania","Diarrheal diseases","Deaths","Both","Clostridium difficile","ass",76
0.232017545026286,0.0406939381831783,0.42370705019632,"Sub-Saharan Africa","Diarrheal diseases","Deaths","Both","Clostridium difficile","ass",76
-0.0583482974428451,-0.321528381630087,0.205526658521515,"Central Europe, Eastern Europe, and Central Asia","Diarrheal diseases","Deaths","Both","Clostridium difficile","ass",77
0.77308031131722,0.598168728437853,0.948296015655403,"Global","Diarrheal diseases","Deaths","Both","Clostridium difficile","ass",77
-1.68427381497063,-1.96764210369574,-1.40008643356246,"High-income","Diarrheal diseases","Deaths","Both","Clostridium difficile","ass",77
0.158137644259315,0.0100394072543919,0.306455190124955,"Latin America and Caribbean","Diarrheal diseases","Deaths","Both","Clostridium difficile","ass",77
0.897660634586961,0.557718783247507,1.23875168127108,"North Africa and Middle East","Diarrheal diseases","Deaths","Both","Clostridium difficile","ass",77
1.47157261558433,1.28060174375242,1.66290357486893,"South Asia","Diarrheal diseases","Deaths","Both","Clostridium difficile","ass",77
0.196958210530185,-0.0281489326763751,0.422572228675833,"Southeast Asia, East Asia, and Oceania","Diarrheal diseases","Deaths","Both","Clostridium difficile","ass",77
0.203823284849181,-0.129005938724891,0.537761692256922,"Sub-Saharan Africa","Diarrheal diseases","Deaths","Both","Clostridium difficile","ass",77
-0.261971950095163,-0.497554894253593,-0.0258312374967651,"Central Europe, Eastern Europe, and Central Asia","Diarrheal diseases","Deaths","Both","Clostridium difficile","ass",78
0.779658254352533,0.613063048741291,0.946529308463862,"Global","Diarrheal diseases","Deaths","Both","Clostridium difficile","ass",78
-1.58459025985647,-1.80600505365619,-1.36267620425422,"High-income","Diarrheal diseases","Deaths","Both","Clostridium difficile","ass",78
0.181628893864572,0.0423919789186877,0.321059595845163,"Latin America and Caribbean","Diarrheal diseases","Deaths","Both","Clostridium difficile","ass",78
0.826714886624158,0.5459191216177,1.10829483324966,"North Africa and Middle East","Diarrheal diseases","Deaths","Both","Clostridium difficile","ass",78
1.52102858941603,1.33451060067402,1.70788988627604,"South Asia","Diarrheal diseases","Deaths","Both","Clostridium difficile","ass",78
0.317789622738807,0.0615426214829462,0.57469284539533,"Southeast Asia, East Asia, and Oceania","Diarrheal diseases","Deaths","Both","Clostridium difficile","ass",78
0.284028945882997,0.0184982500867958,0.550264576782644,"Sub-Saharan Africa","Diarrheal diseases","Deaths","Both","Clostridium difficile","ass",78
-0.0459074301992324,-0.270961968125338,0.179654979316135,"Central Europe, Eastern Europe, and Central Asia","Diarrheal diseases","Deaths","Both","Clostridium difficile","ass",79
0.906053912612048,0.748447620786252,1.06390675655663,"Global","Diarrheal diseases","Deaths","Both","Clostridium difficile","ass",79
-1.5760662251315,-1.87495413622902,-1.2762679044376,"High-income","Diarrheal diseases","Deaths","Both","Clostridium difficile","ass",79
0.102633853884937,-0.0334178053602585,0.238870675547176,"Latin America and Caribbean","Diarrheal diseases","Deaths","Both","Clostridium difficile","ass",79
0.851311621684459,0.574928942937647,1.12845380765554,"North Africa and Middle East","Diarrheal diseases","Deaths","Both","Clostridium difficile","ass",79
1.43148827487265,1.18059491590092,1.6830037637857,"South Asia","Diarrheal diseases","Deaths","Both","Clostridium difficile","ass",79
0.174278613573575,-0.039981375141962,0.388997859334017,"Southeast Asia, East Asia, and Oceania","Diarrheal diseases","Deaths","Both","Clostridium difficile","ass",79
0.178478982321861,-0.0474690070178307,0.404937739056632,"Sub-Saharan Africa","Diarrheal diseases","Deaths","Both","Clostridium difficile","ass",79
-0.0486485205136056,-0.296585298954088,0.199904812999607,"Central Europe, Eastern Europe, and Central Asia","Diarrheal diseases","Deaths","Both","Clostridium difficile","ass",80
0.82553056050958,0.620341099657051,1.03113845280831,"Global","Diarrheal diseases","Deaths","Both","Clostridium difficile","ass",80
-1.67270573207334,-1.94792517890239,-1.39671377998063,"High-income","Diarrheal diseases","Deaths","Both","Clostridium difficile","ass",80
0.259997160687053,0.126485120852493,0.393687229988648,"Latin America and Caribbean","Diarrheal diseases","Deaths","Both","Clostridium difficile","ass",80
0.871683646716148,0.568764735050076,1.17551496759085,"North Africa and Middle East","Diarrheal diseases","Deaths","Both","Clostridium difficile","ass",80
1.63449632196309,1.3892067737322,1.88037929590845,"South Asia","Diarrheal diseases","Deaths","Both","Clostridium difficile","ass",80
0.243821564602031,-0.00525045308129579,0.493513983559168,"Southeast Asia, East Asia, and Oceania","Diarrheal diseases","Deaths","Both","Clostridium difficile","ass",80
0.330934920698489,0.0528808856124163,0.609761687621391,"Sub-Saharan Africa","Diarrheal diseases","Deaths","Both","Clostridium difficile","ass",80
-0.276754956102754,-0.588500819534199,0.035968515393825,"Central Europe, Eastern Europe, and Central Asia","Diarrheal diseases","Deaths","Both","Clostridium difficile","ass",81
0.6876819826102,0.525501198476253,0.850124417831966,"Global","Diarrheal diseases","Deaths","Both","Clostridium difficile","ass",81
-1.50378796468498,-1.81032033830328,-1.19629864634092,"High-income","Diarrheal diseases","Deaths","Both","Clostridium difficile","ass",81
0.179679960931201,0.0310878547355564,0.328492794647595,"Latin America and Caribbean","Diarrheal diseases","Deaths","Both","Clostridium difficile","ass",81
0.879927876647546,0.591911004857981,1.16876940439212,"North Africa and Middle East","Diarrheal diseases","Deaths","Both","Clostridium difficile","ass",81
1.47573620833445,1.26275089842389,1.68916948891376,"South Asia","Diarrheal diseases","Deaths","Both","Clostridium difficile","ass",81
0.235574478825251,0.0141099741401529,0.457529379583943,"Southeast Asia, East Asia, and Oceania","Diarrheal diseases","Deaths","Both","Clostridium difficile","ass",81
0.27003128305787,0.0133937671796147,0.527327338878392,"Sub-Saharan Africa","Diarrheal diseases","Deaths","Both","Clostridium difficile","ass",81
-0.157211069062246,-0.389034882706885,0.0751522663158699,"Central Europe, Eastern Europe, and Central Asia","Diarrheal diseases","Deaths","Both","Clostridium difficile","ass",82
0.756584822798168,0.571901271826003,0.941607514360987,"Global","Diarrheal diseases","Deaths","Both","Clostridium difficile","ass",82
-1.62092339485075,-1.88009576714109,-1.36106644873123,"High-income","Diarrheal diseases","Deaths","Both","Clostridium difficile","ass",82
0.118991965067061,-0.0282255388732167,0.266426260132491,"Latin America and Caribbean","Diarrheal diseases","Deaths","Both","Clostridium difficile","ass",82
0.835481929371373,0.531340636236632,1.14054335274216,"North Africa and Middle East","Diarrheal diseases","Deaths","Both","Clostridium difficile","ass",82
1.5412338717685,1.30101817513506,1.78201919328773,"South Asia","Diarrheal diseases","Deaths","Both","Clostridium difficile","ass",82
0.278537392817113,0.078431216890662,0.47904367974807,"Southeast Asia, East Asia, and Oceania","Diarrheal diseases","Deaths","Both","Clostridium difficile","ass",82
0.175379035804801,-0.0701828488634759,0.421544350369363,"Sub-Saharan Africa","Diarrheal diseases","Deaths","Both","Clostridium difficile","ass",82
-0.198939722383484,-0.432283492908503,0.0349509052670394,"Central Europe, Eastern Europe, and Central Asia","Diarrheal diseases","Deaths","Both","Clostridium difficile","ass",83
0.847600937811865,0.657791732912116,1.03776806367972,"Global","Diarrheal diseases","Deaths","Both","Clostridium difficile","ass",83
-1.60525842484177,-1.8627722731506,-1.34706885556948,"High-income","Diarrheal diseases","Deaths","Both","Clostridium difficile","ass",83
0.215770314561814,0.0600173983051011,0.371765675019042,"Latin America and Caribbean","Diarrheal diseases","Deaths","Both","Clostridium difficile","ass",83
0.840854054565043,0.571638995283807,1.11078976182286,"North Africa and Middle East","Diarrheal diseases","Deaths","Both","Clostridium difficile","ass",83
1.63086583496495,1.42405609358245,1.83809727383004,"South Asia","Diarrheal diseases","Deaths","Both","Clostridium difficile","ass",83
0.202208011717442,-0.0541208974937701,0.459194321816914,"Southeast Asia, East Asia, and Oceania","Diarrheal diseases","Deaths","Both","Clostridium difficile","ass",83
0.604612647608715,0.351690848370856,0.85817189934978,"Sub-Saharan Africa","Diarrheal diseases","Deaths","Both","Clostridium difficile","ass",83
-0.000879544425647083,-0.195203539316047,0.193822807180344,"Central Europe, Eastern Europe, and Central Asia","Diarrheal diseases","Deaths","Both","Clostridium difficile","ass",84
0.874941623430736,0.683532681317711,1.06671445209148,"Global","Diarrheal diseases","Deaths","Both","Clostridium difficile","ass",84
-1.57158924281671,-1.81989416446722,-1.3226563392182,"High-income","Diarrheal diseases","Deaths","Both","Clostridium difficile","ass",84
0.179899221298951,0.0519826465116946,0.307979337574071,"Latin America and Caribbean","Diarrheal diseases","Deaths","Both","Clostridium difficile","ass",84
0.772211402129619,0.489252658274397,1.05596690433072,"North Africa and Middle East","Diarrheal diseases","Deaths","Both","Clostridium difficile","ass",84
1.61540046276309,1.38999512520315,1.84130691057693,"South Asia","Diarrheal diseases","Deaths","Both","Clostridium difficile","ass",84
0.204047477229219,-0.0271554957426923,0.435785143546852,"Southeast Asia, East Asia, and Oceania","Diarrheal diseases","Deaths","Both","Clostridium difficile","ass",84
-0.541104777226598,-1.0764307823058,-0.00288184946274361,"Sub-Saharan Africa","Diarrheal diseases","Deaths","Both","Clostridium difficile","ass",84
-0.0806586040617674,-0.313501542619066,0.152728197855923,"Central Europe, Eastern Europe, and Central Asia","Diarrheal diseases","Deaths","Both","Clostridium difficile","ass",85
0.812575159478546,0.625802817642818,0.999694170922871,"Global","Diarrheal diseases","Deaths","Both","Clostridium difficile","ass",85
-1.53254430285052,-1.73415360345266,-1.33052136606063,"High-income","Diarrheal diseases","Deaths","Both","Clostridium difficile","ass",85
0.121114958930679,-0.0312292818953841,0.273691359935802,"Latin America and Caribbean","Diarrheal diseases","Deaths","Both","Clostridium difficile","ass",85
0.91208243453953,0.622843893045077,1.20215238698054,"North Africa and Middle East","Diarrheal diseases","Deaths","Both","Clostridium difficile","ass",85
1.53670525789897,1.31498848105815,1.75890723766852,"South Asia","Diarrheal diseases","Deaths","Both","Clostridium difficile","ass",85
0.311003745527949,0.0951713830056766,0.527301501216204,"Southeast Asia, East Asia, and Oceania","Diarrheal diseases","Deaths","Both","Clostridium difficile","ass",85
0.345022130532402,0.121822532034344,0.568719303480347,"Sub-Saharan Africa","Diarrheal diseases","Deaths","Both","Clostridium difficile","ass",85
-0.247538160885208,-0.500117822724355,0.005682672422469,"Central Europe, Eastern Europe, and Central Asia","Diarrheal diseases","Deaths","Both","Clostridium difficile","ass",86
0.794972441712494,0.618466970489506,0.971787539809243,"Global","Diarrheal diseases","Deaths","Both","Clostridium difficile","ass",86
-1.60662573757135,-1.8443466583592,-1.36832908594932,"High-income","Diarrheal diseases","Deaths","Both","Clostridium difficile","ass",86
0.134136528642137,-0.0134724993501201,0.281963470244229,"Latin America and Caribbean","Diarrheal diseases","Deaths","Both","Clostridium difficile","ass",86
0.868698808451951,0.597942801631035,1.14018354603203,"North Africa and Middle East","Diarrheal diseases","Deaths","Both","Clostridium difficile","ass",86
1.60247217268641,1.37269021645561,1.83277497676386,"South Asia","Diarrheal diseases","Deaths","Both","Clostridium difficile","ass",86
0.080718725164175,-0.154904154447821,0.316897647523429,"Southeast Asia, East Asia, and Oceania","Diarrheal diseases","Deaths","Both","Clostridium difficile","ass",86
0.017593622639267,-0.23851530967004,0.274360041005539,"Sub-Saharan Africa","Diarrheal diseases","Deaths","Both","Clostridium difficile","ass",86
-0.140001366112885,-0.419321469970135,0.140102220258931,"Central Europe, Eastern Europe, and Central Asia","Diarrheal diseases","Deaths","Both","Clostridium difficile","ass",87
0.724713720052805,0.553582241186978,0.896136446454565,"Global","Diarrheal diseases","Deaths","Both","Clostridium difficile","ass",87
-1.64714816721261,-1.90039479163325,-1.3932477801938,"High-income","Diarrheal diseases","Deaths","Both","Clostridium difficile","ass",87
0.176048768787584,0.015577904160069,0.336777102290764,"Latin America and Caribbean","Diarrheal diseases","Deaths","Both","Clostridium difficile","ass",87
0.870085229616269,0.605328126798188,1.13553907807196,"North Africa and Middle East","Diarrheal diseases","Deaths","Both","Clostridium difficile","ass",87
1.38635832946152,1.1836809626006,1.58944167201582,"South Asia","Diarrheal diseases","Deaths","Both","Clostridium difficile","ass",87
0.167697145411005,-0.119515357135713,0.455735545248004,"Southeast Asia, East Asia, and Oceania","Diarrheal diseases","Deaths","Both","Clostridium difficile","ass",87
0.275137656522162,-0.00707657529454009,0.558148393430558,"Sub-Saharan Africa","Diarrheal diseases","Deaths","Both","Clostridium difficile","ass",87
-0.0887852478984041,-0.343378261975791,0.166458175571615,"Central Europe, Eastern Europe, and Central Asia","Diarrheal diseases","Deaths","Both","Clostridium difficile","ass",88
0.78775071734607,0.63063576430149,0.945110974499896,"Global","Diarrheal diseases","Deaths","Both","Clostridium difficile","ass",88
-1.55857689387988,-1.7942240384806,-1.3223643082324,"High-income","Diarrheal diseases","Deaths","Both","Clostridium difficile","ass",88
0.297721685143593,0.145379269773693,0.450295845719229,"Latin America and Caribbean","Diarrheal diseases","Deaths","Both","Clostridium difficile","ass",88
0.802171606928104,0.505369231563857,1.09985046929693,"North Africa and Middle East","Diarrheal diseases","Deaths","Both","Clostridium difficile","ass",88
1.48560285115722,1.27086846536226,1.70079255897264,"South Asia","Diarrheal diseases","Deaths","Both","Clostridium difficile","ass",88
0.158056858066691,-0.0449591764412616,0.361485233062186,"Southeast Asia, East Asia, and Oceania","Diarrheal diseases","Deaths","Both","Clostridium difficile","ass",88
0.156394795651638,-0.0858714948825057,0.399248520179429,"Sub-Saharan Africa","Diarrheal diseases","Deaths","Both","Clostridium difficile","ass",88
-0.193474934215088,-0.421414824386179,0.0349867206852483,"Central Europe, Eastern Europe, and Central Asia","Diarrheal diseases","Deaths","Both","Clostridium difficile","ass",89
0.679867594880257,0.507220863107749,0.852810891354627,"Global","Diarrheal diseases","Deaths","Both","Clostridium difficile","ass",89
-1.5444019611728,-1.85033073463025,-1.23751961940353,"High-income","Diarrheal diseases","Deaths","Both","Clostridium difficile","ass",89
0.0686934225825109,-0.0855315792661515,0.22315648155713,"Latin America and Caribbean","Diarrheal diseases","Deaths","Both","Clostridium difficile","ass",89
0.863604705838505,0.526032730883363,1.20231026614643,"North Africa and Middle East","Diarrheal diseases","Deaths","Both","Clostridium difficile","ass",89
1.52654165660964,1.3267385970823,1.72673870160567,"South Asia","Diarrheal diseases","Deaths","Both","Clostridium difficile","ass",89
0.240370628280484,-0.0111422748141354,0.492516189271797,"Southeast Asia, East Asia, and Oceania","Diarrheal diseases","Deaths","Both","Clostridium difficile","ass",89
0.287111157548314,0.0519926513817159,0.52278218356463,"Sub-Saharan Africa","Diarrheal diseases","Deaths","Both","Clostridium difficile","ass",89
-0.0713379700310268,-0.317535280332548,0.175467402237772,"Central Europe, Eastern Europe, and Central Asia","Diarrheal diseases","Deaths","Both","Clostridium difficile","ass",90
0.826676615135558,0.636032634888317,1.0176817495962,"Global","Diarrheal diseases","Deaths","Both","Clostridium difficile","ass",90
-1.57145715777338,-1.85505914563259,-1.287035666771,"High-income","Diarrheal diseases","Deaths","Both","Clostridium difficile","ass",90
0.0697105887669913,-0.0572511506902296,0.196833613394665,"Latin America and Caribbean","Diarrheal diseases","Deaths","Both","Clostridium difficile","ass",90
0.800219334813046,0.433881005402559,1.16789390424783,"North Africa and Middle East","Diarrheal diseases","Deaths","Both","Clostridium difficile","ass",90
1.55015341667757,1.34239663678544,1.75833610794562,"South Asia","Diarrheal diseases","Deaths","Both","Clostridium difficile","ass",90
0.419586691636664,0.187675896554107,0.6520343054087,"Southeast Asia, East Asia, and Oceania","Diarrheal diseases","Deaths","Both","Clostridium difficile","ass",90
0.232753280921449,-0.0182262911243236,0.484362875252753,"Sub-Saharan Africa","Diarrheal diseases","Deaths","Both","Clostridium difficile","ass",90
-0.0797444825711313,-0.33936530299491,0.180552662768707,"Central Europe, Eastern Europe, and Central Asia","Diarrheal diseases","Deaths","Both","Clostridium difficile","ass",91
0.840197466685333,0.669441170974294,1.01124340056447,"Global","Diarrheal diseases","Deaths","Both","Clostridium difficile","ass",91
-1.54105412076659,-1.84550786893709,-1.23565602371545,"High-income","Diarrheal diseases","Deaths","Both","Clostridium difficile","ass",91
0.245148864154188,0.106137856985344,0.38435290704022,"Latin America and Caribbean","Diarrheal diseases","Deaths","Both","Clostridium difficile","ass",91
0.834026806407495,0.577465914120756,1.09124215435041,"North Africa and Middle East","Diarrheal diseases","Deaths","Both","Clostridium difficile","ass",91
1.63410944589768,1.36868078264778,1.90023312041467,"South Asia","Diarrheal diseases","Deaths","Both","Clostridium difficile","ass",91
0.281817634711734,0.0625078841580251,0.501608052477409,"Southeast Asia, East Asia, and Oceania","Diarrheal diseases","Deaths","Both","Clostridium difficile","ass",91
0.377737144732904,0.110361956877325,0.645826439397013,"Sub-Saharan Africa","Diarrheal diseases","Deaths","Both","Clostridium difficile","ass",91
-0.0594066116471836,-0.332853712227033,0.214790719270352,"Central Europe, Eastern Europe, and Central Asia","Diarrheal diseases","Deaths","Both","Clostridium difficile","ass",92
0.770212591733688,0.601074788781109,0.93963476139356,"Global","Diarrheal diseases","Deaths","Both","Clostridium difficile","ass",92
-1.5795069641569,-1.86611885632791,-1.29205798722192,"High-income","Diarrheal diseases","Deaths","Both","Clostridium difficile","ass",92
0.140349805366369,-0.00418865731379725,0.285097190469519,"Latin America and Caribbean","Diarrheal diseases","Deaths","Both","Clostridium difficile","ass",92
0.903683816222589,0.572436037637658,1.23602260040649,"North Africa and Middle East","Diarrheal diseases","Deaths","Both","Clostridium difficile","ass",92
1.50589338470632,1.30155812741763,1.71064080640928,"South Asia","Diarrheal diseases","Deaths","Both","Clostridium difficile","ass",92
0.093758534132693,-0.153780375827672,0.341911142960916,"Southeast Asia, East Asia, and Oceania","Diarrheal diseases","Deaths","Both","Clostridium difficile","ass",92
0.209430561127677,-0.0367533637904982,0.456220774125993,"Sub-Saharan Africa","Diarrheal diseases","Deaths","Both","Clostridium difficile","ass",92
-0.0967704926377655,-0.381047204400264,0.188317442758223,"Central Europe, Eastern Europe, and Central Asia","Diarrheal diseases","Deaths","Both","Clostridium difficile","ass",93
0.81887933233411,0.608375330862398,1.02982377362497,"Global","Diarrheal diseases","Deaths","Both","Clostridium difficile","ass",93
-1.50015789806902,-1.73544692227789,-1.26430548733694,"High-income","Diarrheal diseases","Deaths","Both","Clostridium difficile","ass",93
0.100504934526513,-0.0752036174939907,0.276522453854122,"Latin America and Caribbean","Diarrheal diseases","Deaths","Both","Clostridium difficile","ass",93
0.873765920121294,0.61103724018885,1.13718067149433,"North Africa and Middle East","Diarrheal diseases","Deaths","Both","Clostridium difficile","ass",93
1.50628503967156,1.28099780033777,1.73207340301982,"South Asia","Diarrheal diseases","Deaths","Both","Clostridium difficile","ass",93
0.327623044582892,0.151332614099009,0.504223788619962,"Southeast Asia, East Asia, and Oceania","Diarrheal diseases","Deaths","Both","Clostridium difficile","ass",93
0.133357254882993,-0.0735520741699691,0.340695013759484,"Sub-Saharan Africa","Diarrheal diseases","Deaths","Both","Clostridium difficile","ass",93
-0.303238431383179,-0.567318135149908,-0.0384573677754796,"Central Europe, Eastern Europe, and Central Asia","Diarrheal diseases","Deaths","Both","Clostridium difficile","ass",94
0.818775854847642,0.605181647561537,1.03282354260699,"Global","Diarrheal diseases","Deaths","Both","Clostridium difficile","ass",94
-1.63020247278957,-1.9013133646959,-1.35834232400496,"High-income","Diarrheal diseases","Deaths","Both","Clostridium difficile","ass",94
0.161211390667804,-0.0015298972956157,0.324217529951243,"Latin America and Caribbean","Diarrheal diseases","Deaths","Both","Clostridium difficile","ass",94
0.837803086332434,0.52291880768276,1.15367372819279,"North Africa and Middle East","Diarrheal diseases","Deaths","Both","Clostridium difficile","ass",94
1.45861748230249,1.20403202861736,1.71384336257863,"South Asia","Diarrheal diseases","Deaths","Both","Clostridium difficile","ass",94
0.267131982131197,0.0508849522539823,0.483846401956556,"Southeast Asia, East Asia, and Oceania","Diarrheal diseases","Deaths","Both","Clostridium difficile","ass",94
0.291107473415075,0.0504481941136836,0.532345629570696,"Sub-Saharan Africa","Diarrheal diseases","Deaths","Both","Clostridium difficile","ass",94
-0.123733883429689,-0.331944531530115,0.0849117252383902,"Central Europe, Eastern Europe, and Central Asia","Diarrheal diseases","Deaths","Both","Clostridium difficile","ass",95
0.836598874755445,0.677490510287204,0.995958690382381,"Global","Diarrheal diseases","Deaths","Both","Clostridium difficile","ass",95
-1.64099797443796,-1.92127204719481,-1.35992297820362,"High-income","Diarrheal diseases","Deaths","Both","Clostridium difficile","ass",95
0.18199128297729,0.032328173347973,0.331878310681799,"Latin America and Caribbean","Diarrheal diseases","Deaths","Both","Clostridium difficile","ass",95
0.800434639449121,0.555299787818408,1.04616708360463,"North Africa and Middle East","Diarrheal diseases","Deaths","Both","Clostridium difficile","ass",95
1.59048495367766,1.39170322785904,1.78965639752313,"South Asia","Diarrheal diseases","Deaths","Both","Clostridium difficile","ass",95
0.105724367457172,-0.143228252836547,0.355297650787234,"Southeast Asia, East Asia, and Oceania","Diarrheal diseases","Deaths","Both","Clostridium difficile","ass",95
0.142903691740881,-0.112315513411509,0.398774997730467,"Sub-Saharan Africa","Diarrheal diseases","Deaths","Both","Clostridium difficile","ass",95
-0.0908318432547572,-0.378794735003762,0.197963427773384,"Central Europe, Eastern Europe, and Central Asia","Diarrheal diseases","Deaths","Both","Clostridium difficile","ass",96
0.871917203567829,0.716879748679733,1.02719331370891,"Global","Diarrheal diseases","Deaths","Both","Clostridium difficile","ass",96
-1.6569142755382,-1.90737898969907,-1.40581003750293,"High-income","Diarrheal diseases","Deaths","Both","Clostridium difficile","ass",96
0.30980739923514,0.154992388129749,0.464861716311127,"Latin America and Caribbean","Diarrheal diseases","Deaths","Both","Clostridium difficile","ass",96
0.689165634595468,0.453251158911083,0.92563415546203,"North Africa and Middle East","Diarrheal diseases","Deaths","Both","Clostridium difficile","ass",96
1.51016247233702,1.317724177947,1.70296627530362,"South Asia","Diarrheal diseases","Deaths","Both","Clostridium difficile","ass",96
0.201388373525835,0.0181928970253598,0.384919394807093,"Southeast Asia, East Asia, and Oceania","Diarrheal diseases","Deaths","Both","Clostridium difficile","ass",96
0.210526870908656,-0.0401869438276803,0.461869512520297,"Sub-Saharan Africa","Diarrheal diseases","Deaths","Both","Clostridium difficile","ass",96
-0.0656895346407338,-0.343000145560846,0.212392734818567,"Central Europe, Eastern Europe, and Central Asia","Diarrheal diseases","Deaths","Both","Clostridium difficile","ass",97
0.834812435963239,0.663516085175542,1.00640027706376,"Global","Diarrheal diseases","Deaths","Both","Clostridium difficile","ass",97
-1.65401142925695,-1.91935723752216,-1.38794775866967,"High-income","Diarrheal diseases","Deaths","Both","Clostridium difficile","ass",97
0.164066346322822,0.00802857102992771,0.320347579942659,"Latin America and Caribbean","Diarrheal diseases","Deaths","Both","Clostridium difficile","ass",97
0.805934945009978,0.502272527543823,1.11051486276204,"North Africa and Middle East","Diarrheal diseases","Deaths","Both","Clostridium difficile","ass",97
1.3555889186464,1.13272994020026,1.57893899551638,"South Asia","Diarrheal diseases","Deaths","Both","Clostridium difficile","ass",97
0.111474029880831,-0.0828912722767194,0.306217424150579,"Southeast Asia, East Asia, and Oceania","Diarrheal diseases","Deaths","Both","Clostridium difficile","ass",97
-0.510789072003159,-1.10151861860743,0.0834689554469081,"Sub-Saharan Africa","Diarrheal diseases","Deaths","Both","Clostridium difficile","ass",97
-0.169810606653897,-0.408563974273424,0.069515131169573,"Central Europe, Eastern Europe, and Central Asia","Diarrheal diseases","Deaths","Both","Clostridium difficile","ass",98
0.916460565403088,0.744063746040791,1.08915239632459,"Global","Diarrheal diseases","Deaths","Both","Clostridium difficile","ass",98
-1.68515987999177,-1.96511372834619,-1.40440657993001,"High-income","Diarrheal diseases","Deaths","Both","Clostridium difficile","ass",98
0.046456523413374,-0.104351651999557,0.197492367460006,"Latin America and Caribbean","Diarrheal diseases","Deaths","Both","Clostridium difficile","ass",98
0.828865566297798,0.508070060018206,1.15068496803961,"North Africa and Middle East","Diarrheal diseases","Deaths","Both","Clostridium difficile","ass",98
1.56543838628211,1.34470737385486,1.78665015573267,"South Asia","Diarrheal diseases","Deaths","Both","Clostridium difficile","ass",98
0.193817532802898,-0.0461397511226647,0.434350877502565,"Southeast Asia, East Asia, and Oceania","Diarrheal diseases","Deaths","Both","Clostridium difficile","ass",98
0.20621030273551,-0.09887526629907,0.512227565028622,"Sub-Saharan Africa","Diarrheal diseases","Deaths","Both","Clostridium difficile","ass",98
-0.0840838051475279,-0.332180522666348,0.164630483635197,"Central Europe, Eastern Europe, and Central Asia","Diarrheal diseases","Deaths","Both","Clostridium difficile","ass",99
0.824907088412741,0.654861581582988,0.995239868742614,"Global","Diarrheal diseases","Deaths","Both","Clostridium difficile","ass",99
-1.60213712347427,-1.84779919904398,-1.35586018797395,"High-income","Diarrheal diseases","Deaths","Both","Clostridium difficile","ass",99
0.139531370794499,0.0216156317746963,0.257586120981235,"Latin America and Caribbean","Diarrheal diseases","Deaths","Both","Clostridium difficile","ass",99
0.842066658387619,0.499151243587304,1.18615214258904,"North Africa and Middle East","Diarrheal diseases","Deaths","Both","Clostridium difficile","ass",99
1.46763680031561,1.23373498841046,1.70207904528508,"South Asia","Diarrheal diseases","Deaths","Both","Clostridium difficile","ass",99
0.19492047063272,0.000622042074005513,0.389596415636517,"Southeast Asia, East Asia, and Oceania","Diarrheal diseases","Deaths","Both","Clostridium difficile","ass",99
0.254757862749688,-0.0233874890402275,0.533677043886094,"Sub-Saharan Africa","Diarrheal diseases","Deaths","Both","Clostridium difficile","ass",99
-0.123088452148579,-0.374487257987954,0.128944742993675,"Central Europe, Eastern Europe, and Central Asia","Diarrheal diseases","Deaths","Both","Clostridium difficile","ass",100
0.626387853191912,0.451477577948101,0.801602689454861,"Global","Diarrheal diseases","Deaths","Both","Clostridium difficile","ass",100
-1.59398125750604,-1.81959055647649,-1.36785352969554,"High-income","Diarrheal diseases","Deaths","Both","Clostridium difficile","ass",100
0.153401372437001,0.00806344248911461,0.29895051649258,"Latin America and Caribbean","Diarrheal diseases","Deaths","Both","Clostridium difficile","ass",100
0.764548356272532,0.438147368244945,1.09201007279598,"North Africa and Middle East","Diarrheal diseases","Deaths","Both","Clostridium difficile","ass",100
1.62299961335197,1.41697625926243,1.82944149325441,"South Asia","Diarrheal diseases","Deaths","Both","Clostridium difficile","ass",100
0.28194236825565,0.0275722082678342,0.536959391671843,"Southeast Asia, East Asia, and Oceania","Diarrheal diseases","Deaths","Both","Clostridium difficile","ass",100
0.238641971407949,-0.0116729617726796,0.489583553394768,"Sub-Saharan Africa","Diarrheal diseases","Deaths","Both","Clostridium difficile","ass",100
-0.183231655425087,-0.452173208578543,0.0864364787230842,"Central Europe, Eastern Europe, and Central Asia","Diarrheal diseases","Deaths","Both","Clostridium difficile","ass",101
0.83188928105804,0.665707628148038,0.998345271102452,"Global","Diarrheal diseases","Deaths","Both","Clostridium difficile","ass",101
-1.61958886471787,-1.84136523940512,-1.39731141582058,"High-income","Diarrheal diseases","Deaths","Both","Clostridium difficile","ass",101
0.12840896802917,-0.0295183936140697,0.286585813831675,"Latin America and Caribbean","Diarrheal diseases","Deaths","Both","Clostridium difficile","ass",101
0.943378828218,0.640271174421247,1.24739937949325,"North Africa and Middle East","Diarrheal diseases","Deaths","Both","Clostridium difficile","ass",101
1.44893576431098,1.21469891397754,1.68371469897253,"South Asia","Diarrheal diseases","Deaths","Both","Clostridium difficile","ass",101
0.328246409527977,0.123319753992135,0.533592497162694,"Southeast Asia, East Asia, and Oceania","Diarrheal diseases","Deaths","Both","Clostridium difficile","ass",101
0.38166427575923,0.134353355063133,0.629586002731575,"Sub-Saharan Africa","Diarrheal diseases","Deaths","Both","Clostridium difficile","ass",101
-0.175291370578379,-0.434125952853603,0.0842160862296382,"Central Europe, Eastern Europe, and Central Asia","Diarrheal diseases","Deaths","Both","Clostridium difficile","ass",102
0.952972813195707,0.762943185442122,1.14336081932018,"Global","Diarrheal diseases","Deaths","Both","Clostridium difficile","ass",102
-1.65934767480368,-1.93779046455511,-1.38011426053408,"High-income","Diarrheal diseases","Deaths","Both","Clostridium difficile","ass",102
0.139400814979496,-0.00178088627162953,0.28078184250806,"Latin America and Caribbean","Diarrheal diseases","Deaths","Both","Clostridium difficile","ass",102
0.809622035930224,0.518095058231949,1.1019945129257,"North Africa and Middle East","Diarrheal diseases","Deaths","Both","Clostridium difficile","ass",102
1.35072705712378,1.11778411625305,1.58420662381338,"South Asia","Diarrheal diseases","Deaths","Both","Clostridium difficile","ass",102
0.149930927348407,-0.0980562986262257,0.398533733580719,"Southeast Asia, East Asia, and Oceania","Diarrheal diseases","Deaths","Both","Clostridium difficile","ass",102
0.216409461920497,-0.0727024795960762,0.506357868715357,"Sub-Saharan Africa","Diarrheal diseases","Deaths","Both","Clostridium difficile","ass",102
-0.167637323743453,-0.388574692860255,0.0537900827452864,"Central Europe, Eastern Europe, and Central Asia","Diarrheal diseases","Deaths","Both","Clostridium difficile","ass",103
0.832753718153079,0.641313940049915,1.02455765275626,"Global","Diarrheal diseases","Deaths","Both","Clostridium difficile","ass",103
-1.55633005812809,-1.79912153280696,-1.31293830673991,"High-income","Diarrheal diseases","Deaths","Both","Clostridium difficile","ass",103
0.244155127271006,0.118286472296902,0.370182024249299,"Latin America and Caribbean","Diarrheal diseases","Deaths","Both","Clostridium difficile","ass",103
0.943191176672098,0.704471842916909,1.18247639314595,"North Africa and Middle East","Diarrheal diseases","Deaths","Both","Clostridium difficile","ass",103
1.57589507287472,1.37717393856913,1.77500574348008,"South Asia","Diarrheal diseases","Deaths","Both","Clostridium difficile","ass",103
0.326575095570392,0.0531384971906856,0.600758972590798,"Southeast Asia, East Asia, and Oceania","Diarrheal diseases","Deaths","Both","Clostridium difficile","ass",103
0.234061286462928,-0.00430967854472275,0.473000483129149,"Sub-Saharan Africa","Diarrheal diseases","Deaths","Both","Clostridium difficile","ass",103
-0.167783085455087,-0.403505526176795,0.0684972571220355,"Central Europe, Eastern Europe, and Central Asia","Diarrheal diseases","Deaths","Both","Clostridium difficile","ass",104
0.899068075205878,0.718424284220576,1.08003586033083,"Global","Diarrheal diseases","Deaths","Both","Clostridium difficile","ass",104
-1.5518445239043,-1.80792638269239,-1.29509481163288,"High-income","Diarrheal diseases","Deaths","Both","Clostridium difficile","ass",104
0.15431012610605,0.00332776361195997,0.30552043775236,"Latin America and Caribbean","Diarrheal diseases","Deaths","Both","Clostridium difficile","ass",104
0.913465674020308,0.534811475558783,1.29354603521996,"North Africa and Middle East","Diarrheal diseases","Deaths","Both","Clostridium difficile","ass",104
1.68353280132159,1.47139661132984,1.89611248341659,"South Asia","Diarrheal diseases","Deaths","Both","Clostridium difficile","ass",104
0.354078232528132,0.138420229338165,0.570200676581401,"Southeast Asia, East Asia, and Oceania","Diarrheal diseases","Deaths","Both","Clostridium difficile","ass",104
-0.264605901284365,-0.824771513450417,0.298723661374578,"Sub-Saharan Africa","Diarrheal diseases","Deaths","Both","Clostridium difficile","ass",104
-0.0569546754755734,-0.298172962553722,0.184847214368467,"Central Europe, Eastern Europe, and Central Asia","Diarrheal diseases","Deaths","Both","Clostridium difficile","ass",105
0.789932268955051,0.630807857688365,0.949308298774754,"Global","Diarrheal diseases","Deaths","Both","Clostridium difficile","ass",105
-1.52764966099443,-1.79936655990527,-1.25518093319443,"High-income","Diarrheal diseases","Deaths","Both","Clostridium difficile","ass",105
0.141015701214742,-0.0219386650537667,0.304235667007102,"Latin America and Caribbean","Diarrheal diseases","Deaths","Both","Clostridium difficile","ass",105
0.761920053343856,0.472206483795379,1.05246901762801,"North Africa and Middle East","Diarrheal diseases","Deaths","Both","Clostridium difficile","ass",105
1.55075357764094,1.36796683263305,1.73386992375648,"South Asia","Diarrheal diseases","Deaths","Both","Clostridium difficile","ass",105
0.322579607872631,0.109602883604465,0.536009426387207,"Southeast Asia, East Asia, and Oceania","Diarrheal diseases","Deaths","Both","Clostridium difficile","ass",105
0.236031943177406,0.0127930711413704,0.459769107406438,"Sub-Saharan Africa","Diarrheal diseases","Deaths","Both","Clostridium difficile","ass",105
-0.147900954753655,-0.407575282830874,0.112450440448453,"Central Europe, Eastern Europe, and Central Asia","Diarrheal diseases","Deaths","Both","Clostridium difficile","ass",106
0.764163762957804,0.586681119640597,0.941959569889983,"Global","Diarrheal diseases","Deaths","Both","Clostridium difficile","ass",106
-1.50037746919699,-1.74859181409261,-1.25153605582317,"High-income","Diarrheal diseases","Deaths","Both","Clostridium difficile","ass",106
0.171086367886475,0.0346872877542204,0.307671430597023,"Latin America and Caribbean","Diarrheal diseases","Deaths","Both","Clostridium difficile","ass",106
0.730616039042364,0.454184040621763,1.00780872902084,"North Africa and Middle East","Diarrheal diseases","Deaths","Both","Clostridium difficile","ass",106
1.34408464339455,1.17454084488167,1.51391255586903,"South Asia","Diarrheal diseases","Deaths","Both","Clostridium difficile","ass",106
0.0805595431351502,-0.175084385868562,0.33685815657345,"Southeast Asia, East Asia, and Oceania","Diarrheal diseases","Deaths","Both","Clostridium difficile","ass",106
0.197394642618187,-0.0368969038571088,0.432235316992191,"Sub-Saharan Africa","Diarrheal diseases","Deaths","Both","Clostridium difficile","ass",106
-0.0856307385046939,-0.365702987119165,0.195228793874458,"Central Europe, Eastern Europe, and Central Asia","Diarrheal diseases","Deaths","Both","Clostridium difficile","ass",107
0.865383191691249,0.672360458322951,1.05877601448057,"Global","Diarrheal diseases","Deaths","Both","Clostridium difficile","ass",107
-1.6750219668022,-1.91360824799988,-1.43585534604307,"High-income","Diarrheal diseases","Deaths","Both","Clostridium difficile","ass",107
0.117765907421608,-0.0401344697587125,0.275915709998631,"Latin America and Caribbean","Diarrheal diseases","Deaths","Both","Clostridium difficile","ass",107
0.79062573125066,0.430458296627312,1.15208481168707,"North Africa and Middle East","Diarrheal diseases","Deaths","Both","Clostridium difficile","ass",107
1.62032913676249,1.36883869729407,1.87244350999554,"South Asia","Diarrheal diseases","Deaths","Both","Clostridium difficile","ass",107
0.22680267729509,-0.036241627194411,0.490539155700942,"Southeast Asia, East Asia, and Oceania","Diarrheal diseases","Deaths","Both","Clostridium difficile","ass",107
0.359882938115375,0.0972112140479098,0.623243956457786,"Sub-Saharan Africa","Diarrheal diseases","Deaths","Both","Clostridium difficile","ass",107
-0.146052878241931,-0.377855781889691,0.0862893892848327,"Central Europe, Eastern Europe, and Central Asia","Diarrheal diseases","Deaths","Both","Clostridium difficile","ass",108
0.745239194418779,0.571158193866239,0.919621515899682,"Global","Diarrheal diseases","Deaths","Both","Clostridium difficile","ass",108
-1.64814922582339,-1.89148050869904,-1.40421442641797,"High-income","Diarrheal diseases","Deaths","Both","Clostridium difficile","ass",108
0.221709764186273,0.0878813557984026,0.35571711574538,"Latin America and Caribbean","Diarrheal diseases","Deaths","Both","Clostridium difficile","ass",108
0.787529875401183,0.50826264397299,1.06757306479042,"North Africa and Middle East","Diarrheal diseases","Deaths","Both","Clostridium difficile","ass",108
1.5722794313094,1.34456011039212,1.8005104332588,"South Asia","Diarrheal diseases","Deaths","Both","Clostridium difficile","ass",108
0.108568179332003,-0.163276787024591,0.38115335112956,"Southeast Asia, East Asia, and Oceania","Diarrheal diseases","Deaths","Both","Clostridium difficile","ass",108
0.202342121660681,1.14183675181678e-05,0.405082202042029,"Sub-Saharan Africa","Diarrheal diseases","Deaths","Both","Clostridium difficile","ass",108
-0.138230441483278,-0.395145002036568,0.119346788489327,"Central Europe, Eastern Europe, and Central Asia","Diarrheal diseases","Deaths","Both","Clostridium difficile","ass",109
0.671038877572361,0.448246039658207,0.894325866958368,"Global","Diarrheal diseases","Deaths","Both","Clostridium difficile","ass",109
-1.63474907392483,-1.87392459973064,-1.39499057430793,"High-income","Diarrheal diseases","Deaths","Both","Clostridium difficile","ass",109
0.134925186701484,-0.0284304836710936,0.29854778371301,"Latin America and Caribbean","Diarrheal diseases","Deaths","Both","Clostridium difficile","ass",109
0.740888303876197,0.427950401569577,1.05480133442462,"North Africa and Middle East","Diarrheal diseases","Deaths","Both","Clostridium difficile","ass",109
1.44797867241788,1.26614985141378,1.63013397685399,"South Asia","Diarrheal diseases","Deaths","Both","Clostridium difficile","ass",109
0.292288642706695,0.0508985907140325,0.534261089840449,"Southeast Asia, East Asia, and Oceania","Diarrheal diseases","Deaths","Both","Clostridium difficile","ass",109
0.236746888477435,-0.0296424799704154,0.503846100296679,"Sub-Saharan Africa","Diarrheal diseases","Deaths","Both","Clostridium difficile","ass",109
-0.239309300017509,-0.524044410519853,0.0462408223404154,"Central Europe, Eastern Europe, and Central Asia","Diarrheal diseases","Deaths","Both","Clostridium difficile","ass",110
0.73581149061952,0.545149491552288,0.926835038683116,"Global","Diarrheal diseases","Deaths","Both","Clostridium difficile","ass",110
-1.46981013818657,-1.72825136942132,-1.21068924193177,"High-income","Diarrheal diseases","Deaths","Both","Clostridium difficile","ass",110
0.167074911883636,0.0367491615001603,0.29757044788441,"Latin America and Caribbean","Diarrheal diseases","Deaths","Both","Clostridium difficile","ass",110
0.839874243604211,0.566796770670619,1.11369322674413,"North Africa and Middle East","Diarrheal diseases","Deaths","Both","Clostridium difficile","ass",110
1.51435569236382,1.28993328447031,1.73927534036338,"South Asia","Diarrheal diseases","Deaths","Both","Clostridium difficile","ass",110
0.330763438646686,0.0992642596348681,0.562798004909126,"Southeast Asia, East Asia, and Oceania","Diarrheal diseases","Deaths","Both","Clostridium difficile","ass",110
0.196050444243623,-0.103481623649448,0.49648063612695,"Sub-Saharan Africa","Diarrheal diseases","Deaths","Both","Clostridium difficile","ass",110
-0.127876400158689,-0.34616375860711,0.0908891071764728,"Central Europe, Eastern Europe, and Central Asia","Diarrheal diseases","Deaths","Both","Clostridium difficile","ass",111
0.823460272313326,0.658289800338596,0.988901772981943,"Global","Diarrheal diseases","Deaths","Both","Clostridium difficile","ass",111
-1.51459290260826,-1.76030526733415,-1.26826597402054,"High-income","Diarrheal diseases","Deaths","Both","Clostridium difficile","ass",111
0.172400179647636,0.0137223639516071,0.331329747289266,"Latin America and Caribbean","Diarrheal diseases","Deaths","Both","Clostridium difficile","ass",111
0.837192837813339,0.535198031448836,1.14009479774055,"North Africa and Middle East","Diarrheal diseases","Deaths","Both","Clostridium difficile","ass",111
1.47442972912901,1.26091027328452,1.68839941357506,"South Asia","Diarrheal diseases","Deaths","Both","Clostridium difficile","ass",111
0.148422351488575,-0.0680158616224613,0.365329338441112,"Southeast Asia, East Asia, and Oceania","Diarrheal diseases","Deaths","Both","Clostridium difficile","ass",111
0.0793827062966157,-0.309535466680266,0.469818149214785,"Sub-Saharan Africa","Diarrheal diseases","Deaths","Both","Clostridium difficile","ass",111
-0.192319903155602,-0.455477154834394,0.0715330346054754,"Central Europe, Eastern Europe, and Central Asia","Diarrheal diseases","Deaths","Both","Clostridium difficile","ass",112
0.806739923161137,0.599653605813111,1.01425253166718,"Global","Diarrheal diseases","Deaths","Both","Clostridium difficile","ass",112
-1.59202834327522,-1.83783685522357,-1.34560430063144,"High-income","Diarrheal diseases","Deaths","Both","Clostridium difficile","ass",112
0.116885178543003,-0.00619089168202303,0.240112735337039,"Latin America and Caribbean","Diarrheal diseases","Deaths","Both","Clostridium difficile","ass",112
0.739779391531137,0.453067554479136,1.02730955777413,"North Africa and Middle East","Diarrheal diseases","Deaths","Both","Clostridium difficile","ass",112
1.44436823587482,1.26792216865979,1.62112173721081,"South Asia","Diarrheal diseases","Deaths","Both","Clostridium difficile","ass",112
0.0501405611243344,-0.17493336658444,0.275721959297615,"Southeast Asia, East Asia, and Oceania","Diarrheal diseases","Deaths","Both","Clostridium difficile","ass",112
0.164407301681924,-0.197906092660416,0.528036009066124,"Sub-Saharan Africa","Diarrheal diseases","Deaths","Both","Clostridium difficile","ass",112
-0.120498349836995,-0.362569410486957,0.12216082712686,"Central Europe, Eastern Europe, and Central Asia","Diarrheal diseases","Deaths","Both","Clostridium difficile","ass",113
0.807925778377294,0.651080502076318,0.965015467759334,"Global","Diarrheal diseases","Deaths","Both","Clostridium difficile","ass",113
-1.5473849879921,-1.74803203816448,-1.34632818278296,"High-income","Diarrheal diseases","Deaths","Both","Clostridium difficile","ass",113
0.241284882853843,0.0971860769834798,0.385591131776963,"Latin America and Caribbean","Diarrheal diseases","Deaths","Both","Clostridium difficile","ass",113
0.782630799719564,0.492444654199531,1.07365489877276,"North Africa and Middle East","Diarrheal diseases","Deaths","Both","Clostridium difficile","ass",113
1.47546483036303,1.26986753235407,1.68147953040854,"South Asia","Diarrheal diseases","Deaths","Both","Clostridium difficile","ass",113
0.302595752081647,0.0598571754825139,0.545923196366926,"Southeast Asia, East Asia, and Oceania","Diarrheal diseases","Deaths","Both","Clostridium difficile","ass",113
0.31397167280065,0.0895558088134685,0.5388907109662,"Sub-Saharan Africa","Diarrheal diseases","Deaths","Both","Clostridium difficile","ass",113
-0.238133613475677,-0.519189660616548,0.043716481294731,"Central Europe, Eastern Europe, and Central Asia","Diarrheal diseases","Deaths","Both","Clostridium difficile","ass",114
0.887978258215516,0.70413028121965,1.07216187267283,"Global","Diarrheal diseases","Deaths","Both","Clostridium difficile","ass",114
-1.64831988828867,-1.87039073566204,-1.42574648657293,"High-income","Diarrheal diseases","Deaths","Both","Clostridium difficile","ass",114
0.0606518421662594,-0.0461257702595863,0.167543521791647,"Latin America and Caribbean","Diarrheal diseases","Deaths","Both","Clostridium difficile","ass",114
0.932867177426533,0.675027814644302,1.19136689400698,"North Africa and Middle East","Diarrheal diseases","Deaths","Both","Clostridium difficile","ass",114
1.43618061049191,1.24678892914571,1.62592656686593,"South Asia","Diarrheal diseases","Deaths","Both","Clostridium difficile","ass",114
0.163837866601169,-0.0419991152245003,0.370098715077938,"Southeast Asia, East Asia, and Oceania","Diarrheal diseases","Deaths","Both","Clostridium difficile","ass",114
0.479973317253668,0.176619745745388,0.784245500206193,"Sub-Saharan Africa","Diarrheal diseases","Deaths","Both","Clostridium difficile","ass",114
-0.13097153969851,-0.403673584209452,0.142477183005862,"Central Europe, Eastern Europe, and Central Asia","Diarrheal diseases","Deaths","Both","Clostridium difficile","ass",115
0.940792441356186,0.741063360820693,1.14091750446605,"Global","Diarrheal diseases","Deaths","Both","Clostridium difficile","ass",115
-1.63065638619131,-1.87696822209276,-1.38372624978074,"High-income","Diarrheal diseases","Deaths","Both","Clostridium difficile","ass",115
0.118265853677602,-0.0352147035405093,0.271982056692122,"Latin America and Caribbean","Diarrheal diseases","Deaths","Both","Clostridium difficile","ass",115
0.837332719707007,0.564885837452334,1.1105177055555,"North Africa and Middle East","Diarrheal diseases","Deaths","Both","Clostridium difficile","ass",115
1.58542009321581,1.36545865826951,1.80585884098152,"South Asia","Diarrheal diseases","Deaths","Both","Clostridium difficile","ass",115
0.354403240844015,0.135160281752755,0.574126225881977,"Southeast Asia, East Asia, and Oceania","Diarrheal diseases","Deaths","Both","Clostridium difficile","ass",115
0.0237494495339163,-0.28738086949589,0.335850579242081,"Sub-Saharan Africa","Diarrheal diseases","Deaths","Both","Clostridium difficile","ass",115
-0.168748271659036,-0.426903272474899,0.0900760264533673,"Central Europe, Eastern Europe, and Central Asia","Diarrheal diseases","Deaths","Both","Clostridium difficile","ass",116
0.812003771455228,0.636493797160886,0.987819835021142,"Global","Diarrheal diseases","Deaths","Both","Clostridium difficile","ass",116
-1.54340209108982,-1.81698690126795,-1.26905494284526,"High-income","Diarrheal diseases","Deaths","Both","Clostridium difficile","ass",116
0.277568578602394,0.111234329882315,0.444179190734451,"Latin America and Caribbean","Diarrheal diseases","Deaths","Both","Clostridium difficile","ass",116
0.941697766788607,0.675163490390496,1.20893768416144,"North Africa and Middle East","Diarrheal diseases","Deaths","Both","Clostridium difficile","ass",116
1.53333879692208,1.30520241564578,1.76198893472046,"South Asia","Diarrheal diseases","Deaths","Both","Clostridium difficile","ass",116
0.215115475701966,0.0097685887405774,0.420883994915666,"Southeast Asia, East Asia, and Oceania","Diarrheal diseases","Deaths","Both","Clostridium difficile","ass",116
0.311923913272527,0.0178127178949827,0.606899968547459,"Sub-Saharan Africa","Diarrheal diseases","Deaths","Both","Clostridium difficile","ass",116
-0.157805131240119,-0.399365040346367,0.0843406294494198,"Central Europe, Eastern Europe, and Central Asia","Diarrheal diseases","Deaths","Both","Clostridium difficile","ass",117
0.832895303506698,0.662708177666871,1.00337015911582,"Global","Diarrheal diseases","Deaths","Both","Clostridium difficile","ass",117
-1.68401700139396,-1.95712011079958,-1.41015315027561,"High-income","Diarrheal diseases","Deaths","Both","Clostridium difficile","ass",117
0.169876420876425,0.0249655138974347,0.314997267152584,"Latin America and Caribbean","Diarrheal diseases","Deaths","Both","Clostridium difficile","ass",117
0.864489774024002,0.536810092824092,1.19323746179159,"North Africa and Middle East","Diarrheal diseases","Deaths","Both","Clostridium difficile","ass",117
1.51428970127514,1.31249331082341,1.71648803409219,"South Asia","Diarrheal diseases","Deaths","Both","Clostridium difficile","ass",117
0.253360759413823,0.0669526881398541,0.44011607788681,"Southeast Asia, East Asia, and Oceania","Diarrheal diseases","Deaths","Both","Clostridium difficile","ass",117
0.272376183316614,-0.012466599512817,0.558030421416245,"Sub-Saharan Africa","Diarrheal diseases","Deaths","Both","Clostridium difficile","ass",117
-0.0986705882790484,-0.374769633291006,0.178193631201018,"Central Europe, Eastern Europe, and Central Asia","Diarrheal diseases","Deaths","Both","Clostridium difficile","ass",118
0.678986986818941,0.494507623556961,0.86380500177714,"Global","Diarrheal diseases","Deaths","Both","Clostridium difficile","ass",118
-1.52178427737423,-1.77759185441396,-1.26531048253647,"High-income","Diarrheal diseases","Deaths","Both","Clostridium difficile","ass",118
0.236344112317388,0.112873212543629,0.359967290840157,"Latin America and Caribbean","Diarrheal diseases","Deaths","Both","Clostridium difficile","ass",118
0.847726038732732,0.545044297120034,1.15131897629095,"North Africa and Middle East","Diarrheal diseases","Deaths","Both","Clostridium difficile","ass",118
1.63837667182356,1.41001692963025,1.8672506449916,"South Asia","Diarrheal diseases","Deaths","Both","Clostridium difficile","ass",118
0.297599025035189,0.0879546986379154,0.507682472640636,"Southeast Asia, East Asia, and Oceania","Diarrheal diseases","Deaths","Both","Clostridium difficile","ass",118
0.155737845766524,-0.106992934084005,0.419159639579969,"Sub-Saharan Africa","Diarrheal diseases","Deaths","Both","Clostridium difficile","ass",118
-0.246224822393626,-0.516538700977243,0.024823546043895,"Central Europe, Eastern Europe, and Central Asia","Diarrheal diseases","Deaths","Both","Clostridium difficile","ass",119
0.805349120031784,0.59130563411609,1.01984805896678,"Global","Diarrheal diseases","Deaths","Both","Clostridium difficile","ass",119
-1.64957530001008,-1.86393774664538,-1.43474461308194,"High-income","Diarrheal diseases","Deaths","Both","Clostridium difficile","ass",119
0.134657503459912,-0.00842147293184103,0.277941213028043,"Latin America and Caribbean","Diarrheal diseases","Deaths","Both","Clostridium difficile","ass",119
0.73795662668692,0.39779276449643,1.07927301872848,"North Africa and Middle East","Diarrheal diseases","Deaths","Both","Clostridium difficile","ass",119
1.49331287725005,1.26960400099125,1.71751593596186,"South Asia","Diarrheal diseases","Deaths","Both","Clostridium difficile","ass",119
0.20365118657848,0.0319904385852166,0.37560651445836,"Southeast Asia, East Asia, and Oceania","Diarrheal diseases","Deaths","Both","Clostridium difficile","ass",119
0.210432093287793,-0.0645565193199138,0.486177381749742,"Sub-Saharan Africa","Diarrheal diseases","Deaths","Both","Clostridium difficile","ass",119
-0.0655867471656135,-0.326023592447033,0.195530590184312,"Central Europe, Eastern Europe, and Central Asia","Diarrheal diseases","Deaths","Both","Clostridium difficile","ass",120
0.805747950570401,0.642779000267635,0.968980793414964,"Global","Diarrheal diseases","Deaths","Both","Clostridium difficile","ass",120
-1.55905721777758,-1.82404518317997,-1.29335401999535,"High-income","Diarrheal diseases","Deaths","Both","Clostridium difficile","ass",120
0.08129447314833,-0.0801514979952511,0.243001301388768,"Latin America and Caribbean","Diarrheal diseases","Deaths","Both","Clostridium difficile","ass",120
0.849681249502532,0.556718604278061,1.14349741414059,"North Africa and Middle East","Diarrheal diseases","Deaths","Both","Clostridium difficile","ass",120
1.43635185009106,1.24659672852674,1.62646260836141,"South Asia","Diarrheal diseases","Deaths","Both","Clostridium difficile","ass",120
0.264369105561468,0.0571600243295611,0.472007297547017,"Southeast Asia, East Asia, and Oceania","Diarrheal diseases","Deaths","Both","Clostridium difficile","ass",120
0.00499105689528712,-0.346608178171115,0.35783081192633,"Sub-Saharan Africa","Diarrheal diseases","Deaths","Both","Clostridium difficile","ass",120
-0.115985580066658,-0.37707072977925,0.145783804248345,"Central Europe, Eastern Europe, and Central Asia","Diarrheal diseases","Deaths","Both","Clostridium difficile","ass",121
0.907394510337634,0.721279088690285,1.09385384094334,"Global","Diarrheal diseases","Deaths","Both","Clostridium difficile","ass",121
-1.55585344213489,-1.84337278294877,-1.26749190274832,"High-income","Diarrheal diseases","Deaths","Both","Clostridium difficile","ass",121
0.120380735898706,-0.0064917996239866,0.247414248274391,"Latin America and Caribbean","Diarrheal diseases","Deaths","Both","Clostridium difficile","ass",121
0.788041792416871,0.537591138569193,1.03911634752678,"North Africa and Middle East","Diarrheal diseases","Deaths","Both","Clostridium difficile","ass",121
1.46008557647881,1.18961168736975,1.73128242640834,"South Asia","Diarrheal diseases","Deaths","Both","Clostridium difficile","ass",121
0.155028164945659,-0.0608794667791068,0.37140224169403,"Southeast Asia, East Asia, and Oceania","Diarrheal diseases","Deaths","Both","Clostridium difficile","ass",121
0.253009463580622,-0.00398115584835379,0.510660551088593,"Sub-Saharan Africa","Diarrheal diseases","Deaths","Both","Clostridium difficile","ass",121
-0.1229431155788,-0.409732882130387,0.164672518525699,"Central Europe, Eastern Europe, and Central Asia","Diarrheal diseases","Deaths","Both","Clostridium difficile","ass",122
0.741808535654687,0.592306487505856,0.891532776366577,"Global","Diarrheal diseases","Deaths","Both","Clostridium difficile","ass",122
-1.5916976900033,-1.85656264489668,-1.32611792985936,"High-income","Diarrheal diseases","Deaths","Both","Clostridium difficile","ass",122
0.157890386870663,0.00637341653861867,0.309636916494926,"Latin America and Caribbean","Diarrheal diseases","Deaths","Both","Clostridium difficile","ass",122
1.02126836902654,0.791746805118643,1.25131259624733,"North Africa and Middle East","Diarrheal diseases","Deaths","Both","Clostridium difficile","ass",122
1.48535783746362,1.2696639283132,1.70151115232982,"South Asia","Diarrheal diseases","Deaths","Both","Clostridium difficile","ass",122
0.314118573885214,0.100781074184697,0.527910744251536,"Southeast Asia, East Asia, and Oceania","Diarrheal diseases","Deaths","Both","Clostridium difficile","ass",122
0.22992072183603,0.0188454187104004,0.441441468851811,"Sub-Saharan Africa","Diarrheal diseases","Deaths","Both","Clostridium difficile","ass",122
-0.12995972923624,-0.386656213748615,0.127398243814292,"Central Europe, Eastern Europe, and Central Asia","Diarrheal diseases","Deaths","Both","Clostridium difficile","ass",123
0.850502544474407,0.690158537181107,1.01110189152531,"Global","Diarrheal diseases","Deaths","Both","Clostridium difficile","ass",123
-1.65071459928721,-1.88408420736945,-1.41678991944584,"High-income","Diarrheal diseases","Deaths","Both","Clostridium difficile","ass",123
0.256361272733385,0.12129182748164,0.391612934521768,"Latin America and Caribbean","Diarrheal diseases","Deaths","Both","Clostridium difficile","ass",123
0.64776485508089,0.316671788486644,0.979950687381881,"North Africa and Middle East","Diarrheal diseases","Deaths","Both","Clostridium difficile","ass",123
1.51746814752158,1.29559115989779,1.73983113258191,"South Asia","Diarrheal diseases","Deaths","Both","Clostridium difficile","ass",123
0.249230972044034,0.0285783420561403,0.470370338761827,"Southeast Asia, East Asia, and Oceania","Diarrheal diseases","Deaths","Both","Clostridium difficile","ass",123
0.181934967371755,-0.0935788917848734,0.458208616397182,"Sub-Saharan Africa","Diarrheal diseases","Deaths","Both","Clostridium difficile","ass",123
-0.0199942562416733,-0.268171969161746,0.22880103462124,"Central Europe, Eastern Europe, and Central Asia","Diarrheal diseases","Deaths","Both","Clostridium difficile","ass",124
0.695474838928911,0.531960222371164,0.859255411007331,"Global","Diarrheal diseases","Deaths","Both","Clostridium difficile","ass",124
-1.69418775065957,-1.9750526860869,-1.41251806996979,"High-income","Diarrheal diseases","Deaths","Both","Clostridium difficile","ass",124
0.162821650764222,0.0353716650916436,0.290434013989649,"Latin America and Caribbean","Diarrheal diseases","Deaths","Both","Clostridium difficile","ass",124
0.87418539768982,0.600127430564523,1.14898996197421,"North Africa and Middle East","Diarrheal diseases","Deaths","Both","Clostridium difficile","ass",124
1.3767380785934,1.17321278906921,1.58067279016059,"South Asia","Diarrheal diseases","Deaths","Both","Clostridium difficile","ass",124
0.202792684810471,-0.0603109031896309,0.46658892553586,"Southeast Asia, East Asia, and Oceania","Diarrheal diseases","Deaths","Both","Clostridium difficile","ass",124
0.399165369426413,0.172471650728823,0.626372103738482,"Sub-Saharan Africa","Diarrheal diseases","Deaths","Both","Clostridium difficile","ass",124
-0.0486340120847029,-0.308742304420573,0.212152938794619,"Central Europe, Eastern Europe, and Central Asia","Diarrheal diseases","Deaths","Both","Clostridium difficile","ass",125
0.762257325600446,0.586108423388243,0.938714704164245,"Global","Diarrheal diseases","Deaths","Both","Clostridium difficile","ass",125
-1.53019956597048,-1.78719388381957,-1.27253276881836,"High-income","Diarrheal diseases","Deaths","Both","Clostridium difficile","ass",125
0.159040372871244,0.00791174406524764,0.310397382232774,"Latin America and Caribbean","Diarrheal diseases","Deaths","Both","Clostridium difficile","ass",125
0.746938665442887,0.467965502413503,1.02668646370352,"North Africa and Middle East","Diarrheal diseases","Deaths","Both","Clostridium difficile","ass",125
1.44441668761024,1.21916716172619,1.67016747575848,"South Asia","Diarrheal diseases","Deaths","Both","Clostridium difficile","ass",125
0.352276553330566,0.133989796447542,0.571039163700804,"Southeast Asia, East Asia, and Oceania","Diarrheal diseases","Deaths","Both","Clostridium difficile","ass",125
-0.190128068177065,-0.489569471530227,0.110214398045261,"Sub-Saharan Africa","Diarrheal diseases","Deaths","Both","Clostridium difficile","ass",125
-0.184122760561944,-0.412367762872434,0.0446453567168215,"Central Europe, Eastern Europe, and Central Asia","Diarrheal diseases","Deaths","Both","Clostridium difficile","ass",126
0.696358507435035,0.535607087742496,0.857366960627282,"Global","Diarrheal diseases","Deaths","Both","Clostridium difficile","ass",126
-1.50257186356926,-1.7699437044839,-1.23447226473601,"High-income","Diarrheal diseases","Deaths","Both","Clostridium difficile","ass",126
-0.00430959365600447,-0.181875432400691,0.173572115850895,"Latin America and Caribbean","Diarrheal diseases","Deaths","Both","Clostridium difficile","ass",126
0.705107567968621,0.420039116827353,0.990985260199162,"North Africa and Middle East","Diarrheal diseases","Deaths","Both","Clostridium difficile","ass",126
1.46988705020821,1.2798046472476,1.66032620069656,"South Asia","Diarrheal diseases","Deaths","Both","Clostridium difficile","ass",126
0.264440758286977,0.0349048853568679,0.494503314548478,"Southeast Asia, East Asia, and Oceania","Diarrheal diseases","Deaths","Both","Clostridium difficile","ass",126
0.187876233666096,-0.107084603818508,0.483708022762275,"Sub-Saharan Africa","Diarrheal diseases","Deaths","Both","Clostridium difficile","ass",126
-0.100531871104803,-0.358818512560888,0.158424292612658,"Central Europe, Eastern Europe, and Central Asia","Diarrheal diseases","Deaths","Both","Clostridium difficile","ass",127
0.743319330197822,0.552082994870307,0.934919370929155,"Global","Diarrheal diseases","Deaths","Both","Clostridium difficile","ass",127
-1.47677258512113,-1.65477442272078,-1.29844856966279,"High-income","Diarrheal diseases","Deaths","Both","Clostridium difficile","ass",127
0.232395021596488,0.0907081368339169,0.374282476159071,"Latin America and Caribbean","Diarrheal diseases","Deaths","Both","Clostridium difficile","ass",127
0.930120673553558,0.608697964673532,1.25257025744414,"North Africa and Middle East","Diarrheal diseases","Deaths","Both","Clostridium difficile","ass",127
1.50924638691892,1.30332046453279,1.71559090847158,"South Asia","Diarrheal diseases","Deaths","Both","Clostridium difficile","ass",127
0.271403801016912,0.0578439765168026,0.485419439842283,"Southeast Asia, East Asia, and Oceania","Diarrheal diseases","Deaths","Both","Clostridium difficile","ass",127
0.272363790721664,-0.0247303708189928,0.570340820006976,"Sub-Saharan Africa","Diarrheal diseases","Deaths","Both","Clostridium difficile","ass",127
-0.00310795936629971,-0.265277172580169,0.259750408982407,"Central Europe, Eastern Europe, and Central Asia","Diarrheal diseases","Deaths","Both","Clostridium difficile","ass",128
0.902761630178817,0.707719033451881,1.09818196969353,"Global","Diarrheal diseases","Deaths","Both","Clostridium difficile","ass",128
-1.63944789925572,-1.90090042443212,-1.37729855399414,"High-income","Diarrheal diseases","Deaths","Both","Clostridium difficile","ass",128
0.218348639632171,0.0873813905838183,0.349487263134374,"Latin America and Caribbean","Diarrheal diseases","Deaths","Both","Clostridium difficile","ass",128
0.833912256835334,0.555064687495177,1.11353309370976,"North Africa and Middle East","Diarrheal diseases","Deaths","Both","Clostridium difficile","ass",128
1.46256891032117,1.23433110839728,1.69132128564775,"South Asia","Diarrheal diseases","Deaths","Both","Clostridium difficile","ass",128
0.286384829336184,0.0395722828263168,0.533806299212314,"Southeast Asia, East Asia, and Oceania","Diarrheal diseases","Deaths","Both","Clostridium difficile","ass",128
0.282137407599392,0.0413048573320918,0.523549721568806,"Sub-Saharan Africa","Diarrheal diseases","Deaths","Both","Clostridium difficile","ass",128
-0.129644796418227,-0.390792146019281,0.132187208142676,"Central Europe, Eastern Europe, and Central Asia","Diarrheal diseases","Deaths","Both","Clostridium difficile","ass",129
0.783924929736046,0.614568894989098,0.953566027241015,"Global","Diarrheal diseases","Deaths","Both","Clostridium difficile","ass",129
-1.59936156622135,-1.85325044988309,-1.34481591536616,"High-income","Diarrheal diseases","Deaths","Both","Clostridium difficile","ass",129
0.19283544968538,0.0425243845213474,0.343372352976234,"Latin America and Caribbean","Diarrheal diseases","Deaths","Both","Clostridium difficile","ass",129
0.830644045753615,0.542119463087842,1.11999660414983,"North Africa and Middle East","Diarrheal diseases","Deaths","Both","Clostridium difficile","ass",129
1.67096377660407,1.50265284655153,1.83955379856582,"South Asia","Diarrheal diseases","Deaths","Both","Clostridium difficile","ass",129
0.0592287688356397,-0.178190098144726,0.297212319209872,"Southeast Asia, East Asia, and Oceania","Diarrheal diseases","Deaths","Both","Clostridium difficile","ass",129
0.047506925572649,-0.273475260728362,0.369522232843167,"Sub-Saharan Africa","Diarrheal diseases","Deaths","Both","Clostridium difficile","ass",129
-0.0589876125179689,-0.315381495395228,0.198065728399688,"Central Europe, Eastern Europe, and Central Asia","Diarrheal diseases","Deaths","Both","Clostridium difficile","ass",130
0.687067407332598,0.523596415038097,0.85080423537387,"Global","Diarrheal diseases","Deaths","Both","Clostridium difficile","ass",130
-1.68222555932006,-1.89455925633669,-1.46943229962733,"High-income","Diarrheal diseases","Deaths","Both","Clostridium difficile","ass",130
0.127026920583684,-0.00674408150156403,0.260976881548047,"Latin America and Caribbean","Diarrheal diseases","Deaths","Both","Clostridium difficile","ass",130
0.852036872117323,0.636643209554122,1.06789154399476,"North Africa and Middle East","Diarrheal diseases","Deaths","Both","Clostridium difficile","ass",130
1.51968453705997,1.31220683845283,1.72758713012713,"South Asia","Diarrheal diseases","Deaths","Both","Clostridium difficile","ass",130
0.285120138286965,0.0955506835867315,0.475048615720053,"Southeast Asia, East Asia, and Oceania","Diarrheal diseases","Deaths","Both","Clostridium difficile","ass",130
0.431597816213936,0.205564377605572,0.658141117879185,"Sub-Saharan Africa","Diarrheal diseases","Deaths","Both","Clostridium difficile","ass",130
-0.183711608810433,-0.409197013861817,0.0422843219759272,"Central Europe, Eastern Europe, and Central Asia","Diarrheal diseases","Deaths","Both","Clostridium difficile","ass",131
0.788916712763577,0.591097906917892,0.987124541900175,"Global","Diarrheal diseases","Deaths","Both","Clostridium difficile","ass",131
-1.67541152196199,-1.93394428292463,-1.41619718786986,"High-income","Diarrheal diseases","Deaths","Both","Clostridium difficile","ass",131
0.34299564610285,0.177582222988537,0.508682200190602,"Latin America and Caribbean","Diarrheal diseases","Deaths","Both","Clostridium difficile","ass",131
0.745620771893019,0.48167169365676,1.01026320161046,"North Africa and Middle East","Diarrheal diseases","Deaths","Both","Clostridium difficile","ass",131
1.45534119088062,1.25771957663012,1.65334849723027,"South Asia","Diarrheal diseases","Deaths","Both","Clostridium difficile","ass",131
0.183192823574241,-0.00310222472907906,0.369834941094638,"Southeast Asia, East Asia, and Oceania","Diarrheal diseases","Deaths","Both","Clostridium difficile","ass",131
-0.26771895141311,-0.682157333551803,0.148448819604541,"Sub-Saharan Africa","Diarrheal diseases","Deaths","Both","Clostridium difficile","ass",131
0.0604826307629258,-0.182616263805346,0.304173577239686,"Central Europe, Eastern Europe, and Central Asia","Diarrheal diseases","Deaths","Both","Clostridium difficile","ass",132
1.05051986673146,0.887909856650482,1.2133919698166,"Global","Diarrheal diseases","Deaths","Both","Clostridium difficile","ass",132
-1.59578491374461,-1.85165313847614,-1.33924965232302,"High-income","Diarrheal diseases","Deaths","Both","Clostridium difficile","ass",132
0.205934420628751,0.0393223381169427,0.372823989886673,"Latin America and Caribbean","Diarrheal diseases","Deaths","Both","Clostridium difficile","ass",132
0.844617348814047,0.566844079284623,1.12315784923327,"North Africa and Middle East","Diarrheal diseases","Deaths","Both","Clostridium difficile","ass",132
1.64684544088782,1.43913989024054,1.85497628689761,"South Asia","Diarrheal diseases","Deaths","Both","Clostridium difficile","ass",132
0.411966290570964,0.238403379503205,0.585829726019438,"Southeast Asia, East Asia, and Oceania","Diarrheal diseases","Deaths","Both","Clostridium difficile","ass",132
0.233531674297716,-0.037940592900132,0.505741193131781,"Sub-Saharan Africa","Diarrheal diseases","Deaths","Both","Clostridium difficile","ass",132
-0.0769269316143517,-0.322165280476316,0.16891477954899,"Central Europe, Eastern Europe, and Central Asia","Diarrheal diseases","Deaths","Both","Clostridium difficile","ass",133
0.76847374021225,0.600994839759883,0.936231456814896,"Global","Diarrheal diseases","Deaths","Both","Clostridium difficile","ass",133
-1.52302297791325,-1.73833039052916,-1.30724379149059,"High-income","Diarrheal diseases","Deaths","Both","Clostridium difficile","ass",133
0.197591838708955,0.0745579451343348,0.320776992896432,"Latin America and Caribbean","Diarrheal diseases","Deaths","Both","Clostridium difficile","ass",133
0.810056457946184,0.482826929760383,1.13835163254528,"North Africa and Middle East","Diarrheal diseases","Deaths","Both","Clostridium difficile","ass",133
1.62312717715738,1.44694464473982,1.79961568512537,"South Asia","Diarrheal diseases","Deaths","Both","Clostridium difficile","ass",133
0.373795284621958,0.145342313947916,0.602769405442394,"Southeast Asia, East Asia, and Oceania","Diarrheal diseases","Deaths","Both","Clostridium difficile","ass",133
0.103085860027941,-0.297134482983175,0.504912739843499,"Sub-Saharan Africa","Diarrheal diseases","Deaths","Both","Clostridium difficile","ass",133
-0.0868580155876542,-0.314784961074599,0.141590077317799,"Central Europe, Eastern Europe, and Central Asia","Diarrheal diseases","Deaths","Both","Clostridium difficile","ass",134
0.689108070057798,0.519135604476828,0.859367949959267,"Global","Diarrheal diseases","Deaths","Both","Clostridium difficile","ass",134
-1.61522314131733,-1.8738995893346,-1.35586477987969,"High-income","Diarrheal diseases","Deaths","Both","Clostridium difficile","ass",134
0.126495538076754,0.00320604426438109,0.249937030008818,"Latin America and Caribbean","Diarrheal diseases","Deaths","Both","Clostridium difficile","ass",134
0.796961714428224,0.5038277401757,1.09095065638491,"North Africa and Middle East","Diarrheal diseases","Deaths","Both","Clostridium difficile","ass",134
1.68518969617015,1.44113735622069,1.92982918987386,"South Asia","Diarrheal diseases","Deaths","Both","Clostridium difficile","ass",134
0.333849616033866,0.115950006530352,0.552223478039804,"Southeast Asia, East Asia, and Oceania","Diarrheal diseases","Deaths","Both","Clostridium difficile","ass",134
0.194228684892717,-0.0801905338648101,0.469401567093208,"Sub-Saharan Africa","Diarrheal diseases","Deaths","Both","Clostridium difficile","ass",134
-0.140434189830729,-0.386564599295447,0.106304372321619,"Central Europe, Eastern Europe, and Central Asia","Diarrheal diseases","Deaths","Both","Clostridium difficile","ass",135
0.795360247355847,0.579768662773983,1.01141395003523,"Global","Diarrheal diseases","Deaths","Both","Clostridium difficile","ass",135
-1.46459110470524,-1.69071915867712,-1.23794291777789,"High-income","Diarrheal diseases","Deaths","Both","Clostridium difficile","ass",135
0.212716258988377,0.0859773559042765,0.339615651583403,"Latin America and Caribbean","Diarrheal diseases","Deaths","Both","Clostridium difficile","ass",135
0.780184457822419,0.510900456265428,1.05018991220855,"North Africa and Middle East","Diarrheal diseases","Deaths","Both","Clostridium difficile","ass",135
1.64156224946137,1.41747394928247,1.86614568686192,"South Asia","Diarrheal diseases","Deaths","Both","Clostridium difficile","ass",135
0.312475402906975,0.106192137948402,0.519183744321783,"Southeast Asia, East Asia, and Oceania","Diarrheal diseases","Deaths","Both","Clostridium difficile","ass",135
0.240673016463067,-0.0473759658231598,0.52955211418646,"Sub-Saharan Africa","Diarrheal diseases","Deaths","Both","Clostridium difficile","ass",135
-0.201827265242105,-0.443272004442041,0.0402030251632768,"Central Europe, Eastern Europe, and Central Asia","Diarrheal diseases","Deaths","Both","Clostridium difficile","ass",136
0.744250071473829,0.586757239098312,0.90198949686946,"Global","Diarrheal diseases","Deaths","Both","Clostridium difficile","ass",136
-1.48412607403439,-1.72899316176932,-1.23864883797,"High-income","Diarrheal diseases","Deaths","Both","Clostridium difficile","ass",136
0.216491378564654,0.0883210821739366,0.344825806241644,"Latin America and Caribbean","Diarrheal diseases","Deaths","Both","Clostridium difficile","ass",136
0.78991619876525,0.462878610179596,1.11801839535164,"North Africa and Middle East","Diarrheal diseases","Deaths","Both","Clostridium difficile","ass",136
1.59692276349102,1.419047969458,1.77510952497972,"South Asia","Diarrheal diseases","Deaths","Both","Clostridium difficile","ass",136
0.147908487253279,-0.0681513858989513,0.364435497453752,"Southeast Asia, East Asia, and Oceania","Diarrheal diseases","Deaths","Both","Clostridium difficile","ass",136
0.307172050224036,0.0732232382578024,0.541667782183941,"Sub-Saharan Africa","Diarrheal diseases","Deaths","Both","Clostridium difficile","ass",136
-0.187193586853351,-0.439378680800784,0.0656302869727732,"Central Europe, Eastern Europe, and Central Asia","Diarrheal diseases","Deaths","Both","Clostridium difficile","ass",137
0.875898501230465,0.704251068257378,1.04783850220274,"Global","Diarrheal diseases","Deaths","Both","Clostridium difficile","ass",137
-1.49558431320242,-1.74509648307571,-1.24543852281059,"High-income","Diarrheal diseases","Deaths","Both","Clostridium difficile","ass",137
0.206813671707851,0.069830221786682,0.343984635343308,"Latin America and Caribbean","Diarrheal diseases","Deaths","Both","Clostridium difficile","ass",137
0.800418426812777,0.474694678622734,1.1271981220796,"North Africa and Middle East","Diarrheal diseases","Deaths","Both","Clostridium difficile","ass",137
1.47695066373519,1.2656524841014,1.68868973245249,"South Asia","Diarrheal diseases","Deaths","Both","Clostridium difficile","ass",137
0.150267243719604,-0.0591068554146035,0.360079977250671,"Southeast Asia, East Asia, and Oceania","Diarrheal diseases","Deaths","Both","Clostridium difficile","ass",137
0.0594552938332438,-0.205752781405555,0.32536817245632,"Sub-Saharan Africa","Diarrheal diseases","Deaths","Both","Clostridium difficile","ass",137
-0.170895010964311,-0.418505000919711,0.0773306627295911,"Central Europe, Eastern Europe, and Central Asia","Diarrheal diseases","Deaths","Both","Clostridium difficile","ass",138
0.908596424397312,0.740985570330754,1.07648614607911,"Global","Diarrheal diseases","Deaths","Both","Clostridium difficile","ass",138
-1.53744548830981,-1.7487495348207,-1.32568700076268,"High-income","Diarrheal diseases","Deaths","Both","Clostridium difficile","ass",138
0.212736844534867,0.0388584036082218,0.386917505145945,"Latin America and Caribbean","Diarrheal diseases","Deaths","Both","Clostridium difficile","ass",138
0.789492012625903,0.527993241643521,1.05167100814099,"North Africa and Middle East","Diarrheal diseases","Deaths","Both","Clostridium difficile","ass",138
1.52099985143208,1.2858131018805,1.75673270715069,"South Asia","Diarrheal diseases","Deaths","Both","Clostridium difficile","ass",138
0.220413002641706,0.0218753402403182,0.419344750869399,"Southeast Asia, East Asia, and Oceania","Diarrheal diseases","Deaths","Both","Clostridium difficile","ass",138
-0.0561489859233211,-0.459851858181493,0.349191175530339,"Sub-Saharan Africa","Diarrheal diseases","Deaths","Both","Clostridium difficile","ass",138
-0.120922535036494,-0.398503620636192,0.157432145959713,"Central Europe, Eastern Europe, and Central Asia","Diarrheal diseases","Deaths","Both","Clostridium difficile","ass",139
0.933258073045073,0.741598860221426,1.12528191432684,"Global","Diarrheal diseases","Deaths","Both","Clostridium difficile","ass",139
-1.59230101704929,-1.8824732579492,-1.30127062233951,"High-income","Diarrheal diseases","Deaths","Both","Clostridium difficile","ass",139
0.247425626481523,0.136837104582521,0.358136279471655,"Latin America and Caribbean","Diarrheal diseases","Deaths","Both","Clostridium difficile","ass",139
0.881411214242789,0.530936516312597,1.23310775012799,"North Africa and Middle East","Diarrheal diseases","Deaths","Both","Clostridium difficile","ass",139
1.45500279606314,1.25392926503023,1.6564756258213,"South Asia","Diarrheal diseases","Deaths","Both","Clostridium difficile","ass",139
0.190215994413157,-0.0723882098924156,0.453510307957661,"Southeast Asia, East Asia, and Oceania","Diarrheal diseases","Deaths","Both","Clostridium difficile","ass",139
0.430854070909414,0.101353327474007,0.761439422457677,"Sub-Saharan Africa","Diarrheal diseases","Deaths","Both","Clostridium difficile","ass",139
0.00915457818484455,-0.235219354353233,0.254127104921387,"Central Europe, Eastern Europe, and Central Asia","Diarrheal diseases","Deaths","Both","Clostridium difficile","ass",140
0.777447695374667,0.598156119662696,0.957058814409928,"Global","Diarrheal diseases","Deaths","Both","Clostridium difficile","ass",140
-1.50223550274173,-1.74825714018102,-1.2555978289419,"High-income","Diarrheal diseases","Deaths","Both","Clostridium difficile","ass",140
0.191161660892081,0.0395583673935773,0.342994699093357,"Latin America and Caribbean","Diarrheal diseases","Deaths","Both","Clostridium difficile","ass",140
0.823856482768615,0.446112585546921,1.20302094718017,"North Africa and Middle East","Diarrheal diseases","Deaths","Both","Clostridium difficile","ass",140
1.59737544817673,1.40314679333151,1.79197613063213,"South Asia","Diarrheal diseases","Deaths","Both","Clostridium difficile","ass",140
0.324776198780818,0.0971405738275477,0.552929500637256,"Southeast Asia, East Asia, and Oceania","Diarrheal diseases","Deaths","Both","Clostridium difficile","ass",140
0.210689423943866,-0.0938440405018781,0.516151165832346,"Sub-Saharan Africa","Diarrheal diseases","Deaths","Both","Clostridium difficile","ass",140
-0.142625432253207,-0.386337547498672,0.101682942517867,"Central Europe, Eastern Europe, and Central Asia","Diarrheal diseases","Deaths","Both","Clostridium difficile","ass",141
0.847524403416511,0.656865253248373,1.03854469051705,"Global","Diarrheal diseases","Deaths","Both","Clostridium difficile","ass",141
-1.54108661807733,-1.80607939442456,-1.27537871424477,"High-income","Diarrheal diseases","Deaths","Both","Clostridium difficile","ass",141
0.277037930836155,0.134211284214691,0.420068298550791,"Latin America and Caribbean","Diarrheal diseases","Deaths","Both","Clostridium difficile","ass",141
0.756698322984639,0.484113962475208,1.03002212608516,"North Africa and Middle East","Diarrheal diseases","Deaths","Both","Clostridium difficile","ass",141
1.50932069111669,1.30956811665255,1.7094671187158,"South Asia","Diarrheal diseases","Deaths","Both","Clostridium difficile","ass",141
0.239441855564171,0.0153051934547399,0.464080813229328,"Southeast Asia, East Asia, and Oceania","Diarrheal diseases","Deaths","Both","Clostridium difficile","ass",141
0.322082307090055,0.0793913950677627,0.565361740664638,"Sub-Saharan Africa","Diarrheal diseases","Deaths","Both","Clostridium difficile","ass",141
-0.197390408966069,-0.439097721261439,0.0449037042067557,"Central Europe, Eastern Europe, and Central Asia","Diarrheal diseases","Deaths","Both","Clostridium difficile","ass",142
0.839396710974905,0.687094452968973,0.991929345852061,"Global","Diarrheal diseases","Deaths","Both","Clostridium difficile","ass",142
-1.65323932250857,-1.96055923769713,-1.34495606512285,"High-income","Diarrheal diseases","Deaths","Both","Clostridium difficile","ass",142
0.16252053968564,0.0128710294656109,0.312393970843816,"Latin America and Caribbean","Diarrheal diseases","Deaths","Both","Clostridium difficile","ass",142
0.935045037369053,0.65327335221117,1.21760552233356,"North Africa and Middle East","Diarrheal diseases","Deaths","Both","Clostridium difficile","ass",142
1.59921829029628,1.37494893977677,1.82398378648203,"South Asia","Diarrheal diseases","Deaths","Both","Clostridium difficile","ass",142
0.13603841445653,-0.100710972324769,0.373348869016055,"Southeast Asia, East Asia, and Oceania","Diarrheal diseases","Deaths","Both","Clostridium difficile","ass",142
0.416258266237701,0.174475681126451,0.658624421345855,"Sub-Saharan Africa","Diarrheal diseases","Deaths","Both","Clostridium difficile","ass",142
-0.0866827356198363,-0.362193081544271,0.189589429066572,"Central Europe, Eastern Europe, and Central Asia","Diarrheal diseases","Deaths","Both","Clostridium difficile","ass",143
0.891827528603528,0.706696968159437,1.07729841720297,"Global","Diarrheal diseases","Deaths","Both","Clostridium difficile","ass",143
-1.67291296418485,-1.93158609139643,-1.41355753995147,"High-income","Diarrheal diseases","Deaths","Both","Clostridium difficile","ass",143
0.147756188296166,9.52693200106935e-05,0.295635144534545,"Latin America and Caribbean","Diarrheal diseases","Deaths","Both","Clostridium difficile","ass",143
0.824490352442186,0.515596807375429,1.13433315538747,"North Africa and Middle East","Diarrheal diseases","Deaths","Both","Clostridium difficile","ass",143
1.40465416680267,1.21239685117598,1.59727668349721,"South Asia","Diarrheal diseases","Deaths","Both","Clostridium difficile","ass",143
0.255208461628009,0.034030363484705,0.476875590863246,"Southeast Asia, East Asia, and Oceania","Diarrheal diseases","Deaths","Both","Clostridium difficile","ass",143
0.237903337522782,-0.0346653213445847,0.511215190758807,"Sub-Saharan Africa","Diarrheal diseases","Deaths","Both","Clostridium difficile","ass",143
-0.0913380113590767,-0.346348788645179,0.164325331043713,"Central Europe, Eastern Europe, and Central Asia","Diarrheal diseases","Deaths","Both","Clostridium difficile","ass",144
0.794471285317933,0.643026163353455,0.946144298134266,"Global","Diarrheal diseases","Deaths","Both","Clostridium difficile","ass",144
-1.50810095868114,-1.71686231857321,-1.29889617272014,"High-income","Diarrheal diseases","Deaths","Both","Clostridium difficile","ass",144
0.156775140001786,0.00217927316401578,0.311610000451679,"Latin America and Caribbean","Diarrheal diseases","Deaths","Both","Clostridium difficile","ass",144
0.717180593857547,0.365134134568779,1.07046191135245,"North Africa and Middle East","Diarrheal diseases","Deaths","Both","Clostridium difficile","ass",144
1.48092588573741,1.29736880213376,1.66481558610436,"South Asia","Diarrheal diseases","Deaths","Both","Clostridium difficile","ass",144
0.391658719324228,0.157177526222108,0.626688863897207,"Southeast Asia, East Asia, and Oceania","Diarrheal diseases","Deaths","Both","Clostridium difficile","ass",144
0.445892659789338,0.151572400916189,0.74107785181039,"Sub-Saharan Africa","Diarrheal diseases","Deaths","Both","Clostridium difficile","ass",144
-0.103599894711992,-0.380324973971646,0.173893875767273,"Central Europe, Eastern Europe, and Central Asia","Diarrheal diseases","Deaths","Both","Clostridium difficile","ass",145
0.79625527870828,0.634470927372721,0.958299721601907,"Global","Diarrheal diseases","Deaths","Both","Clostridium difficile","ass",145
-1.54501670672276,-1.82513336996786,-1.26410080281942,"High-income","Diarrheal diseases","Deaths","Both","Clostridium difficile","ass",145
0.158435642769095,0.0394535739816293,0.277559223052148,"Latin America and Caribbean","Diarrheal diseases","Deaths","Both","Clostridium difficile","ass",145
0.915813392497422,0.664339540540215,1.16791546193968,"North Africa and Middle East","Diarrheal diseases","Deaths","Both","Clostridium difficile","ass",145
1.63780109706109,1.46663742066815,1.80925350879462,"South Asia","Diarrheal diseases","Deaths","Both","Clostridium difficile","ass",145
0.289290777984497,0.0616251289582648,0.51747442427168,"Southeast Asia, East Asia, and Oceania","Diarrheal diseases","Deaths","Both","Clostridium difficile","ass",145
0.28749862883779,0.0417628687690685,0.533837997460029,"Sub-Saharan Africa","Diarrheal diseases","Deaths","Both","Clostridium difficile","ass",145
-0.115336382270492,-0.380049493468115,0.150080132521313,"Central Europe, Eastern Europe, and Central Asia","Diarrheal diseases","Deaths","Both","Clostridium difficile","ass",146
0.831322626012798,0.666689137355658,0.996225361486514,"Global","Diarrheal diseases","Deaths","Both","Clostridium difficile","ass",146
-1.56476400709089,-1.78827369861555,-1.34074565347376,"High-income","Diarrheal diseases","Deaths","Both","Clostridium difficile","ass",146
0.212746389275376,0.0711676025743735,0.354525478953982,"Latin America and Caribbean","Diarrheal diseases","Deaths","Both","Clostridium difficile","ass",146
0.839362027267754,0.524431495765576,1.15527919692542,"North Africa and Middle East","Diarrheal diseases","Deaths","Both","Clostridium difficile","ass",146
1.47925349249982,1.26139247707477,1.69758322972378,"South Asia","Diarrheal diseases","Deaths","Both","Clostridium difficile","ass",146
0.109469031933318,-0.0865189075957673,0.305841416804697,"Southeast Asia, East Asia, and Oceania","Diarrheal diseases","Deaths","Both","Clostridium difficile","ass",146
0.189755007985704,-0.106724630856703,0.487114587704229,"Sub-Saharan Africa","Diarrheal diseases","Deaths","Both","Clostridium difficile","ass",146
-0.17066211482617,-0.424541323203009,0.0838643881080126,"Central Europe, Eastern Europe, and Central Asia","Diarrheal diseases","Deaths","Both","Clostridium difficile","ass",147
0.790533312940478,0.581517465095249,0.999983511208669,"Global","Diarrheal diseases","Deaths","Both","Clostridium difficile","ass",147
-1.66436283723774,-1.87412355165762,-1.45415372369108,"High-income","Diarrheal diseases","Deaths","Both","Clostridium difficile","ass",147
0.0872809996840251,-0.104423649011554,0.279353539268024,"Latin America and Caribbean","Diarrheal diseases","Deaths","Both","Clostridium difficile","ass",147
0.976712436487004,0.624724786455855,1.32993134758281,"North Africa and Middle East","Diarrheal diseases","Deaths","Both","Clostridium difficile","ass",147
1.55127774930592,1.33078398523669,1.77225130340619,"South Asia","Diarrheal diseases","Deaths","Both","Clostridium difficile","ass",147
0.281372161685267,0.0877505644568677,0.47536832346029,"Southeast Asia, East Asia, and Oceania","Diarrheal diseases","Deaths","Both","Clostridium difficile","ass",147
0.405394798731806,0.181111024798986,0.630180695377569,"Sub-Saharan Africa","Diarrheal diseases","Deaths","Both","Clostridium difficile","ass",147
-0.184199612732894,-0.458984419075881,0.0913437421275587,"Central Europe, Eastern Europe, and Central Asia","Diarrheal diseases","Deaths","Both","Clostridium difficile","ass",148
0.855746214013364,0.643570147724604,1.06836958839187,"Global","Diarrheal diseases","Deaths","Both","Clostridium difficile","ass",148
-1.71407674699399,-1.95683952084065,-1.47071287293719,"High-income","Diarrheal diseases","Deaths","Both","Clostridium difficile","ass",148
0.165967768587172,0.0234145090389326,0.308724194883014,"Latin America and Caribbean","Diarrheal diseases","Deaths","Both","Clostridium difficile","ass",148
0.716799908957877,0.474214033615739,0.959971485890021,"North Africa and Middle East","Diarrheal diseases","Deaths","Both","Clostridium difficile","ass",148
1.54676619818557,1.35232419785343,1.74158123082648,"South Asia","Diarrheal diseases","Deaths","Both","Clostridium difficile","ass",148
0.261002559749723,0.0485445012245345,0.473911783525338,"Southeast Asia, East Asia, and Oceania","Diarrheal diseases","Deaths","Both","Clostridium difficile","ass",148
0.258467169863974,-0.0015021037820917,0.51911229389443,"Sub-Saharan Africa","Diarrheal diseases","Deaths","Both","Clostridium difficile","ass",148
-0.0835924912642949,-0.338878689499977,0.172347633418846,"Central Europe, Eastern Europe, and Central Asia","Diarrheal diseases","Deaths","Both","Clostridium difficile","ass",149
0.852582075026098,0.650978580866823,1.05458938015104,"Global","Diarrheal diseases","Deaths","Both","Clostridium difficile","ass",149
-1.67255622630879,-1.94679084037901,-1.39755463455167,"High-income","Diarrheal diseases","Deaths","Both","Clostridium difficile","ass",149
0.122495876775708,-0.039561358608764,0.284815841574915,"Latin America and Caribbean","Diarrheal diseases","Deaths","Both","Clostridium difficile","ass",149
0.886349223454586,0.581183781854677,1.19244054346679,"North Africa and Middle East","Diarrheal diseases","Deaths","Both","Clostridium difficile","ass",149
1.52517649588022,1.3018253431565,1.74902009518378,"South Asia","Diarrheal diseases","Deaths","Both","Clostridium difficile","ass",149
0.205049344952757,-0.0191217961990398,0.429723109220359,"Southeast Asia, East Asia, and Oceania","Diarrheal diseases","Deaths","Both","Clostridium difficile","ass",149
0.241770116073958,0.0223775129541304,0.46164394265098,"Sub-Saharan Africa","Diarrheal diseases","Deaths","Both","Clostridium difficile","ass",149
-0.0388316834456726,-0.292433346296272,0.215415003705077,"Central Europe, Eastern Europe, and Central Asia","Diarrheal diseases","Deaths","Both","Clostridium difficile","ass",150
0.825083338867261,0.688427937460401,0.961924210433085,"Global","Diarrheal diseases","Deaths","Both","Clostridium difficile","ass",150
-1.62686897917864,-1.88298359757196,-1.37008582539604,"High-income","Diarrheal diseases","Deaths","Both","Clostridium difficile","ass",150
0.243595412694919,0.115914118826899,0.371439542940633,"Latin America and Caribbean","Diarrheal diseases","Deaths","Both","Clostridium difficile","ass",150
0.561739193529798,0.278921871281379,0.845354147386845,"North Africa and Middle East","Diarrheal diseases","Deaths","Both","Clostridium difficile","ass",150
1.55989673509855,1.33581078662444,1.78447820940815,"South Asia","Diarrheal diseases","Deaths","Both","Clostridium difficile","ass",150
0.384163554554084,0.152501036349095,0.616361930793441,"Southeast Asia, East Asia, and Oceania","Diarrheal diseases","Deaths","Both","Clostridium difficile","ass",150
0.15807391025473,-0.120790542745197,0.437716957554413,"Sub-Saharan Africa","Diarrheal diseases","Deaths","Both","Clostridium difficile","ass",150
-0.113904300414291,-0.364069166049308,0.136888676580504,"Central Europe, Eastern Europe, and Central Asia","Diarrheal diseases","Deaths","Both","Clostridium difficile","ass",151
0.861875732803963,0.678444977557535,1.04564068909985,"Global","Diarrheal diseases","Deaths","Both","Clostridium difficile","ass",151
-1.71316005599215,-1.93527973497402,-1.4905372689439,"High-income","Diarrheal diseases","Deaths","Both","Clostridium difficile","ass",151
0.204238625171804,0.0823472070569098,0.326278496217958,"Latin America and Caribbean","Diarrheal diseases","Deaths","Both","Clostridium difficile","ass",151
0.80752532957078,0.448304933361099,1.16803035963404,"North Africa and Middle East","Diarrheal diseases","Deaths","Both","Clostridium difficile","ass",151
1.52833220518003,1.29034589502859,1.76687767507488,"South Asia","Diarrheal diseases","Deaths","Both","Clostridium difficile","ass",151
0.373127596924605,0.150134026408888,0.596617683325951,"Southeast Asia, East Asia, and Oceania","Diarrheal diseases","Deaths","Both","Clostridium difficile","ass",151
0.178949777869297,-0.06019577615477,0.418667582324073,"Sub-Saharan Africa","Diarrheal diseases","Deaths","Both","Clostridium difficile","ass",151
-0.235254888756131,-0.509645725094132,0.0398927076880717,"Central Europe, Eastern Europe, and Central Asia","Diarrheal diseases","Deaths","Both","Clostridium difficile","ass",152
0.865650168023735,0.706235948851019,1.0253167339656,"Global","Diarrheal diseases","Deaths","Both","Clostridium difficile","ass",152
-1.62594203244703,-1.8453330666818,-1.40606062493296,"High-income","Diarrheal diseases","Deaths","Both","Clostridium difficile","ass",152
0.164679135571233,0.0156554657894548,0.313924851132263,"Latin America and Caribbean","Diarrheal diseases","Deaths","Both","Clostridium difficile","ass",152
0.876584115547896,0.593722633477545,1.16024098142495,"North Africa and Middle East","Diarrheal diseases","Deaths","Both","Clostridium difficile","ass",152
1.42091200550247,1.21251128482698,1.62974183182734,"South Asia","Diarrheal diseases","Deaths","Both","Clostridium difficile","ass",152
0.232145494428448,0.0148097217570919,0.449953545537518,"Southeast Asia, East Asia, and Oceania","Diarrheal diseases","Deaths","Both","Clostridium difficile","ass",152
0.289074040615911,0.0130936717637864,0.565815961392846,"Sub-Saharan Africa","Diarrheal diseases","Deaths","Both","Clostridium difficile","ass",152
-0.181911380251687,-0.396194279309503,0.0328325168623467,"Central Europe, Eastern Europe, and Central Asia","Diarrheal diseases","Deaths","Both","Clostridium difficile","ass",153
0.778686625978064,0.618626218357488,0.939001651804561,"Global","Diarrheal diseases","Deaths","Both","Clostridium difficile","ass",153
-1.59395294336141,-1.84126398422734,-1.34601880206228,"High-income","Diarrheal diseases","Deaths","Both","Clostridium difficile","ass",153
0.126199303491448,-0.0346014423826757,0.287258707663796,"Latin America and Caribbean","Diarrheal diseases","Deaths","Both","Clostridium difficile","ass",153
0.840302909301482,0.559900630749932,1.12148706449893,"North Africa and Middle East","Diarrheal diseases","Deaths","Both","Clostridium difficile","ass",153
1.70024424126189,1.48416402629925,1.91678453450126,"South Asia","Diarrheal diseases","Deaths","Both","Clostridium difficile","ass",153
0.154600202171062,-0.0993175917101352,0.409163379492039,"Southeast Asia, East Asia, and Oceania","Diarrheal diseases","Deaths","Both","Clostridium difficile","ass",153
0.225638025134067,-0.0552580293552651,0.507323541798921,"Sub-Saharan Africa","Diarrheal diseases","Deaths","Both","Clostridium difficile","ass",153
-0.165365783215754,-0.458427454650101,0.128558694994374,"Central Europe, Eastern Europe, and Central Asia","Diarrheal diseases","Deaths","Both","Clostridium difficile","ass",154
0.7211088589824,0.563251042049218,0.879214471110235,"Global","Diarrheal diseases","Deaths","Both","Clostridium difficile","ass",154
-1.60233728838183,-1.87096606004542,-1.33297314397413,"High-income","Diarrheal diseases","Deaths","Both","Clostridium difficile","ass",154
0.147205870362277,0.00262676051123734,0.291994005912777,"Latin America and Caribbean","Diarrheal diseases","Deaths","Both","Clostridium difficile","ass",154
0.765228907755411,0.489770168314907,1.04144272422524,"North Africa and Middle East","Diarrheal diseases","Deaths","Both","Clostridium difficile","ass",154
1.55452213354714,1.27059164958601,1.8392486681525,"South Asia","Diarrheal diseases","Deaths","Both","Clostridium difficile","ass",154
0.250232568199205,0.0133283075717028,0.487697990320424,"Southeast Asia, East Asia, and Oceania","Diarrheal diseases","Deaths","Both","Clostridium difficile","ass",154
0.139530164798463,-0.129515880191922,0.409301006258622,"Sub-Saharan Africa","Diarrheal diseases","Deaths","Both","Clostridium difficile","ass",154
-0.172671138869807,-0.458764056878891,0.114244042967515,"Central Europe, Eastern Europe, and Central Asia","Diarrheal diseases","Deaths","Both","Clostridium difficile","ass",155
0.671307326635473,0.51010064073389,0.832772569591644,"Global","Diarrheal diseases","Deaths","Both","Clostridium difficile","ass",155
-1.60037080952072,-1.82413175825225,-1.37609986823121,"High-income","Diarrheal diseases","Deaths","Both","Clostridium difficile","ass",155
0.184021404423618,0.0358860368080638,0.332376134190149,"Latin America and Caribbean","Diarrheal diseases","Deaths","Both","Clostridium difficile","ass",155
0.819017499121144,0.516677477492533,1.12226691699095,"North Africa and Middle East","Diarrheal diseases","Deaths","Both","Clostridium difficile","ass",155
1.42319932353432,1.23364414721867,1.61310943288797,"South Asia","Diarrheal diseases","Deaths","Both","Clostridium difficile","ass",155
0.318321789873988,0.0763974576877491,0.56083094909225,"Southeast Asia, East Asia, and Oceania","Diarrheal diseases","Deaths","Both","Clostridium difficile","ass",155
0.290524026720584,-0.0117386104638073,0.593700398183072,"Sub-Saharan Africa","Diarrheal diseases","Deaths","Both","Clostridium difficile","ass",155
-0.0368002829646441,-0.334632748496566,0.261922202641163,"Central Europe, Eastern Europe, and Central Asia","Diarrheal diseases","Deaths","Both","Clostridium difficile","ass",156
0.772741358483775,0.610512017987186,0.935232285552079,"Global","Diarrheal diseases","Deaths","Both","Clostridium difficile","ass",156
-1.57005876056722,-1.81975668803414,-1.31972578624283,"High-income","Diarrheal diseases","Deaths","Both","Clostridium difficile","ass",156
0.301602089649666,0.135510355397983,0.467969315223926,"Latin America and Caribbean","Diarrheal diseases","Deaths","Both","Clostridium difficile","ass",156
0.725590133310305,0.437391898221451,1.01461533354767,"North Africa and Middle East","Diarrheal diseases","Deaths","Both","Clostridium difficile","ass",156
1.45222053009559,1.28621433094529,1.6184988102822,"South Asia","Diarrheal diseases","Deaths","Both","Clostridium difficile","ass",156
0.27919313606537,0.0145909071146866,0.544495406269352,"Southeast Asia, East Asia, and Oceania","Diarrheal diseases","Deaths","Both","Clostridium difficile","ass",156
0.529833768186427,0.270851576154851,0.789484866233425,"Sub-Saharan Africa","Diarrheal diseases","Deaths","Both","Clostridium difficile","ass",156
-0.126641351427959,-0.388140493486655,0.135544273160382,"Central Europe, Eastern Europe, and Central Asia","Diarrheal diseases","Deaths","Both","Clostridium difficile","ass",157
0.836707341313181,0.662779140669456,1.01093606037332,"Global","Diarrheal diseases","Deaths","Both","Clostridium difficile","ass",157
-1.72595190654423,-1.97004523764472,-1.48125078617737,"High-income","Diarrheal diseases","Deaths","Both","Clostridium difficile","ass",157
0.149203355839211,0.0191906658583374,0.279385046383296,"Latin America and Caribbean","Diarrheal diseases","Deaths","Both","Clostridium difficile","ass",157
0.829674517035395,0.526273624510409,1.13399111147856,"North Africa and Middle East","Diarrheal diseases","Deaths","Both","Clostridium difficile","ass",157
1.45477982995597,1.24118141087501,1.66882889850581,"South Asia","Diarrheal diseases","Deaths","Both","Clostridium difficile","ass",157
0.299017538462909,0.0954127140711414,0.503036516944166,"Southeast Asia, East Asia, and Oceania","Diarrheal diseases","Deaths","Both","Clostridium difficile","ass",157
0.371419799935646,0.0941007671697358,0.649507168151353,"Sub-Saharan Africa","Diarrheal diseases","Deaths","Both","Clostridium difficile","ass",157
-0.167939918414084,-0.431169045254443,0.0959851046475446,"Central Europe, Eastern Europe, and Central Asia","Diarrheal diseases","Deaths","Both","Clostridium difficile","ass",158
0.808306601378583,0.639302866601077,0.97759414438563,"Global","Diarrheal diseases","Deaths","Both","Clostridium difficile","ass",158
-1.52636076282889,-1.78640557590023,-1.26562741671689,"High-income","Diarrheal diseases","Deaths","Both","Clostridium difficile","ass",158
0.164099889485247,0.0137623309543811,0.314663430730655,"Latin America and Caribbean","Diarrheal diseases","Deaths","Both","Clostridium difficile","ass",158
0.99119412248323,0.639789288835457,1.34382595946618,"North Africa and Middle East","Diarrheal diseases","Deaths","Both","Clostridium difficile","ass",158
1.54387859151748,1.36740599576675,1.72065841202893,"South Asia","Diarrheal diseases","Deaths","Both","Clostridium difficile","ass",158
0.155129793501496,-0.0778409417834469,0.388643705235081,"Southeast Asia, East Asia, and Oceania","Diarrheal diseases","Deaths","Both","Clostridium difficile","ass",158
0.083831731969064,-0.202593005816365,0.3710785264881,"Sub-Saharan Africa","Diarrheal diseases","Deaths","Both","Clostridium difficile","ass",158
-0.0671936597395506,-0.368377993290792,0.234901147825362,"Central Europe, Eastern Europe, and Central Asia","Diarrheal diseases","Deaths","Both","Clostridium difficile","ass",159
0.938020719430299,0.765410750635986,1.11092636708015,"Global","Diarrheal diseases","Deaths","Both","Clostridium difficile","ass",159
-1.64307868263609,-1.86666799943541,-1.41897993462142,"High-income","Diarrheal diseases","Deaths","Both","Clostridium difficile","ass",159
0.0364408369557534,-0.0948917194091736,0.167946039551259,"Latin America and Caribbean","Diarrheal diseases","Deaths","Both","Clostridium difficile","ass",159
0.86891470818149,0.637030276696837,1.10133343990746,"North Africa and Middle East","Diarrheal diseases","Deaths","Both","Clostridium difficile","ass",159
1.47324917107856,1.26082382394672,1.68612014492371,"South Asia","Diarrheal diseases","Deaths","Both","Clostridium difficile","ass",159
0.276452517461312,0.0167322129033254,0.536847255537642,"Southeast Asia, East Asia, and Oceania","Diarrheal diseases","Deaths","Both","Clostridium difficile","ass",159
0.366810315276567,0.0838214484158772,0.650599338422309,"Sub-Saharan Africa","Diarrheal diseases","Deaths","Both","Clostridium difficile","ass",159
-0.131834957011745,-0.336282363492646,0.0730318472500935,"Central Europe, Eastern Europe, and Central Asia","Diarrheal diseases","Deaths","Both","Clostridium difficile","ass",160
0.785324937516285,0.602488357113184,0.968493808061299,"Global","Diarrheal diseases","Deaths","Both","Clostridium difficile","ass",160
-1.61373198943723,-1.8993716053275,-1.3272606766302,"High-income","Diarrheal diseases","Deaths","Both","Clostridium difficile","ass",160
0.173543212844884,0.0231469906419202,0.324165572940283,"Latin America and Caribbean","Diarrheal diseases","Deaths","Both","Clostridium difficile","ass",160
0.708559502289607,0.458791308830775,0.958948688193684,"North Africa and Middle East","Diarrheal diseases","Deaths","Both","Clostridium difficile","ass",160
1.50654015596963,1.32261661203463,1.69079756287764,"South Asia","Diarrheal diseases","Deaths","Both","Clostridium difficile","ass",160
0.270158014727651,0.00613321684965751,0.534879860793103,"Southeast Asia, East Asia, and Oceania","Diarrheal diseases","Deaths","Both","Clostridium difficile","ass",160
0.21946948612559,-0.0267437031572948,0.466289046920432,"Sub-Saharan Africa","Diarrheal diseases","Deaths","Both","Clostridium difficile","ass",160
-0.120058936602752,-0.345258847391861,0.105649881231162,"Central Europe, Eastern Europe, and Central Asia","Diarrheal diseases","Deaths","Both","Clostridium difficile","ass",161
0.842326582954489,0.649649105253447,1.03537291052977,"Global","Diarrheal diseases","Deaths","Both","Clostridium difficile","ass",161
-1.58276659097178,-1.83552927449137,-1.32935307142458,"High-income","Diarrheal diseases","Deaths","Both","Clostridium difficile","ass",161
0.0568488530733102,-0.07747921621446,0.191357502575218,"Latin America and Caribbean","Diarrheal diseases","Deaths","Both","Clostridium difficile","ass",161
0.87521205596619,0.624566026291196,1.12648242057916,"North Africa and Middle East","Diarrheal diseases","Deaths","Both","Clostridium difficile","ass",161
1.34937429265634,1.13763958695992,1.56155227135952,"South Asia","Diarrheal diseases","Deaths","Both","Clostridium difficile","ass",161
0.250634027772279,0.00508476326295249,0.49678620603788,"Southeast Asia, East Asia, and Oceania","Diarrheal diseases","Deaths","Both","Clostridium difficile","ass",161
-0.155665292731977,-0.603932193678824,0.294623249703507,"Sub-Saharan Africa","Diarrheal diseases","Deaths","Both","Clostridium difficile","ass",161
-0.167617531481734,-0.420769630637341,0.086178135464765,"Central Europe, Eastern Europe, and Central Asia","Diarrheal diseases","Deaths","Both","Clostridium difficile","ass",162
0.891959381037766,0.708062485874228,1.07619207918683,"Global","Diarrheal diseases","Deaths","Both","Clostridium difficile","ass",162
-1.52029428839305,-1.80813064753714,-1.23161417538022,"High-income","Diarrheal diseases","Deaths","Both","Clostridium difficile","ass",162
0.0540588038170808,-0.073713262926034,0.181994248001449,"Latin America and Caribbean","Diarrheal diseases","Deaths","Both","Clostridium difficile","ass",162
0.725730079585496,0.396759698512716,1.05577839894979,"North Africa and Middle East","Diarrheal diseases","Deaths","Both","Clostridium difficile","ass",162
1.45902577341379,1.2382285836221,1.68030451449002,"South Asia","Diarrheal diseases","Deaths","Both","Clostridium difficile","ass",162
0.338574531061053,0.13279906529069,0.54477287068202,"Southeast Asia, East Asia, and Oceania","Diarrheal diseases","Deaths","Both","Clostridium difficile","ass",162
0.423197887793925,0.175893888304546,0.671112406099628,"Sub-Saharan Africa","Diarrheal diseases","Deaths","Both","Clostridium difficile","ass",162
-0.125388976600116,-0.348259539803097,0.0979800353776872,"Central Europe, Eastern Europe, and Central Asia","Diarrheal diseases","Deaths","Both","Clostridium difficile","ass",163
0.965254848380304,0.786601496674333,1.14422487928372,"Global","Diarrheal diseases","Deaths","Both","Clostridium difficile","ass",163
-1.59442215077215,-1.80220446750869,-1.38620017557977,"High-income","Diarrheal diseases","Deaths","Both","Clostridium difficile","ass",163
0.217018809488323,0.0705964377955004,0.363655425041931,"Latin America and Caribbean","Diarrheal diseases","Deaths","Both","Clostridium difficile","ass",163
0.809075950617144,0.464923124992733,1.15440770679465,"North Africa and Middle East","Diarrheal diseases","Deaths","Both","Clostridium difficile","ass",163
1.54843850638036,1.30742469776961,1.79002569503817,"South Asia","Diarrheal diseases","Deaths","Both","Clostridium difficile","ass",163
0.416297761171447,0.200620054327727,0.632439705394194,"Southeast Asia, East Asia, and Oceania","Diarrheal diseases","Deaths","Both","Clostridium difficile","ass",163
0.216522109923267,-0.0352543217379431,0.468932678860656,"Sub-Saharan Africa","Diarrheal diseases","Deaths","Both","Clostridium difficile","ass",163
-0.0144456433158635,-0.22463869795003,0.196190217233916,"Central Europe, Eastern Europe, and Central Asia","Diarrheal diseases","Deaths","Both","Clostridium difficile","ass",164
0.817896713450161,0.67039177587549,0.96561777918549,"Global","Diarrheal diseases","Deaths","Both","Clostridium difficile","ass",164
-1.58167628477766,-1.88330616358606,-1.27911913681421,"High-income","Diarrheal diseases","Deaths","Both","Clostridium difficile","ass",164
0.142242591346542,0.000891491586885174,0.283793490659057,"Latin America and Caribbean","Diarrheal diseases","Deaths","Both","Clostridium difficile","ass",164
0.730707970806965,0.460072826512192,1.00207219461828,"North Africa and Middle East","Diarrheal diseases","Deaths","Both","Clostridium difficile","ass",164
1.5058329661596,1.30641190681811,1.70564658465071,"South Asia","Diarrheal diseases","Deaths","Both","Clostridium difficile","ass",164
0.349954663141028,0.143350590461666,0.556984977229291,"Southeast Asia, East Asia, and Oceania","Diarrheal diseases","Deaths","Both","Clostridium difficile","ass",164
0.538759544574985,0.284416076043548,0.793748084419765,"Sub-Saharan Africa","Diarrheal diseases","Deaths","Both","Clostridium difficile","ass",164
-0.123810374222688,-0.38803513718294,0.141115255600877,"Central Europe, Eastern Europe, and Central Asia","Diarrheal diseases","Deaths","Both","Clostridium difficile","ass",165
0.898893453637895,0.726580806493327,1.07150087548968,"Global","Diarrheal diseases","Deaths","Both","Clostridium difficile","ass",165
-1.71777934208623,-2.02841443023041,-1.40615933410613,"High-income","Diarrheal diseases","Deaths","Both","Clostridium difficile","ass",165
0.275887861320312,0.149494735345934,0.402440501052959,"Latin America and Caribbean","Diarrheal diseases","Deaths","Both","Clostridium difficile","ass",165
0.865024726819197,0.551947832754363,1.17907641196178,"North Africa and Middle East","Diarrheal diseases","Deaths","Both","Clostridium difficile","ass",165
1.63506644575346,1.41565025702439,1.85495734882646,"South Asia","Diarrheal diseases","Deaths","Both","Clostridium difficile","ass",165
0.140250212883508,-0.103419834000229,0.384514625376653,"Southeast Asia, East Asia, and Oceania","Diarrheal diseases","Deaths","Both","Clostridium difficile","ass",165
0.413018049943248,0.166729098547336,0.65991257414888,"Sub-Saharan Africa","Diarrheal diseases","Deaths","Both","Clostridium difficile","ass",165
-0.0846860645462577,-0.342967238227188,0.174264496561016,"Central Europe, Eastern Europe, and Central Asia","Diarrheal diseases","Deaths","Both","Clostridium difficile","ass",166
0.859781890033107,0.701332072697602,1.01848102228923,"Global","Diarrheal diseases","Deaths","Both","Clostridium difficile","ass",166
-1.57031127581655,-1.81609050696491,-1.32391679690738,"High-income","Diarrheal diseases","Deaths","Both","Clostridium difficile","ass",166
0.179390317147043,0.0313428001454952,0.327656946145671,"Latin America and Caribbean","Diarrheal diseases","Deaths","Both","Clostridium difficile","ass",166
0.984331197837807,0.774022068171742,1.19507922960498,"North Africa and Middle East","Diarrheal diseases","Deaths","Both","Clostridium difficile","ass",166
1.6121984444885,1.41646933387838,1.80830530325919,"South Asia","Diarrheal diseases","Deaths","Both","Clostridium difficile","ass",166
0.286820761106399,0.0184546606527558,0.555906932312178,"Southeast Asia, East Asia, and Oceania","Diarrheal diseases","Deaths","Both","Clostridium difficile","ass",166
0.285926343836262,0.0165137420642392,0.556064657266053,"Sub-Saharan Africa","Diarrheal diseases","Deaths","Both","Clostridium difficile","ass",166
-0.201362238801617,-0.462064235953297,0.0600225686856248,"Central Europe, Eastern Europe, and Central Asia","Diarrheal diseases","Deaths","Both","Clostridium difficile","ass",167
0.744562217182976,0.590048427967282,0.899313351060793,"Global","Diarrheal diseases","Deaths","Both","Clostridium difficile","ass",167
-1.58114409444061,-1.80089609213844,-1.36090033115053,"High-income","Diarrheal diseases","Deaths","Both","Clostridium difficile","ass",167
0.153014075351376,0.0493185539713226,0.256817071338045,"Latin America and Caribbean","Diarrheal diseases","Deaths","Both","Clostridium difficile","ass",167
0.737939405469068,0.484404318535536,0.992114194063176,"North Africa and Middle East","Diarrheal diseases","Deaths","Both","Clostridium difficile","ass",167
1.55510382685873,1.34266228585158,1.76799070260769,"South Asia","Diarrheal diseases","Deaths","Both","Clostridium difficile","ass",167
0.376523143180019,0.137875711758406,0.61573931641008,"Southeast Asia, East Asia, and Oceania","Diarrheal diseases","Deaths","Both","Clostridium difficile","ass",167
0.34230724667712,0.0837055127984598,0.601577169812173,"Sub-Saharan Africa","Diarrheal diseases","Deaths","Both","Clostridium difficile","ass",167
-0.0521366250498034,-0.303984210167407,0.200347166094961,"Central Europe, Eastern Europe, and Central Asia","Diarrheal diseases","Deaths","Both","Clostridium difficile","ass",168
0.889618980267826,0.713051962978817,1.06649554940721,"Global","Diarrheal diseases","Deaths","Both","Clostridium difficile","ass",168
-1.47584015898308,-1.71099152833996,-1.24012620213683,"High-income","Diarrheal diseases","Deaths","Both","Clostridium difficile","ass",168
0.177157697192087,0.0530155937997989,0.30145383154232,"Latin America and Caribbean","Diarrheal diseases","Deaths","Both","Clostridium difficile","ass",168
0.831819365235575,0.533525300417104,1.13099850146521,"North Africa and Middle East","Diarrheal diseases","Deaths","Both","Clostridium difficile","ass",168
1.50469637453872,1.2830715999266,1.72680610226239,"South Asia","Diarrheal diseases","Deaths","Both","Clostridium difficile","ass",168
0.241655500744797,0.0447817075869272,0.438916713313953,"Southeast Asia, East Asia, and Oceania","Diarrheal diseases","Deaths","Both","Clostridium difficile","ass",168
-0.260434593822445,-0.794460254300444,0.276465738844034,"Sub-Saharan Africa","Diarrheal diseases","Deaths","Both","Clostridium difficile","ass",168
-0.0184482372216466,-0.29592511291604,0.259800857829195,"Central Europe, Eastern Europe, and Central Asia","Diarrheal diseases","Deaths","Both","Clostridium difficile","ass",169
0.952520978005222,0.777523590513485,1.12782224362906,"Global","Diarrheal diseases","Deaths","Both","Clostridium difficile","ass",169
-1.57371488233247,-1.7798556455502,-1.36714147859542,"High-income","Diarrheal diseases","Deaths","Both","Clostridium difficile","ass",169
0.178418489576493,0.0189095896459657,0.338181772295854,"Latin America and Caribbean","Diarrheal diseases","Deaths","Both","Clostridium difficile","ass",169
0.777953568820244,0.35012975279376,1.20760133084472,"North Africa and Middle East","Diarrheal diseases","Deaths","Both","Clostridium difficile","ass",169
1.497336940945,1.27767621182389,1.71747409130447,"South Asia","Diarrheal diseases","Deaths","Both","Clostridium difficile","ass",169
0.385189221916815,0.168038990347608,0.602810204671211,"Southeast Asia, East Asia, and Oceania","Diarrheal diseases","Deaths","Both","Clostridium difficile","ass",169
0.147862446444869,-0.133752644911522,0.430271670571636,"Sub-Saharan Africa","Diarrheal diseases","Deaths","Both","Clostridium difficile","ass",169
-0.126754458872624,-0.407547710460621,0.154830467669909,"Central Europe, Eastern Europe, and Central Asia","Diarrheal diseases","Deaths","Both","Clostridium difficile","ass",170
0.653950896333311,0.465251800892119,0.84300441629428,"Global","Diarrheal diseases","Deaths","Both","Clostridium difficile","ass",170
-1.60855569526404,-1.91254481455454,-1.30362446380973,"High-income","Diarrheal diseases","Deaths","Both","Clostridium difficile","ass",170
0.155452931968947,0.00249596172738897,0.308643854718604,"Latin America and Caribbean","Diarrheal diseases","Deaths","Both","Clostridium difficile","ass",170
0.810626365806222,0.524051121942914,1.0980185820207,"North Africa and Middle East","Diarrheal diseases","Deaths","Both","Clostridium difficile","ass",170
1.55156432609482,1.31567425268253,1.78800361488909,"South Asia","Diarrheal diseases","Deaths","Both","Clostridium difficile","ass",170
0.342556934638738,0.143127444601387,0.542383577456418,"Southeast Asia, East Asia, and Oceania","Diarrheal diseases","Deaths","Both","Clostridium difficile","ass",170
0.411808756653831,0.224164725388154,0.599804103219204,"Sub-Saharan Africa","Diarrheal diseases","Deaths","Both","Clostridium difficile","ass",170
-0.241651768270013,-0.503435416434506,0.0208206542128053,"Central Europe, Eastern Europe, and Central Asia","Diarrheal diseases","Deaths","Both","Clostridium difficile","ass",171
0.71285436037225,0.504286663001796,0.921854879922068,"Global","Diarrheal diseases","Deaths","Both","Clostridium difficile","ass",171
-1.49795427498577,-1.77156605056583,-1.22358036362967,"High-income","Diarrheal diseases","Deaths","Both","Clostridium difficile","ass",171
0.125952194307355,-0.0639836748839495,0.316249050815665,"Latin America and Caribbean","Diarrheal diseases","Deaths","Both","Clostridium difficile","ass",171
0.824761312167843,0.493692294352344,1.1569210123143,"North Africa and Middle East","Diarrheal diseases","Deaths","Both","Clostridium difficile","ass",171
1.49560132613515,1.2989390716089,1.6926453817218,"South Asia","Diarrheal diseases","Deaths","Both","Clostridium difficile","ass",171
0.27174964032981,0.0834982503798987,0.46035512047875,"Southeast Asia, East Asia, and Oceania","Diarrheal diseases","Deaths","Both","Clostridium difficile","ass",171
0.239482711340289,-0.00343463626411022,0.482990167590458,"Sub-Saharan Africa","Diarrheal diseases","Deaths","Both","Clostridium difficile","ass",171
-0.0512032582076216,-0.306707330302236,0.204955645612448,"Central Europe, Eastern Europe, and Central Asia","Diarrheal diseases","Deaths","Both","Clostridium difficile","ass",172
0.702611255271157,0.532551871959464,0.872958308529692,"Global","Diarrheal diseases","Deaths","Both","Clostridium difficile","ass",172
-1.53508543781329,-1.80861271158045,-1.26079621158207,"High-income","Diarrheal diseases","Deaths","Both","Clostridium difficile","ass",172
0.155577049722333,0.0246246998460986,0.286700842560661,"Latin America and Caribbean","Diarrheal diseases","Deaths","Both","Clostridium difficile","ass",172
0.941061619773809,0.651571300604692,1.23138456027023,"North Africa and Middle East","Diarrheal diseases","Deaths","Both","Clostridium difficile","ass",172
1.61554817855591,1.41668033871598,1.81480597809074,"South Asia","Diarrheal diseases","Deaths","Both","Clostridium difficile","ass",172
0.201519576931264,-0.0685938629243377,0.472363130303832,"Southeast Asia, East Asia, and Oceania","Diarrheal diseases","Deaths","Both","Clostridium difficile","ass",172
-0.151937694633464,-0.615820345904039,0.314110161551007,"Sub-Saharan Africa","Diarrheal diseases","Deaths","Both","Clostridium difficile","ass",172
-0.0968400021072346,-0.410952019673394,0.218262750500364,"Central Europe, Eastern Europe, and Central Asia","Diarrheal diseases","Deaths","Both","Clostridium difficile","ass",173
0.888887467132848,0.726831018029639,1.05120464411195,"Global","Diarrheal diseases","Deaths","Both","Clostridium difficile","ass",173
-1.62906216899337,-1.87947629799388,-1.3780089562045,"High-income","Diarrheal diseases","Deaths","Both","Clostridium difficile","ass",173
0.29482643836376,0.143941067740871,0.445939145706431,"Latin America and Caribbean","Diarrheal diseases","Deaths","Both","Clostridium difficile","ass",173
0.713633245419576,0.443458014520504,0.984535200157466,"North Africa and Middle East","Diarrheal diseases","Deaths","Both","Clostridium difficile","ass",173
1.51941369924129,1.28180575157073,1.75757907710752,"South Asia","Diarrheal diseases","Deaths","Both","Clostridium difficile","ass",173
0.262934384046742,0.0325831658904319,0.493816046204665,"Southeast Asia, East Asia, and Oceania","Diarrheal diseases","Deaths","Both","Clostridium difficile","ass",173
0.292551509223204,0.0531518144403886,0.532524021681646,"Sub-Saharan Africa","Diarrheal diseases","Deaths","Both","Clostridium difficile","ass",173
-0.125935910754094,-0.36371418085358,0.112409808295011,"Central Europe, Eastern Europe, and Central Asia","Diarrheal diseases","Deaths","Both","Clostridium difficile","ass",174
0.808800068320448,0.624447747740997,0.993490137616693,"Global","Diarrheal diseases","Deaths","Both","Clostridium difficile","ass",174
-1.50707220825437,-1.74356513339619,-1.27001006946543,"High-income","Diarrheal diseases","Deaths","Both","Clostridium difficile","ass",174
0.203222138725367,0.0254233898672407,0.38133693118545,"Latin America and Caribbean","Diarrheal diseases","Deaths","Both","Clostridium difficile","ass",174
0.803901591242928,0.563890118718424,1.04448588873352,"North Africa and Middle East","Diarrheal diseases","Deaths","Both","Clostridium difficile","ass",174
1.46382132381122,1.22556096173863,1.70264249285386,"South Asia","Diarrheal diseases","Deaths","Both","Clostridium difficile","ass",174
0.287832048502557,0.0986362643267569,0.477385430404853,"Southeast Asia, East Asia, and Oceania","Diarrheal diseases","Deaths","Both","Clostridium difficile","ass",174
0.168925072818649,-0.114775648611587,0.453431580088193,"Sub-Saharan Africa","Diarrheal diseases","Deaths","Both","Clostridium difficile","ass",174
-0.0876171513137014,-0.298042453619551,0.123252262712126,"Central Europe, Eastern Europe, and Central Asia","Diarrheal diseases","Deaths","Both","Clostridium difficile","ass",175
0.866254842213698,0.693380828124313,1.03942565262176,"Global","Diarrheal diseases","Deaths","Both","Clostridium difficile","ass",175
-1.57778280328273,-1.85517246215171,-1.29960914973185,"High-income","Diarrheal diseases","Deaths","Both","Clostridium difficile","ass",175
0.105622297301933,-0.0491368850267793,0.260621101418446,"Latin America and Caribbean","Diarrheal diseases","Deaths","Both","Clostridium difficile","ass",175
0.792677572800082,0.476957960361268,1.10938924228068,"North Africa and Middle East","Diarrheal diseases","Deaths","Both","Clostridium difficile","ass",175
1.45481490286941,1.25010685693063,1.65993682870791,"South Asia","Diarrheal diseases","Deaths","Both","Clostridium difficile","ass",175
0.291314581496338,0.0184147738426566,0.564958995082665,"Southeast Asia, East Asia, and Oceania","Diarrheal diseases","Deaths","Both","Clostridium difficile","ass",175
-0.333177955254405,-0.826977433282516,0.163080235014079,"Sub-Saharan Africa","Diarrheal diseases","Deaths","Both","Clostridium difficile","ass",175
-0.135715869674824,-0.394931195492054,0.124174046160208,"Central Europe, Eastern Europe, and Central Asia","Diarrheal diseases","Deaths","Both","Clostridium difficile","ass",176
0.684415540037597,0.508936663196824,0.860200786015697,"Global","Diarrheal diseases","Deaths","Both","Clostridium difficile","ass",176
-1.58243345851208,-1.8420387218964,-1.32214159883032,"High-income","Diarrheal diseases","Deaths","Both","Clostridium difficile","ass",176
0.125863343556909,-0.036881267995037,0.288872910913818,"Latin America and Caribbean","Diarrheal diseases","Deaths","Both","Clostridium difficile","ass",176
0.790416318153397,0.517996084454508,1.06357485530659,"North Africa and Middle East","Diarrheal diseases","Deaths","Both","Clostridium difficile","ass",176
1.55531435804241,1.34571311029175,1.76534909904809,"South Asia","Diarrheal diseases","Deaths","Both","Clostridium difficile","ass",176
0.155909873727844,-0.0575224806104502,0.369798023950008,"Southeast Asia, East Asia, and Oceania","Diarrheal diseases","Deaths","Both","Clostridium difficile","ass",176
0.288062380729737,0.0406634157077868,0.53607315944626,"Sub-Saharan Africa","Diarrheal diseases","Deaths","Both","Clostridium difficile","ass",176
-0.0518613241448529,-0.298633254089908,0.195521393669984,"Central Europe, Eastern Europe, and Central Asia","Diarrheal diseases","Deaths","Both","Clostridium difficile","ass",177
0.804447320394863,0.63649440849034,0.972680530026193,"Global","Diarrheal diseases","Deaths","Both","Clostridium difficile","ass",177
-1.68792654140371,-1.90452618331263,-1.47084863680794,"High-income","Diarrheal diseases","Deaths","Both","Clostridium difficile","ass",177
0.142286123486346,-0.00527930431820645,0.290069318342301,"Latin America and Caribbean","Diarrheal diseases","Deaths","Both","Clostridium difficile","ass",177
0.734079098677332,0.371500041157402,1.09796792613095,"North Africa and Middle East","Diarrheal diseases","Deaths","Both","Clostridium difficile","ass",177
1.54116093105061,1.35895366104668,1.72369574477955,"South Asia","Diarrheal diseases","Deaths","Both","Clostridium difficile","ass",177
0.166348571374342,-0.0775879860241746,0.410880641259359,"Southeast Asia, East Asia, and Oceania","Diarrheal diseases","Deaths","Both","Clostridium difficile","ass",177
0.365225200492891,0.137586856034799,0.593381025124962,"Sub-Saharan Africa","Diarrheal diseases","Deaths","Both","Clostridium difficile","ass",177
-0.0618963804202233,-0.345621607956159,0.222636639066653,"Central Europe, Eastern Europe, and Central Asia","Diarrheal diseases","Deaths","Both","Clostridium difficile","ass",178
0.809312983721444,0.636442625877987,0.982480293244037,"Global","Diarrheal diseases","Deaths","Both","Clostridium difficile","ass",178
-1.59599484773305,-1.8043009596219,-1.3872468485042,"High-income","Diarrheal diseases","Deaths","Both","Clostridium difficile","ass",178
0.141777606266946,0.00115282712187526,0.28260013641741,"Latin America and Caribbean","Diarrheal diseases","Deaths","Both","Clostridium difficile","ass",178
0.831185428256731,0.515007850173155,1.14835756688427,"North Africa and Middle East","Diarrheal diseases","Deaths","Both","Clostridium difficile","ass",178
1.44721861135777,1.23012548799633,1.66477730190076,"South Asia","Diarrheal diseases","Deaths","Both","Clostridium difficile","ass",178
0.275310774615867,0.0682164045455069,0.482833733099763,"Southeast Asia, East Asia, and Oceania","Diarrheal diseases","Deaths","Both","Clostridium difficile","ass",178
0.353613379515605,0.12997935706025,0.577746874519769,"Sub-Saharan Africa","Diarrheal diseases","Deaths","Both","Clostridium difficile","ass",178
-0.085041161093069,-0.309082519218984,0.139503698569587,"Central Europe, Eastern Europe, and Central Asia","Diarrheal diseases","Deaths","Both","Clostridium difficile","ass",179
0.766758683957791,0.613580469569541,0.920170103100859,"Global","Diarrheal diseases","Deaths","Both","Clostridium difficile","ass",179
-1.67158833270938,-1.91307142705673,-1.42951072402965,"High-income","Diarrheal diseases","Deaths","Both","Clostridium difficile","ass",179
0.175925003740396,0.0131993896878901,0.338915379100735,"Latin America and Caribbean","Diarrheal diseases","Deaths","Both","Clostridium difficile","ass",179
0.81954879128221,0.548188118333348,1.09164181571548,"North Africa and Middle East","Diarrheal diseases","Deaths","Both","Clostridium difficile","ass",179
1.60012367597104,1.39016259187372,1.81051955231752,"South Asia","Diarrheal diseases","Deaths","Both","Clostridium difficile","ass",179
0.265141784872625,0.0352800107778606,0.495531736978005,"Southeast Asia, East Asia, and Oceania","Diarrheal diseases","Deaths","Both","Clostridium difficile","ass",179
0.118429869130554,-0.104033627088318,0.341388780819596,"Sub-Saharan Africa","Diarrheal diseases","Deaths","Both","Clostridium difficile","ass",179
-0.16653978585478,-0.441752019872199,0.109433226654532,"Central Europe, Eastern Europe, and Central Asia","Diarrheal diseases","Deaths","Both","Clostridium difficile","ass",180
0.78793320484376,0.607670502169633,0.968518891260706,"Global","Diarrheal diseases","Deaths","Both","Clostridium difficile","ass",180
-1.52293965893906,-1.74551154497877,-1.29986358988201,"High-income","Diarrheal diseases","Deaths","Both","Clostridium difficile","ass",180
0.206853179349364,0.0683675484543622,0.345530461916455,"Latin America and Caribbean","Diarrheal diseases","Deaths","Both","Clostridium difficile","ass",180
0.976444250829345,0.73656486119229,1.21689485432157,"North Africa and Middle East","Diarrheal diseases","Deaths","Both","Clostridium difficile","ass",180
1.54863559537888,1.29807760777638,1.79981333121979,"South Asia","Diarrheal diseases","Deaths","Both","Clostridium difficile","ass",180
0.210086515363606,-0.048568573244312,0.469410953613725,"Southeast Asia, East Asia, and Oceania","Diarrheal diseases","Deaths","Both","Clostridium difficile","ass",180
0.163445608833812,-0.122658835592016,0.450369616057023,"Sub-Saharan Africa","Diarrheal diseases","Deaths","Both","Clostridium difficile","ass",180
-0.141686362155014,-0.435177188240521,0.152669597444155,"Central Europe, Eastern Europe, and Central Asia","Diarrheal diseases","Deaths","Both","Clostridium difficile","ass",181
0.724582651074579,0.545485211655161,0.903999109222053,"Global","Diarrheal diseases","Deaths","Both","Clostridium difficile","ass",181
-1.42479131460072,-1.61641051453952,-1.23279890284907,"High-income","Diarrheal diseases","Deaths","Both","Clostridium difficile","ass",181
0.225127102172995,0.0697861298600611,0.380709214380537,"Latin America and Caribbean","Diarrheal diseases","Deaths","Both","Clostridium difficile","ass",181
0.620453504453078,0.321017764685694,0.920782992751401,"North Africa and Middle East","Diarrheal diseases","Deaths","Both","Clostridium difficile","ass",181
1.56697387214662,1.3721971588208,1.76212482978317,"South Asia","Diarrheal diseases","Deaths","Both","Clostridium difficile","ass",181
0.301493943625064,0.0668455663925815,0.536692551662044,"Southeast Asia, East Asia, and Oceania","Diarrheal diseases","Deaths","Both","Clostridium difficile","ass",181
0.367058009343468,0.113669244456327,0.62108810389776,"Sub-Saharan Africa","Diarrheal diseases","Deaths","Both","Clostridium difficile","ass",181
-0.149078173308637,-0.380177113097713,0.0825568718300085,"Central Europe, Eastern Europe, and Central Asia","Diarrheal diseases","Deaths","Both","Clostridium difficile","ass",182
0.826650471864521,0.681527920131852,0.971982203527766,"Global","Diarrheal diseases","Deaths","Both","Clostridium difficile","ass",182
-1.58887719072519,-1.83833517617678,-1.33878525833905,"High-income","Diarrheal diseases","Deaths","Both","Clostridium difficile","ass",182
0.292770121186714,0.155393888586519,0.430334783271835,"Latin America and Caribbean","Diarrheal diseases","Deaths","Both","Clostridium difficile","ass",182
0.857008741824616,0.556666485368051,1.15824805935296,"North Africa and Middle East","Diarrheal diseases","Deaths","Both","Clostridium difficile","ass",182
1.52671619812483,1.30017774793834,1.7537612581767,"South Asia","Diarrheal diseases","Deaths","Both","Clostridium difficile","ass",182
0.0405794241315149,-0.182815731526298,0.264474547765148,"Southeast Asia, East Asia, and Oceania","Diarrheal diseases","Deaths","Both","Clostridium difficile","ass",182
0.35733518100789,0.134204408062266,0.580963160099301,"Sub-Saharan Africa","Diarrheal diseases","Deaths","Both","Clostridium difficile","ass",182
-0.19360696820202,-0.447536400827886,0.0609701646858252,"Central Europe, Eastern Europe, and Central Asia","Diarrheal diseases","Deaths","Both","Clostridium difficile","ass",183
0.828707118219318,0.660615618017779,0.997079311642013,"Global","Diarrheal diseases","Deaths","Both","Clostridium difficile","ass",183
-1.53716189651523,-1.83365030512193,-1.23977801428939,"High-income","Diarrheal diseases","Deaths","Both","Clostridium difficile","ass",183
0.191591606739494,0.0531049207791678,0.330269976528164,"Latin America and Caribbean","Diarrheal diseases","Deaths","Both","Clostridium difficile","ass",183
0.834824965817371,0.502384924930821,1.16836464608925,"North Africa and Middle East","Diarrheal diseases","Deaths","Both","Clostridium difficile","ass",183
1.55717511206568,1.33476574985949,1.78007261794133,"South Asia","Diarrheal diseases","Deaths","Both","Clostridium difficile","ass",183
0.288752152117988,0.0542412977478923,0.523812661756096,"Southeast Asia, East Asia, and Oceania","Diarrheal diseases","Deaths","Both","Clostridium difficile","ass",183
-0.0211156367839749,-0.335678476993828,0.294440033948673,"Sub-Saharan Africa","Diarrheal diseases","Deaths","Both","Clostridium difficile","ass",183
-0.152710046337901,-0.428966667758612,0.124313040171353,"Central Europe, Eastern Europe, and Central Asia","Diarrheal diseases","Deaths","Both","Clostridium difficile","ass",184
0.712947984805434,0.523089193523063,0.903165363959668,"Global","Diarrheal diseases","Deaths","Both","Clostridium difficile","ass",184
-1.61203265649542,-1.81670746489994,-1.40693117898953,"High-income","Diarrheal diseases","Deaths","Both","Clostridium difficile","ass",184
0.27764583070975,0.132224196863384,0.423278659820814,"Latin America and Caribbean","Diarrheal diseases","Deaths","Both","Clostridium difficile","ass",184
0.745643160242238,0.493063717391107,0.998857436708667,"North Africa and Middle East","Diarrheal diseases","Deaths","Both","Clostridium difficile","ass",184
1.54935937510083,1.33564428684732,1.76352518470979,"South Asia","Diarrheal diseases","Deaths","Both","Clostridium difficile","ass",184
0.0763992894021959,-0.159804404694319,0.313161798360539,"Southeast Asia, East Asia, and Oceania","Diarrheal diseases","Deaths","Both","Clostridium difficile","ass",184
0.312451114172885,0.0944105247311811,0.53096667218071,"Sub-Saharan Africa","Diarrheal diseases","Deaths","Both","Clostridium difficile","ass",184
-0.0901526195135283,-0.349715035211706,0.170085887052496,"Central Europe, Eastern Europe, and Central Asia","Diarrheal diseases","Deaths","Both","Clostridium difficile","ass",185
0.89962590161563,0.721596989695272,1.07796948580514,"Global","Diarrheal diseases","Deaths","Both","Clostridium difficile","ass",185
-1.53177943853107,-1.75547812376045,-1.30757140071065,"High-income","Diarrheal diseases","Deaths","Both","Clostridium difficile","ass",185
0.168180772146931,0.0419050130329834,0.294615920142349,"Latin America and Caribbean","Diarrheal diseases","Deaths","Both","Clostridium difficile","ass",185
0.87728281805286,0.59189384942131,1.16348146289491,"North Africa and Middle East","Diarrheal diseases","Deaths","Both","Clostridium difficile","ass",185
1.65862050446328,1.41425818671119,1.90357162445487,"South Asia","Diarrheal diseases","Deaths","Both","Clostridium difficile","ass",185
0.380095281473181,0.15580872454688,0.604884100427605,"Southeast Asia, East Asia, and Oceania","Diarrheal diseases","Deaths","Both","Clostridium difficile","ass",185
-0.158643886700804,-0.500345391196011,0.184231088382147,"Sub-Saharan Africa","Diarrheal diseases","Deaths","Both","Clostridium difficile","ass",185
-0.0944679525496372,-0.365780501922863,0.177583404231507,"Central Europe, Eastern Europe, and Central Asia","Diarrheal diseases","Deaths","Both","Clostridium difficile","ass",186
0.760233242025898,0.57685697277341,0.943943851176621,"Global","Diarrheal diseases","Deaths","Both","Clostridium difficile","ass",186
-1.43936084349054,-1.70113911688324,-1.17688543216761,"High-income","Diarrheal diseases","Deaths","Both","Clostridium difficile","ass",186
0.0798519853115742,-0.101506449923461,0.261539663569832,"Latin America and Caribbean","Diarrheal diseases","Deaths","Both","Clostridium difficile","ass",186
0.776758015508627,0.536702659752653,1.01738656068002,"North Africa and Middle East","Diarrheal diseases","Deaths","Both","Clostridium difficile","ass",186
1.52210842027469,1.27319587029167,1.7716327556073,"South Asia","Diarrheal diseases","Deaths","Both","Clostridium difficile","ass",186
0.279659403503341,0.0426711505414845,0.517209051232004,"Southeast Asia, East Asia, and Oceania","Diarrheal diseases","Deaths","Both","Clostridium difficile","ass",186
0.160471233659565,-0.141084568190875,0.462937679304165,"Sub-Saharan Africa","Diarrheal diseases","Deaths","Both","Clostridium difficile","ass",186
-0.285972043375338,-0.544293124557116,-0.0269800124504171,"Central Europe, Eastern Europe, and Central Asia","Diarrheal diseases","Deaths","Both","Clostridium difficile","ass",187
0.742013179933387,0.57529290473064,0.909009821720419,"Global","Diarrheal diseases","Deaths","Both","Clostridium difficile","ass",187
-1.64619536258016,-1.88951578638376,-1.40227148819621,"High-income","Diarrheal diseases","Deaths","Both","Clostridium difficile","ass",187
0.262480926061381,0.110732043869288,0.414459830777325,"Latin America and Caribbean","Diarrheal diseases","Deaths","Both","Clostridium difficile","ass",187
0.867034890626739,0.544230520769795,1.19087564676521,"North Africa and Middle East","Diarrheal diseases","Deaths","Both","Clostridium difficile","ass",187
1.3727459093287,1.17896351100928,1.56689944821524,"South Asia","Diarrheal diseases","Deaths","Both","Clostridium difficile","ass",187
0.373734930323222,0.182910719571172,0.564922615036534,"Southeast Asia, East Asia, and Oceania","Diarrheal diseases","Deaths","Both","Clostridium difficile","ass",187
0.0632410277309647,-0.268400696870474,0.395985574650171,"Sub-Saharan Africa","Diarrheal diseases","Deaths","Both","Clostridium difficile","ass",187
-0.0661913110542978,-0.335383751353135,0.203728213466015,"Central Europe, Eastern Europe, and Central Asia","Diarrheal diseases","Deaths","Both","Clostridium difficile","ass",188
0.876476151805594,0.705227995973434,1.04801551328277,"Global","Diarrheal diseases","Deaths","Both","Clostridium difficile","ass",188
-1.56207547499072,-1.83524619734593,-1.28814457914491,"High-income","Diarrheal diseases","Deaths","Both","Clostridium difficile","ass",188
0.122818855354323,0.00343188214180223,0.242348356169209,"Latin America and Caribbean","Diarrheal diseases","Deaths","Both","Clostridium difficile","ass",188
0.813586279029699,0.527655122716486,1.10033071031734,"North Africa and Middle East","Diarrheal diseases","Deaths","Both","Clostridium difficile","ass",188
1.46444913847124,1.24668965247698,1.68267697749414,"South Asia","Diarrheal diseases","Deaths","Both","Clostridium difficile","ass",188
0.287323808539708,0.0835940756947151,0.491468252750993,"Southeast Asia, East Asia, and Oceania","Diarrheal diseases","Deaths","Both","Clostridium difficile","ass",188
0.151962117876736,-0.15773969222872,0.462624595447902,"Sub-Saharan Africa","Diarrheal diseases","Deaths","Both","Clostridium difficile","ass",188
-0.0955500372186613,-0.312596824806166,0.121969320688686,"Central Europe, Eastern Europe, and Central Asia","Diarrheal diseases","Deaths","Both","Clostridium difficile","ass",189
0.760505774774001,0.606657844829095,0.914588969323238,"Global","Diarrheal diseases","Deaths","Both","Clostridium difficile","ass",189
-1.59132261520226,-1.88108439312962,-1.3007051216626,"High-income","Diarrheal diseases","Deaths","Both","Clostridium difficile","ass",189
0.122087309749119,-0.0372087793216624,0.281637245713195,"Latin America and Caribbean","Diarrheal diseases","Deaths","Both","Clostridium difficile","ass",189
0.813497488617099,0.547129538804292,1.08057109641351,"North Africa and Middle East","Diarrheal diseases","Deaths","Both","Clostridium difficile","ass",189
1.4788094435831,1.26194733807514,1.69613597994629,"South Asia","Diarrheal diseases","Deaths","Both","Clostridium difficile","ass",189
0.259387678127987,0.0507980485021209,0.468412183181499,"Southeast Asia, East Asia, and Oceania","Diarrheal diseases","Deaths","Both","Clostridium difficile","ass",189
0.310450307804033,0.0218062438012367,0.599927344123685,"Sub-Saharan Africa","Diarrheal diseases","Deaths","Both","Clostridium difficile","ass",189
-0.14541320221344,-0.409070137776679,0.118941738477041,"Central Europe, Eastern Europe, and Central Asia","Diarrheal diseases","Deaths","Both","Clostridium difficile","ass",190
0.771435821303834,0.600043865356259,0.943119777149559,"Global","Diarrheal diseases","Deaths","Both","Clostridium difficile","ass",190
-1.66375671736047,-1.88700013461587,-1.44000533863802,"High-income","Diarrheal diseases","Deaths","Both","Clostridium difficile","ass",190
0.221630599648992,0.0681349746056936,0.375361673338492,"Latin America and Caribbean","Diarrheal diseases","Deaths","Both","Clostridium difficile","ass",190
0.872801426798842,0.570021977949486,1.17649243351448,"North Africa and Middle East","Diarrheal diseases","Deaths","Both","Clostridium difficile","ass",190
1.49341069377933,1.31534565999216,1.67178868268749,"South Asia","Diarrheal diseases","Deaths","Both","Clostridium difficile","ass",190
0.179652350834103,-0.0364479849941812,0.396219850485613,"Southeast Asia, East Asia, and Oceania","Diarrheal diseases","Deaths","Both","Clostridium difficile","ass",190
0.242451718337766,-0.0111181525019655,0.496664637466582,"Sub-Saharan Africa","Diarrheal diseases","Deaths","Both","Clostridium difficile","ass",190
-0.0278527483785873,-0.279000109903471,0.223927127834989,"Central Europe, Eastern Europe, and Central Asia","Diarrheal diseases","Deaths","Both","Clostridium difficile","ass",191
0.698812747962485,0.536893666289551,0.86099260742607,"Global","Diarrheal diseases","Deaths","Both","Clostridium difficile","ass",191
-1.49454315349012,-1.75587059152239,-1.23252058964953,"High-income","Diarrheal diseases","Deaths","Both","Clostridium difficile","ass",191
0.236056359108416,0.103892653139437,0.368394556245621,"Latin America and Caribbean","Diarrheal diseases","Deaths","Both","Clostridium difficile","ass",191
0.789983341235234,0.550316177559584,1.03022176466945,"North Africa and Middle East","Diarrheal diseases","Deaths","Both","Clostridium difficile","ass",191
1.47682433781842,1.2911518850772,1.66283713874469,"South Asia","Diarrheal diseases","Deaths","Both","Clostridium difficile","ass",191
0.219494397646125,-0.0286233140184944,0.46822790956158,"Southeast Asia, East Asia, and Oceania","Diarrheal diseases","Deaths","Both","Clostridium difficile","ass",191
0.160344141173807,-0.136666158983723,0.458237799767369,"Sub-Saharan Africa","Diarrheal diseases","Deaths","Both","Clostridium difficile","ass",191
-0.158644263572316,-0.432731993309132,0.116197971988496,"Central Europe, Eastern Europe, and Central Asia","Diarrheal diseases","Deaths","Both","Clostridium difficile","ass",192
0.876223340324267,0.685335258362274,1.06747332464017,"Global","Diarrheal diseases","Deaths","Both","Clostridium difficile","ass",192
-1.53156875656255,-1.77076889064604,-1.29178614103747,"High-income","Diarrheal diseases","Deaths","Both","Clostridium difficile","ass",192
0.176869132629087,0.0152198090108691,0.338779721521498,"Latin America and Caribbean","Diarrheal diseases","Deaths","Both","Clostridium difficile","ass",192
0.899743514210982,0.554113576051107,1.24656146994571,"North Africa and Middle East","Diarrheal diseases","Deaths","Both","Clostridium difficile","ass",192
1.55948751918689,1.35122840011725,1.76817457446767,"South Asia","Diarrheal diseases","Deaths","Both","Clostridium difficile","ass",192
0.226101542057089,-0.0307469626227075,0.483609961184106,"Southeast Asia, East Asia, and Oceania","Diarrheal diseases","Deaths","Both","Clostridium difficile","ass",192
0.219789967243278,-0.0427797372376859,0.483049395283275,"Sub-Saharan Africa","Diarrheal diseases","Deaths","Both","Clostridium difficile","ass",192
-0.131043888006355,-0.397145853086134,0.135769003044617,"Central Europe, Eastern Europe, and Central Asia","Diarrheal diseases","Deaths","Both","Clostridium difficile","ass",193
0.750112503135014,0.535336946137255,0.965346889249852,"Global","Diarrheal diseases","Deaths","Both","Clostridium difficile","ass",193
-1.5505304216901,-1.76633797749152,-1.33424876261102,"High-income","Diarrheal diseases","Deaths","Both","Clostridium difficile","ass",193
0.1788677908384,0.0276225635509775,0.330341706144099,"Latin America and Caribbean","Diarrheal diseases","Deaths","Both","Clostridium difficile","ass",193
0.785772426330267,0.470300946381608,1.10223447019406,"North Africa and Middle East","Diarrheal diseases","Deaths","Both","Clostridium difficile","ass",193
1.34453503526111,1.13598107884265,1.5535190537828,"South Asia","Diarrheal diseases","Deaths","Both","Clostridium difficile","ass",193
0.146743443812225,-0.0774027960591783,0.371392488236899,"Southeast Asia, East Asia, and Oceania","Diarrheal diseases","Deaths","Both","Clostridium difficile","ass",193
0.236967091356277,-0.0037543126941153,0.478267985106173,"Sub-Saharan Africa","Diarrheal diseases","Deaths","Both","Clostridium difficile","ass",193
-0.126055632957378,-0.365863722771209,0.114329647788103,"Central Europe, Eastern Europe, and Central Asia","Diarrheal diseases","Deaths","Both","Clostridium difficile","ass",194
0.811317457470517,0.661512617361937,0.961345237703237,"Global","Diarrheal diseases","Deaths","Both","Clostridium difficile","ass",194
-1.5532424294642,-1.76246098267652,-1.34357829909831,"High-income","Diarrheal diseases","Deaths","Both","Clostridium difficile","ass",194
0.1506281636388,0.0214664739272674,0.279956644966917,"Latin America and Caribbean","Diarrheal diseases","Deaths","Both","Clostridium difficile","ass",194
0.82945866123012,0.553189794105191,1.10648657426002,"North Africa and Middle East","Diarrheal diseases","Deaths","Both","Clostridium difficile","ass",194
1.62319465689125,1.37447862199893,1.8725209012451,"South Asia","Diarrheal diseases","Deaths","Both","Clostridium difficile","ass",194
0.245597194884462,0.00285427545707595,0.488929338743094,"Southeast Asia, East Asia, and Oceania","Diarrheal diseases","Deaths","Both","Clostridium difficile","ass",194
-0.0758612766224021,-0.437361056130225,0.286951064424268,"Sub-Saharan Africa","Diarrheal diseases","Deaths","Both","Clostridium difficile","ass",194
-0.184340480594047,-0.421543707623895,0.0534277820168683,"Central Europe, Eastern Europe, and Central Asia","Diarrheal diseases","Deaths","Both","Clostridium difficile","ass",195
0.726278333512753,0.593764755877846,0.858966473142653,"Global","Diarrheal diseases","Deaths","Both","Clostridium difficile","ass",195
-1.68285665187083,-1.92590533631146,-1.43920564055469,"High-income","Diarrheal diseases","Deaths","Both","Clostridium difficile","ass",195
0.196539177261656,0.0246295198368385,0.368744291220113,"Latin America and Caribbean","Diarrheal diseases","Deaths","Both","Clostridium difficile","ass",195
0.877634602536492,0.61968787483444,1.13624259758824,"North Africa and Middle East","Diarrheal diseases","Deaths","Both","Clostridium difficile","ass",195
1.49490602437545,1.2907993173626,1.69942401798224,"South Asia","Diarrheal diseases","Deaths","Both","Clostridium difficile","ass",195
0.288452356362479,0.0606152423579198,0.516808253410583,"Southeast Asia, East Asia, and Oceania","Diarrheal diseases","Deaths","Both","Clostridium difficile","ass",195
0.152781683169234,-0.181248318291427,0.487929471017656,"Sub-Saharan Africa","Diarrheal diseases","Deaths","Both","Clostridium difficile","ass",195
-0.159978259097782,-0.450196981308681,0.131086541198333,"Central Europe, Eastern Europe, and Central Asia","Diarrheal diseases","Deaths","Both","Clostridium difficile","ass",196
0.782726111371734,0.617136708134236,0.948588031313258,"Global","Diarrheal diseases","Deaths","Both","Clostridium difficile","ass",196
-1.55881357186592,-1.84390949927035,-1.27288957880193,"High-income","Diarrheal diseases","Deaths","Both","Clostridium difficile","ass",196
0.195381778626613,0.0600608736934793,0.330885691116922,"Latin America and Caribbean","Diarrheal diseases","Deaths","Both","Clostridium difficile","ass",196
0.823524440603651,0.53834043073151,1.10951739479632,"North Africa and Middle East","Diarrheal diseases","Deaths","Both","Clostridium difficile","ass",196
1.55611303324865,1.35424886968634,1.75837924350348,"South Asia","Diarrheal diseases","Deaths","Both","Clostridium difficile","ass",196
0.39246497409724,0.22391725550972,0.561296141328738,"Southeast Asia, East Asia, and Oceania","Diarrheal diseases","Deaths","Both","Clostridium difficile","ass",196
0.382453624984902,0.0517578143965025,0.714242467035531,"Sub-Saharan Africa","Diarrheal diseases","Deaths","Both","Clostridium difficile","ass",196
-0.203768649312563,-0.440115465229407,0.0331392341231362,"Central Europe, Eastern Europe, and Central Asia","Diarrheal diseases","Deaths","Both","Clostridium difficile","ass",197
0.700663645605037,0.515525222661273,0.886143072941636,"Global","Diarrheal diseases","Deaths","Both","Clostridium difficile","ass",197
-1.56549249785867,-1.82312630815606,-1.30718261001153,"High-income","Diarrheal diseases","Deaths","Both","Clostridium difficile","ass",197
0.179474865053209,0.0553282464675009,0.303775522241123,"Latin America and Caribbean","Diarrheal diseases","Deaths","Both","Clostridium difficile","ass",197
0.773903875190785,0.496858184650506,1.0517133141311,"North Africa and Middle East","Diarrheal diseases","Deaths","Both","Clostridium difficile","ass",197
1.47041879958008,1.23163535169513,1.70976548577275,"South Asia","Diarrheal diseases","Deaths","Both","Clostridium difficile","ass",197
0.0909252894049084,-0.136506015955595,0.318874551794512,"Southeast Asia, East Asia, and Oceania","Diarrheal diseases","Deaths","Both","Clostridium difficile","ass",197
0.163261934648329,-0.0650841605974173,0.392129788868645,"Sub-Saharan Africa","Diarrheal diseases","Deaths","Both","Clostridium difficile","ass",197
-0.174687020549846,-0.402047853399379,0.0531928284762229,"Central Europe, Eastern Europe, and Central Asia","Diarrheal diseases","Deaths","Both","Clostridium difficile","ass",198
0.923757204465581,0.732944408211411,1.11493144675341,"Global","Diarrheal diseases","Deaths","Both","Clostridium difficile","ass",198
-1.60071554041658,-1.86393799941061,-1.33678706101059,"High-income","Diarrheal diseases","Deaths","Both","Clostridium difficile","ass",198
0.178407937498015,0.0373210441264149,0.319693811722677,"Latin America and Caribbean","Diarrheal diseases","Deaths","Both","Clostridium difficile","ass",198
0.975659160507569,0.698546734850636,1.2535341721098,"North Africa and Middle East","Diarrheal diseases","Deaths","Both","Clostridium difficile","ass",198
1.39705324903532,1.19335704482748,1.60115948157722,"South Asia","Diarrheal diseases","Deaths","Both","Clostridium difficile","ass",198
0.160651277406898,-0.0701505816742443,0.391986205420536,"Southeast Asia, East Asia, and Oceania","Diarrheal diseases","Deaths","Both","Clostridium difficile","ass",198
0.26835798355942,0.0314936960588375,0.505783141328142,"Sub-Saharan Africa","Diarrheal diseases","Deaths","Both","Clostridium difficile","ass",198
-0.191960734188101,-0.45943467007451,0.0762319268345468,"Central Europe, Eastern Europe, and Central Asia","Diarrheal diseases","Deaths","Both","Clostridium difficile","ass",199
0.841850738764172,0.656818915324431,1.0272226958983,"Global","Diarrheal diseases","Deaths","Both","Clostridium difficile","ass",199
-1.52690228099637,-1.76467991013464,-1.28854911343804,"High-income","Diarrheal diseases","Deaths","Both","Clostridium difficile","ass",199
0.0565229542712098,-0.103560347590703,0.216862788434224,"Latin America and Caribbean","Diarrheal diseases","Deaths","Both","Clostridium difficile","ass",199
0.799412675934885,0.558300677617107,1.0411027965493,"North Africa and Middle East","Diarrheal diseases","Deaths","Both","Clostridium difficile","ass",199
1.44762787196511,1.26967067274861,1.62589778835098,"South Asia","Diarrheal diseases","Deaths","Both","Clostridium difficile","ass",199
0.10339078274566,-0.0887690240976458,0.295920171576958,"Southeast Asia, East Asia, and Oceania","Diarrheal diseases","Deaths","Both","Clostridium difficile","ass",199
0.0410942063979958,-0.237921701846533,0.320890470047908,"Sub-Saharan Africa","Diarrheal diseases","Deaths","Both","Clostridium difficile","ass",199
-0.177335895951003,-0.416132197615193,0.0620330253045642,"Central Europe, Eastern Europe, and Central Asia","Diarrheal diseases","Deaths","Both","Clostridium difficile","ass",200
0.759468277017228,0.58490552294721,0.934333980669511,"Global","Diarrheal diseases","Deaths","Both","Clostridium difficile","ass",200
-1.72715135597463,-2.03372879508799,-1.41961450782164,"High-income","Diarrheal diseases","Deaths","Both","Clostridium difficile","ass",200
0.178667842401703,0.0411229490736131,0.316401843939706,"Latin America and Caribbean","Diarrheal diseases","Deaths","Both","Clostridium difficile","ass",200
0.932535782986799,0.596419466043008,1.26977514366433,"North Africa and Middle East","Diarrheal diseases","Deaths","Both","Clostridium difficile","ass",200
1.56677981580029,1.351311513618,1.7827061938432,"South Asia","Diarrheal diseases","Deaths","Both","Clostridium difficile","ass",200
0.318094342259068,0.1330902554042,0.503440239319408,"Southeast Asia, East Asia, and Oceania","Diarrheal diseases","Deaths","Both","Clostridium difficile","ass",200
0.216392574743596,-0.0199414347565319,0.453285233286804,"Sub-Saharan Africa","Diarrheal diseases","Deaths","Both","Clostridium difficile","ass",200
-0.107317044032884,-0.385158056087742,0.171298909049566,"Central Europe, Eastern Europe, and Central Asia","Diarrheal diseases","Deaths","Both","Clostridium difficile","ass",201
0.786910293848875,0.597826687151759,0.976349301964685,"Global","Diarrheal diseases","Deaths","Both","Clostridium difficile","ass",201
-1.65255791247538,-1.90413323650018,-1.40033740180057,"High-income","Diarrheal diseases","Deaths","Both","Clostridium difficile","ass",201
0.172411902509007,0.049888816699406,0.295085032528908,"Latin America and Caribbean","Diarrheal diseases","Deaths","Both","Clostridium difficile","ass",201
0.719486704547112,0.508925935663695,0.930488586863798,"North Africa and Middle East","Diarrheal diseases","Deaths","Both","Clostridium difficile","ass",201
1.55982027854145,1.34633675151914,1.77375350328119,"South Asia","Diarrheal diseases","Deaths","Both","Clostridium difficile","ass",201
0.324097919487909,0.113641281392129,0.5349969747803,"Southeast Asia, East Asia, and Oceania","Diarrheal diseases","Deaths","Both","Clostridium difficile","ass",201
0.115071944994383,-0.203253359730449,0.434412623496794,"Sub-Saharan Africa","Diarrheal diseases","Deaths","Both","Clostridium difficile","ass",201
-0.183171389177406,-0.461416868661002,0.0958518846490231,"Central Europe, Eastern Europe, and Central Asia","Diarrheal diseases","Deaths","Both","Clostridium difficile","ass",202
0.775013624110166,0.573977503730871,0.976451593185357,"Global","Diarrheal diseases","Deaths","Both","Clostridium difficile","ass",202
-1.62784376305604,-1.90716855118634,-1.34772358207071,"High-income","Diarrheal diseases","Deaths","Both","Clostridium difficile","ass",202
0.243342732573359,0.107553100238977,0.379316555048015,"Latin America and Caribbean","Diarrheal diseases","Deaths","Both","Clostridium difficile","ass",202
0.760094942864198,0.440695684625347,1.08050988389443,"North Africa and Middle East","Diarrheal diseases","Deaths","Both","Clostridium difficile","ass",202
1.42057275575922,1.24164616159321,1.59981557084135,"South Asia","Diarrheal diseases","Deaths","Both","Clostridium difficile","ass",202
0.258316723787533,0.0354646923712121,0.48166520941697,"Southeast Asia, East Asia, and Oceania","Diarrheal diseases","Deaths","Both","Clostridium difficile","ass",202
0.355502871816071,0.0668949799887075,0.644943151969679,"Sub-Saharan Africa","Diarrheal diseases","Deaths","Both","Clostridium difficile","ass",202
-0.101414909000563,-0.337666396001968,0.135396616714489,"Central Europe, Eastern Europe, and Central Asia","Diarrheal diseases","Deaths","Both","Clostridium difficile","ass",203
0.866265189017512,0.70181237937188,1.03098656112455,"Global","Diarrheal diseases","Deaths","Both","Clostridium difficile","ass",203
-1.56247143176302,-1.77112387380798,-1.35337578153644,"High-income","Diarrheal diseases","Deaths","Both","Clostridium difficile","ass",203
0.208317720150952,0.0551659077900446,0.36170395796522,"Latin America and Caribbean","Diarrheal diseases","Deaths","Both","Clostridium difficile","ass",203
0.893418237558041,0.617221396337797,1.17037324615803,"North Africa and Middle East","Diarrheal diseases","Deaths","Both","Clostridium difficile","ass",203
1.38073288383489,1.14771151430315,1.61429108171247,"South Asia","Diarrheal diseases","Deaths","Both","Clostridium difficile","ass",203
0.123198344076503,-0.0999825694299239,0.346877853293281,"Southeast Asia, East Asia, and Oceania","Diarrheal diseases","Deaths","Both","Clostridium difficile","ass",203
0.146727651360856,-0.0943522315196788,0.388389278229151,"Sub-Saharan Africa","Diarrheal diseases","Deaths","Both","Clostridium difficile","ass",203
-0.0640937059330549,-0.323041811730296,0.195527114227811,"Central Europe, Eastern Europe, and Central Asia","Diarrheal diseases","Deaths","Both","Clostridium difficile","ass",204
0.874711538225226,0.686099015336272,1.06367738380855,"Global","Diarrheal diseases","Deaths","Both","Clostridium difficile","ass",204
-1.46255957928458,-1.69536744634213,-1.22920036991938,"High-income","Diarrheal diseases","Deaths","Both","Clostridium difficile","ass",204
0.194823146163148,0.0698411328621251,0.31996125548146,"Latin America and Caribbean","Diarrheal diseases","Deaths","Both","Clostridium difficile","ass",204
0.777220880561025,0.480933556275187,1.0743818649078,"North Africa and Middle East","Diarrheal diseases","Deaths","Both","Clostridium difficile","ass",204
1.40996132905933,1.16857193576556,1.65192668026255,"South Asia","Diarrheal diseases","Deaths","Both","Clostridium difficile","ass",204
0.384397589989427,0.152767236198503,0.61656365160232,"Southeast Asia, East Asia, and Oceania","Diarrheal diseases","Deaths","Both","Clostridium difficile","ass",204
0.141048573114544,-0.108874696047345,0.391597139471545,"Sub-Saharan Africa","Diarrheal diseases","Deaths","Both","Clostridium difficile","ass",204
-0.181285343455317,-0.472541116939418,0.110822756879481,"Central Europe, Eastern Europe, and Central Asia","Diarrheal diseases","Deaths","Both","Clostridium difficile","ass",205
0.734273416671805,0.575772156144749,0.893024465483339,"Global","Diarrheal diseases","Deaths","Both","Clostridium difficile","ass",205
-1.66418548596298,-1.90201460861283,-1.42577976949874,"High-income","Diarrheal diseases","Deaths","Both","Clostridium difficile","ass",205
0.254904927022981,0.111387920306139,0.398627675880103,"Latin America and Caribbean","Diarrheal diseases","Deaths","Both","Clostridium difficile","ass",205
0.801838319122394,0.543581086917988,1.06075891339592,"North Africa and Middle East","Diarrheal diseases","Deaths","Both","Clostridium difficile","ass",205
1.39809430963018,1.16714544037395,1.62957039925995,"South Asia","Diarrheal diseases","Deaths","Both","Clostridium difficile","ass",205
0.278343848845775,0.0484880654290754,0.508727713018042,"Southeast Asia, East Asia, and Oceania","Diarrheal diseases","Deaths","Both","Clostridium difficile","ass",205
0.182644125938691,-0.114247189536776,0.480417894123608,"Sub-Saharan Africa","Diarrheal diseases","Deaths","Both","Clostridium difficile","ass",205
-0.0639433233414866,-0.287919592188079,0.160536047725013,"Central Europe, Eastern Europe, and Central Asia","Diarrheal diseases","Deaths","Both","Clostridium difficile","ass",206
0.861921556479173,0.641889308889154,1.0824348581344,"Global","Diarrheal diseases","Deaths","Both","Clostridium difficile","ass",206
-1.58136932261153,-1.79155664364695,-1.37073215522465,"High-income","Diarrheal diseases","Deaths","Both","Clostridium difficile","ass",206
0.328045957452083,0.190650855145069,0.46562947468578,"Latin America and Caribbean","Diarrheal diseases","Deaths","Both","Clostridium difficile","ass",206
0.866474234561188,0.582339156431888,1.15141196595248,"North Africa and Middle East","Diarrheal diseases","Deaths","Both","Clostridium difficile","ass",206
1.55580728982603,1.34080510572594,1.77126561732384,"South Asia","Diarrheal diseases","Deaths","Both","Clostridium difficile","ass",206
0.187941661784397,-0.0557889185472393,0.432266619670729,"Southeast Asia, East Asia, and Oceania","Diarrheal diseases","Deaths","Both","Clostridium difficile","ass",206
0.29143501123321,0.0431356983584541,0.540350583767779,"Sub-Saharan Africa","Diarrheal diseases","Deaths","Both","Clostridium difficile","ass",206
-0.176799040866027,-0.415471893848629,0.0624458360226621,"Central Europe, Eastern Europe, and Central Asia","Diarrheal diseases","Deaths","Both","Clostridium difficile","ass",207
0.931385503155413,0.758408772591657,1.10465919106177,"Global","Diarrheal diseases","Deaths","Both","Clostridium difficile","ass",207
-1.64378642655612,-1.96278978964219,-1.32374505815103,"High-income","Diarrheal diseases","Deaths","Both","Clostridium difficile","ass",207
0.129418859785213,-0.0135107430752512,0.272552778964075,"Latin America and Caribbean","Diarrheal diseases","Deaths","Both","Clostridium difficile","ass",207
0.833926146064412,0.499244195124304,1.16972265273259,"North Africa and Middle East","Diarrheal diseases","Deaths","Both","Clostridium difficile","ass",207
1.48715621988844,1.26062260881434,1.71419661707173,"South Asia","Diarrheal diseases","Deaths","Both","Clostridium difficile","ass",207
0.209763553273001,-0.0434783795776772,0.463647079843788,"Southeast Asia, East Asia, and Oceania","Diarrheal diseases","Deaths","Both","Clostridium difficile","ass",207
0.480075765145482,0.27020651578693,0.690384278602063,"Sub-Saharan Africa","Diarrheal diseases","Deaths","Both","Clostridium difficile","ass",207
-0.131309948562219,-0.378420571515625,0.116413630543133,"Central Europe, Eastern Europe, and Central Asia","Diarrheal diseases","Deaths","Both","Clostridium difficile","ass",208
0.719768368034024,0.562744103548307,0.877037818943971,"Global","Diarrheal diseases","Deaths","Both","Clostridium difficile","ass",208
-1.58710666792782,-1.83161315345383,-1.34199119387317,"High-income","Diarrheal diseases","Deaths","Both","Clostridium difficile","ass",208
0.230436672369305,0.0741508605748065,0.386966555732338,"Latin America and Caribbean","Diarrheal diseases","Deaths","Both","Clostridium difficile","ass",208
0.713890998986777,0.370122562034902,1.0588368454628,"North Africa and Middle East","Diarrheal diseases","Deaths","Both","Clostridium difficile","ass",208
1.49063151251092,1.28423229243764,1.69745133742154,"South Asia","Diarrheal diseases","Deaths","Both","Clostridium difficile","ass",208
0.180153420640461,-0.0349935200699036,0.395763405447225,"Southeast Asia, East Asia, and Oceania","Diarrheal diseases","Deaths","Both","Clostridium difficile","ass",208
0.216569014703949,-0.0304949297343815,0.464243551268306,"Sub-Saharan Africa","Diarrheal diseases","Deaths","Both","Clostridium difficile","ass",208
-0.158309071251006,-0.390519430546976,0.0744426185554481,"Central Europe, Eastern Europe, and Central Asia","Diarrheal diseases","Deaths","Both","Clostridium difficile","ass",209
0.958624237724659,0.787511529942941,1.13002745331154,"Global","Diarrheal diseases","Deaths","Both","Clostridium difficile","ass",209
-1.62853712111726,-1.87210159050966,-1.3843680973452,"High-income","Diarrheal diseases","Deaths","Both","Clostridium difficile","ass",209
0.190496555172848,0.0442351213765901,0.336971818451537,"Latin America and Caribbean","Diarrheal diseases","Deaths","Both","Clostridium difficile","ass",209
0.956055549628476,0.676223084028882,1.23666581763671,"North Africa and Middle East","Diarrheal diseases","Deaths","Both","Clostridium difficile","ass",209
1.5575556033284,1.37417671893247,1.74126620746138,"South Asia","Diarrheal diseases","Deaths","Both","Clostridium difficile","ass",209
0.277240672170342,0.0542921077259839,0.500686027520314,"Southeast Asia, East Asia, and Oceania","Diarrheal diseases","Deaths","Both","Clostridium difficile","ass",209
0.125077295625631,-0.145195362325978,0.396081488828837,"Sub-Saharan Africa","Diarrheal diseases","Deaths","Both","Clostridium difficile","ass",209
-0.260149904121043,-0.46179392259893,-0.0580973961616715,"Central Europe, Eastern Europe, and Central Asia","Diarrheal diseases","Deaths","Both","Clostridium difficile","ass",210
0.794063181049198,0.60991473729306,0.978548675576407,"Global","Diarrheal diseases","Deaths","Both","Clostridium difficile","ass",210
-1.64235177933626,-1.8744083415676,-1.40974642807685,"High-income","Diarrheal diseases","Deaths","Both","Clostridium difficile","ass",210
0.110344475545143,-0.0314217109977033,0.252311701774555,"Latin America and Caribbean","Diarrheal diseases","Deaths","Both","Clostridium difficile","ass",210
0.829487711847432,0.550781281761581,1.10896665979123,"North Africa and Middle East","Diarrheal diseases","Deaths","Both","Clostridium difficile","ass",210
1.43734180736566,1.23170896086844,1.64339235764355,"South Asia","Diarrheal diseases","Deaths","Both","Clostridium difficile","ass",210
0.243389388113346,0.0176796760648079,0.469608458850046,"Southeast Asia, East Asia, and Oceania","Diarrheal diseases","Deaths","Both","Clostridium difficile","ass",210
0.339369798612155,0.0776076054723074,0.601816654858944,"Sub-Saharan Africa","Diarrheal diseases","Deaths","Both","Clostridium difficile","ass",210
-0.129034291658692,-0.410694351521723,0.153422363670153,"Central Europe, Eastern Europe, and Central Asia","Diarrheal diseases","Deaths","Both","Clostridium difficile","ass",211
0.869660354993562,0.719790254200237,1.01975346108758,"Global","Diarrheal diseases","Deaths","Both","Clostridium difficile","ass",211
-1.65903478622114,-1.913462933014,-1.40394667442375,"High-income","Diarrheal diseases","Deaths","Both","Clostridium difficile","ass",211
0.150255378502506,-0.012493036004646,0.313268696568403,"Latin America and Caribbean","Diarrheal diseases","Deaths","Both","Clostridium difficile","ass",211
0.877698438863139,0.583191786772996,1.17306740369743,"North Africa and Middle East","Diarrheal diseases","Deaths","Both","Clostridium difficile","ass",211
1.57306081206838,1.34813238117537,1.79848844109989,"South Asia","Diarrheal diseases","Deaths","Both","Clostridium difficile","ass",211
0.219314064676057,-0.0268016773154245,0.466035698641298,"Southeast Asia, East Asia, and Oceania","Diarrheal diseases","Deaths","Both","Clostridium difficile","ass",211
0.540882885860228,0.261636770288609,0.820906750484984,"Sub-Saharan Africa","Diarrheal diseases","Deaths","Both","Clostridium difficile","ass",211
-0.223387476650982,-0.45246411794837,0.006216310869811,"Central Europe, Eastern Europe, and Central Asia","Diarrheal diseases","Deaths","Both","Clostridium difficile","ass",212
0.918526296746713,0.771218452571687,1.06604947622571,"Global","Diarrheal diseases","Deaths","Both","Clostridium difficile","ass",212
-1.64043938534025,-1.83958623592424,-1.44088850764823,"High-income","Diarrheal diseases","Deaths","Both","Clostridium difficile","ass",212
0.0887039602880835,-0.0479300118669479,0.225524710389302,"Latin America and Caribbean","Diarrheal diseases","Deaths","Both","Clostridium difficile","ass",212
0.913219468988191,0.585738912306311,1.24176621573004,"North Africa and Middle East","Diarrheal diseases","Deaths","Both","Clostridium difficile","ass",212
1.4489354374134,1.24472354946852,1.65355922331913,"South Asia","Diarrheal diseases","Deaths","Both","Clostridium difficile","ass",212
0.170945715523607,-0.0567263260261353,0.399136396863664,"Southeast Asia, East Asia, and Oceania","Diarrheal diseases","Deaths","Both","Clostridium difficile","ass",212
0.12229292506365,-0.177319489020966,0.422804609716998,"Sub-Saharan Africa","Diarrheal diseases","Deaths","Both","Clostridium difficile","ass",212
-0.220114170020969,-0.494158321746396,0.0546847132441242,"Central Europe, Eastern Europe, and Central Asia","Diarrheal diseases","Deaths","Both","Clostridium difficile","ass",213
0.670754567558474,0.467064150997287,0.874857953147368,"Global","Diarrheal diseases","Deaths","Both","Clostridium difficile","ass",213
-1.51771412436101,-1.76599489116837,-1.26880584227423,"High-income","Diarrheal diseases","Deaths","Both","Clostridium difficile","ass",213
0.170537738291299,0.0308754184847659,0.310395053527923,"Latin America and Caribbean","Diarrheal diseases","Deaths","Both","Clostridium difficile","ass",213
0.796324189783171,0.526795477105302,1.06657555284109,"North Africa and Middle East","Diarrheal diseases","Deaths","Both","Clostridium difficile","ass",213
1.53552999392739,1.30642582273652,1.76515228349852,"South Asia","Diarrheal diseases","Deaths","Both","Clostridium difficile","ass",213
0.290311833693768,0.0659023599968611,0.515224571846384,"Southeast Asia, East Asia, and Oceania","Diarrheal diseases","Deaths","Both","Clostridium difficile","ass",213
0.1239980063376,-0.257118613537621,0.506570869264222,"Sub-Saharan Africa","Diarrheal diseases","Deaths","Both","Clostridium difficile","ass",213
-0.177270157959364,-0.439196206740433,0.0853449697806763,"Central Europe, Eastern Europe, and Central Asia","Diarrheal diseases","Deaths","Both","Clostridium difficile","ass",214
0.75381716387799,0.568523377180297,0.939452347528102,"Global","Diarrheal diseases","Deaths","Both","Clostridium difficile","ass",214
-1.49910595183762,-1.75450578871565,-1.24304217533364,"High-income","Diarrheal diseases","Deaths","Both","Clostridium difficile","ass",214
0.112167385246442,-0.0171547945058026,0.241656835955428,"Latin America and Caribbean","Diarrheal diseases","Deaths","Both","Clostridium difficile","ass",214
0.868414870782575,0.565297204730775,1.17244617525665,"North Africa and Middle East","Diarrheal diseases","Deaths","Both","Clostridium difficile","ass",214
1.67133951718701,1.47132982041041,1.87174345220682,"South Asia","Diarrheal diseases","Deaths","Both","Clostridium difficile","ass",214
0.145503166617966,-0.103255973730509,0.394881757685384,"Southeast Asia, East Asia, and Oceania","Diarrheal diseases","Deaths","Both","Clostridium difficile","ass",214
0.408134109425728,0.153678966195736,0.663235733350032,"Sub-Saharan Africa","Diarrheal diseases","Deaths","Both","Clostridium difficile","ass",214
-0.12802953725054,-0.384550676848994,0.129152173529468,"Central Europe, Eastern Europe, and Central Asia","Diarrheal diseases","Deaths","Both","Clostridium difficile","ass",215
0.853742222824305,0.657259784451081,1.05060819387737,"Global","Diarrheal diseases","Deaths","Both","Clostridium difficile","ass",215
-1.61777094108044,-1.90114047941886,-1.33358285810602,"High-income","Diarrheal diseases","Deaths","Both","Clostridium difficile","ass",215
0.275269997404171,0.106849446872226,0.443973899994421,"Latin America and Caribbean","Diarrheal diseases","Deaths","Both","Clostridium difficile","ass",215
0.817755232786799,0.534645025746494,1.10166269125529,"North Africa and Middle East","Diarrheal diseases","Deaths","Both","Clostridium difficile","ass",215
1.61267809328633,1.36237586064103,1.86359841728099,"South Asia","Diarrheal diseases","Deaths","Both","Clostridium difficile","ass",215
0.251453618226782,0.0412013013974866,0.462147813363778,"Southeast Asia, East Asia, and Oceania","Diarrheal diseases","Deaths","Both","Clostridium difficile","ass",215
-0.0411293852711325,-0.472168079871027,0.391776067125638,"Sub-Saharan Africa","Diarrheal diseases","Deaths","Both","Clostridium difficile","ass",215
-0.0967830066649578,-0.371214213240412,0.178404130905219,"Central Europe, Eastern Europe, and Central Asia","Diarrheal diseases","Deaths","Both","Clostridium difficile","ass",216
0.896074966938665,0.731333956807734,1.06108540267287,"Global","Diarrheal diseases","Deaths","Both","Clostridium difficile","ass",216
-1.68744019505637,-1.99298290093239,-1.38094494161919,"High-income","Diarrheal diseases","Deaths","Both","Clostridium difficile","ass",216
0.217152456409031,0.0585933245167647,0.375962851061162,"Latin America and Caribbean","Diarrheal diseases","Deaths","Both","Clostridium difficile","ass",216
0.80358675283656,0.54086157571156,1.06699846196074,"North Africa and Middle East","Diarrheal diseases","Deaths","Both","Clostridium difficile","ass",216
1.48495732841314,1.28715727922213,1.68314365421127,"South Asia","Diarrheal diseases","Deaths","Both","Clostridium difficile","ass",216
0.425088010620311,0.196275959960257,0.654422585236714,"Southeast Asia, East Asia, and Oceania","Diarrheal diseases","Deaths","Both","Clostridium difficile","ass",216
0.317521113910901,0.0343617455721201,0.601481999113274,"Sub-Saharan Africa","Diarrheal diseases","Deaths","Both","Clostridium difficile","ass",216
-0.0901117487216663,-0.377079672627967,0.197682798105148,"Central Europe, Eastern Europe, and Central Asia","Diarrheal diseases","Deaths","Both","Clostridium difficile","ass",217
0.783440897505527,0.627744710726175,0.939377985068734,"Global","Diarrheal diseases","Deaths","Both","Clostridium difficile","ass",217
-1.55942780249847,-1.82129036273705,-1.29686680162335,"High-income","Diarrheal diseases","Deaths","Both","Clostridium difficile","ass",217
0.191231371629597,0.0424926824183824,0.340191198850004,"Latin America and Caribbean","Diarrheal diseases","Deaths","Both","Clostridium difficile","ass",217
0.873579637477717,0.542256922298479,1.20599417956593,"North Africa and Middle East","Diarrheal diseases","Deaths","Both","Clostridium difficile","ass",217
1.6288427027165,1.42307127715859,1.83503160606369,"South Asia","Diarrheal diseases","Deaths","Both","Clostridium difficile","ass",217
0.223503932142965,-0.0365234489459132,0.484207702661776,"Southeast Asia, East Asia, and Oceania","Diarrheal diseases","Deaths","Both","Clostridium difficile","ass",217
0.211551289435818,-0.0559588801576694,0.479777476613075,"Sub-Saharan Africa","Diarrheal diseases","Deaths","Both","Clostridium difficile","ass",217
-0.0438900581787749,-0.297715260483233,0.210581340283511,"Central Europe, Eastern Europe, and Central Asia","Diarrheal diseases","Deaths","Both","Clostridium difficile","ass",218
0.736700212491859,0.588094809322048,0.885525160190181,"Global","Diarrheal diseases","Deaths","Both","Clostridium difficile","ass",218
-1.66305461377442,-1.86479085898087,-1.46090365999411,"High-income","Diarrheal diseases","Deaths","Both","Clostridium difficile","ass",218
0.189706239716081,0.0520760715118973,0.327525729960798,"Latin America and Caribbean","Diarrheal diseases","Deaths","Both","Clostridium difficile","ass",218
0.897252348768229,0.563219386373759,1.23239484226809,"North Africa and Middle East","Diarrheal diseases","Deaths","Both","Clostridium difficile","ass",218
1.59549600656275,1.33683552370476,1.85481671573475,"South Asia","Diarrheal diseases","Deaths","Both","Clostridium difficile","ass",218
0.296737463662788,0.0559039617609169,0.538150649254909,"Southeast Asia, East Asia, and Oceania","Diarrheal diseases","Deaths","Both","Clostridium difficile","ass",218
0.222409855675387,-0.0505803030258267,0.4961456277776,"Sub-Saharan Africa","Diarrheal diseases","Deaths","Both","Clostridium difficile","ass",218
-0.216619488083969,-0.454064229391693,0.0213916249669932,"Central Europe, Eastern Europe, and Central Asia","Diarrheal diseases","Deaths","Both","Clostridium difficile","ass",219
0.561678854884695,0.373645014838164,0.750064946012641,"Global","Diarrheal diseases","Deaths","Both","Clostridium difficile","ass",219
-1.67440577703103,-2.00182501650121,-1.34589260536881,"High-income","Diarrheal diseases","Deaths","Both","Clostridium difficile","ass",219
0.358660417947831,0.188320449972923,0.529289997571669,"Latin America and Caribbean","Diarrheal diseases","Deaths","Both","Clostridium difficile","ass",219
0.81937718239613,0.58051033788169,1.05881130748227,"North Africa and Middle East","Diarrheal diseases","Deaths","Both","Clostridium difficile","ass",219
1.6185221473795,1.4178692934202,1.81957198826113,"South Asia","Diarrheal diseases","Deaths","Both","Clostridium difficile","ass",219
0.152337199515329,-0.0997239614654366,0.405034343011801,"Southeast Asia, East Asia, and Oceania","Diarrheal diseases","Deaths","Both","Clostridium difficile","ass",219
0.218981286139508,-0.0319780414960391,0.470570621080335,"Sub-Saharan Africa","Diarrheal diseases","Deaths","Both","Clostridium difficile","ass",219
-0.160598153058,-0.449688967682194,0.129332171741847,"Central Europe, Eastern Europe, and Central Asia","Diarrheal diseases","Deaths","Both","Clostridium difficile","ass",220
0.729677516714089,0.592224333286628,0.867318521593541,"Global","Diarrheal diseases","Deaths","Both","Clostridium difficile","ass",220
-1.53489781700126,-1.77094809752095,-1.29828029355441,"High-income","Diarrheal diseases","Deaths","Both","Clostridium difficile","ass",220
0.169421150041527,0.0167767695012033,0.322298494567108,"Latin America and Caribbean","Diarrheal diseases","Deaths","Both","Clostridium difficile","ass",220
0.784307402209206,0.400936157938014,1.16914251242188,"North Africa and Middle East","Diarrheal diseases","Deaths","Both","Clostridium difficile","ass",220
1.5409257257833,1.3095764708257,1.77280328694487,"South Asia","Diarrheal diseases","Deaths","Both","Clostridium difficile","ass",220
0.321906814582507,0.100502835094218,0.54380049912468,"Southeast Asia, East Asia, and Oceania","Diarrheal diseases","Deaths","Both","Clostridium difficile","ass",220
-0.529232118249012,-1.03140004485347,-0.0245161852402642,"Sub-Saharan Africa","Diarrheal diseases","Deaths","Both","Clostridium difficile","ass",220
-0.197951662668583,-0.474417350838119,0.0792820016805473,"Central Europe, Eastern Europe, and Central Asia","Diarrheal diseases","Deaths","Both","Clostridium difficile","ass",221
0.722698504117392,0.510450180944844,0.93539503293032,"Global","Diarrheal diseases","Deaths","Both","Clostridium difficile","ass",221
-1.57551650121565,-1.7890941151707,-1.36147442359669,"High-income","Diarrheal diseases","Deaths","Both","Clostridium difficile","ass",221
0.145074449570903,0.0206948334824375,0.269608736539451,"Latin America and Caribbean","Diarrheal diseases","Deaths","Both","Clostridium difficile","ass",221
0.822556148586173,0.53814687739,1.10776997642132,"North Africa and Middle East","Diarrheal diseases","Deaths","Both","Clostridium difficile","ass",221
1.56154688159762,1.3462176084603,1.77733366264163,"South Asia","Diarrheal diseases","Deaths","Both","Clostridium difficile","ass",221
0.194835662400039,-0.0733501284644444,0.463741217396674,"Southeast Asia, East Asia, and Oceania","Diarrheal diseases","Deaths","Both","Clostridium difficile","ass",221
0.206604512458908,-0.119207605014382,0.533479432232276,"Sub-Saharan Africa","Diarrheal diseases","Deaths","Both","Clostridium difficile","ass",221
-0.119590746300069,-0.354238415180053,0.115609475218736,"Central Europe, Eastern Europe, and Central Asia","Diarrheal diseases","Deaths","Both","Clostridium difficile","ass",222
0.786223134050545,0.63107811808667,0.941607340296646,"Global","Diarrheal diseases","Deaths","Both","Clostridium difficile","ass",222
-1.53929984693494,-1.81719889048456,-1.26061423101691,"High-income","Diarrheal diseases","Deaths","Both","Clostridium difficile","ass",222
0.125731676682239,-0.0187823717456514,0.270454607445125,"Latin America and Caribbean","Diarrheal diseases","Deaths","Both","Clostridium difficile","ass",222
0.714925492007579,0.422272468793583,1.00843137176316,"North Africa and Middle East","Diarrheal diseases","Deaths","Both","Clostridium difficile","ass",222
1.55298217712447,1.33803978896125,1.76838046743781,"South Asia","Diarrheal diseases","Deaths","Both","Clostridium difficile","ass",222
0.335695597900743,0.103990261538733,0.56793725017541,"Southeast Asia, East Asia, and Oceania","Diarrheal diseases","Deaths","Both","Clostridium difficile","ass",222
0.176139748989446,-0.0828096082302499,0.435760209643332,"Sub-Saharan Africa","Diarrheal diseases","Deaths","Both","Clostridium difficile","ass",222
-0.148593076085368,-0.396289749224277,0.0997195745279678,"Central Europe, Eastern Europe, and Central Asia","Diarrheal diseases","Deaths","Both","Clostridium difficile","ass",223
0.733008678679758,0.591998407615058,0.874216618513968,"Global","Diarrheal diseases","Deaths","Both","Clostridium difficile","ass",223
-1.46103860940627,-1.68841735402926,-1.23313397462755,"High-income","Diarrheal diseases","Deaths","Both","Clostridium difficile","ass",223
0.200765145381232,0.0688349779768505,0.33286924874758,"Latin America and Caribbean","Diarrheal diseases","Deaths","Both","Clostridium difficile","ass",223
0.751872495948125,0.472999630029181,1.03151940141633,"North Africa and Middle East","Diarrheal diseases","Deaths","Both","Clostridium difficile","ass",223
1.41803274709469,1.19215192097561,1.64441778373443,"South Asia","Diarrheal diseases","Deaths","Both","Clostridium difficile","ass",223
0.321417282303704,0.100580007404072,0.542741758196374,"Southeast Asia, East Asia, and Oceania","Diarrheal diseases","Deaths","Both","Clostridium difficile","ass",223
0.187491499197567,-0.0915278079080428,0.467290037253565,"Sub-Saharan Africa","Diarrheal diseases","Deaths","Both","Clostridium difficile","ass",223
-0.186012864352358,-0.455732253424401,0.0844373407725474,"Central Europe, Eastern Europe, and Central Asia","Diarrheal diseases","Deaths","Both","Clostridium difficile","ass",224
0.824689996509553,0.634813712292748,1.01492453650263,"Global","Diarrheal diseases","Deaths","Both","Clostridium difficile","ass",224
-1.40099354651528,-1.6338034696128,-1.16763261644378,"High-income","Diarrheal diseases","Deaths","Both","Clostridium difficile","ass",224
0.174423606738761,-0.000349356666307088,0.349502027098314,"Latin America and Caribbean","Diarrheal diseases","Deaths","Both","Clostridium difficile","ass",224
0.739249087867244,0.451107824973351,1.02821687611441,"North Africa and Middle East","Diarrheal diseases","Deaths","Both","Clostridium difficile","ass",224
1.52094308848993,1.28609987360404,1.75633081378395,"South Asia","Diarrheal diseases","Deaths","Both","Clostridium difficile","ass",224
0.257472461321573,0.05946151572922,0.455875257259519,"Southeast Asia, East Asia, and Oceania","Diarrheal diseases","Deaths","Both","Clostridium difficile","ass",224
0.283520883187882,0.0721961153277384,0.495291910441176,"Sub-Saharan Africa","Diarrheal diseases","Deaths","Both","Clostridium difficile","ass",224
0.0325426084215152,-0.192788232747643,0.258382170224003,"Central Europe, Eastern Europe, and Central Asia","Diarrheal diseases","Deaths","Both","Clostridium difficile","ass",225
0.792067326347579,0.653796778276994,0.930527820004667,"Global","Diarrheal diseases","Deaths","Both","Clostridium difficile","ass",225
-1.65617223258142,-1.87257935520492,-1.4392878525062,"High-income","Diarrheal diseases","Deaths","Both","Clostridium difficile","ass",225
0.206903102987277,0.0873157068945307,0.326633385770525,"Latin America and Caribbean","Diarrheal diseases","Deaths","Both","Clostridium difficile","ass",225
0.761607052983782,0.408498158591586,1.11595773361504,"North Africa and Middle East","Diarrheal diseases","Deaths","Both","Clostridium difficile","ass",225
1.55841744563292,1.32949607721782,1.78785598816757,"South Asia","Diarrheal diseases","Deaths","Both","Clostridium difficile","ass",225
0.361634738441508,0.172397479118258,0.551229488862282,"Southeast Asia, East Asia, and Oceania","Diarrheal diseases","Deaths","Both","Clostridium difficile","ass",225
0.301139687157437,0.0134506604088536,0.58965625235774,"Sub-Saharan Africa","Diarrheal diseases","Deaths","Both","Clostridium difficile","ass",225
-0.00867330284765044,-0.253265004866321,0.236518169185551,"Central Europe, Eastern Europe, and Central Asia","Diarrheal diseases","Deaths","Both","Clostridium difficile","ass",226
0.960135379570382,0.809437944570135,1.11105808828884,"Global","Diarrheal diseases","Deaths","Both","Clostridium difficile","ass",226
-1.51298741266394,-1.71015655598289,-1.31542274861045,"High-income","Diarrheal diseases","Deaths","Both","Clostridium difficile","ass",226
0.233887429205359,0.0937341426386018,0.374236961260443,"Latin America and Caribbean","Diarrheal diseases","Deaths","Both","Clostridium difficile","ass",226
0.788238675096897,0.475007711831332,1.10244613628552,"North Africa and Middle East","Diarrheal diseases","Deaths","Both","Clostridium difficile","ass",226
1.41205638409478,1.19155711516843,1.63303612717316,"South Asia","Diarrheal diseases","Deaths","Both","Clostridium difficile","ass",226
0.200658424337741,-0.12861260559095,0.531015044583927,"Southeast Asia, East Asia, and Oceania","Diarrheal diseases","Deaths","Both","Clostridium difficile","ass",226
0.119967052623782,-0.135772679066692,0.376361701616679,"Sub-Saharan Africa","Diarrheal diseases","Deaths","Both","Clostridium difficile","ass",226
-0.188555281274105,-0.445460880829318,0.0690132763708773,"Central Europe, Eastern Europe, and Central Asia","Diarrheal diseases","Deaths","Both","Clostridium difficile","ass",227
0.716424051444298,0.533906579524324,0.899272880502244,"Global","Diarrheal diseases","Deaths","Both","Clostridium difficile","ass",227
-1.59275847183729,-1.86327216203058,-1.32149911120852,"High-income","Diarrheal diseases","Deaths","Both","Clostridium difficile","ass",227
0.248914724011184,0.109889163755206,0.388133353169384,"Latin America and Caribbean","Diarrheal diseases","Deaths","Both","Clostridium difficile","ass",227
0.720516161253415,0.377149223037843,1.06505767809739,"North Africa and Middle East","Diarrheal diseases","Deaths","Both","Clostridium difficile","ass",227
1.43930330506641,1.22157162390435,1.65750333585215,"South Asia","Diarrheal diseases","Deaths","Both","Clostridium difficile","ass",227
0.244380433945701,-0.00145717705157811,0.490822415059533,"Southeast Asia, East Asia, and Oceania","Diarrheal diseases","Deaths","Both","Clostridium difficile","ass",227
0.194369733638888,-0.128289598880615,0.518071493933414,"Sub-Saharan Africa","Diarrheal diseases","Deaths","Both","Clostridium difficile","ass",227
-0.168396334255183,-0.428191702393443,0.0920768726655696,"Central Europe, Eastern Europe, and Central Asia","Diarrheal diseases","Deaths","Both","Clostridium difficile","ass",228
0.893065403441051,0.704079559375659,1.08240590691457,"Global","Diarrheal diseases","Deaths","Both","Clostridium difficile","ass",228
-1.64995902137018,-1.9037415286058,-1.39551995942002,"High-income","Diarrheal diseases","Deaths","Both","Clostridium difficile","ass",228
0.204133160586784,0.0570042946588023,0.351478372220337,"Latin America and Caribbean","Diarrheal diseases","Deaths","Both","Clostridium difficile","ass",228
0.701131734153404,0.377133704326682,1.02617556713727,"North Africa and Middle East","Diarrheal diseases","Deaths","Both","Clostridium difficile","ass",228
1.65759778401773,1.45664027602295,1.85895333318467,"South Asia","Diarrheal diseases","Deaths","Both","Clostridium difficile","ass",228
0.227245949874333,0.0477283282153129,0.407085683559538,"Southeast Asia, East Asia, and Oceania","Diarrheal diseases","Deaths","Both","Clostridium difficile","ass",228
0.312985897025553,0.0599952505001111,0.566616202458348,"Sub-Saharan Africa","Diarrheal diseases","Deaths","Both","Clostridium difficile","ass",228
-0.211887896456087,-0.48176097826037,0.0587170258731007,"Central Europe, Eastern Europe, and Central Asia","Diarrheal diseases","Deaths","Both","Clostridium difficile","ass",229
0.949607148542886,0.796429920436226,1.10301715536236,"Global","Diarrheal diseases","Deaths","Both","Clostridium difficile","ass",229
-1.70959515607427,-1.93767549517252,-1.48098433147769,"High-income","Diarrheal diseases","Deaths","Both","Clostridium difficile","ass",229
0.198630772155051,0.0765598388889011,0.320850604551781,"Latin America and Caribbean","Diarrheal diseases","Deaths","Both","Clostridium difficile","ass",229
0.914338260323011,0.660117934535598,1.16920062761972,"North Africa and Middle East","Diarrheal diseases","Deaths","Both","Clostridium difficile","ass",229
1.53682018798338,1.35365170243766,1.72031969953093,"South Asia","Diarrheal diseases","Deaths","Both","Clostridium difficile","ass",229
0.250775134272474,0.030278848924703,0.471757458571731,"Southeast Asia, East Asia, and Oceania","Diarrheal diseases","Deaths","Both","Clostridium difficile","ass",229
0.038033674607485,-0.251347472095276,0.328254345914814,"Sub-Saharan Africa","Diarrheal diseases","Deaths","Both","Clostridium difficile","ass",229
-0.0639376763128752,-0.324792079888692,0.197599394711379,"Central Europe, Eastern Europe, and Central Asia","Diarrheal diseases","Deaths","Both","Clostridium difficile","ass",230
0.810906343980755,0.63465456466314,0.987466811094317,"Global","Diarrheal diseases","Deaths","Both","Clostridium difficile","ass",230
-1.7070052206267,-2.10193280475214,-1.31048447127164,"High-income","Diarrheal diseases","Deaths","Both","Clostridium difficile","ass",230
0.153394152601449,-0.00355994533924875,0.310594605200842,"Latin America and Caribbean","Diarrheal diseases","Deaths","Both","Clostridium difficile","ass",230
0.84285120831542,0.560541961016914,1.12595299819134,"North Africa and Middle East","Diarrheal diseases","Deaths","Both","Clostridium difficile","ass",230
1.48035080883695,1.26367168268537,1.69749357454385,"South Asia","Diarrheal diseases","Deaths","Both","Clostridium difficile","ass",230
0.10142478675137,-0.170549583460811,0.374140121255562,"Southeast Asia, East Asia, and Oceania","Diarrheal diseases","Deaths","Both","Clostridium difficile","ass",230
-0.388125260598271,-0.810013740397952,0.0355576532577118,"Sub-Saharan Africa","Diarrheal diseases","Deaths","Both","Clostridium difficile","ass",230
-0.144904509665955,-0.37590590770934,0.0866325183009442,"Central Europe, Eastern Europe, and Central Asia","Diarrheal diseases","Deaths","Both","Clostridium difficile","ass",231
0.689225872802135,0.49858755568768,0.880225816570634,"Global","Diarrheal diseases","Deaths","Both","Clostridium difficile","ass",231
-1.55510628012998,-1.8589656203518,-1.25030614588431,"High-income","Diarrheal diseases","Deaths","Both","Clostridium difficile","ass",231
0.234499346348871,0.0699804982316143,0.399288669700071,"Latin America and Caribbean","Diarrheal diseases","Deaths","Both","Clostridium difficile","ass",231
0.801802186268996,0.455545129395429,1.14925274569417,"North Africa and Middle East","Diarrheal diseases","Deaths","Both","Clostridium difficile","ass",231
1.4069243618352,1.18198124187701,1.63236756497613,"South Asia","Diarrheal diseases","Deaths","Both","Clostridium difficile","ass",231
0.342044486187243,0.133375760390875,0.551148058375195,"Southeast Asia, East Asia, and Oceania","Diarrheal diseases","Deaths","Both","Clostridium difficile","ass",231
0.136526842480333,-0.146273803067232,0.420128421635169,"Sub-Saharan Africa","Diarrheal diseases","Deaths","Both","Clostridium difficile","ass",231
-0.0715389566797509,-0.280577163516371,0.137937449362946,"Central Europe, Eastern Europe, and Central Asia","Diarrheal diseases","Deaths","Both","Clostridium difficile","ass",232
0.902243411716697,0.709267737364883,1.09558885949381,"Global","Diarrheal diseases","Deaths","Both","Clostridium difficile","ass",232
-1.51607792018599,-1.74401308385145,-1.28761399038152,"High-income","Diarrheal diseases","Deaths","Both","Clostridium difficile","ass",232
0.226587418355395,0.10162102468676,0.351709819483159,"Latin America and Caribbean","Diarrheal diseases","Deaths","Both","Clostridium difficile","ass",232
0.816897807211947,0.486592742917136,1.14828860277223,"North Africa and Middle East","Diarrheal diseases","Deaths","Both","Clostridium difficile","ass",232
1.56908930170261,1.34103702840704,1.79765477124008,"South Asia","Diarrheal diseases","Deaths","Both","Clostridium difficile","ass",232
0.413473027881528,0.133733933152258,0.693993617098676,"Southeast Asia, East Asia, and Oceania","Diarrheal diseases","Deaths","Both","Clostridium difficile","ass",232
0.262862820454712,0.00525374745066198,0.521135482940349,"Sub-Saharan Africa","Diarrheal diseases","Deaths","Both","Clostridium difficile","ass",232
-0.117734452767804,-0.392668416945441,0.157958378086165,"Central Europe, Eastern Europe, and Central Asia","Diarrheal diseases","Deaths","Both","Clostridium difficile","ass",233
0.830496893955757,0.672327657171534,0.988914635051441,"Global","Diarrheal diseases","Deaths","Both","Clostridium difficile","ass",233
-1.60372270288273,-1.84466397305516,-1.36218999572865,"High-income","Diarrheal diseases","Deaths","Both","Clostridium difficile","ass",233
0.28736503032587,0.113506837350341,0.461525147309638,"Latin America and Caribbean","Diarrheal diseases","Deaths","Both","Clostridium difficile","ass",233
0.754672766891185,0.483748986160926,1.0263270109621,"North Africa and Middle East","Diarrheal diseases","Deaths","Both","Clostridium difficile","ass",233
1.57414658922743,1.38614806002701,1.76249372075332,"South Asia","Diarrheal diseases","Deaths","Both","Clostridium difficile","ass",233
0.371667667408238,0.127885024576901,0.616043850959347,"Southeast Asia, East Asia, and Oceania","Diarrheal diseases","Deaths","Both","Clostridium difficile","ass",233
0.207364853789649,-0.129915498423328,0.545784266178218,"Sub-Saharan Africa","Diarrheal diseases","Deaths","Both","Clostridium difficile","ass",233
-0.327425034294548,-0.610911458970043,-0.043130024349225,"Central Europe, Eastern Europe, and Central Asia","Diarrheal diseases","Deaths","Both","Clostridium difficile","ass",234
0.701591926209999,0.503169244591462,0.900406352296645,"Global","Diarrheal diseases","Deaths","Both","Clostridium difficile","ass",234
-1.67956763801265,-1.91986379626909,-1.43868275459831,"High-income","Diarrheal diseases","Deaths","Both","Clostridium difficile","ass",234
0.0812219736790576,-0.0570117601165987,0.219646902129722,"Latin America and Caribbean","Diarrheal diseases","Deaths","Both","Clostridium difficile","ass",234
0.769157752389638,0.415978025979702,1.12357967074552,"North Africa and Middle East","Diarrheal diseases","Deaths","Both","Clostridium difficile","ass",234
1.5911446258267,1.39381962423279,1.78885364645054,"South Asia","Diarrheal diseases","Deaths","Both","Clostridium difficile","ass",234
0.175271808539579,-0.0167618601798925,0.367674308381227,"Southeast Asia, East Asia, and Oceania","Diarrheal diseases","Deaths","Both","Clostridium difficile","ass",234
0.210881850128319,-0.0167331567915041,0.439015029668521,"Sub-Saharan Africa","Diarrheal diseases","Deaths","Both","Clostridium difficile","ass",234
-0.254722971385613,-0.488968935201506,-0.0199255996405912,"Central Europe, Eastern Europe, and Central Asia","Diarrheal diseases","Deaths","Both","Clostridium difficile","ass",235
0.861430317107725,0.688791089720886,1.03436554867249,"Global","Diarrheal diseases","Deaths","Both","Clostridium difficile","ass",235
-1.51394239417462,-1.74137401070577,-1.28598435932978,"High-income","Diarrheal diseases","Deaths","Both","Clostridium difficile","ass",235
0.202320415292623,0.10271556332786,0.302024376721866,"Latin America and Caribbean","Diarrheal diseases","Deaths","Both","Clostridium difficile","ass",235
0.921247512188228,0.677200500770492,1.16588610683916,"North Africa and Middle East","Diarrheal diseases","Deaths","Both","Clostridium difficile","ass",235
1.54015043114673,1.31752790730704,1.76326211800828,"South Asia","Diarrheal diseases","Deaths","Both","Clostridium difficile","ass",235
0.230721816388102,-0.00591405272114542,0.467917683961416,"Southeast Asia, East Asia, and Oceania","Diarrheal diseases","Deaths","Both","Clostridium difficile","ass",235
0.0549167543494322,-0.232536734810584,0.343198464511829,"Sub-Saharan Africa","Diarrheal diseases","Deaths","Both","Clostridium difficile","ass",235
-0.138947634094455,-0.377257859884483,0.0999326599600669,"Central Europe, Eastern Europe, and Central Asia","Diarrheal diseases","Deaths","Both","Clostridium difficile","ass",236
0.782164987033185,0.608731730756884,0.955897214321899,"Global","Diarrheal diseases","Deaths","Both","Clostridium difficile","ass",236
-1.65106081520009,-1.86009448756556,-1.44158191032747,"High-income","Diarrheal diseases","Deaths","Both","Clostridium difficile","ass",236
0.204840346050239,0.0571700177938173,0.352728614968445,"Latin America and Caribbean","Diarrheal diseases","Deaths","Both","Clostridium difficile","ass",236
0.763070073791439,0.51972300501828,1.00700625875108,"North Africa and Middle East","Diarrheal diseases","Deaths","Both","Clostridium difficile","ass",236
1.47192533570397,1.26791880549326,1.67634284171887,"South Asia","Diarrheal diseases","Deaths","Both","Clostridium difficile","ass",236
0.160773543422255,-0.102176954141286,0.424416177831843,"Southeast Asia, East Asia, and Oceania","Diarrheal diseases","Deaths","Both","Clostridium difficile","ass",236
0.270435358779553,-0.013753057765975,0.555431516975236,"Sub-Saharan Africa","Diarrheal diseases","Deaths","Both","Clostridium difficile","ass",236
-0.127574547887455,-0.368411004458513,0.11384407543813,"Central Europe, Eastern Europe, and Central Asia","Diarrheal diseases","Deaths","Both","Clostridium difficile","ass",237
0.712509009161533,0.534840092369904,0.890491909085411,"Global","Diarrheal diseases","Deaths","Both","Clostridium difficile","ass",237
-1.57577378111632,-1.84738321749627,-1.30341274291107,"High-income","Diarrheal diseases","Deaths","Both","Clostridium difficile","ass",237
0.251852778521044,0.106817476772725,0.397098208203572,"Latin America and Caribbean","Diarrheal diseases","Deaths","Both","Clostridium difficile","ass",237
0.87447477347542,0.54715278908728,1.20286232440117,"North Africa and Middle East","Diarrheal diseases","Deaths","Both","Clostridium difficile","ass",237
1.5509115127911,1.35280971359319,1.74940051706953,"South Asia","Diarrheal diseases","Deaths","Both","Clostridium difficile","ass",237
0.327096720153408,0.0715383774306577,0.583307696657887,"Southeast Asia, East Asia, and Oceania","Diarrheal diseases","Deaths","Both","Clostridium difficile","ass",237
0.0977566428153942,-0.168941726621974,0.365167496137953,"Sub-Saharan Africa","Diarrheal diseases","Deaths","Both","Clostridium difficile","ass",237
0.0059963988038092,-0.204102039675147,0.216537153597907,"Central Europe, Eastern Europe, and Central Asia","Diarrheal diseases","Deaths","Both","Clostridium difficile","ass",238
0.872657099253216,0.681448564169207,1.06422876681505,"Global","Diarrheal diseases","Deaths","Both","Clostridium difficile","ass",238
-1.64365987001138,-1.92693882889395,-1.35956267452453,"High-income","Diarrheal diseases","Deaths","Both","Clostridium difficile","ass",238
0.122917558074742,-0.0402074565270305,0.286308777414557,"Latin America and Caribbean","Diarrheal diseases","Deaths","Both","Clostridium difficile","ass",238
0.886366090251212,0.543230641995729,1.23067259632033,"North Africa and Middle East","Diarrheal diseases","Deaths","Both","Clostridium difficile","ass",238
1.55349394107651,1.31203762741847,1.79552571598052,"South Asia","Diarrheal diseases","Deaths","Both","Clostridium difficile","ass",238
0.258965096517572,0.0268678640301223,0.49160087556237,"Southeast Asia, East Asia, and Oceania","Diarrheal diseases","Deaths","Both","Clostridium difficile","ass",238
-0.553365452771615,-1.17429930831003,0.0714698054409491,"Sub-Saharan Africa","Diarrheal diseases","Deaths","Both","Clostridium difficile","ass",238
-0.0582560518006425,-0.304054151204902,0.188148057257842,"Central Europe, Eastern Europe, and Central Asia","Diarrheal diseases","Deaths","Both","Clostridium difficile","ass",239
0.795952797177368,0.62950209422159,0.962678825320484,"Global","Diarrheal diseases","Deaths","Both","Clostridium difficile","ass",239
-1.61785594891947,-1.882861925803,-1.3521342136153,"High-income","Diarrheal diseases","Deaths","Both","Clostridium difficile","ass",239
0.255234093627554,0.104090120293177,0.406606274427279,"Latin America and Caribbean","Diarrheal diseases","Deaths","Both","Clostridium difficile","ass",239
0.772265574429598,0.432650537536694,1.11302902643122,"North Africa and Middle East","Diarrheal diseases","Deaths","Both","Clostridium difficile","ass",239
1.64526104482485,1.46573518050006,1.82510454875384,"South Asia","Diarrheal diseases","Deaths","Both","Clostridium difficile","ass",239
0.235586725373382,0.0382842258003224,0.433278358732969,"Southeast Asia, East Asia, and Oceania","Diarrheal diseases","Deaths","Both","Clostridium difficile","ass",239
0.224669988702564,-0.0329552317912318,0.482959135537175,"Sub-Saharan Africa","Diarrheal diseases","Deaths","Both","Clostridium difficile","ass",239
-0.274572589680855,-0.580459220930796,0.0322551707519825,"Central Europe, Eastern Europe, and Central Asia","Diarrheal diseases","Deaths","Both","Clostridium difficile","ass",240
0.825785368723997,0.68224313609464,0.969532248885097,"Global","Diarrheal diseases","Deaths","Both","Clostridium difficile","ass",240
-1.59201840172852,-1.85827738438409,-1.32503705712581,"High-income","Diarrheal diseases","Deaths","Both","Clostridium difficile","ass",240
0.116162736200009,-0.0157237553770839,0.248223195597963,"Latin America and Caribbean","Diarrheal diseases","Deaths","Both","Clostridium difficile","ass",240
0.906284831420323,0.635357683401194,1.17794136045648,"North Africa and Middle East","Diarrheal diseases","Deaths","Both","Clostridium difficile","ass",240
1.58575680817374,1.3631234749609,1.80887913185332,"South Asia","Diarrheal diseases","Deaths","Both","Clostridium difficile","ass",240
0.369443608571207,0.151833187840755,0.587526854348419,"Southeast Asia, East Asia, and Oceania","Diarrheal diseases","Deaths","Both","Clostridium difficile","ass",240
0.263252304027373,0.0126555517475868,0.514476964164468,"Sub-Saharan Africa","Diarrheal diseases","Deaths","Both","Clostridium difficile","ass",240
-0.147909739357688,-0.436776887227763,0.141795511443465,"Central Europe, Eastern Europe, and Central Asia","Diarrheal diseases","Deaths","Both","Clostridium difficile","ass",241
0.724435905035081,0.543144087895042,0.9060546139116,"Global","Diarrheal diseases","Deaths","Both","Clostridium difficile","ass",241
-1.64037695807487,-1.90479487636136,-1.37524629510914,"High-income","Diarrheal diseases","Deaths","Both","Clostridium difficile","ass",241
0.242369597435621,0.121055149869043,0.363831039010276,"Latin America and Caribbean","Diarrheal diseases","Deaths","Both","Clostridium difficile","ass",241
0.723642855793671,0.440338893470971,1.00774591075135,"North Africa and Middle East","Diarrheal diseases","Deaths","Both","Clostridium difficile","ass",241
1.46476202953287,1.24689809236422,1.68309476817607,"South Asia","Diarrheal diseases","Deaths","Both","Clostridium difficile","ass",241
0.270387543542561,0.0603457631501936,0.480870233359876,"Southeast Asia, East Asia, and Oceania","Diarrheal diseases","Deaths","Both","Clostridium difficile","ass",241
0.411580589426119,0.116733953373971,0.707295557228194,"Sub-Saharan Africa","Diarrheal diseases","Deaths","Both","Clostridium difficile","ass",241
-0.140719847118476,-0.367768572314986,0.0868462922007041,"Central Europe, Eastern Europe, and Central Asia","Diarrheal diseases","Deaths","Both","Clostridium difficile","ass",242
0.701450590568897,0.5346879155113,0.868489884476875,"Global","Diarrheal diseases","Deaths","Both","Clostridium difficile","ass",242
-1.54834393946119,-1.74367370499856,-1.35262586592634,"High-income","Diarrheal diseases","Deaths","Both","Clostridium difficile","ass",242
0.15621290924166,0.0328031164503528,0.279774951859846,"Latin America and Caribbean","Diarrheal diseases","Deaths","Both","Clostridium difficile","ass",242
0.844432652343197,0.562871109400809,1.12678252701863,"North Africa and Middle East","Diarrheal diseases","Deaths","Both","Clostridium difficile","ass",242
1.49410104736118,1.26008575338523,1.72865715815955,"South Asia","Diarrheal diseases","Deaths","Both","Clostridium difficile","ass",242
0.40421987083199,0.211005040982615,0.597807234321346,"Southeast Asia, East Asia, and Oceania","Diarrheal diseases","Deaths","Both","Clostridium difficile","ass",242
0.209930111556988,-0.0346622231998217,0.45512090785611,"Sub-Saharan Africa","Diarrheal diseases","Deaths","Both","Clostridium difficile","ass",242
-0.132320218067428,-0.387448289724501,0.123461288642068,"Central Europe, Eastern Europe, and Central Asia","Diarrheal diseases","Deaths","Both","Clostridium difficile","ass",243
0.713751558186582,0.534132270614651,0.893691762523185,"Global","Diarrheal diseases","Deaths","Both","Clostridium difficile","ass",243
-1.66773468679881,-1.88776069076911,-1.44721525364205,"High-income","Diarrheal diseases","Deaths","Both","Clostridium difficile","ass",243
0.179880786457765,0.0349877577032087,0.324983681682589,"Latin America and Caribbean","Diarrheal diseases","Deaths","Both","Clostridium difficile","ass",243
0.728415256816817,0.32149767287315,1.13698335360131,"North Africa and Middle East","Diarrheal diseases","Deaths","Both","Clostridium difficile","ass",243
1.60390969325612,1.37082355316553,1.8375317779785,"South Asia","Diarrheal diseases","Deaths","Both","Clostridium difficile","ass",243
0.34806787083721,0.138251089727914,0.558324274979216,"Southeast Asia, East Asia, and Oceania","Diarrheal diseases","Deaths","Both","Clostridium difficile","ass",243
0.370827282376562,0.118494268491731,0.623796262177212,"Sub-Saharan Africa","Diarrheal diseases","Deaths","Both","Clostridium difficile","ass",243
-0.0549119019638389,-0.271092490415237,0.161737297324582,"Central Europe, Eastern Europe, and Central Asia","Diarrheal diseases","Deaths","Both","Clostridium difficile","ass",244
0.775016974598985,0.587006591374561,0.9633787740291,"Global","Diarrheal diseases","Deaths","Both","Clostridium difficile","ass",244
-1.61105093664594,-1.84798936234298,-1.37354054286382,"High-income","Diarrheal diseases","Deaths","Both","Clostridium difficile","ass",244
0.160050870827999,0.0200952779916275,0.300202299990171,"Latin America and Caribbean","Diarrheal diseases","Deaths","Both","Clostridium difficile","ass",244
0.869790219887645,0.613606218883889,1.12662652076254,"North Africa and Middle East","Diarrheal diseases","Deaths","Both","Clostridium difficile","ass",244
1.33063571408891,1.10839721346139,1.55336269987219,"South Asia","Diarrheal diseases","Deaths","Both","Clostridium difficile","ass",244
0.181768986200326,-0.0611230101389526,0.425251308583507,"Southeast Asia, East Asia, and Oceania","Diarrheal diseases","Deaths","Both","Clostridium difficile","ass",244
0.295312128211922,0.0378760479222917,0.553410690933753,"Sub-Saharan Africa","Diarrheal diseases","Deaths","Both","Clostridium difficile","ass",244
-0.00923078942624,-0.289887030210167,0.27221542063105,"Central Europe, Eastern Europe, and Central Asia","Diarrheal diseases","Deaths","Both","Clostridium difficile","ass",245
0.764286609731646,0.614149105661799,0.914648150582864,"Global","Diarrheal diseases","Deaths","Both","Clostridium difficile","ass",245
-1.72199384971073,-2.01348495766107,-1.42963561156421,"High-income","Diarrheal diseases","Deaths","Both","Clostridium difficile","ass",245
0.236596120576649,0.0927583722580616,0.380640570140933,"Latin America and Caribbean","Diarrheal diseases","Deaths","Both","Clostridium difficile","ass",245
0.907892351575468,0.666577365688803,1.14978581071448,"North Africa and Middle East","Diarrheal diseases","Deaths","Both","Clostridium difficile","ass",245
1.53189928499409,1.32453317595549,1.73968977993244,"South Asia","Diarrheal diseases","Deaths","Both","Clostridium difficile","ass",245
0.233984322187619,-0.00988878882335342,0.478452232959836,"Southeast Asia, East Asia, and Oceania","Diarrheal diseases","Deaths","Both","Clostridium difficile","ass",245
0.352556668274184,0.101606906655216,0.604135548493767,"Sub-Saharan Africa","Diarrheal diseases","Deaths","Both","Clostridium difficile","ass",245
-0.19167236678056,-0.45210741239391,0.0694440233717897,"Central Europe, Eastern Europe, and Central Asia","Diarrheal diseases","Deaths","Both","Clostridium difficile","ass",246
0.837866733546999,0.661753976413393,1.01428760872939,"Global","Diarrheal diseases","Deaths","Both","Clostridium difficile","ass",246
-1.53799612508084,-1.86063089657671,-1.21430068652824,"High-income","Diarrheal diseases","Deaths","Both","Clostridium difficile","ass",246
0.227269102673322,0.0727167909145399,0.382060105034632,"Latin America and Caribbean","Diarrheal diseases","Deaths","Both","Clostridium difficile","ass",246
0.768021042248046,0.380087641862903,1.15745366749611,"North Africa and Middle East","Diarrheal diseases","Deaths","Both","Clostridium difficile","ass",246
1.46390736997959,1.24178764133029,1.68651441888472,"South Asia","Diarrheal diseases","Deaths","Both","Clostridium difficile","ass",246
0.313982257054168,0.0872726567837878,0.541205381586818,"Southeast Asia, East Asia, and Oceania","Diarrheal diseases","Deaths","Both","Clostridium difficile","ass",246
0.235814830444592,-0.0385422703029104,0.510924939605939,"Sub-Saharan Africa","Diarrheal diseases","Deaths","Both","Clostridium difficile","ass",246
-0.106321017647748,-0.34615402492959,0.134089186337527,"Central Europe, Eastern Europe, and Central Asia","Diarrheal diseases","Deaths","Both","Clostridium difficile","ass",247
0.806138119554412,0.623109296259616,0.98949986388881,"Global","Diarrheal diseases","Deaths","Both","Clostridium difficile","ass",247
-1.57718139532276,-1.81444215378781,-1.33934730745221,"High-income","Diarrheal diseases","Deaths","Both","Clostridium difficile","ass",247
0.164215041718863,0.0424965809100897,0.286081593431065,"Latin America and Caribbean","Diarrheal diseases","Deaths","Both","Clostridium difficile","ass",247
0.70720190807545,0.418011618745973,0.997225026317738,"North Africa and Middle East","Diarrheal diseases","Deaths","Both","Clostridium difficile","ass",247
1.48134736049266,1.23813734300189,1.72514165495807,"South Asia","Diarrheal diseases","Deaths","Both","Clostridium difficile","ass",247
0.455136708422454,0.211688176819114,0.699176659935197,"Southeast Asia, East Asia, and Oceania","Diarrheal diseases","Deaths","Both","Clostridium difficile","ass",247
-0.25154907629843,-0.667654553369634,0.166299476175569,"Sub-Saharan Africa","Diarrheal diseases","Deaths","Both","Clostridium difficile","ass",247
-0.170268296028941,-0.416801099261188,0.0768748352881543,"Central Europe, Eastern Europe, and Central Asia","Diarrheal diseases","Deaths","Both","Clostridium difficile","ass",248
0.841593099288773,0.653358729676512,1.03017949071482,"Global","Diarrheal diseases","Deaths","Both","Clostridium difficile","ass",248
-1.60936312261603,-1.86790305879128,-1.35014203419109,"High-income","Diarrheal diseases","Deaths","Both","Clostridium difficile","ass",248
0.211038180439194,0.0400472179200806,0.382321405008113,"Latin America and Caribbean","Diarrheal diseases","Deaths","Both","Clostridium difficile","ass",248
0.989074711848525,0.721979445652821,1.25687826318335,"North Africa and Middle East","Diarrheal diseases","Deaths","Both","Clostridium difficile","ass",248
1.61618046505738,1.40570666516628,1.82709111630428,"South Asia","Diarrheal diseases","Deaths","Both","Clostridium difficile","ass",248
0.141751177200011,-0.0939412881137747,0.377999674239216,"Southeast Asia, East Asia, and Oceania","Diarrheal diseases","Deaths","Both","Clostridium difficile","ass",248
0.159433898345607,-0.116202364268569,0.435830798331094,"Sub-Saharan Africa","Diarrheal diseases","Deaths","Both","Clostridium difficile","ass",248
-0.192900024770937,-0.413823836686267,0.028513888607784,"Central Europe, Eastern Europe, and Central Asia","Diarrheal diseases","Deaths","Both","Clostridium difficile","ass",249
0.717630403832303,0.536921517367617,0.898664103322422,"Global","Diarrheal diseases","Deaths","Both","Clostridium difficile","ass",249
-1.59086467576584,-1.8055206837441,-1.37573942346668,"High-income","Diarrheal diseases","Deaths","Both","Clostridium difficile","ass",249
0.19795601591186,0.0170297465285074,0.379209572708517,"Latin America and Caribbean","Diarrheal diseases","Deaths","Both","Clostridium difficile","ass",249
0.820510359513027,0.481834183120866,1.16032805121875,"North Africa and Middle East","Diarrheal diseases","Deaths","Both","Clostridium difficile","ass",249
1.5064579303665,1.27153416366463,1.74192665944717,"South Asia","Diarrheal diseases","Deaths","Both","Clostridium difficile","ass",249
0.278629394942786,0.0206477096718949,0.537276488321492,"Southeast Asia, East Asia, and Oceania","Diarrheal diseases","Deaths","Both","Clostridium difficile","ass",249
0.452924731162585,0.180360999865981,0.726230034828013,"Sub-Saharan Africa","Diarrheal diseases","Deaths","Both","Clostridium difficile","ass",249
-0.0955776329515934,-0.320700787966666,0.130053956967457,"Central Europe, Eastern Europe, and Central Asia","Diarrheal diseases","Deaths","Both","Clostridium difficile","ass",250
0.788950294546487,0.590835314467375,0.987455464698184,"Global","Diarrheal diseases","Deaths","Both","Clostridium difficile","ass",250
-1.49464278356548,-1.76669197658909,-1.22184017232851,"High-income","Diarrheal diseases","Deaths","Both","Clostridium difficile","ass",250
0.0999583836028606,-0.0314970906966083,0.231586717765397,"Latin America and Caribbean","Diarrheal diseases","Deaths","Both","Clostridium difficile","ass",250
0.726788025805991,0.460298364653156,0.993984600442621,"North Africa and Middle East","Diarrheal diseases","Deaths","Both","Clostridium difficile","ass",250
1.56582758466426,1.3540039354297,1.7780939323284,"South Asia","Diarrheal diseases","Deaths","Both","Clostridium difficile","ass",250
0.100016368720612,-0.140593187964089,0.341205670074474,"Southeast Asia, East Asia, and Oceania","Diarrheal diseases","Deaths","Both","Clostridium difficile","ass",250
0.166071403763257,-0.0930252260010644,0.425839969232822,"Sub-Saharan Africa","Diarrheal diseases","Deaths","Both","Clostridium difficile","ass",250
-0.198487150771209,-0.434474979189281,0.0380600103591755,"Central Europe, Eastern Europe, and Central Asia","Diarrheal diseases","Deaths","Both","Clostridium difficile","ass",251
0.807188818456051,0.610330376066548,1.00443244242874,"Global","Diarrheal diseases","Deaths","Both","Clostridium difficile","ass",251
-1.6474446028122,-1.84928931757097,-1.44518479896653,"High-income","Diarrheal diseases","Deaths","Both","Clostridium difficile","ass",251
0.113043047001327,-0.0164634682326636,0.242717309227181,"Latin America and Caribbean","Diarrheal diseases","Deaths","Both","Clostridium difficile","ass",251
0.72161088696856,0.384666271144263,1.05968646908832,"North Africa and Middle East","Diarrheal diseases","Deaths","Both","Clostridium difficile","ass",251
1.56697690214915,1.32648430925568,1.80804029040407,"South Asia","Diarrheal diseases","Deaths","Both","Clostridium difficile","ass",251
0.220329444824996,0.00752001402783975,0.433591720106552,"Southeast Asia, East Asia, and Oceania","Diarrheal diseases","Deaths","Both","Clostridium difficile","ass",251
0.359285878387561,0.1020625322111,0.617170188465677,"Sub-Saharan Africa","Diarrheal diseases","Deaths","Both","Clostridium difficile","ass",251
-0.0191185775547331,-0.286922304031401,0.24940440097565,"Central Europe, Eastern Europe, and Central Asia","Diarrheal diseases","Deaths","Both","Clostridium difficile","ass",252
0.844265332662686,0.670118953148702,1.01871296305245,"Global","Diarrheal diseases","Deaths","Both","Clostridium difficile","ass",252
-1.62331835932673,-1.90034895137349,-1.34550544085874,"High-income","Diarrheal diseases","Deaths","Both","Clostridium difficile","ass",252
0.199648658877205,0.0260578731435368,0.373540703718089,"Latin America and Caribbean","Diarrheal diseases","Deaths","Both","Clostridium difficile","ass",252
0.989531444714942,0.642231524109205,1.33802984068261,"North Africa and Middle East","Diarrheal diseases","Deaths","Both","Clostridium difficile","ass",252
1.67568708685379,1.45386251305246,1.89799667069146,"South Asia","Diarrheal diseases","Deaths","Both","Clostridium difficile","ass",252
0.298998993376709,0.0618919746931068,0.536667861703566,"Southeast Asia, East Asia, and Oceania","Diarrheal diseases","Deaths","Both","Clostridium difficile","ass",252
0.299049187214062,0.0601072567048888,0.53856170721911,"Sub-Saharan Africa","Diarrheal diseases","Deaths","Both","Clostridium difficile","ass",252
-0.267928504838122,-0.471075308441493,-0.0643670617323067,"Central Europe, Eastern Europe, and Central Asia","Diarrheal diseases","Deaths","Both","Clostridium difficile","ass",253
0.787488651555646,0.64739040159083,0.927781914223358,"Global","Diarrheal diseases","Deaths","Both","Clostridium difficile","ass",253
-1.63222759620609,-1.89612692070648,-1.36761838277588,"High-income","Diarrheal diseases","Deaths","Both","Clostridium difficile","ass",253
0.305554499577854,0.145248464503256,0.466117142182743,"Latin America and Caribbean","Diarrheal diseases","Deaths","Both","Clostridium difficile","ass",253
0.684560478858742,0.334488155315693,1.03585422321097,"North Africa and Middle East","Diarrheal diseases","Deaths","Both","Clostridium difficile","ass",253
1.47734311047012,1.2740267552779,1.68106764080471,"South Asia","Diarrheal diseases","Deaths","Both","Clostridium difficile","ass",253
0.378697717296439,0.108410347306731,0.649714848772964,"Southeast Asia, East Asia, and Oceania","Diarrheal diseases","Deaths","Both","Clostridium difficile","ass",253
0.0589550797347016,-0.247120341854989,0.365969643773423,"Sub-Saharan Africa","Diarrheal diseases","Deaths","Both","Clostridium difficile","ass",253
-0.0987615442460621,-0.326607184260619,0.129604933217764,"Central Europe, Eastern Europe, and Central Asia","Diarrheal diseases","Deaths","Both","Clostridium difficile","ass",254
0.846700640966458,0.695366649408324,0.998262070764921,"Global","Diarrheal diseases","Deaths","Both","Clostridium difficile","ass",254
-1.66376450493689,-1.98466380380851,-1.34181459129403,"High-income","Diarrheal diseases","Deaths","Both","Clostridium difficile","ass",254
0.229602616237412,0.103865414199711,0.355497752675649,"Latin America and Caribbean","Diarrheal diseases","Deaths","Both","Clostridium difficile","ass",254
0.744451867175377,0.475438923533811,1.01418506608155,"North Africa and Middle East","Diarrheal diseases","Deaths","Both","Clostridium difficile","ass",254
1.54489475389614,1.31854983397921,1.77174532675477,"South Asia","Diarrheal diseases","Deaths","Both","Clostridium difficile","ass",254
0.137569531987558,-0.127478715963114,0.403321182364058,"Southeast Asia, East Asia, and Oceania","Diarrheal diseases","Deaths","Both","Clostridium difficile","ass",254
0.24107182206754,0.0147820664385678,0.467873572548116,"Sub-Saharan Africa","Diarrheal diseases","Deaths","Both","Clostridium difficile","ass",254
-0.214800545345817,-0.473303283804394,0.044373607597481,"Central Europe, Eastern Europe, and Central Asia","Diarrheal diseases","Deaths","Both","Clostridium difficile","ass",255
0.930860054737015,0.744861352375348,1.11720215443742,"Global","Diarrheal diseases","Deaths","Both","Clostridium difficile","ass",255
-1.48519316411686,-1.70683921134788,-1.26304731639252,"High-income","Diarrheal diseases","Deaths","Both","Clostridium difficile","ass",255
0.107311487576767,-0.00341040132569859,0.218155974027145,"Latin America and Caribbean","Diarrheal diseases","Deaths","Both","Clostridium difficile","ass",255
0.803692682461787,0.543001926087294,1.06505936524746,"North Africa and Middle East","Diarrheal diseases","Deaths","Both","Clostridium difficile","ass",255
1.53932314520389,1.30473106167808,1.77445847527975,"South Asia","Diarrheal diseases","Deaths","Both","Clostridium difficile","ass",255
0.188115930317134,-0.0351822230627241,0.411912879837595,"Southeast Asia, East Asia, and Oceania","Diarrheal diseases","Deaths","Both","Clostridium difficile","ass",255
0.38190572351815,0.156529314779119,0.607789283672688,"Sub-Saharan Africa","Diarrheal diseases","Deaths","Both","Clostridium difficile","ass",255
-0.093288733264496,-0.323885878787378,0.13784189055448,"Central Europe, Eastern Europe, and Central Asia","Diarrheal diseases","Deaths","Both","Clostridium difficile","ass",256
0.962593720507843,0.753093413379613,1.17252965077379,"Global","Diarrheal diseases","Deaths","Both","Clostridium difficile","ass",256
-1.59198753244911,-1.86174362782534,-1.32148994895518,"High-income","Diarrheal diseases","Deaths","Both","Clostridium difficile","ass",256
0.186620386458514,0.0437164473457763,0.329728451692679,"Latin America and Caribbean","Diarrheal diseases","Deaths","Both","Clostridium difficile","ass",256
0.765540942320553,0.472584597086922,1.05935148495098,"North Africa and Middle East","Diarrheal diseases","Deaths","Both","Clostridium difficile","ass",256
1.5265950941896,1.33301270508246,1.72054729507252,"South Asia","Diarrheal diseases","Deaths","Both","Clostridium difficile","ass",256
0.2704885094303,0.0311133463389401,0.510436498983258,"Southeast Asia, East Asia, and Oceania","Diarrheal diseases","Deaths","Both","Clostridium difficile","ass",256
0.0770643333298793,-0.243228906769888,0.398385952340985,"Sub-Saharan Africa","Diarrheal diseases","Deaths","Both","Clostridium difficile","ass",256
-0.166914483782099,-0.420926198019955,0.0877451773436677,"Central Europe, Eastern Europe, and Central Asia","Diarrheal diseases","Deaths","Both","Clostridium difficile","ass",257
0.95605721124612,0.784506533157026,1.12789989488413,"Global","Diarrheal diseases","Deaths","Both","Clostridium difficile","ass",257
-1.5420619892798,-1.7575447507051,-1.32610659287857,"High-income","Diarrheal diseases","Deaths","Both","Clostridium difficile","ass",257
0.123994290783846,-0.0391799016505434,0.287434845749579,"Latin America and Caribbean","Diarrheal diseases","Deaths","Both","Clostridium difficile","ass",257
0.801312726291603,0.503601024299205,1.09990630969523,"North Africa and Middle East","Diarrheal diseases","Deaths","Both","Clostridium difficile","ass",257
1.61401552333347,1.39909514394909,1.82939143705383,"South Asia","Diarrheal diseases","Deaths","Both","Clostridium difficile","ass",257
0.239489967039153,0.0156305613875807,0.46385042470849,"Southeast Asia, East Asia, and Oceania","Diarrheal diseases","Deaths","Both","Clostridium difficile","ass",257
0.267057432280415,0.0336206895646729,0.50103891897797,"Sub-Saharan Africa","Diarrheal diseases","Deaths","Both","Clostridium difficile","ass",257
-0.147595722245364,-0.399179815610606,0.104623853397201,"Central Europe, Eastern Europe, and Central Asia","Diarrheal diseases","Deaths","Both","Clostridium difficile","ass",258
0.967376530376418,0.762617954519462,1.17255119381861,"Global","Diarrheal diseases","Deaths","Both","Clostridium difficile","ass",258
-1.68868232082379,-1.90128799920422,-1.47561587008909,"High-income","Diarrheal diseases","Deaths","Both","Clostridium difficile","ass",258
0.230792528387402,0.0900779375628824,0.371704946973472,"Latin America and Caribbean","Diarrheal diseases","Deaths","Both","Clostridium difficile","ass",258
0.871675030400754,0.54020838618718,1.20423447259026,"North Africa and Middle East","Diarrheal diseases","Deaths","Both","Clostridium difficile","ass",258
1.52043082903301,1.26523737677939,1.77626738152283,"South Asia","Diarrheal diseases","Deaths","Both","Clostridium difficile","ass",258
0.111415081046573,-0.138336662957328,0.361791448469995,"Southeast Asia, East Asia, and Oceania","Diarrheal diseases","Deaths","Both","Clostridium difficile","ass",258
0.258090096500974,0.00099304107294973,0.515848134324282,"Sub-Saharan Africa","Diarrheal diseases","Deaths","Both","Clostridium difficile","ass",258
-0.228108311263864,-0.462664980610472,0.00700108366178398,"Central Europe, Eastern Europe, and Central Asia","Diarrheal diseases","Deaths","Both","Clostridium difficile","ass",259
0.948849943186114,0.811557595272627,1.08632926558196,"Global","Diarrheal diseases","Deaths","Both","Clostridium difficile","ass",259
-1.49882864233027,-1.7937231695008,-1.20304860371423,"High-income","Diarrheal diseases","Deaths","Both","Clostridium difficile","ass",259
0.184880283799083,0.0433799646840205,0.326580739498072,"Latin America and Caribbean","Diarrheal diseases","Deaths","Both","Clostridium difficile","ass",259
0.893666304918184,0.552011258304286,1.23648222508812,"North Africa and Middle East","Diarrheal diseases","Deaths","Both","Clostridium difficile","ass",259
1.43718721159019,1.2169304250031,1.65792329597687,"South Asia","Diarrheal diseases","Deaths","Both","Clostridium difficile","ass",259
0.147895215739635,-0.097714932603743,0.394109197568171,"Southeast Asia, East Asia, and Oceania","Diarrheal diseases","Deaths","Both","Clostridium difficile","ass",259
-0.249254146891176,-0.688889444841712,0.192327350171673,"Sub-Saharan Africa","Diarrheal diseases","Deaths","Both","Clostridium difficile","ass",259
-0.127639733025653,-0.339022073585404,0.0841909524613715,"Central Europe, Eastern Europe, and Central Asia","Diarrheal diseases","Deaths","Both","Clostridium difficile","ass",260
0.835597338851124,0.695813193613781,0.975575529964257,"Global","Diarrheal diseases","Deaths","Both","Clostridium difficile","ass",260
-1.71236389139914,-1.942235204061,-1.48195370432487,"High-income","Diarrheal diseases","Deaths","Both","Clostridium difficile","ass",260
0.17668960983932,0.0485505585495094,0.30499277761431,"Latin America and Caribbean","Diarrheal diseases","Deaths","Both","Clostridium difficile","ass",260
0.934325991554341,0.595298397578548,1.27449618077371,"North Africa and Middle East","Diarrheal diseases","Deaths","Both","Clostridium difficile","ass",260
1.46007238724262,1.26274164883098,1.65778766413001,"South Asia","Diarrheal diseases","Deaths","Both","Clostridium difficile","ass",260
0.231476024312771,0.0520336045074288,0.411240272479474,"Southeast Asia, East Asia, and Oceania","Diarrheal diseases","Deaths","Both","Clostridium difficile","ass",260
0.171681819984215,-0.0675614636780564,0.411497864099597,"Sub-Saharan Africa","Diarrheal diseases","Deaths","Both","Clostridium difficile","ass",260
-0.111763614711657,-0.369877996475765,0.147019470781151,"Central Europe, Eastern Europe, and Central Asia","Diarrheal diseases","Deaths","Both","Clostridium difficile","ass",261
0.643047858970336,0.487080483773972,0.799257313267887,"Global","Diarrheal diseases","Deaths","Both","Clostridium difficile","ass",261
-1.67915146486586,-1.9483857075651,-1.40917794746966,"High-income","Diarrheal diseases","Deaths","Both","Clostridium difficile","ass",261
0.147153051114746,-0.00416116217480944,0.298696233843532,"Latin America and Caribbean","Diarrheal diseases","Deaths","Both","Clostridium difficile","ass",261
0.767292957430254,0.451385481309163,1.08419392441252,"North Africa and Middle East","Diarrheal diseases","Deaths","Both","Clostridium difficile","ass",261
1.55118229998688,1.34327512205887,1.75951600246307,"South Asia","Diarrheal diseases","Deaths","Both","Clostridium difficile","ass",261
0.265450022512836,0.0286840316437109,0.502776433975072,"Southeast Asia, East Asia, and Oceania","Diarrheal diseases","Deaths","Both","Clostridium difficile","ass",261
0.143322187398587,-0.122735781168837,0.410088894267902,"Sub-Saharan Africa","Diarrheal diseases","Deaths","Both","Clostridium difficile","ass",261
-0.00375521093276543,-0.280670932878724,0.273929492491298,"Central Europe, Eastern Europe, and Central Asia","Diarrheal diseases","Deaths","Both","Clostridium difficile","ass",262
0.856005113121205,0.661660717849344,1.05072472318395,"Global","Diarrheal diseases","Deaths","Both","Clostridium difficile","ass",262
-1.63257369663674,-1.87277872608455,-1.39178067075511,"High-income","Diarrheal diseases","Deaths","Both","Clostridium difficile","ass",262
0.0766621043401194,-0.0665330438266554,0.220062437527302,"Latin America and Caribbean","Diarrheal diseases","Deaths","Both","Clostridium difficile","ass",262
0.814851831405439,0.382269654524658,1.24929815561423,"North Africa and Middle East","Diarrheal diseases","Deaths","Both","Clostridium difficile","ass",262
1.60429110788538,1.38482000685638,1.8242373053261,"South Asia","Diarrheal diseases","Deaths","Both","Clostridium difficile","ass",262
0.18654888628058,-0.0892219714891507,0.463080918845438,"Southeast Asia, East Asia, and Oceania","Diarrheal diseases","Deaths","Both","Clostridium difficile","ass",262
0.135766969056661,-0.228544635462691,0.501408843287976,"Sub-Saharan Africa","Diarrheal diseases","Deaths","Both","Clostridium difficile","ass",262
-0.157180304812654,-0.395246989054099,0.0814553858710543,"Central Europe, Eastern Europe, and Central Asia","Diarrheal diseases","Deaths","Both","Clostridium difficile","ass",263
0.964269617549385,0.783364841638767,1.14549911508444,"Global","Diarrheal diseases","Deaths","Both","Clostridium difficile","ass",263
-1.62831340833843,-1.86102005034989,-1.39505497354021,"High-income","Diarrheal diseases","Deaths","Both","Clostridium difficile","ass",263
0.138542085820204,0.00383298137445198,0.273432648738869,"Latin America and Caribbean","Diarrheal diseases","Deaths","Both","Clostridium difficile","ass",263
0.861588380948763,0.59527878260961,1.12860299052728,"North Africa and Middle East","Diarrheal diseases","Deaths","Both","Clostridium difficile","ass",263
1.48612305066214,1.28893405417503,1.68369593410291,"South Asia","Diarrheal diseases","Deaths","Both","Clostridium difficile","ass",263
0.0935710241275922,-0.119104536313164,0.306699432871338,"Southeast Asia, East Asia, and Oceania","Diarrheal diseases","Deaths","Both","Clostridium difficile","ass",263
0.202810521249353,-0.14186339854978,0.548674129891391,"Sub-Saharan Africa","Diarrheal diseases","Deaths","Both","Clostridium difficile","ass",263
-0.0198109358474197,-0.263802659878798,0.224777682420774,"Central Europe, Eastern Europe, and Central Asia","Diarrheal diseases","Deaths","Both","Clostridium difficile","ass",264
0.782486064158672,0.626869268629049,0.938343516952367,"Global","Diarrheal diseases","Deaths","Both","Clostridium difficile","ass",264
-1.53012688696589,-1.83276753560065,-1.22655322473884,"High-income","Diarrheal diseases","Deaths","Both","Clostridium difficile","ass",264
0.272924636619809,0.149324820236352,0.396676994367251,"Latin America and Caribbean","Diarrheal diseases","Deaths","Both","Clostridium difficile","ass",264
0.666551153450645,0.410437068681135,0.923318501230752,"North Africa and Middle East","Diarrheal diseases","Deaths","Both","Clostridium difficile","ass",264
1.65913216200626,1.46613666491184,1.85249474967024,"South Asia","Diarrheal diseases","Deaths","Both","Clostridium difficile","ass",264
0.242747096106721,0.0151131873487476,0.470899098528399,"Southeast Asia, East Asia, and Oceania","Diarrheal diseases","Deaths","Both","Clostridium difficile","ass",264
-0.0169800828954014,-0.350264517248811,0.317419040961653,"Sub-Saharan Africa","Diarrheal diseases","Deaths","Both","Clostridium difficile","ass",264
-0.0312697727499867,-0.321396648141303,0.259701552713798,"Central Europe, Eastern Europe, and Central Asia","Diarrheal diseases","Deaths","Both","Clostridium difficile","ass",265
0.924888428005888,0.752617810770073,1.09745360002556,"Global","Diarrheal diseases","Deaths","Both","Clostridium difficile","ass",265
-1.72206665848295,-1.93222640870331,-1.5114565348219,"High-income","Diarrheal diseases","Deaths","Both","Clostridium difficile","ass",265
0.271837415151555,0.146893352094168,0.39693735941877,"Latin America and Caribbean","Diarrheal diseases","Deaths","Both","Clostridium difficile","ass",265
0.840766049103236,0.548564439855981,1.13381681796727,"North Africa and Middle East","Diarrheal diseases","Deaths","Both","Clostridium difficile","ass",265
1.49920932753738,1.29838343045394,1.70043336563328,"South Asia","Diarrheal diseases","Deaths","Both","Clostridium difficile","ass",265
0.349714014398783,0.161369363793562,0.538412830563395,"Southeast Asia, East Asia, and Oceania","Diarrheal diseases","Deaths","Both","Clostridium difficile","ass",265
0.489211250311872,0.23000966457889,0.749083148881025,"Sub-Saharan Africa","Diarrheal diseases","Deaths","Both","Clostridium difficile","ass",265
-0.222557895887676,-0.475728472222892,0.0312566976278461,"Central Europe, Eastern Europe, and Central Asia","Diarrheal diseases","Deaths","Both","Clostridium difficile","ass",266
0.859909170945405,0.687029428784802,1.03308574781666,"Global","Diarrheal diseases","Deaths","Both","Clostridium difficile","ass",266
-1.63717279004175,-1.85060887606975,-1.42327256498754,"High-income","Diarrheal diseases","Deaths","Both","Clostridium difficile","ass",266
0.100662523952644,-0.0498158971688589,0.251367495484511,"Latin America and Caribbean","Diarrheal diseases","Deaths","Both","Clostridium difficile","ass",266
0.833638073438037,0.60468170615009,1.06311550015612,"North Africa and Middle East","Diarrheal diseases","Deaths","Both","Clostridium difficile","ass",266
1.40698318388666,1.17254392554382,1.64196569006849,"South Asia","Diarrheal diseases","Deaths","Both","Clostridium difficile","ass",266
0.170766167523961,-0.0674562767420395,0.40955649419181,"Southeast Asia, East Asia, and Oceania","Diarrheal diseases","Deaths","Both","Clostridium difficile","ass",266
0.107441921981621,-0.186446380444916,0.402195541102834,"Sub-Saharan Africa","Diarrheal diseases","Deaths","Both","Clostridium difficile","ass",266
-0.163816367898817,-0.45440324535434,0.127618771419646,"Central Europe, Eastern Europe, and Central Asia","Diarrheal diseases","Deaths","Both","Clostridium difficile","ass",267
0.696721838991499,0.535716827004595,0.857984695799163,"Global","Diarrheal diseases","Deaths","Both","Clostridium difficile","ass",267
-1.62460188968551,-1.93099748082803,-1.31724903115105,"High-income","Diarrheal diseases","Deaths","Both","Clostridium difficile","ass",267
0.250677774516905,0.101857419429119,0.399719379226404,"Latin America and Caribbean","Diarrheal diseases","Deaths","Both","Clostridium difficile","ass",267
0.824255088160086,0.473089591309095,1.17664795053432,"North Africa and Middle East","Diarrheal diseases","Deaths","Both","Clostridium difficile","ass",267
1.49817936469918,1.29220428854826,1.7045732858372,"South Asia","Diarrheal diseases","Deaths","Both","Clostridium difficile","ass",267
0.193878314918283,-0.0393881075515634,0.427689084034477,"Southeast Asia, East Asia, and Oceania","Diarrheal diseases","Deaths","Both","Clostridium difficile","ass",267
0.360573720458435,0.13866814225485,0.582971037633095,"Sub-Saharan Africa","Diarrheal diseases","Deaths","Both","Clostridium difficile","ass",267
-0.135401465396601,-0.396384535813321,0.126265437255779,"Central Europe, Eastern Europe, and Central Asia","Diarrheal diseases","Deaths","Both","Clostridium difficile","ass",268
0.852080252377241,0.662179237096239,1.042339519346,"Global","Diarrheal diseases","Deaths","Both","Clostridium difficile","ass",268
-1.60892314529107,-1.91395251073239,-1.30294519525324,"High-income","Diarrheal diseases","Deaths","Both","Clostridium difficile","ass",268
0.145649475523002,-0.00783692820458537,0.299371478475652,"Latin America and Caribbean","Diarrheal diseases","Deaths","Both","Clostridium difficile","ass",268
0.78696946043928,0.465096240870899,1.10987390750208,"North Africa and Middle East","Diarrheal diseases","Deaths","Both","Clostridium difficile","ass",268
1.52023194080009,1.32008674356672,1.72077249991347,"South Asia","Diarrheal diseases","Deaths","Both","Clostridium difficile","ass",268
0.115952052045354,-0.124080700667828,0.356561677770384,"Southeast Asia, East Asia, and Oceania","Diarrheal diseases","Deaths","Both","Clostridium difficile","ass",268
-0.236978302363988,-0.790305745099829,0.319435242603938,"Sub-Saharan Africa","Diarrheal diseases","Deaths","Both","Clostridium difficile","ass",268
-0.0940421664242352,-0.361298282551437,0.17393079797956,"Central Europe, Eastern Europe, and Central Asia","Diarrheal diseases","Deaths","Both","Clostridium difficile","ass",269
0.870447810930375,0.696354218208062,1.04484239348757,"Global","Diarrheal diseases","Deaths","Both","Clostridium difficile","ass",269
-1.60820934007678,-1.88787970197472,-1.32774177278683,"High-income","Diarrheal diseases","Deaths","Both","Clostridium difficile","ass",269
0.155510776838397,0.0280868721239669,0.283097004476307,"Latin America and Caribbean","Diarrheal diseases","Deaths","Both","Clostridium difficile","ass",269
0.758672752723211,0.475406536752376,1.04273756958431,"North Africa and Middle East","Diarrheal diseases","Deaths","Both","Clostridium difficile","ass",269
1.45700491838314,1.19691238215787,1.7177659347607,"South Asia","Diarrheal diseases","Deaths","Both","Clostridium difficile","ass",269
0.281881662925842,0.0771925350509628,0.48698944402239,"Southeast Asia, East Asia, and Oceania","Diarrheal diseases","Deaths","Both","Clostridium difficile","ass",269
0.102048307667935,-0.205582070176746,0.410626999570018,"Sub-Saharan Africa","Diarrheal diseases","Deaths","Both","Clostridium difficile","ass",269
-0.173694291562521,-0.426450851586169,0.0797038633342906,"Central Europe, Eastern Europe, and Central Asia","Diarrheal diseases","Deaths","Both","Clostridium difficile","ass",270
0.84380676661131,0.649071314602812,1.03891899205419,"Global","Diarrheal diseases","Deaths","Both","Clostridium difficile","ass",270
-1.57624296823679,-1.82747671183946,-1.32436629123676,"High-income","Diarrheal diseases","Deaths","Both","Clostridium difficile","ass",270
0.127134542865948,-0.010319981311524,0.264778024005929,"Latin America and Caribbean","Diarrheal diseases","Deaths","Both","Clostridium difficile","ass",270
0.879742364653291,0.60026539942335,1.15999574308436,"North Africa and Middle East","Diarrheal diseases","Deaths","Both","Clostridium difficile","ass",270
1.48654617220509,1.25261479254797,1.7210180207726,"South Asia","Diarrheal diseases","Deaths","Both","Clostridium difficile","ass",270
0.140311766541812,-0.0675357738634585,0.34859160490337,"Southeast Asia, East Asia, and Oceania","Diarrheal diseases","Deaths","Both","Clostridium difficile","ass",270
0.211130481230515,-0.0546711051370607,0.47763895889652,"Sub-Saharan Africa","Diarrheal diseases","Deaths","Both","Clostridium difficile","ass",270
-0.0734057026940627,-0.36603860590001,0.22008668672362,"Central Europe, Eastern Europe, and Central Asia","Diarrheal diseases","Deaths","Both","Clostridium difficile","ass",271
0.778327840246318,0.592871655859994,0.964125937491467,"Global","Diarrheal diseases","Deaths","Both","Clostridium difficile","ass",271
-1.66146195526455,-1.90012501360782,-1.42221826360828,"High-income","Diarrheal diseases","Deaths","Both","Clostridium difficile","ass",271
0.176746964909169,0.00864504097342067,0.34513144698598,"Latin America and Caribbean","Diarrheal diseases","Deaths","Both","Clostridium difficile","ass",271
0.630802627575533,0.404081781791432,0.858035428063086,"North Africa and Middle East","Diarrheal diseases","Deaths","Both","Clostridium difficile","ass",271
1.5344282060368,1.31627184562004,1.7530543053881,"South Asia","Diarrheal diseases","Deaths","Both","Clostridium difficile","ass",271
0.222754959082772,0.0025930579751865,0.443401560248802,"Southeast Asia, East Asia, and Oceania","Diarrheal diseases","Deaths","Both","Clostridium difficile","ass",271
0.390070688312338,0.172713119583046,0.60789988560408,"Sub-Saharan Africa","Diarrheal diseases","Deaths","Both","Clostridium difficile","ass",271
-0.182064788404046,-0.434881233674245,0.0713936101504942,"Central Europe, Eastern Europe, and Central Asia","Diarrheal diseases","Deaths","Both","Clostridium difficile","ass",272
0.661201169487002,0.465791551031614,0.856990866757235,"Global","Diarrheal diseases","Deaths","Both","Clostridium difficile","ass",272
-1.62218717206252,-1.88930542930583,-1.35434165298841,"High-income","Diarrheal diseases","Deaths","Both","Clostridium difficile","ass",272
0.126121838088866,0.00567171275380751,0.246717037522681,"Latin America and Caribbean","Diarrheal diseases","Deaths","Both","Clostridium difficile","ass",272
0.811255853668613,0.490237411695493,1.13329979665298,"North Africa and Middle East","Diarrheal diseases","Deaths","Both","Clostridium difficile","ass",272
1.59415661508389,1.38570141163454,1.80304041518189,"South Asia","Diarrheal diseases","Deaths","Both","Clostridium difficile","ass",272
0.329522828096751,0.155673358677522,0.503674064125947,"Southeast Asia, East Asia, and Oceania","Diarrheal diseases","Deaths","Both","Clostridium difficile","ass",272
0.352758695273714,0.0679730233055897,0.638354845125111,"Sub-Saharan Africa","Diarrheal diseases","Deaths","Both","Clostridium difficile","ass",272
-0.237545019058683,-0.459624522499102,-0.0149700452564905,"Central Europe, Eastern Europe, and Central Asia","Diarrheal diseases","Deaths","Both","Clostridium difficile","ass",273
0.859853782282305,0.691764210651313,1.02822395386417,"Global","Diarrheal diseases","Deaths","Both","Clostridium difficile","ass",273
-1.77307624413241,-2.02427227433872,-1.52123618252101,"High-income","Diarrheal diseases","Deaths","Both","Clostridium difficile","ass",273
0.230483320809483,0.0939145250492546,0.367238451933494,"Latin America and Caribbean","Diarrheal diseases","Deaths","Both","Clostridium difficile","ass",273
0.921259246942685,0.642521773977278,1.20076870552077,"North Africa and Middle East","Diarrheal diseases","Deaths","Both","Clostridium difficile","ass",273
1.60048340257191,1.37683171199725,1.82462850054401,"South Asia","Diarrheal diseases","Deaths","Both","Clostridium difficile","ass",273
0.282374456347312,0.0640577491525685,0.501167480270648,"Southeast Asia, East Asia, and Oceania","Diarrheal diseases","Deaths","Both","Clostridium difficile","ass",273
-0.0389057128786119,-0.401592278009189,0.325101571604147,"Sub-Saharan Africa","Diarrheal diseases","Deaths","Both","Clostridium difficile","ass",273
-0.204622106908103,-0.42261820934052,0.013851235433826,"Central Europe, Eastern Europe, and Central Asia","Diarrheal diseases","Deaths","Both","Clostridium difficile","ass",274
0.849408291702813,0.658030182127711,1.04115026276774,"Global","Diarrheal diseases","Deaths","Both","Clostridium difficile","ass",274
-1.60609559238052,-1.82071631130155,-1.39100571080869,"High-income","Diarrheal diseases","Deaths","Both","Clostridium difficile","ass",274
0.175343635307379,-0.005699538316839,0.35671459392097,"Latin America and Caribbean","Diarrheal diseases","Deaths","Both","Clostridium difficile","ass",274
0.641722033947101,0.373035527352883,0.911127781903764,"North Africa and Middle East","Diarrheal diseases","Deaths","Both","Clostridium difficile","ass",274
1.45490384702658,1.2609336626235,1.64924559063888,"South Asia","Diarrheal diseases","Deaths","Both","Clostridium difficile","ass",274
0.130274748346415,-0.0643341983437518,0.32526266526538,"Southeast Asia, East Asia, and Oceania","Diarrheal diseases","Deaths","Both","Clostridium difficile","ass",274
0.191009131456599,-0.0771693505025817,0.459907365825885,"Sub-Saharan Africa","Diarrheal diseases","Deaths","Both","Clostridium difficile","ass",274
-0.256550944153089,-0.524252346667875,0.0118708755749486,"Central Europe, Eastern Europe, and Central Asia","Diarrheal diseases","Deaths","Both","Clostridium difficile","ass",275
0.868622104017502,0.701360283432573,1.03616174127288,"Global","Diarrheal diseases","Deaths","Both","Clostridium difficile","ass",275
-1.49025652671599,-1.75132448318588,-1.22849485628471,"High-income","Diarrheal diseases","Deaths","Both","Clostridium difficile","ass",275
0.109849787121608,-0.026358070651944,0.246243219614284,"Latin America and Caribbean","Diarrheal diseases","Deaths","Both","Clostridium difficile","ass",275
0.681516875586285,0.43553012041031,0.928106101657256,"North Africa and Middle East","Diarrheal diseases","Deaths","Both","Clostridium difficile","ass",275
1.51154998578562,1.29941974529666,1.72412444638013,"South Asia","Diarrheal diseases","Deaths","Both","Clostridium difficile","ass",275
0.167038877125925,-0.0594576525204449,0.394048718754969,"Southeast Asia, East Asia, and Oceania","Diarrheal diseases","Deaths","Both","Clostridium difficile","ass",275
0.428576838819206,0.171078414173409,0.686737185446318,"Sub-Saharan Africa","Diarrheal diseases","Deaths","Both","Clostridium difficile","ass",275
-0.168259547802008,-0.42049175844352,0.0846115602312292,"Central Europe, Eastern Europe, and Central Asia","Diarrheal diseases","Deaths","Both","Clostridium difficile","ass",276
0.796112949470329,0.617749681728785,0.974792398555424,"Global","Diarrheal diseases","Deaths","Both","Clostridium difficile","ass",276
-1.60962077180399,-1.90314770990624,-1.31521553779946,"High-income","Diarrheal diseases","Deaths","Both","Clostridium difficile","ass",276
0.158477789426192,0.0287727767296353,0.288350987634289,"Latin America and Caribbean","Diarrheal diseases","Deaths","Both","Clostridium difficile","ass",276
0.745558410448988,0.476462441600223,1.01537507187281,"North Africa and Middle East","Diarrheal diseases","Deaths","Both","Clostridium difficile","ass",276
1.59506748517051,1.3945859054743,1.79594546535928,"South Asia","Diarrheal diseases","Deaths","Both","Clostridium difficile","ass",276
0.0542854913954782,-0.162594984636855,0.271637104882538,"Southeast Asia, East Asia, and Oceania","Diarrheal diseases","Deaths","Both","Clostridium difficile","ass",276
0.270198046901537,0.0046735434659384,0.536427550007934,"Sub-Saharan Africa","Diarrheal diseases","Deaths","Both","Clostridium difficile","ass",276
-0.168183186373849,-0.387098725517476,0.0512134552441035,"Central Europe, Eastern Europe, and Central Asia","Diarrheal diseases","Deaths","Both","Clostridium difficile","ass",277
0.802715665489906,0.621207598233475,0.984551150586643,"Global","Diarrheal diseases","Deaths","Both","Clostridium difficile","ass",277
-1.53354684238508,-1.70680432376118,-1.35998396698199,"High-income","Diarrheal diseases","Deaths","Both","Clostridium difficile","ass",277
0.129273260416696,-0.0102356307126739,0.268976798776488,"Latin America and Caribbean","Diarrheal diseases","Deaths","Both","Clostridium difficile","ass",277
0.804818038023725,0.511375028327654,1.09911775473348,"North Africa and Middle East","Diarrheal diseases","Deaths","Both","Clostridium difficile","ass",277
1.44604976542009,1.23761835677991,1.65491029964433,"South Asia","Diarrheal diseases","Deaths","Both","Clostridium difficile","ass",277
0.323133372907325,0.0768875760774002,0.569985073796864,"Southeast Asia, East Asia, and Oceania","Diarrheal diseases","Deaths","Both","Clostridium difficile","ass",277
0.206899382239611,-0.0563739778209893,0.470866261885994,"Sub-Saharan Africa","Diarrheal diseases","Deaths","Both","Clostridium difficile","ass",277
-0.161954979430079,-0.432400258802834,0.109224882772097,"Central Europe, Eastern Europe, and Central Asia","Diarrheal diseases","Deaths","Both","Clostridium difficile","ass",278
0.59757260605442,0.431096156017685,0.764325010546263,"Global","Diarrheal diseases","Deaths","Both","Clostridium difficile","ass",278
-1.57630353273911,-1.79213528920782,-1.35999744208916,"High-income","Diarrheal diseases","Deaths","Both","Clostridium difficile","ass",278
0.265283732706423,0.0936819548101431,0.437179706695789,"Latin America and Caribbean","Diarrheal diseases","Deaths","Both","Clostridium difficile","ass",278
0.896620364192624,0.580058021019525,1.21417904519936,"North Africa and Middle East","Diarrheal diseases","Deaths","Both","Clostridium difficile","ass",278
1.34977575409607,1.16760586426563,1.53227367253288,"South Asia","Diarrheal diseases","Deaths","Both","Clostridium difficile","ass",278
0.218371574909026,-0.0228313026717442,0.460156373631482,"Southeast Asia, East Asia, and Oceania","Diarrheal diseases","Deaths","Both","Clostridium difficile","ass",278
0.31761084956281,0.074592990667699,0.561218845054801,"Sub-Saharan Africa","Diarrheal diseases","Deaths","Both","Clostridium difficile","ass",278
-0.179383306789649,-0.478552400194432,0.120685111821994,"Central Europe, Eastern Europe, and Central Asia","Diarrheal diseases","Deaths","Both","Clostridium difficile","ass",279
0.923245853280208,0.747528685072574,1.09926949573695,"Global","Diarrheal diseases","Deaths","Both","Clostridium difficile","ass",279
-1.53875057686288,-1.70168246937548,-1.37554862070864,"High-income","Diarrheal diseases","Deaths","Both","Clostridium difficile","ass",279
0.117491443231921,-0.0160928410631866,0.251254203859053,"Latin America and Caribbean","Diarrheal diseases","Deaths","Both","Clostridium difficile","ass",279
0.928788935098424,0.658202589327517,1.20010266292698,"North Africa and Middle East","Diarrheal diseases","Deaths","Both","Clostridium difficile","ass",279
1.63085124371991,1.42958594466758,1.83251591067091,"South Asia","Diarrheal diseases","Deaths","Both","Clostridium difficile","ass",279
0.432660660297102,0.23648122385671,0.629224052467126,"Southeast Asia, East Asia, and Oceania","Diarrheal diseases","Deaths","Both","Clostridium difficile","ass",279
-0.0352213702096038,-0.316822931506056,0.247175705853286,"Sub-Saharan Africa","Diarrheal diseases","Deaths","Both","Clostridium difficile","ass",279
-0.0813320266512041,-0.310508692181399,0.148371494250954,"Central Europe, Eastern Europe, and Central Asia","Diarrheal diseases","Deaths","Both","Clostridium difficile","ass",280
1.00302158030696,0.836105016582556,1.17021444525545,"Global","Diarrheal diseases","Deaths","Both","Clostridium difficile","ass",280
-1.64447235298598,-1.88885387003962,-1.39948211482132,"High-income","Diarrheal diseases","Deaths","Both","Clostridium difficile","ass",280
0.100803228566404,-0.0571257866767483,0.258981802110281,"Latin America and Caribbean","Diarrheal diseases","Deaths","Both","Clostridium difficile","ass",280
0.81473570768551,0.435797993461495,1.19510312918649,"North Africa and Middle East","Diarrheal diseases","Deaths","Both","Clostridium difficile","ass",280
1.44665499697405,1.24478325668476,1.64892924886166,"South Asia","Diarrheal diseases","Deaths","Both","Clostridium difficile","ass",280
0.225513395184018,0.0143204130238495,0.437152338237889,"Southeast Asia, East Asia, and Oceania","Diarrheal diseases","Deaths","Both","Clostridium difficile","ass",280
-0.124273972923894,-0.404718946860361,0.156960690871122,"Sub-Saharan Africa","Diarrheal diseases","Deaths","Both","Clostridium difficile","ass",280
-0.234515275511071,-0.461619085240361,-0.00689331248332481,"Central Europe, Eastern Europe, and Central Asia","Diarrheal diseases","Deaths","Both","Clostridium difficile","ass",281
0.719470346268403,0.550103373009692,0.889122601895487,"Global","Diarrheal diseases","Deaths","Both","Clostridium difficile","ass",281
-1.70377147491795,-1.95762978045307,-1.44925586133178,"High-income","Diarrheal diseases","Deaths","Both","Clostridium difficile","ass",281
0.0819115830638761,-0.0820040371159347,0.246096107061056,"Latin America and Caribbean","Diarrheal diseases","Deaths","Both","Clostridium difficile","ass",281
0.730007748210215,0.379065454403205,1.08217699599438,"North Africa and Middle East","Diarrheal diseases","Deaths","Both","Clostridium difficile","ass",281
1.60716848932743,1.41920070641517,1.79548464697707,"South Asia","Diarrheal diseases","Deaths","Both","Clostridium difficile","ass",281
0.215821375651482,-0.0137592699105293,0.445929166472991,"Southeast Asia, East Asia, and Oceania","Diarrheal diseases","Deaths","Both","Clostridium difficile","ass",281
0.0683459566162004,-0.247387115064512,0.385078374275616,"Sub-Saharan Africa","Diarrheal diseases","Deaths","Both","Clostridium difficile","ass",281
-0.0564790130461401,-0.263710011253315,0.151182567516006,"Central Europe, Eastern Europe, and Central Asia","Diarrheal diseases","Deaths","Both","Clostridium difficile","ass",282
0.809373366449684,0.651728702389343,0.967264939732804,"Global","Diarrheal diseases","Deaths","Both","Clostridium difficile","ass",282
-1.53032525955965,-1.760972290119,-1.29913671251803,"High-income","Diarrheal diseases","Deaths","Both","Clostridium difficile","ass",282
0.122768420813002,-0.0266539853704395,0.272414157077527,"Latin America and Caribbean","Diarrheal diseases","Deaths","Both","Clostridium difficile","ass",282
0.756574544178257,0.50522474369572,1.00855293608342,"North Africa and Middle East","Diarrheal diseases","Deaths","Both","Clostridium difficile","ass",282
1.55041206872568,1.34622882049005,1.75500668696831,"South Asia","Diarrheal diseases","Deaths","Both","Clostridium difficile","ass",282
0.15249339740071,-0.0888468190740732,0.39441658282573,"Southeast Asia, East Asia, and Oceania","Diarrheal diseases","Deaths","Both","Clostridium difficile","ass",282
0.117966564897687,-0.152359193717289,0.389024198749577,"Sub-Saharan Africa","Diarrheal diseases","Deaths","Both","Clostridium difficile","ass",282
-0.124364160527757,-0.393318195541459,0.145316093567227,"Central Europe, Eastern Europe, and Central Asia","Diarrheal diseases","Deaths","Both","Clostridium difficile","ass",283
0.885376827318618,0.720397770661418,1.05062611810651,"Global","Diarrheal diseases","Deaths","Both","Clostridium difficile","ass",283
-1.5104327545151,-1.71301163900766,-1.30743633556426,"High-income","Diarrheal diseases","Deaths","Both","Clostridium difficile","ass",283
0.230987591398568,0.0926365300172538,0.36952988579011,"Latin America and Caribbean","Diarrheal diseases","Deaths","Both","Clostridium difficile","ass",283
0.915955932528312,0.604173500142413,1.22870460996909,"North Africa and Middle East","Diarrheal diseases","Deaths","Both","Clostridium difficile","ass",283
1.49895414397814,1.33254287642133,1.66563869698879,"South Asia","Diarrheal diseases","Deaths","Both","Clostridium difficile","ass",283
0.175328698902599,-0.0375058487996793,0.388616402011621,"Southeast Asia, East Asia, and Oceania","Diarrheal diseases","Deaths","Both","Clostridium difficile","ass",283
0.48430345072763,0.242264161491046,0.726927154313017,"Sub-Saharan Africa","Diarrheal diseases","Deaths","Both","Clostridium difficile","ass",283
-0.167715019079828,-0.426524720906296,0.0917673765696847,"Central Europe, Eastern Europe, and Central Asia","Diarrheal diseases","Deaths","Both","Clostridium difficile","ass",284
0.619283725589348,0.450721957376188,0.78812834960631,"Global","Diarrheal diseases","Deaths","Both","Clostridium difficile","ass",284
-1.52610256010998,-1.74224075470549,-1.3094889250045,"High-income","Diarrheal diseases","Deaths","Both","Clostridium difficile","ass",284
0.0889805077899819,-0.0706878447724435,0.248903980519444,"Latin America and Caribbean","Diarrheal diseases","Deaths","Both","Clostridium difficile","ass",284
0.928239416846699,0.666211208034895,1.19094966962727,"North Africa and Middle East","Diarrheal diseases","Deaths","Both","Clostridium difficile","ass",284
1.64020273538852,1.40259699938328,1.87836522721119,"South Asia","Diarrheal diseases","Deaths","Both","Clostridium difficile","ass",284
0.302397424688028,0.0849457516039598,0.52032154874635,"Southeast Asia, East Asia, and Oceania","Diarrheal diseases","Deaths","Both","Clostridium difficile","ass",284
0.185016475891508,-0.104994979683903,0.475869881916258,"Sub-Saharan Africa","Diarrheal diseases","Deaths","Both","Clostridium difficile","ass",284
-0.0365194999588203,-0.293103463036115,0.220724751748391,"Central Europe, Eastern Europe, and Central Asia","Diarrheal diseases","Deaths","Both","Clostridium difficile","ass",285
0.755928759759672,0.589592898309199,0.922539675696488,"Global","Diarrheal diseases","Deaths","Both","Clostridium difficile","ass",285
-1.55310547135793,-1.79077261327072,-1.31486317299754,"High-income","Diarrheal diseases","Deaths","Both","Clostridium difficile","ass",285
0.209357481868078,0.0617258474107318,0.357206932871224,"Latin America and Caribbean","Diarrheal diseases","Deaths","Both","Clostridium difficile","ass",285
0.856506638237131,0.547434195601393,1.166529137685,"North Africa and Middle East","Diarrheal diseases","Deaths","Both","Clostridium difficile","ass",285
1.4912942887332,1.28450930712614,1.69850144771875,"South Asia","Diarrheal diseases","Deaths","Both","Clostridium difficile","ass",285
0.192312335854039,-0.0507379656978002,0.435953671775513,"Southeast Asia, East Asia, and Oceania","Diarrheal diseases","Deaths","Both","Clostridium difficile","ass",285
0.343563361457688,0.0376992757640693,0.650362622985945,"Sub-Saharan Africa","Diarrheal diseases","Deaths","Both","Clostridium difficile","ass",285
-0.136482963934048,-0.399131723987634,0.126858404249885,"Central Europe, Eastern Europe, and Central Asia","Diarrheal diseases","Deaths","Both","Clostridium difficile","ass",286
0.934001249817684,0.795436896184998,1.07275608905852,"Global","Diarrheal diseases","Deaths","Both","Clostridium difficile","ass",286
-1.47952636137919,-1.74075204552619,-1.21760619951657,"High-income","Diarrheal diseases","Deaths","Both","Clostridium difficile","ass",286
0.23460902436836,0.0853018477352085,0.384138937333245,"Latin America and Caribbean","Diarrheal diseases","Deaths","Both","Clostridium difficile","ass",286
0.856623663136324,0.593048691555298,1.12088925664946,"North Africa and Middle East","Diarrheal diseases","Deaths","Both","Clostridium difficile","ass",286
1.46444373712702,1.23698230323943,1.69241623626695,"South Asia","Diarrheal diseases","Deaths","Both","Clostridium difficile","ass",286
0.364057811743157,0.14042612560663,0.588188907887988,"Southeast Asia, East Asia, and Oceania","Diarrheal diseases","Deaths","Both","Clostridium difficile","ass",286
0.241161513314458,-0.0530484087236216,0.536237489562752,"Sub-Saharan Africa","Diarrheal diseases","Deaths","Both","Clostridium difficile","ass",286
-0.103822818468891,-0.363805767097114,0.156838509478185,"Central Europe, Eastern Europe, and Central Asia","Diarrheal diseases","Deaths","Both","Clostridium difficile","ass",287
0.682354329164037,0.499121518287526,0.865921215229237,"Global","Diarrheal diseases","Deaths","Both","Clostridium difficile","ass",287
-1.56872361876945,-1.86469127428527,-1.27186335024565,"High-income","Diarrheal diseases","Deaths","Both","Clostridium difficile","ass",287
0.334458805401727,0.197088438108639,0.47201750768644,"Latin America and Caribbean","Diarrheal diseases","Deaths","Both","Clostridium difficile","ass",287
0.814545828244295,0.451467083243373,1.17893691022644,"North Africa and Middle East","Diarrheal diseases","Deaths","Both","Clostridium difficile","ass",287
1.67149354970437,1.4677385907556,1.87565766415296,"South Asia","Diarrheal diseases","Deaths","Both","Clostridium difficile","ass",287
0.332442001703215,0.0511570933674044,0.614517717481466,"Southeast Asia, East Asia, and Oceania","Diarrheal diseases","Deaths","Both","Clostridium difficile","ass",287
0.131021105111961,-0.172666707939328,0.435632776236528,"Sub-Saharan Africa","Diarrheal diseases","Deaths","Both","Clostridium difficile","ass",287
-0.0648824722928376,-0.320878168309702,0.191770671293545,"Central Europe, Eastern Europe, and Central Asia","Diarrheal diseases","Deaths","Both","Clostridium difficile","ass",288
0.690484990273443,0.523244887024088,0.858003330185042,"Global","Diarrheal diseases","Deaths","Both","Clostridium difficile","ass",288
-1.5746539714293,-1.77629533479035,-1.37259866278329,"High-income","Diarrheal diseases","Deaths","Both","Clostridium difficile","ass",288
0.153548120734048,-0.0197058917471238,0.327102361906384,"Latin America and Caribbean","Diarrheal diseases","Deaths","Both","Clostridium difficile","ass",288
0.844122249615831,0.543188323038857,1.14595689587036,"North Africa and Middle East","Diarrheal diseases","Deaths","Both","Clostridium difficile","ass",288
1.52393016787882,1.30057571446394,1.74777708850336,"South Asia","Diarrheal diseases","Deaths","Both","Clostridium difficile","ass",288
0.435844566690102,0.188033240213614,0.684268845148406,"Southeast Asia, East Asia, and Oceania","Diarrheal diseases","Deaths","Both","Clostridium difficile","ass",288
0.415107298622308,0.167237268229004,0.663590698752503,"Sub-Saharan Africa","Diarrheal diseases","Deaths","Both","Clostridium difficile","ass",288
-0.034130168903157,-0.241557173132911,0.173728136787044,"Central Europe, Eastern Europe, and Central Asia","Diarrheal diseases","Deaths","Both","Clostridium difficile","ass",289
0.809000470933752,0.636246781572924,0.982050711866611,"Global","Diarrheal diseases","Deaths","Both","Clostridium difficile","ass",289
-1.64103685458724,-1.91009168863914,-1.37124401899195,"High-income","Diarrheal diseases","Deaths","Both","Clostridium difficile","ass",289
0.162550346794843,0.0324471796235182,0.292822727402253,"Latin America and Caribbean","Diarrheal diseases","Deaths","Both","Clostridium difficile","ass",289
0.81377316743696,0.510191172027064,1.11827210496847,"North Africa and Middle East","Diarrheal diseases","Deaths","Both","Clostridium difficile","ass",289
1.57444608922623,1.38575465873712,1.76348869780798,"South Asia","Diarrheal diseases","Deaths","Both","Clostridium difficile","ass",289
0.20490513459972,-0.0295699896295631,0.43993020728752,"Southeast Asia, East Asia, and Oceania","Diarrheal diseases","Deaths","Both","Clostridium difficile","ass",289
-0.129698256589039,-0.539353894358563,0.281644658994651,"Sub-Saharan Africa","Diarrheal diseases","Deaths","Both","Clostridium difficile","ass",289
-0.0902355328450732,-0.371821144223095,0.192145942288025,"Central Europe, Eastern Europe, and Central Asia","Diarrheal diseases","Deaths","Both","Clostridium difficile","ass",290
0.793393867168279,0.616039077790154,0.971061277889884,"Global","Diarrheal diseases","Deaths","Both","Clostridium difficile","ass",290
-1.60321973074046,-1.84734493129167,-1.35848734219721,"High-income","Diarrheal diseases","Deaths","Both","Clostridium difficile","ass",290
0.164246392671341,0.0218708337802909,0.306824615235857,"Latin America and Caribbean","Diarrheal diseases","Deaths","Both","Clostridium difficile","ass",290
0.76892585191759,0.481179478731364,1.05749623986666,"North Africa and Middle East","Diarrheal diseases","Deaths","Both","Clostridium difficile","ass",290
1.53465032942519,1.3013431202068,1.7684948686749,"South Asia","Diarrheal diseases","Deaths","Both","Clostridium difficile","ass",290
0.444285547056444,0.217083180291988,0.672003004799659,"Southeast Asia, East Asia, and Oceania","Diarrheal diseases","Deaths","Both","Clostridium difficile","ass",290
-0.00848651559700597,-0.294157039350307,0.278002492266349,"Sub-Saharan Africa","Diarrheal diseases","Deaths","Both","Clostridium difficile","ass",290
-0.0625635664296853,-0.343907195443105,0.219574336524841,"Central Europe, Eastern Europe, and Central Asia","Diarrheal diseases","Deaths","Both","Clostridium difficile","ass",291
0.771350401017212,0.603585320887334,0.939395243762098,"Global","Diarrheal diseases","Deaths","Both","Clostridium difficile","ass",291
-1.63697235280763,-1.85885025071878,-1.41459283247096,"High-income","Diarrheal diseases","Deaths","Both","Clostridium difficile","ass",291
0.112069713639107,-0.0244145535329365,0.248740305853401,"Latin America and Caribbean","Diarrheal diseases","Deaths","Both","Clostridium difficile","ass",291
0.921952155068628,0.564344505646641,1.28083146028029,"North Africa and Middle East","Diarrheal diseases","Deaths","Both","Clostridium difficile","ass",291
1.58106719992381,1.36882763280968,1.79375114066738,"South Asia","Diarrheal diseases","Deaths","Both","Clostridium difficile","ass",291
0.307431041320561,0.077926722398014,0.537461672429318,"Southeast Asia, East Asia, and Oceania","Diarrheal diseases","Deaths","Both","Clostridium difficile","ass",291
0.260543688858883,0.0012156297741539,0.520544250190769,"Sub-Saharan Africa","Diarrheal diseases","Deaths","Both","Clostridium difficile","ass",291
-0.100734623503784,-0.36995316711238,0.169211397673341,"Central Europe, Eastern Europe, and Central Asia","Diarrheal diseases","Deaths","Both","Clostridium difficile","ass",292
0.705963589227099,0.536257789870653,0.875955852979238,"Global","Diarrheal diseases","Deaths","Both","Clostridium difficile","ass",292
-1.578768037461,-1.81260941548604,-1.34436974688585,"High-income","Diarrheal diseases","Deaths","Both","Clostridium difficile","ass",292
0.164724118518045,0.0143601654228886,0.315314132334432,"Latin America and Caribbean","Diarrheal diseases","Deaths","Both","Clostridium difficile","ass",292
0.730475762761729,0.388665538051725,1.07344980640578,"North Africa and Middle East","Diarrheal diseases","Deaths","Both","Clostridium difficile","ass",292
1.43639752544804,1.23712280781767,1.63606449457654,"South Asia","Diarrheal diseases","Deaths","Both","Clostridium difficile","ass",292
0.248760603330367,0.0400830238970862,0.457873471608283,"Southeast Asia, East Asia, and Oceania","Diarrheal diseases","Deaths","Both","Clostridium difficile","ass",292
-0.255223863213216,-0.772055991531295,0.264300202860213,"Sub-Saharan Africa","Diarrheal diseases","Deaths","Both","Clostridium difficile","ass",292
-0.0150865168651482,-0.20594522940407,0.176137217901151,"Central Europe, Eastern Europe, and Central Asia","Diarrheal diseases","Deaths","Both","Clostridium difficile","ass",293
0.939732172732843,0.780233787536688,1.09948298575067,"Global","Diarrheal diseases","Deaths","Both","Clostridium difficile","ass",293
-1.62549633946992,-1.86376084762926,-1.38665335004476,"High-income","Diarrheal diseases","Deaths","Both","Clostridium difficile","ass",293
0.159101358053038,0.0144594924742725,0.303952406077834,"Latin America and Caribbean","Diarrheal diseases","Deaths","Both","Clostridium difficile","ass",293
0.926849709001121,0.616747161745579,1.23790799764689,"North Africa and Middle East","Diarrheal diseases","Deaths","Both","Clostridium difficile","ass",293
1.59633794739016,1.3877221581275,1.80538298534887,"South Asia","Diarrheal diseases","Deaths","Both","Clostridium difficile","ass",293
0.458442631535916,0.260894532142619,0.656379967946874,"Southeast Asia, East Asia, and Oceania","Diarrheal diseases","Deaths","Both","Clostridium difficile","ass",293
0.108764543923079,-0.193405026901272,0.411848948577376,"Sub-Saharan Africa","Diarrheal diseases","Deaths","Both","Clostridium difficile","ass",293
-0.0715072410804374,-0.315187381169124,0.172768576615634,"Central Europe, Eastern Europe, and Central Asia","Diarrheal diseases","Deaths","Both","Clostridium difficile","ass",294
0.822375078454773,0.670709939326541,0.974268708217862,"Global","Diarrheal diseases","Deaths","Both","Clostridium difficile","ass",294
-1.60136798987378,-1.89509508990445,-1.3067614678675,"High-income","Diarrheal diseases","Deaths","Both","Clostridium difficile","ass",294
0.215694306806702,0.0903106870935977,0.341234995190898,"Latin America and Caribbean","Diarrheal diseases","Deaths","Both","Clostridium difficile","ass",294
0.649021356723978,0.324747753800936,0.974343089564189,"North Africa and Middle East","Diarrheal diseases","Deaths","Both","Clostridium difficile","ass",294
1.56963664609338,1.37498582894029,1.7646612136377,"South Asia","Diarrheal diseases","Deaths","Both","Clostridium difficile","ass",294
0.330255432863868,0.117732797793857,0.543229195512906,"Southeast Asia, East Asia, and Oceania","Diarrheal diseases","Deaths","Both","Clostridium difficile","ass",294
0.328459713237517,0.112695547535369,0.544688896637435,"Sub-Saharan Africa","Diarrheal diseases","Deaths","Both","Clostridium difficile","ass",294
-0.0452646106218868,-0.294061864059048,0.204153469161983,"Central Europe, Eastern Europe, and Central Asia","Diarrheal diseases","Deaths","Both","Clostridium difficile","ass",295
0.743705607991818,0.545075140135776,0.942728477591115,"Global","Diarrheal diseases","Deaths","Both","Clostridium difficile","ass",295
-1.70718248276056,-1.97511655859095,-1.43851605544482,"High-income","Diarrheal diseases","Deaths","Both","Clostridium difficile","ass",295
0.22332038626931,0.0861619929335422,0.360666741901627,"Latin America and Caribbean","Diarrheal diseases","Deaths","Both","Clostridium difficile","ass",295
0.962694744316517,0.592149678074994,1.33460476444911,"North Africa and Middle East","Diarrheal diseases","Deaths","Both","Clostridium difficile","ass",295
1.58042785929913,1.37766399067227,1.78359727274526,"South Asia","Diarrheal diseases","Deaths","Both","Clostridium difficile","ass",295
0.285188302961537,0.0229674805921176,0.548096565040201,"Southeast Asia, East Asia, and Oceania","Diarrheal diseases","Deaths","Both","Clostridium difficile","ass",295
0.0838723227077232,-0.297902291617536,0.467108810549122,"Sub-Saharan Africa","Diarrheal diseases","Deaths","Both","Clostridium difficile","ass",295
-0.0787782896515377,-0.338915759451741,0.182038196473933,"Central Europe, Eastern Europe, and Central Asia","Diarrheal diseases","Deaths","Both","Clostridium difficile","ass",296
0.842598643290438,0.657006625450873,1.02853285685229,"Global","Diarrheal diseases","Deaths","Both","Clostridium difficile","ass",296
-1.62929584062612,-1.88316012533492,-1.37477471581595,"High-income","Diarrheal diseases","Deaths","Both","Clostridium difficile","ass",296
0.187292330376265,0.0501159481162805,0.324656791977018,"Latin America and Caribbean","Diarrheal diseases","Deaths","Both","Clostridium difficile","ass",296
0.8324947572381,0.563512167096381,1.10219680946144,"North Africa and Middle East","Diarrheal diseases","Deaths","Both","Clostridium difficile","ass",296
1.40200947400384,1.19959400527794,1.60482980623124,"South Asia","Diarrheal diseases","Deaths","Both","Clostridium difficile","ass",296
0.32849719761745,0.11777764591232,0.539660254267615,"Southeast Asia, East Asia, and Oceania","Diarrheal diseases","Deaths","Both","Clostridium difficile","ass",296
0.292336579392116,0.0454465053521869,0.539835923626608,"Sub-Saharan Africa","Diarrheal diseases","Deaths","Both","Clostridium difficile","ass",296
-0.226499752238163,-0.489649060418329,0.0373454389103633,"Central Europe, Eastern Europe, and Central Asia","Diarrheal diseases","Deaths","Both","Clostridium difficile","ass",297
0.661758465807405,0.506330455226633,0.817426838028723,"Global","Diarrheal diseases","Deaths","Both","Clostridium difficile","ass",297
-1.63488874212011,-1.87801441596243,-1.39116065391643,"High-income","Diarrheal diseases","Deaths","Both","Clostridium difficile","ass",297
0.144849575362072,-0.00283622474751555,0.292753492613484,"Latin America and Caribbean","Diarrheal diseases","Deaths","Both","Clostridium difficile","ass",297
0.961581050154092,0.578027453685004,1.34659732555105,"North Africa and Middle East","Diarrheal diseases","Deaths","Both","Clostridium difficile","ass",297
1.50619474808729,1.31036221818237,1.70240582149879,"South Asia","Diarrheal diseases","Deaths","Both","Clostridium difficile","ass",297
0.21240340301365,-0.00946842212179444,0.434767545831671,"Southeast Asia, East Asia, and Oceania","Diarrheal diseases","Deaths","Both","Clostridium difficile","ass",297
-0.337495319285286,-0.895583446419623,0.223735577550754,"Sub-Saharan Africa","Diarrheal diseases","Deaths","Both","Clostridium difficile","ass",297
-0.138927159847524,-0.414406556343017,0.137314283599421,"Central Europe, Eastern Europe, and Central Asia","Diarrheal diseases","Deaths","Both","Clostridium difficile","ass",298
0.862877841065157,0.684350959490398,1.0417212747867,"Global","Diarrheal diseases","Deaths","Both","Clostridium difficile","ass",298
-1.55758278981063,-1.80099405719816,-1.31356816555077,"High-income","Diarrheal diseases","Deaths","Both","Clostridium difficile","ass",298
0.133806664243141,-0.0766433635768338,0.344699923913017,"Latin America and Caribbean","Diarrheal diseases","Deaths","Both","Clostridium difficile","ass",298
0.761690729854125,0.383046720962588,1.14176298076611,"North Africa and Middle East","Diarrheal diseases","Deaths","Both","Clostridium difficile","ass",298
1.38280595877767,1.16163341791415,1.60446205542395,"South Asia","Diarrheal diseases","Deaths","Both","Clostridium difficile","ass",298
0.122802439322611,-0.111070417331149,0.357222869299156,"Southeast Asia, East Asia, and Oceania","Diarrheal diseases","Deaths","Both","Clostridium difficile","ass",298
0.272531782390129,0.0043957515948545,0.541386750892792,"Sub-Saharan Africa","Diarrheal diseases","Deaths","Both","Clostridium difficile","ass",298
-0.174104151957388,-0.480846247069122,0.133583396460213,"Central Europe, Eastern Europe, and Central Asia","Diarrheal diseases","Deaths","Both","Clostridium difficile","ass",299
0.763537998780817,0.587458965252319,0.939925259859398,"Global","Diarrheal diseases","Deaths","Both","Clostridium difficile","ass",299
-1.63210997411394,-1.85868555295254,-1.40501130779465,"High-income","Diarrheal diseases","Deaths","Both","Clostridium difficile","ass",299
0.209539832299432,0.0631363970845067,0.356157471931851,"Latin America and Caribbean","Diarrheal diseases","Deaths","Both","Clostridium difficile","ass",299
0.902609920938113,0.626534243244459,1.17944303085766,"North Africa and Middle East","Diarrheal diseases","Deaths","Both","Clostridium difficile","ass",299
1.27506796155652,1.02906533818727,1.52166959364171,"South Asia","Diarrheal diseases","Deaths","Both","Clostridium difficile","ass",299
0.178545380890038,-0.082265126083847,0.440036669114963,"Southeast Asia, East Asia, and Oceania","Diarrheal diseases","Deaths","Both","Clostridium difficile","ass",299
0.0562495999037127,-0.224794299327558,0.338085135421173,"Sub-Saharan Africa","Diarrheal diseases","Deaths","Both","Clostridium difficile","ass",299
-0.113397266720394,-0.407035770646968,0.181106996867575,"Central Europe, Eastern Europe, and Central Asia","Diarrheal diseases","Deaths","Both","Clostridium difficile","ass",300
0.821148516533587,0.660408740397433,0.982144970304533,"Global","Diarrheal diseases","Deaths","Both","Clostridium difficile","ass",300
-1.55016491295484,-1.76300362209725,-1.3368650708607,"High-income","Diarrheal diseases","Deaths","Both","Clostridium difficile","ass",300
0.209190850258389,0.0663476238321303,0.352237983270842,"Latin America and Caribbean","Diarrheal diseases","Deaths","Both","Clostridium difficile","ass",300
0.779518507471444,0.53034811291246,1.02930648554318,"North Africa and Middle East","Diarrheal diseases","Deaths","Both","Clostridium difficile","ass",300
1.49910926022194,1.26531104044529,1.73344726610114,"South Asia","Diarrheal diseases","Deaths","Both","Clostridium difficile","ass",300
0.408586195721194,0.200926962527714,0.616675787778997,"Southeast Asia, East Asia, and Oceania","Diarrheal diseases","Deaths","Both","Clostridium difficile","ass",300
0.230902118841714,-0.0161742144639043,0.478589018046383,"Sub-Saharan Africa","Diarrheal diseases","Deaths","Both","Clostridium difficile","ass",300
-0.0871272006954471,-0.312425204042999,0.13867998537036,"Central Europe, Eastern Europe, and Central Asia","Diarrheal diseases","Deaths","Both","Clostridium difficile","ass",301
0.926477036451323,0.741974712997084,1.11131726381757,"Global","Diarrheal diseases","Deaths","Both","Clostridium difficile","ass",301
-1.59237136246786,-1.84072138591013,-1.34339299563294,"High-income","Diarrheal diseases","Deaths","Both","Clostridium difficile","ass",301
0.0880434278911268,-0.0656870007176291,0.242010342287102,"Latin America and Caribbean","Diarrheal diseases","Deaths","Both","Clostridium difficile","ass",301
0.759615345107134,0.493736068392003,1.02619806655975,"North Africa and Middle East","Diarrheal diseases","Deaths","Both","Clostridium difficile","ass",301
1.48335046631805,1.25774044457412,1.70946316451603,"South Asia","Diarrheal diseases","Deaths","Both","Clostridium difficile","ass",301
0.306334764667326,0.0590505925515128,0.554230070522821,"Southeast Asia, East Asia, and Oceania","Diarrheal diseases","Deaths","Both","Clostridium difficile","ass",301
0.332296453738756,0.0751347322552443,0.590119000223144,"Sub-Saharan Africa","Diarrheal diseases","Deaths","Both","Clostridium difficile","ass",301
-0.161843584950438,-0.455923701049865,0.133105323325289,"Central Europe, Eastern Europe, and Central Asia","Diarrheal diseases","Deaths","Both","Clostridium difficile","ass",302
0.746785512715009,0.542959271167365,0.951024962079949,"Global","Diarrheal diseases","Deaths","Both","Clostridium difficile","ass",302
-1.61215227333784,-1.84804053715347,-1.37569710007578,"High-income","Diarrheal diseases","Deaths","Both","Clostridium difficile","ass",302
0.195257142367655,0.0689151802410803,0.321758617479517,"Latin America and Caribbean","Diarrheal diseases","Deaths","Both","Clostridium difficile","ass",302
0.744261901512089,0.431796616692215,1.05769933417266,"North Africa and Middle East","Diarrheal diseases","Deaths","Both","Clostridium difficile","ass",302
1.67002985637199,1.4115438718092,1.92917469101896,"South Asia","Diarrheal diseases","Deaths","Both","Clostridium difficile","ass",302
0.123874026264104,-0.0710923628622906,0.319220804747178,"Southeast Asia, East Asia, and Oceania","Diarrheal diseases","Deaths","Both","Clostridium difficile","ass",302
0.0305549209960843,-0.241996411143275,0.303850897434432,"Sub-Saharan Africa","Diarrheal diseases","Deaths","Both","Clostridium difficile","ass",302
-0.165372833396571,-0.389976907019629,0.0597376851436016,"Central Europe, Eastern Europe, and Central Asia","Diarrheal diseases","Deaths","Both","Clostridium difficile","ass",303
0.719274164100092,0.534273922903861,0.904614837349071,"Global","Diarrheal diseases","Deaths","Both","Clostridium difficile","ass",303
-1.58538978442262,-1.88828759712799,-1.28155684294725,"High-income","Diarrheal diseases","Deaths","Both","Clostridium difficile","ass",303
0.201220320844309,0.0265605777931777,0.376185043149624,"Latin America and Caribbean","Diarrheal diseases","Deaths","Both","Clostridium difficile","ass",303
0.746646630112835,0.440776576330593,1.05344814313892,"North Africa and Middle East","Diarrheal diseases","Deaths","Both","Clostridium difficile","ass",303
1.52469919401985,1.32682792808689,1.7229568634225,"South Asia","Diarrheal diseases","Deaths","Both","Clostridium difficile","ass",303
0.393378689215118,0.159719925708468,0.627582546276351,"Southeast Asia, East Asia, and Oceania","Diarrheal diseases","Deaths","Both","Clostridium difficile","ass",303
0.333504523033956,0.0545245816113038,0.613262338401266,"Sub-Saharan Africa","Diarrheal diseases","Deaths","Both","Clostridium difficile","ass",303
-0.0722625308460789,-0.322091982097394,0.1781930847776,"Central Europe, Eastern Europe, and Central Asia","Diarrheal diseases","Deaths","Both","Clostridium difficile","ass",304
0.742860697267322,0.599123484944419,0.886803283011872,"Global","Diarrheal diseases","Deaths","Both","Clostridium difficile","ass",304
-1.71381480618266,-1.91435129337466,-1.51286832136893,"High-income","Diarrheal diseases","Deaths","Both","Clostridium difficile","ass",304
0.200958510621119,0.0589747221915626,0.343143774193022,"Latin America and Caribbean","Diarrheal diseases","Deaths","Both","Clostridium difficile","ass",304
0.756604162108809,0.452466395442963,1.06166276013331,"North Africa and Middle East","Diarrheal diseases","Deaths","Both","Clostridium difficile","ass",304
1.54544454144601,1.33263095858611,1.75870506445359,"South Asia","Diarrheal diseases","Deaths","Both","Clostridium difficile","ass",304
0.354977670117296,0.101940695799652,0.608654269500386,"Southeast Asia, East Asia, and Oceania","Diarrheal diseases","Deaths","Both","Clostridium difficile","ass",304
0.0937209374839876,-0.193238366213111,0.381505291915452,"Sub-Saharan Africa","Diarrheal diseases","Deaths","Both","Clostridium difficile","ass",304
-0.303230193109549,-0.600061742632363,-0.00551223489938524,"Central Europe, Eastern Europe, and Central Asia","Diarrheal diseases","Deaths","Both","Clostridium difficile","ass",305
0.681711004352326,0.486419420206885,0.877382130360793,"Global","Diarrheal diseases","Deaths","Both","Clostridium difficile","ass",305
-1.58134475219528,-1.81477956704059,-1.34735494737754,"High-income","Diarrheal diseases","Deaths","Both","Clostridium difficile","ass",305
0.107948163858862,-0.0428725087438075,0.258996402777734,"Latin America and Caribbean","Diarrheal diseases","Deaths","Both","Clostridium difficile","ass",305
0.877766623156662,0.562995523370668,1.19352298441728,"North Africa and Middle East","Diarrheal diseases","Deaths","Both","Clostridium difficile","ass",305
1.42360759135047,1.2126233889334,1.63503160386416,"South Asia","Diarrheal diseases","Deaths","Both","Clostridium difficile","ass",305
0.398813917666807,0.188106156336953,0.609964823022291,"Southeast Asia, East Asia, and Oceania","Diarrheal diseases","Deaths","Both","Clostridium difficile","ass",305
0.139902947413217,-0.194622095060659,0.475549242132134,"Sub-Saharan Africa","Diarrheal diseases","Deaths","Both","Clostridium difficile","ass",305
-0.0970287345521847,-0.339846320894399,0.146380466172125,"Central Europe, Eastern Europe, and Central Asia","Diarrheal diseases","Deaths","Both","Clostridium difficile","ass",306
0.792347645618263,0.570017019522817,1.01516977911089,"Global","Diarrheal diseases","Deaths","Both","Clostridium difficile","ass",306
-1.61176850414267,-1.88119610333699,-1.34160107498383,"High-income","Diarrheal diseases","Deaths","Both","Clostridium difficile","ass",306
0.183576950175568,0.0116618342115293,0.355787579748257,"Latin America and Caribbean","Diarrheal diseases","Deaths","Both","Clostridium difficile","ass",306
0.733711323006525,0.475720904780608,0.992364180429628,"North Africa and Middle East","Diarrheal diseases","Deaths","Both","Clostridium difficile","ass",306
1.41024527978515,1.20276241714146,1.61815351755958,"South Asia","Diarrheal diseases","Deaths","Both","Clostridium difficile","ass",306
0.109105698149259,-0.11016879793051,0.328861537565506,"Southeast Asia, East Asia, and Oceania","Diarrheal diseases","Deaths","Both","Clostridium difficile","ass",306
0.146065810366469,-0.105658062837077,0.398424002862918,"Sub-Saharan Africa","Diarrheal diseases","Deaths","Both","Clostridium difficile","ass",306
-0.192110655422273,-0.444948576820048,0.0613693932566717,"Central Europe, Eastern Europe, and Central Asia","Diarrheal diseases","Deaths","Both","Clostridium difficile","ass",307
0.736668913527594,0.568613372655613,0.905005284211891,"Global","Diarrheal diseases","Deaths","Both","Clostridium difficile","ass",307
-1.67479052519578,-1.89150300277386,-1.45759935005964,"High-income","Diarrheal diseases","Deaths","Both","Clostridium difficile","ass",307
0.224901550032408,0.0774742285059027,0.372546051451783,"Latin America and Caribbean","Diarrheal diseases","Deaths","Both","Clostridium difficile","ass",307
0.780657367576376,0.485484845926298,1.07669694796304,"North Africa and Middle East","Diarrheal diseases","Deaths","Both","Clostridium difficile","ass",307
1.44748763414362,1.25922164490453,1.63610365651674,"South Asia","Diarrheal diseases","Deaths","Both","Clostridium difficile","ass",307
0.321592975785601,0.0911818671631925,0.552534493560808,"Southeast Asia, East Asia, and Oceania","Diarrheal diseases","Deaths","Both","Clostridium difficile","ass",307
0.0777066699048978,-0.294213802154975,0.451014472056754,"Sub-Saharan Africa","Diarrheal diseases","Deaths","Both","Clostridium difficile","ass",307
-0.139885406789975,-0.381815210490055,0.102631940540254,"Central Europe, Eastern Europe, and Central Asia","Diarrheal diseases","Deaths","Both","Clostridium difficile","ass",308
0.82247797298689,0.655324865151963,0.989908663368988,"Global","Diarrheal diseases","Deaths","Both","Clostridium difficile","ass",308
-1.62313709913032,-1.83177432685881,-1.41405645406902,"High-income","Diarrheal diseases","Deaths","Both","Clostridium difficile","ass",308
0.0803463106935576,-0.0566964751829491,0.217577010362158,"Latin America and Caribbean","Diarrheal diseases","Deaths","Both","Clostridium difficile","ass",308
0.773241878995967,0.496654097287075,1.050590888048,"North Africa and Middle East","Diarrheal diseases","Deaths","Both","Clostridium difficile","ass",308
1.51123052105289,1.33040724503914,1.69237647471137,"South Asia","Diarrheal diseases","Deaths","Both","Clostridium difficile","ass",308
0.273596091281147,0.0488439059440848,0.498853165458923,"Southeast Asia, East Asia, and Oceania","Diarrheal diseases","Deaths","Both","Clostridium difficile","ass",308
0.065716409375427,-0.182140383362073,0.314188652994596,"Sub-Saharan Africa","Diarrheal diseases","Deaths","Both","Clostridium difficile","ass",308
-0.153685757022526,-0.37693052130382,0.0700592751690099,"Central Europe, Eastern Europe, and Central Asia","Diarrheal diseases","Deaths","Both","Clostridium difficile","ass",309
0.724477627436593,0.538188130322337,0.91111230460017,"Global","Diarrheal diseases","Deaths","Both","Clostridium difficile","ass",309
-1.48061503146988,-1.76389122920306,-1.19652197112673,"High-income","Diarrheal diseases","Deaths","Both","Clostridium difficile","ass",309
0.0842655836627682,-0.079725295254307,0.248525607239891,"Latin America and Caribbean","Diarrheal diseases","Deaths","Both","Clostridium difficile","ass",309
0.801863145922832,0.454288967005856,1.15063993959215,"North Africa and Middle East","Diarrheal diseases","Deaths","Both","Clostridium difficile","ass",309
1.50327274833011,1.29672887990007,1.71023775937806,"South Asia","Diarrheal diseases","Deaths","Both","Clostridium difficile","ass",309
0.40289192511993,0.195150602901251,0.611063971347692,"Southeast Asia, East Asia, and Oceania","Diarrheal diseases","Deaths","Both","Clostridium difficile","ass",309
0.0391780491501459,-0.338667923925873,0.418456549530322,"Sub-Saharan Africa","Diarrheal diseases","Deaths","Both","Clostridium difficile","ass",309
-0.119174124594468,-0.354302163112519,0.116508731599585,"Central Europe, Eastern Europe, and Central Asia","Diarrheal diseases","Deaths","Both","Clostridium difficile","ass",310
0.744051247475186,0.552425312987537,0.936042369561796,"Global","Diarrheal diseases","Deaths","Both","Clostridium difficile","ass",310
-1.6804172914725,-1.98150184367449,-1.37840789437614,"High-income","Diarrheal diseases","Deaths","Both","Clostridium difficile","ass",310
0.0739989052582324,-0.0831033381318291,0.231348165075973,"Latin America and Caribbean","Diarrheal diseases","Deaths","Both","Clostridium difficile","ass",310
0.848873429850849,0.541629664033749,1.15705609761285,"North Africa and Middle East","Diarrheal diseases","Deaths","Both","Clostridium difficile","ass",310
1.4777922636531,1.26907489708521,1.68693980042995,"South Asia","Diarrheal diseases","Deaths","Both","Clostridium difficile","ass",310
0.225774369603249,-0.000493265051781933,0.452553977208581,"Southeast Asia, East Asia, and Oceania","Diarrheal diseases","Deaths","Both","Clostridium difficile","ass",310
0.403244797729085,0.176939373463858,0.630061458865505,"Sub-Saharan Africa","Diarrheal diseases","Deaths","Both","Clostridium difficile","ass",310
-0.110408511303162,-0.361808471960612,0.141625763759734,"Central Europe, Eastern Europe, and Central Asia","Diarrheal diseases","Deaths","Both","Clostridium difficile","ass",311
0.765147714208636,0.58046779494485,0.950166731841384,"Global","Diarrheal diseases","Deaths","Both","Clostridium difficile","ass",311
-1.57490696077812,-1.79758931695131,-1.35171965333738,"High-income","Diarrheal diseases","Deaths","Both","Clostridium difficile","ass",311
0.228806069654852,0.0995982267937068,0.358180693072097,"Latin America and Caribbean","Diarrheal diseases","Deaths","Both","Clostridium difficile","ass",311
0.957325778777163,0.673020120671652,1.24243433032061,"North Africa and Middle East","Diarrheal diseases","Deaths","Both","Clostridium difficile","ass",311
1.60947625232255,1.39423384486816,1.82517558215021,"South Asia","Diarrheal diseases","Deaths","Both","Clostridium difficile","ass",311
0.368712655744852,0.144565059675106,0.593361947985449,"Southeast Asia, East Asia, and Oceania","Diarrheal diseases","Deaths","Both","Clostridium difficile","ass",311
0.195814780267289,-0.0528034243819531,0.445051421589104,"Sub-Saharan Africa","Diarrheal diseases","Deaths","Both","Clostridium difficile","ass",311
-0.157277566439673,-0.407605395192434,0.0936794672046659,"Central Europe, Eastern Europe, and Central Asia","Diarrheal diseases","Deaths","Both","Clostridium difficile","ass",312
0.77147465001941,0.606153648341756,0.937067315333961,"Global","Diarrheal diseases","Deaths","Both","Clostridium difficile","ass",312
-1.5656266692188,-1.82797294899042,-1.3025793183521,"High-income","Diarrheal diseases","Deaths","Both","Clostridium difficile","ass",312
0.122604719535357,-0.0338109857966229,0.279265166345577,"Latin America and Caribbean","Diarrheal diseases","Deaths","Both","Clostridium difficile","ass",312
0.829492055588665,0.499749419180429,1.1603165872941,"North Africa and Middle East","Diarrheal diseases","Deaths","Both","Clostridium difficile","ass",312
1.31781083369873,1.08378004712566,1.55238345209723,"South Asia","Diarrheal diseases","Deaths","Both","Clostridium difficile","ass",312
0.205869817872872,-0.0393690131391233,0.451710306593922,"Southeast Asia, East Asia, and Oceania","Diarrheal diseases","Deaths","Both","Clostridium difficile","ass",312
0.372730622455419,0.101121064038279,0.645077153160578,"Sub-Saharan Africa","Diarrheal diseases","Deaths","Both","Clostridium difficile","ass",312
-0.166691540997388,-0.41552022981296,0.0827588884400265,"Central Europe, Eastern Europe, and Central Asia","Diarrheal diseases","Deaths","Both","Clostridium difficile","ass",313
0.694742245089119,0.517455132374978,0.872342046980412,"Global","Diarrheal diseases","Deaths","Both","Clostridium difficile","ass",313
-1.65826547634829,-1.91627112842229,-1.39958114986756,"High-income","Diarrheal diseases","Deaths","Both","Clostridium difficile","ass",313
0.138993739866899,-0.0161383402386805,0.294366518439992,"Latin America and Caribbean","Diarrheal diseases","Deaths","Both","Clostridium difficile","ass",313
0.818175682645661,0.502428990491333,1.13491435056223,"North Africa and Middle East","Diarrheal diseases","Deaths","Both","Clostridium difficile","ass",313
1.47832650648343,1.26058138489429,1.69653985506997,"South Asia","Diarrheal diseases","Deaths","Both","Clostridium difficile","ass",313
0.0618694483501159,-0.141668375332427,0.265822136220728,"Southeast Asia, East Asia, and Oceania","Diarrheal diseases","Deaths","Both","Clostridium difficile","ass",313
0.470956887345464,0.228159853192533,0.714342083546682,"Sub-Saharan Africa","Diarrheal diseases","Deaths","Both","Clostridium difficile","ass",313
-0.236846585460115,-0.474725719660485,0.00160111268441288,"Central Europe, Eastern Europe, and Central Asia","Diarrheal diseases","Deaths","Both","Clostridium difficile","ass",314
0.829489031037522,0.628313548125004,1.03106670269291,"Global","Diarrheal diseases","Deaths","Both","Clostridium difficile","ass",314
-1.55347186860785,-1.78357453259953,-1.32283011723109,"High-income","Diarrheal diseases","Deaths","Both","Clostridium difficile","ass",314
0.153503918704567,0.0310541610093029,0.276103569283448,"Latin America and Caribbean","Diarrheal diseases","Deaths","Both","Clostridium difficile","ass",314
0.643800306732878,0.352927785648949,0.93551592054355,"North Africa and Middle East","Diarrheal diseases","Deaths","Both","Clostridium difficile","ass",314
1.58093686892096,1.34935922172259,1.81304365815922,"South Asia","Diarrheal diseases","Deaths","Both","Clostridium difficile","ass",314
0.117252245004318,-0.121599442028708,0.356675127892281,"Southeast Asia, East Asia, and Oceania","Diarrheal diseases","Deaths","Both","Clostridium difficile","ass",314
0.130081610242216,-0.142448853490429,0.403355862029042,"Sub-Saharan Africa","Diarrheal diseases","Deaths","Both","Clostridium difficile","ass",314
-0.155634888455114,-0.402749161656168,0.0920925087378732,"Central Europe, Eastern Europe, and Central Asia","Diarrheal diseases","Deaths","Both","Clostridium difficile","ass",315
0.839175247424251,0.654170902371232,1.0245196341008,"Global","Diarrheal diseases","Deaths","Both","Clostridium difficile","ass",315
-1.48897574753017,-1.72463101789827,-1.25275539755944,"High-income","Diarrheal diseases","Deaths","Both","Clostridium difficile","ass",315
0.200641457337736,0.0490172483501805,0.352495452697821,"Latin America and Caribbean","Diarrheal diseases","Deaths","Both","Clostridium difficile","ass",315
0.832308266066706,0.505387077618646,1.16029285486139,"North Africa and Middle East","Diarrheal diseases","Deaths","Both","Clostridium difficile","ass",315
1.40238896503546,1.20676884381341,1.59838719566923,"South Asia","Diarrheal diseases","Deaths","Both","Clostridium difficile","ass",315
0.202799114152286,-0.00116706985484605,0.407181325056905,"Southeast Asia, East Asia, and Oceania","Diarrheal diseases","Deaths","Both","Clostridium difficile","ass",315
0.258755117059639,0.0160638909175947,0.502035238914567,"Sub-Saharan Africa","Diarrheal diseases","Deaths","Both","Clostridium difficile","ass",315
-0.12275431490143,-0.37518910164952,0.130320104895754,"Central Europe, Eastern Europe, and Central Asia","Diarrheal diseases","Deaths","Both","Clostridium difficile","ass",316
0.801027674535004,0.595393687101287,1.00708201259552,"Global","Diarrheal diseases","Deaths","Both","Clostridium difficile","ass",316
-1.63488781030054,-1.88508426851134,-1.3840533423923,"High-income","Diarrheal diseases","Deaths","Both","Clostridium difficile","ass",316
0.256301882382304,0.0837874459802324,0.429113681939031,"Latin America and Caribbean","Diarrheal diseases","Deaths","Both","Clostridium difficile","ass",316
0.938927023996183,0.651822178084527,1.22685082371079,"North Africa and Middle East","Diarrheal diseases","Deaths","Both","Clostridium difficile","ass",316
1.6689434310257,1.43605801575477,1.9023635241785,"South Asia","Diarrheal diseases","Deaths","Both","Clostridium difficile","ass",316
0.175000906255551,-0.0505168941730805,0.401027546517341,"Southeast Asia, East Asia, and Oceania","Diarrheal diseases","Deaths","Both","Clostridium difficile","ass",316
0.233784177047247,-0.00163461356776917,0.46975719679152,"Sub-Saharan Africa","Diarrheal diseases","Deaths","Both","Clostridium difficile","ass",316
-0.212136673484409,-0.45293555779119,0.0292446901050125,"Central Europe, Eastern Europe, and Central Asia","Diarrheal diseases","Deaths","Both","Clostridium difficile","ass",317
0.900560410057638,0.732933010525794,1.06846675456047,"Global","Diarrheal diseases","Deaths","Both","Clostridium difficile","ass",317
-1.60644067141704,-1.76132852882289,-1.45130861029782,"High-income","Diarrheal diseases","Deaths","Both","Clostridium difficile","ass",317
0.312786518604136,0.146305408198377,0.479544383704056,"Latin America and Caribbean","Diarrheal diseases","Deaths","Both","Clostridium difficile","ass",317
1.0492174941138,0.71183078482373,1.38773445583515,"North Africa and Middle East","Diarrheal diseases","Deaths","Both","Clostridium difficile","ass",317
1.47104182785445,1.26733132786212,1.67516211417436,"South Asia","Diarrheal diseases","Deaths","Both","Clostridium difficile","ass",317
0.234144509977008,0.01578354889753,0.452982210903263,"Southeast Asia, East Asia, and Oceania","Diarrheal diseases","Deaths","Both","Clostridium difficile","ass",317
-0.098617603074902,-0.584061958096904,0.389197158810073,"Sub-Saharan Africa","Diarrheal diseases","Deaths","Both","Clostridium difficile","ass",317
-0.0859886381777475,-0.312847804636462,0.141386794221687,"Central Europe, Eastern Europe, and Central Asia","Diarrheal diseases","Deaths","Both","Clostridium difficile","ass",318
0.858062978569007,0.689170599875455,1.02723865123957,"Global","Diarrheal diseases","Deaths","Both","Clostridium difficile","ass",318
-1.47068401053865,-1.67449020754604,-1.26645537009794,"High-income","Diarrheal diseases","Deaths","Both","Clostridium difficile","ass",318
0.217548207858886,0.0694820691864662,0.365833430121709,"Latin America and Caribbean","Diarrheal diseases","Deaths","Both","Clostridium difficile","ass",318
0.839014256657222,0.567230279854414,1.11153273245979,"North Africa and Middle East","Diarrheal diseases","Deaths","Both","Clostridium difficile","ass",318
1.42927247670412,1.21328412685655,1.64572174398634,"South Asia","Diarrheal diseases","Deaths","Both","Clostridium difficile","ass",318
0.239864184287408,0.0454561755695471,0.434649966022649,"Southeast Asia, East Asia, and Oceania","Diarrheal diseases","Deaths","Both","Clostridium difficile","ass",318
0.18679873644416,-0.0652240881807931,0.439457130654897,"Sub-Saharan Africa","Diarrheal diseases","Deaths","Both","Clostridium difficile","ass",318
-0.165733153534564,-0.403892973961995,0.072996168068773,"Central Europe, Eastern Europe, and Central Asia","Diarrheal diseases","Deaths","Both","Clostridium difficile","ass",319
0.86674687334054,0.700498466716026,1.03326974268496,"Global","Diarrheal diseases","Deaths","Both","Clostridium difficile","ass",319
-1.55041686791165,-1.7951644259137,-1.30505934639003,"High-income","Diarrheal diseases","Deaths","Both","Clostridium difficile","ass",319
0.131104574643959,0.00085240404248399,0.261526400078727,"Latin America and Caribbean","Diarrheal diseases","Deaths","Both","Clostridium difficile","ass",319
0.829746213608096,0.52538503084183,1.13502891216408,"North Africa and Middle East","Diarrheal diseases","Deaths","Both","Clostridium difficile","ass",319
1.54744784375473,1.37083616041764,1.72436722591205,"South Asia","Diarrheal diseases","Deaths","Both","Clostridium difficile","ass",319
0.314553371916193,0.118927170671901,0.510561814677568,"Southeast Asia, East Asia, and Oceania","Diarrheal diseases","Deaths","Both","Clostridium difficile","ass",319
-0.00871930414036992,-0.309642537779842,0.293112290095343,"Sub-Saharan Africa","Diarrheal diseases","Deaths","Both","Clostridium difficile","ass",319
-0.189795282832994,-0.451132937216647,0.0722284403288809,"Central Europe, Eastern Europe, and Central Asia","Diarrheal diseases","Deaths","Both","Clostridium difficile","ass",320
0.749902340354902,0.578972068786054,0.921123101646804,"Global","Diarrheal diseases","Deaths","Both","Clostridium difficile","ass",320
-1.49636811827063,-1.79192435443234,-1.19992240852784,"High-income","Diarrheal diseases","Deaths","Both","Clostridium difficile","ass",320
0.151857754697282,-0.0281493657213638,0.33218899198677,"Latin America and Caribbean","Diarrheal diseases","Deaths","Both","Clostridium difficile","ass",320
0.643466600714793,0.350584374754637,0.937203629851391,"North Africa and Middle East","Diarrheal diseases","Deaths","Both","Clostridium difficile","ass",320
1.48196598011134,1.28060436024806,1.68372793824483,"South Asia","Diarrheal diseases","Deaths","Both","Clostridium difficile","ass",320
0.254873646055676,0.058052412421894,0.452082040913115,"Southeast Asia, East Asia, and Oceania","Diarrheal diseases","Deaths","Both","Clostridium difficile","ass",320
-0.146662846613355,-0.558945273921718,0.267328902869179,"Sub-Saharan Africa","Diarrheal diseases","Deaths","Both","Clostridium difficile","ass",320
-0.078478321115738,-0.311123988461393,0.154710275478398,"Central Europe, Eastern Europe, and Central Asia","Diarrheal diseases","Deaths","Both","Clostridium difficile","ass",321
0.79555594106977,0.645501747902921,0.945833852738653,"Global","Diarrheal diseases","Deaths","Both","Clostridium difficile","ass",321
-1.60886266260175,-1.82541272669871,-1.39183493996238,"High-income","Diarrheal diseases","Deaths","Both","Clostridium difficile","ass",321
0.126725934745164,-0.0112389639167931,0.26488119793473,"Latin America and Caribbean","Diarrheal diseases","Deaths","Both","Clostridium difficile","ass",321
1.0637572454266,0.714538034632839,1.41418734453465,"North Africa and Middle East","Diarrheal diseases","Deaths","Both","Clostridium difficile","ass",321
1.45527938710246,1.24820701874389,1.66277525891856,"South Asia","Diarrheal diseases","Deaths","Both","Clostridium difficile","ass",321
0.205271468369284,-0.019559219266585,0.430607743275102,"Southeast Asia, East Asia, and Oceania","Diarrheal diseases","Deaths","Both","Clostridium difficile","ass",321
0.278625269771515,-0.010105465232324,0.568189743401892,"Sub-Saharan Africa","Diarrheal diseases","Deaths","Both","Clostridium difficile","ass",321
-0.201401686186697,-0.467567451713102,0.0654758494926577,"Central Europe, Eastern Europe, and Central Asia","Diarrheal diseases","Deaths","Both","Clostridium difficile","ass",322
0.851175175869856,0.674423809096303,1.02823686024418,"Global","Diarrheal diseases","Deaths","Both","Clostridium difficile","ass",322
-1.69446243673419,-1.97193541705896,-1.41620405627796,"High-income","Diarrheal diseases","Deaths","Both","Clostridium difficile","ass",322
0.119202053717582,-0.0112784552478984,0.249852833519149,"Latin America and Caribbean","Diarrheal diseases","Deaths","Both","Clostridium difficile","ass",322
0.651787890983568,0.346263028002558,0.958242987329339,"North Africa and Middle East","Diarrheal diseases","Deaths","Both","Clostridium difficile","ass",322
1.74621306932932,1.51440935676288,1.9785460955321,"South Asia","Diarrheal diseases","Deaths","Both","Clostridium difficile","ass",322
0.236299871721402,0.0183182182927677,0.454756598137451,"Southeast Asia, East Asia, and Oceania","Diarrheal diseases","Deaths","Both","Clostridium difficile","ass",322
0.352227930201265,0.0466542296227557,0.65873494821258,"Sub-Saharan Africa","Diarrheal diseases","Deaths","Both","Clostridium difficile","ass",322
-0.0901678475347167,-0.344141268880427,0.164452826261274,"Central Europe, Eastern Europe, and Central Asia","Diarrheal diseases","Deaths","Both","Clostridium difficile","ass",323
0.679681299256818,0.506910987727882,0.852748601114595,"Global","Diarrheal diseases","Deaths","Both","Clostridium difficile","ass",323
-1.702938002845,-1.93648013308612,-1.46883968283349,"High-income","Diarrheal diseases","Deaths","Both","Clostridium difficile","ass",323
0.21747214232759,0.0694754137886555,0.365687749116539,"Latin America and Caribbean","Diarrheal diseases","Deaths","Both","Clostridium difficile","ass",323
0.714800439681773,0.469973584824013,0.960223892574952,"North Africa and Middle East","Diarrheal diseases","Deaths","Both","Clostridium difficile","ass",323
1.57778140662033,1.35856860977233,1.79746830497707,"South Asia","Diarrheal diseases","Deaths","Both","Clostridium difficile","ass",323
0.288491147565484,0.0621501118239998,0.515344167752674,"Southeast Asia, East Asia, and Oceania","Diarrheal diseases","Deaths","Both","Clostridium difficile","ass",323
-0.121016228324089,-0.467753209332444,0.226928668087312,"Sub-Saharan Africa","Diarrheal diseases","Deaths","Both","Clostridium difficile","ass",323
-0.0967113584580459,-0.330397923663073,0.137523111119231,"Central Europe, Eastern Europe, and Central Asia","Diarrheal diseases","Deaths","Both","Clostridium difficile","ass",324
0.815097733198433,0.615507309751595,1.01508408306057,"Global","Diarrheal diseases","Deaths","Both","Clostridium difficile","ass",324
-1.61500793832854,-1.84309335448557,-1.38639252424431,"High-income","Diarrheal diseases","Deaths","Both","Clostridium difficile","ass",324
0.0967898522667099,-0.0529907319297807,0.246794897640834,"Latin America and Caribbean","Diarrheal diseases","Deaths","Both","Clostridium difficile","ass",324
0.947299163006088,0.644398851998385,1.25111108558338,"North Africa and Middle East","Diarrheal diseases","Deaths","Both","Clostridium difficile","ass",324
1.48196928759907,1.24960901978604,1.71486280481998,"South Asia","Diarrheal diseases","Deaths","Both","Clostridium difficile","ass",324
0.157873375189244,-0.0927226302704365,0.409097947051751,"Southeast Asia, East Asia, and Oceania","Diarrheal diseases","Deaths","Both","Clostridium difficile","ass",324
0.515099758259341,0.287790638424879,0.742924089722541,"Sub-Saharan Africa","Diarrheal diseases","Deaths","Both","Clostridium difficile","ass",324
-0.120064683390042,-0.376900632206578,0.137433408092424,"Central Europe, Eastern Europe, and Central Asia","Diarrheal diseases","Deaths","Both","Clostridium difficile","ass",325
0.78820828021382,0.597648515006832,0.979129018312852,"Global","Diarrheal diseases","Deaths","Both","Clostridium difficile","ass",325
-1.56177421573535,-1.84930675862927,-1.27339934600202,"High-income","Diarrheal diseases","Deaths","Both","Clostridium difficile","ass",325
0.175383499734161,0.0303940440604,0.320583110955708,"Latin America and Caribbean","Diarrheal diseases","Deaths","Both","Clostridium difficile","ass",325
0.729237738465027,0.368556323721525,1.09121528705471,"North Africa and Middle East","Diarrheal diseases","Deaths","Both","Clostridium difficile","ass",325
1.37754454197894,1.19243374530054,1.56299396088213,"South Asia","Diarrheal diseases","Deaths","Both","Clostridium difficile","ass",325
0.243767272559325,0.0117269422400978,0.476345966893854,"Southeast Asia, East Asia, and Oceania","Diarrheal diseases","Deaths","Both","Clostridium difficile","ass",325
0.306446012783801,0.0818518556987113,0.531544182679,"Sub-Saharan Africa","Diarrheal diseases","Deaths","Both","Clostridium difficile","ass",325
-0.162399566778892,-0.404656869434183,0.0804470064069696,"Central Europe, Eastern Europe, and Central Asia","Diarrheal diseases","Deaths","Both","Clostridium difficile","ass",326
0.836459339514217,0.679366228409206,0.993797567831245,"Global","Diarrheal diseases","Deaths","Both","Clostridium difficile","ass",326
-1.5845304793733,-1.84061882143425,-1.32777402756928,"High-income","Diarrheal diseases","Deaths","Both","Clostridium difficile","ass",326
0.199196672631019,0.0478176844572742,0.350804707260655,"Latin America and Caribbean","Diarrheal diseases","Deaths","Both","Clostridium difficile","ass",326
0.754804935249309,0.472655444774284,1.03774676404387,"North Africa and Middle East","Diarrheal diseases","Deaths","Both","Clostridium difficile","ass",326
1.54747489663845,1.32943557665151,1.76598339070879,"South Asia","Diarrheal diseases","Deaths","Both","Clostridium difficile","ass",326
0.201177801108043,-0.0305255389203785,0.433418169445043,"Southeast Asia, East Asia, and Oceania","Diarrheal diseases","Deaths","Both","Clostridium difficile","ass",326
0.345134934931668,0.0863060703908847,0.604633145597333,"Sub-Saharan Africa","Diarrheal diseases","Deaths","Both","Clostridium difficile","ass",326
0.00917244203757495,-0.247984472298324,0.266992297149549,"Central Europe, Eastern Europe, and Central Asia","Diarrheal diseases","Deaths","Both","Clostridium difficile","ass",327
0.81728302968076,0.642200875497734,0.99266976544532,"Global","Diarrheal diseases","Deaths","Both","Clostridium difficile","ass",327
-1.50316566865577,-1.8006405103277,-1.20478968789406,"High-income","Diarrheal diseases","Deaths","Both","Clostridium difficile","ass",327
0.218322714711516,0.0824078062845457,0.354422199656379,"Latin America and Caribbean","Diarrheal diseases","Deaths","Both","Clostridium difficile","ass",327
0.786704562664431,0.57258400997735,1.0012809812471,"North Africa and Middle East","Diarrheal diseases","Deaths","Both","Clostridium difficile","ass",327
1.50169918505214,1.31575221448337,1.68798742807958,"South Asia","Diarrheal diseases","Deaths","Both","Clostridium difficile","ass",327
0.15036088606315,-0.0952168767769157,0.396542308064651,"Southeast Asia, East Asia, and Oceania","Diarrheal diseases","Deaths","Both","Clostridium difficile","ass",327
0.156467620451006,-0.0675650870111344,0.381002573796141,"Sub-Saharan Africa","Diarrheal diseases","Deaths","Both","Clostridium difficile","ass",327
-0.121955341949898,-0.387211397607634,0.144007056498263,"Central Europe, Eastern Europe, and Central Asia","Diarrheal diseases","Deaths","Both","Clostridium difficile","ass",328
0.773500056538556,0.595538766497583,0.951776173868502,"Global","Diarrheal diseases","Deaths","Both","Clostridium difficile","ass",328
-1.64747574717823,-1.8868402650046,-1.40752725700249,"High-income","Diarrheal diseases","Deaths","Both","Clostridium difficile","ass",328
0.230406171132147,0.0870481617496699,0.373969516961581,"Latin America and Caribbean","Diarrheal diseases","Deaths","Both","Clostridium difficile","ass",328
0.776265920310548,0.46540919923399,1.08808448389397,"North Africa and Middle East","Diarrheal diseases","Deaths","Both","Clostridium difficile","ass",328
1.34115867008235,1.1319579749832,1.55079211593316,"South Asia","Diarrheal diseases","Deaths","Both","Clostridium difficile","ass",328
0.266928446592551,0.0410754124789969,0.493291367198312,"Southeast Asia, East Asia, and Oceania","Diarrheal diseases","Deaths","Both","Clostridium difficile","ass",328
-0.142993486308629,-0.605070084264492,0.32123125725747,"Sub-Saharan Africa","Diarrheal diseases","Deaths","Both","Clostridium difficile","ass",328
-0.216210845485898,-0.470726714793612,0.0389558708097537,"Central Europe, Eastern Europe, and Central Asia","Diarrheal diseases","Deaths","Both","Clostridium difficile","ass",329
0.862967356583888,0.690861671062115,1.03536721345843,"Global","Diarrheal diseases","Deaths","Both","Clostridium difficile","ass",329
-1.62954540261062,-1.88139443792616,-1.37704992581515,"High-income","Diarrheal diseases","Deaths","Both","Clostridium difficile","ass",329
0.218271058892738,0.0664425866810037,0.370329896893207,"Latin America and Caribbean","Diarrheal diseases","Deaths","Both","Clostridium difficile","ass",329
0.748844695175732,0.431236798144452,1.0674570085567,"North Africa and Middle East","Diarrheal diseases","Deaths","Both","Clostridium difficile","ass",329
1.48810387482552,1.2437710332976,1.73302636781387,"South Asia","Diarrheal diseases","Deaths","Both","Clostridium difficile","ass",329
0.204807979096855,-0.0124692167243201,0.422557327590001,"Southeast Asia, East Asia, and Oceania","Diarrheal diseases","Deaths","Both","Clostridium difficile","ass",329
-0.5774886896315,-1.09135063696021,-0.0609570657617242,"Sub-Saharan Africa","Diarrheal diseases","Deaths","Both","Clostridium difficile","ass",329
-0.151376027429773,-0.453681587335797,0.15184758402258,"Central Europe, Eastern Europe, and Central Asia","Diarrheal diseases","Deaths","Both","Clostridium difficile","ass",330
0.88992196701112,0.728131620444228,1.05197218255224,"Global","Diarrheal diseases","Deaths","Both","Clostridium difficile","ass",330
-1.58656533312325,-1.82381636934706,-1.34874095974058,"High-income","Diarrheal diseases","Deaths","Both","Clostridium difficile","ass",330
0.186369769697303,0.0343337665016819,0.33863684302049,"Latin America and Caribbean","Diarrheal diseases","Deaths","Both","Clostridium difficile","ass",330
0.849620627434944,0.537148776352647,1.16306364846694,"North Africa and Middle East","Diarrheal diseases","Deaths","Both","Clostridium difficile","ass",330
1.49935365635174,1.28964099772941,1.70950050941641,"South Asia","Diarrheal diseases","Deaths","Both","Clostridium difficile","ass",330
0.302097264053303,0.0591524342840044,0.545631966801463,"Southeast Asia, East Asia, and Oceania","Diarrheal diseases","Deaths","Both","Clostridium difficile","ass",330
-0.248844572152329,-0.624515766041889,0.12824677930432,"Sub-Saharan Africa","Diarrheal diseases","Deaths","Both","Clostridium difficile","ass",330
-0.263354407293603,-0.527945726724743,0.00194071348988967,"Central Europe, Eastern Europe, and Central Asia","Diarrheal diseases","Deaths","Both","Clostridium difficile","ass",331
0.786724854858711,0.60330099316146,0.970483142093803,"Global","Diarrheal diseases","Deaths","Both","Clostridium difficile","ass",331
-1.58292416863506,-1.82429357401838,-1.34096134567446,"High-income","Diarrheal diseases","Deaths","Both","Clostridium difficile","ass",331
0.0930682004675942,-0.0816391873105338,0.26808106434737,"Latin America and Caribbean","Diarrheal diseases","Deaths","Both","Clostridium difficile","ass",331
0.963053283121118,0.700462255233658,1.22632905511386,"North Africa and Middle East","Diarrheal diseases","Deaths","Both","Clostridium difficile","ass",331
1.53628971972328,1.3121020749435,1.76097345627337,"South Asia","Diarrheal diseases","Deaths","Both","Clostridium difficile","ass",331
0.300719760530876,0.086567388231451,0.515330348550513,"Southeast Asia, East Asia, and Oceania","Diarrheal diseases","Deaths","Both","Clostridium difficile","ass",331
0.147046701523101,-0.182903204098794,0.478087271407057,"Sub-Saharan Africa","Diarrheal diseases","Deaths","Both","Clostridium difficile","ass",331
0.0435181174549548,-0.263166690819638,0.351145963206312,"Central Europe, Eastern Europe, and Central Asia","Diarrheal diseases","Deaths","Both","Clostridium difficile","ass",332
0.825270255166122,0.633248809273779,1.01765810317822,"Global","Diarrheal diseases","Deaths","Both","Clostridium difficile","ass",332
-1.51508416966465,-1.78079049953906,-1.24865904095146,"High-income","Diarrheal diseases","Deaths","Both","Clostridium difficile","ass",332
0.137418679881596,-0.0262714148746457,0.301376789520336,"Latin America and Caribbean","Diarrheal diseases","Deaths","Both","Clostridium difficile","ass",332
0.662719777044374,0.357395595342469,0.968972867426876,"North Africa and Middle East","Diarrheal diseases","Deaths","Both","Clostridium difficile","ass",332
1.44832610079133,1.24696077058706,1.65009191705365,"South Asia","Diarrheal diseases","Deaths","Both","Clostridium difficile","ass",332
0.351658186163784,0.129110519671238,0.57470048866779,"Southeast Asia, East Asia, and Oceania","Diarrheal diseases","Deaths","Both","Clostridium difficile","ass",332
0.251659767271506,-0.0472377174742133,0.551451071300924,"Sub-Saharan Africa","Diarrheal diseases","Deaths","Both","Clostridium difficile","ass",332
-0.0696471309195368,-0.334634309452708,0.196044587292987,"Central Europe, Eastern Europe, and Central Asia","Diarrheal diseases","Deaths","Both","Clostridium difficile","ass",333
0.797544663529748,0.644254722512461,0.951068078440631,"Global","Diarrheal diseases","Deaths","Both","Clostridium difficile","ass",333
-1.46390360526026,-1.80130300790452,-1.1253449371635,"High-income","Diarrheal diseases","Deaths","Both","Clostridium difficile","ass",333
0.167868797451165,0.0159697760131472,0.319998515174658,"Latin America and Caribbean","Diarrheal diseases","Deaths","Both","Clostridium difficile","ass",333
0.807221148525916,0.549519294073275,1.06558347600969,"North Africa and Middle East","Diarrheal diseases","Deaths","Both","Clostridium difficile","ass",333
1.37148139719701,1.19051924747831,1.5527671671508,"South Asia","Diarrheal diseases","Deaths","Both","Clostridium difficile","ass",333
0.24594606002506,0.0155988782393868,0.476823757297828,"Southeast Asia, East Asia, and Oceania","Diarrheal diseases","Deaths","Both","Clostridium difficile","ass",333
0.0904675944187527,-0.15836916524411,0.339924533584335,"Sub-Saharan Africa","Diarrheal diseases","Deaths","Both","Clostridium difficile","ass",333
-0.0904816686025378,-0.355192887212408,0.174932768080494,"Central Europe, Eastern Europe, and Central Asia","Diarrheal diseases","Deaths","Both","Clostridium difficile","ass",334
0.896949935757818,0.738898599729998,1.05524924178695,"Global","Diarrheal diseases","Deaths","Both","Clostridium difficile","ass",334
-1.6752783713473,-1.89671430278167,-1.45334262105997,"High-income","Diarrheal diseases","Deaths","Both","Clostridium difficile","ass",334
0.0964664829714801,-0.039425802558557,0.232543508469374,"Latin America and Caribbean","Diarrheal diseases","Deaths","Both","Clostridium difficile","ass",334
0.735341366245712,0.531021185809899,0.940076808912438,"North Africa and Middle East","Diarrheal diseases","Deaths","Both","Clostridium difficile","ass",334
1.50232493405487,1.30434401568356,1.70069277012868,"South Asia","Diarrheal diseases","Deaths","Both","Clostridium difficile","ass",334
0.218308215460672,-0.0193283627063057,0.456509614231071,"Southeast Asia, East Asia, and Oceania","Diarrheal diseases","Deaths","Both","Clostridium difficile","ass",334
0.350076058082727,0.100184687425897,0.600591260726735,"Sub-Saharan Africa","Diarrheal diseases","Deaths","Both","Clostridium difficile","ass",334
-0.196820395136976,-0.474768390741975,0.0819038366747904,"Central Europe, Eastern Europe, and Central Asia","Diarrheal diseases","Deaths","Both","Clostridium difficile","ass",335
0.796225159444397,0.632464290773949,0.960252518877014,"Global","Diarrheal diseases","Deaths","Both","Clostridium difficile","ass",335
-1.59473491943732,-1.85764692803563,-1.33111859998747,"High-income","Diarrheal diseases","Deaths","Both","Clostridium difficile","ass",335
0.166221765577523,0.014022953591164,0.318652189868684,"Latin America and Caribbean","Diarrheal diseases","Deaths","Both","Clostridium difficile","ass",335
0.898041272281125,0.601081431400541,1.19587769565803,"North Africa and Middle East","Diarrheal diseases","Deaths","Both","Clostridium difficile","ass",335
1.46824450107883,1.24286695479181,1.69412376210287,"South Asia","Diarrheal diseases","Deaths","Both","Clostridium difficile","ass",335
0.255536060461559,0.0662843312212225,0.445145714623951,"Southeast Asia, East Asia, and Oceania","Diarrheal diseases","Deaths","Both","Clostridium difficile","ass",335
0.0514730080098946,-0.260617179363709,0.36453974328563,"Sub-Saharan Africa","Diarrheal diseases","Deaths","Both","Clostridium difficile","ass",335
-0.171474390282444,-0.427229468038248,0.0849376005977787,"Central Europe, Eastern Europe, and Central Asia","Diarrheal diseases","Deaths","Both","Clostridium difficile","ass",336
0.804794615654214,0.647234242545225,0.962601645031125,"Global","Diarrheal diseases","Deaths","Both","Clostridium difficile","ass",336
-1.53857922777947,-1.72737688250815,-1.34941886212173,"High-income","Diarrheal diseases","Deaths","Both","Clostridium difficile","ass",336
0.167712253938457,0.0278921267374832,0.307727823306148,"Latin America and Caribbean","Diarrheal diseases","Deaths","Both","Clostridium difficile","ass",336
0.747715600757326,0.522236581861701,0.973700386234477,"North Africa and Middle East","Diarrheal diseases","Deaths","Both","Clostridium difficile","ass",336
1.49796550459682,1.27687600935602,1.71953764273531,"South Asia","Diarrheal diseases","Deaths","Both","Clostridium difficile","ass",336
0.274192270877749,0.0305613700154472,0.518416550553891,"Southeast Asia, East Asia, and Oceania","Diarrheal diseases","Deaths","Both","Clostridium difficile","ass",336
0.276669946376584,0.0267786915564505,0.527185490412596,"Sub-Saharan Africa","Diarrheal diseases","Deaths","Both","Clostridium difficile","ass",336
-0.142873463977056,-0.427207757922266,0.142272758496942,"Central Europe, Eastern Europe, and Central Asia","Diarrheal diseases","Deaths","Both","Clostridium difficile","ass",337
0.825952929903684,0.641995187755739,1.01024691787859,"Global","Diarrheal diseases","Deaths","Both","Clostridium difficile","ass",337
-1.64869220096663,-1.92044668531244,-1.37618475132616,"High-income","Diarrheal diseases","Deaths","Both","Clostridium difficile","ass",337
0.190042941979462,0.011691700640859,0.368712237784985,"Latin America and Caribbean","Diarrheal diseases","Deaths","Both","Clostridium difficile","ass",337
0.923941570152431,0.6673759282386,1.18116110741222,"North Africa and Middle East","Diarrheal diseases","Deaths","Both","Clostridium difficile","ass",337
1.4088394432797,1.21229976708643,1.60576077115371,"South Asia","Diarrheal diseases","Deaths","Both","Clostridium difficile","ass",337
0.0999467377640562,-0.101223781427429,0.301522362796924,"Southeast Asia, East Asia, and Oceania","Diarrheal diseases","Deaths","Both","Clostridium difficile","ass",337
0.373753608763039,0.10672630598203,0.641493187162889,"Sub-Saharan Africa","Diarrheal diseases","Deaths","Both","Clostridium difficile","ass",337
-0.137759837417173,-0.391459040124487,0.116585527605473,"Central Europe, Eastern Europe, and Central Asia","Diarrheal diseases","Deaths","Both","Clostridium difficile","ass",338
0.880593056678847,0.692315384261777,1.06922277663597,"Global","Diarrheal diseases","Deaths","Both","Clostridium difficile","ass",338
-1.49449562278646,-1.76210960521335,-1.22615262181793,"High-income","Diarrheal diseases","Deaths","Both","Clostridium difficile","ass",338
0.207399480599202,0.0795748996032408,0.335387322915182,"Latin America and Caribbean","Diarrheal diseases","Deaths","Both","Clostridium difficile","ass",338
0.912272751374354,0.605491077913567,1.2199899105046,"North Africa and Middle East","Diarrheal diseases","Deaths","Both","Clostridium difficile","ass",338
1.5594436706746,1.34479680525497,1.77454515515989,"South Asia","Diarrheal diseases","Deaths","Both","Clostridium difficile","ass",338
0.188333923187889,-0.0178585869778147,0.394951662806031,"Southeast Asia, East Asia, and Oceania","Diarrheal diseases","Deaths","Both","Clostridium difficile","ass",338
0.254856666119929,-0.038900679715359,0.5494772815553,"Sub-Saharan Africa","Diarrheal diseases","Deaths","Both","Clostridium difficile","ass",338
-0.147139280869413,-0.404471098994286,0.110857423173027,"Central Europe, Eastern Europe, and Central Asia","Diarrheal diseases","Deaths","Both","Clostridium difficile","ass",339
0.863661744829769,0.706296534585915,1.02127285637521,"Global","Diarrheal diseases","Deaths","Both","Clostridium difficile","ass",339
-1.6045802412925,-1.82282516103002,-1.38585016963376,"High-income","Diarrheal diseases","Deaths","Both","Clostridium difficile","ass",339
0.246586565819662,0.115948353007878,0.377395244405654,"Latin America and Caribbean","Diarrheal diseases","Deaths","Both","Clostridium difficile","ass",339
0.73542910358646,0.352361896055386,1.11995856355198,"North Africa and Middle East","Diarrheal diseases","Deaths","Both","Clostridium difficile","ass",339
1.54314708109462,1.34086117097238,1.74583677295861,"South Asia","Diarrheal diseases","Deaths","Both","Clostridium difficile","ass",339
0.197639865252386,-0.0264154948137474,0.422197366005217,"Southeast Asia, East Asia, and Oceania","Diarrheal diseases","Deaths","Both","Clostridium difficile","ass",339
0.226271749097151,-0.000664340255218665,0.453722841757398,"Sub-Saharan Africa","Diarrheal diseases","Deaths","Both","Clostridium difficile","ass",339
-0.173076716920972,-0.439639804489045,0.0942000671374954,"Central Europe, Eastern Europe, and Central Asia","Diarrheal diseases","Deaths","Both","Clostridium difficile","ass",340
0.789511066837534,0.583873589012396,0.995568957704829,"Global","Diarrheal diseases","Deaths","Both","Clostridium difficile","ass",340
-1.60719074887439,-1.8413203753735,-1.37250267270771,"High-income","Diarrheal diseases","Deaths","Both","Clostridium difficile","ass",340
0.139296390861365,-0.0269225423046748,0.305791685768431,"Latin America and Caribbean","Diarrheal diseases","Deaths","Both","Clostridium difficile","ass",340
0.795811899236609,0.555763864864889,1.03643297941487,"North Africa and Middle East","Diarrheal diseases","Deaths","Both","Clostridium difficile","ass",340
1.52524382217332,1.30193009263482,1.74904983277451,"South Asia","Diarrheal diseases","Deaths","Both","Clostridium difficile","ass",340
0.352969051053065,0.0919146017490879,0.614704368794561,"Southeast Asia, East Asia, and Oceania","Diarrheal diseases","Deaths","Both","Clostridium difficile","ass",340
-0.226807311197808,-0.644499790895869,0.192641155911422,"Sub-Saharan Africa","Diarrheal diseases","Deaths","Both","Clostridium difficile","ass",340
-0.190828313971714,-0.46057502807505,0.079649399831383,"Central Europe, Eastern Europe, and Central Asia","Diarrheal diseases","Deaths","Both","Clostridium difficile","ass",341
0.948511898994808,0.810816840487694,1.08639503185477,"Global","Diarrheal diseases","Deaths","Both","Clostridium difficile","ass",341
-1.74389850448516,-1.99948018459049,-1.4876502769439,"High-income","Diarrheal diseases","Deaths","Both","Clostridium difficile","ass",341
0.15578987150171,0.0112145143761788,0.300574225528161,"Latin America and Caribbean","Diarrheal diseases","Deaths","Both","Clostridium difficile","ass",341
0.832055329281434,0.485386696588863,1.17991994822479,"North Africa and Middle East","Diarrheal diseases","Deaths","Both","Clostridium difficile","ass",341
1.48643822768719,1.27091115103957,1.70242399400433,"South Asia","Diarrheal diseases","Deaths","Both","Clostridium difficile","ass",341
0.116989956932967,-0.119447144274465,0.353986751706636,"Southeast Asia, East Asia, and Oceania","Diarrheal diseases","Deaths","Both","Clostridium difficile","ass",341
0.320906165332491,0.0298385268146184,0.612820754834598,"Sub-Saharan Africa","Diarrheal diseases","Deaths","Both","Clostridium difficile","ass",341
-0.107472048505353,-0.37704416501444,0.16282950958062,"Central Europe, Eastern Europe, and Central Asia","Diarrheal diseases","Deaths","Both","Clostridium difficile","ass",342
0.758622691242961,0.583958335427548,0.933590352254332,"Global","Diarrheal diseases","Deaths","Both","Clostridium difficile","ass",342
-1.62406282886464,-1.90061968736395,-1.34672631512449,"High-income","Diarrheal diseases","Deaths","Both","Clostridium difficile","ass",342
0.143557248265025,-0.00618693902372236,0.293525682644069,"Latin America and Caribbean","Diarrheal diseases","Deaths","Both","Clostridium difficile","ass",342
0.821191464560411,0.602264943800135,1.04059440423152,"North Africa and Middle East","Diarrheal diseases","Deaths","Both","Clostridium difficile","ass",342
1.71672466402171,1.50317532501596,1.93072328276718,"South Asia","Diarrheal diseases","Deaths","Both","Clostridium difficile","ass",342
0.317343538384596,0.0788428436413913,0.556412610816581,"Southeast Asia, East Asia, and Oceania","Diarrheal diseases","Deaths","Both","Clostridium difficile","ass",342
0.200330276207117,-0.0413420763455408,0.442586925580102,"Sub-Saharan Africa","Diarrheal diseases","Deaths","Both","Clostridium difficile","ass",342
-0.156504679222658,-0.401195749725236,0.0887875402639349,"Central Europe, Eastern Europe, and Central Asia","Diarrheal diseases","Deaths","Both","Clostridium difficile","ass",343
0.79041601842964,0.618909816226965,0.962214555119445,"Global","Diarrheal diseases","Deaths","Both","Clostridium difficile","ass",343
-1.6451351527038,-1.92807757628929,-1.36137642601049,"High-income","Diarrheal diseases","Deaths","Both","Clostridium difficile","ass",343
0.201434834505254,0.0769315117475466,0.326093048876275,"Latin America and Caribbean","Diarrheal diseases","Deaths","Both","Clostridium difficile","ass",343
0.962921066420441,0.671468036235989,1.25521787956009,"North Africa and Middle East","Diarrheal diseases","Deaths","Both","Clostridium difficile","ass",343
1.47401216849152,1.28474620879713,1.66363180043017,"South Asia","Diarrheal diseases","Deaths","Both","Clostridium difficile","ass",343
0.381485782447921,0.13028827183259,0.633313473904895,"Southeast Asia, East Asia, and Oceania","Diarrheal diseases","Deaths","Both","Clostridium difficile","ass",343
0.171848267019992,-0.0858339249120155,0.430195030500236,"Sub-Saharan Africa","Diarrheal diseases","Deaths","Both","Clostridium difficile","ass",343
-0.175308241874883,-0.46902569337065,0.119275974383459,"Central Europe, Eastern Europe, and Central Asia","Diarrheal diseases","Deaths","Both","Clostridium difficile","ass",344
0.80932998486658,0.639078111457514,0.979869874630146,"Global","Diarrheal diseases","Deaths","Both","Clostridium difficile","ass",344
-1.56339483444525,-1.85604684615099,-1.26987017397,"High-income","Diarrheal diseases","Deaths","Both","Clostridium difficile","ass",344
0.195767286304682,0.0502844958044202,0.341461622853378,"Latin America and Caribbean","Diarrheal diseases","Deaths","Both","Clostridium difficile","ass",344
0.789641691737097,0.508356827429668,1.07171376595807,"North Africa and Middle East","Diarrheal diseases","Deaths","Both","Clostridium difficile","ass",344
1.54364322517038,1.34480182194174,1.74287476092607,"South Asia","Diarrheal diseases","Deaths","Both","Clostridium difficile","ass",344
0.241567528112085,-0.00402908984828976,0.48776734736351,"Southeast Asia, East Asia, and Oceania","Diarrheal diseases","Deaths","Both","Clostridium difficile","ass",344
0.206085652105048,-0.0463116423477739,0.459120285662529,"Sub-Saharan Africa","Diarrheal diseases","Deaths","Both","Clostridium difficile","ass",344
-0.13407640506401,-0.40835056495695,0.14095310244302,"Central Europe, Eastern Europe, and Central Asia","Diarrheal diseases","Deaths","Both","Clostridium difficile","ass",345
0.732768120379834,0.557637784642862,0.908203461635759,"Global","Diarrheal diseases","Deaths","Both","Clostridium difficile","ass",345
-1.66228610833986,-1.97080538878616,-1.35279585035177,"High-income","Diarrheal diseases","Deaths","Both","Clostridium difficile","ass",345
0.148638005488633,0.0157299629912844,0.281722665681672,"Latin America and Caribbean","Diarrheal diseases","Deaths","Both","Clostridium difficile","ass",345
0.72119887178832,0.436662909430141,1.0065409214012,"North Africa and Middle East","Diarrheal diseases","Deaths","Both","Clostridium difficile","ass",345
1.40521379350151,1.16713112665021,1.64385675454741,"South Asia","Diarrheal diseases","Deaths","Both","Clostridium difficile","ass",345
0.305018802182899,0.0659982715526919,0.544610264148915,"Southeast Asia, East Asia, and Oceania","Diarrheal diseases","Deaths","Both","Clostridium difficile","ass",345
0.0765508411967986,-0.170073071668542,0.323784023809903,"Sub-Saharan Africa","Diarrheal diseases","Deaths","Both","Clostridium difficile","ass",345
-0.232894465848721,-0.488875595906069,0.0237451467585803,"Central Europe, Eastern Europe, and Central Asia","Diarrheal diseases","Deaths","Both","Clostridium difficile","ass",346
0.728591128974054,0.534743054008291,0.922812975981491,"Global","Diarrheal diseases","Deaths","Both","Clostridium difficile","ass",346
-1.60372399744907,-1.82253949680888,-1.38442080750819,"High-income","Diarrheal diseases","Deaths","Both","Clostridium difficile","ass",346
0.0927695563579078,-0.0330946883011385,0.218792271543133,"Latin America and Caribbean","Diarrheal diseases","Deaths","Both","Clostridium difficile","ass",346
0.877355411480796,0.577692559905674,1.17791108354453,"North Africa and Middle East","Diarrheal diseases","Deaths","Both","Clostridium difficile","ass",346
1.49159949512359,1.26733060313815,1.71636505800588,"South Asia","Diarrheal diseases","Deaths","Both","Clostridium difficile","ass",346
0.281253200481069,0.0462027218886663,0.51685591120203,"Southeast Asia, East Asia, and Oceania","Diarrheal diseases","Deaths","Both","Clostridium difficile","ass",346
0.144797551626752,-0.109349206259268,0.3995909223242,"Sub-Saharan Africa","Diarrheal diseases","Deaths","Both","Clostridium difficile","ass",346
-0.184500762345963,-0.462421351702913,0.0941958138798382,"Central Europe, Eastern Europe, and Central Asia","Diarrheal diseases","Deaths","Both","Clostridium difficile","ass",347
0.853485130925624,0.678911951163941,1.02836101355228,"Global","Diarrheal diseases","Deaths","Both","Clostridium difficile","ass",347
-1.58969400432311,-1.87756780449004,-1.30097563352162,"High-income","Diarrheal diseases","Deaths","Both","Clostridium difficile","ass",347
0.303825335031349,0.14272149169996,0.465188352948265,"Latin America and Caribbean","Diarrheal diseases","Deaths","Both","Clostridium difficile","ass",347
0.875791447263152,0.599995595566116,1.1523433959298,"North Africa and Middle East","Diarrheal diseases","Deaths","Both","Clostridium difficile","ass",347
1.50332878012489,1.2918993190713,1.7151995639032,"South Asia","Diarrheal diseases","Deaths","Both","Clostridium difficile","ass",347
0.154457786500517,-0.105537991008064,0.415130256219665,"Southeast Asia, East Asia, and Oceania","Diarrheal diseases","Deaths","Both","Clostridium difficile","ass",347
0.341835508090726,0.0538858361452732,0.630613883618047,"Sub-Saharan Africa","Diarrheal diseases","Deaths","Both","Clostridium difficile","ass",347
-0.0502160453876743,-0.314579788055525,0.214848784643706,"Central Europe, Eastern Europe, and Central Asia","Diarrheal diseases","Deaths","Both","Clostridium difficile","ass",348
0.83730328935443,0.647949178909513,1.02701364132674,"Global","Diarrheal diseases","Deaths","Both","Clostridium difficile","ass",348
-1.57572909681494,-1.77099371473074,-1.38007632195393,"High-income","Diarrheal diseases","Deaths","Both","Clostridium difficile","ass",348
0.11929014501606,-0.0261560497517688,0.26494794108618,"Latin America and Caribbean","Diarrheal diseases","Deaths","Both","Clostridium difficile","ass",348
0.850728317357707,0.540478087665375,1.16193592468399,"North Africa and Middle East","Diarrheal diseases","Deaths","Both","Clostridium difficile","ass",348
1.53214950982008,1.32136573256172,1.74337179084747,"South Asia","Diarrheal diseases","Deaths","Both","Clostridium difficile","ass",348
0.288835015440236,0.0457392787020172,0.532521437375499,"Southeast Asia, East Asia, and Oceania","Diarrheal diseases","Deaths","Both","Clostridium difficile","ass",348
0.177610770962855,-0.0608970687622001,0.41668781721409,"Sub-Saharan Africa","Diarrheal diseases","Deaths","Both","Clostridium difficile","ass",348
-0.249489719261142,-0.537134881164081,0.0389873082739411,"Central Europe, Eastern Europe, and Central Asia","Diarrheal diseases","Deaths","Both","Clostridium difficile","ass",349
0.836857622411835,0.658421983053503,1.01560957188873,"Global","Diarrheal diseases","Deaths","Both","Clostridium difficile","ass",349
-1.50680349719249,-1.71100047464781,-1.30218229723207,"High-income","Diarrheal diseases","Deaths","Both","Clostridium difficile","ass",349
0.113454215597075,-0.0273144856397067,0.254421129247029,"Latin America and Caribbean","Diarrheal diseases","Deaths","Both","Clostridium difficile","ass",349
0.784154362093692,0.519056202323043,1.04995166327067,"North Africa and Middle East","Diarrheal diseases","Deaths","Both","Clostridium difficile","ass",349
1.46262240840132,1.25450720745905,1.67116536251781,"South Asia","Diarrheal diseases","Deaths","Both","Clostridium difficile","ass",349
0.171272335255046,-0.0932393562948053,0.436484344125909,"Southeast Asia, East Asia, and Oceania","Diarrheal diseases","Deaths","Both","Clostridium difficile","ass",349
0.28906744544277,0.0554926660200517,0.523187494056931,"Sub-Saharan Africa","Diarrheal diseases","Deaths","Both","Clostridium difficile","ass",349
-0.142106000599862,-0.416653042756387,0.133197956047493,"Central Europe, Eastern Europe, and Central Asia","Diarrheal diseases","Deaths","Both","Clostridium difficile","ass",350
0.813542207819173,0.636562648459771,0.990833003608027,"Global","Diarrheal diseases","Deaths","Both","Clostridium difficile","ass",350
-1.53385353225461,-1.72608364759753,-1.34124740241451,"High-income","Diarrheal diseases","Deaths","Both","Clostridium difficile","ass",350
0.238663887714496,0.0914901022233794,0.386054076449427,"Latin America and Caribbean","Diarrheal diseases","Deaths","Both","Clostridium difficile","ass",350
0.858666095062,0.517837405429544,1.20065044222424,"North Africa and Middle East","Diarrheal diseases","Deaths","Both","Clostridium difficile","ass",350
1.53925478901833,1.33179002195254,1.74714431547662,"South Asia","Diarrheal diseases","Deaths","Both","Clostridium difficile","ass",350
0.253268654221217,0.0221750244132846,0.48489620828871,"Southeast Asia, East Asia, and Oceania","Diarrheal diseases","Deaths","Both","Clostridium difficile","ass",350
0.347745259777166,0.0868192812582658,0.609351471385278,"Sub-Saharan Africa","Diarrheal diseases","Deaths","Both","Clostridium difficile","ass",350
-0.146773781855147,-0.377901790310631,0.0848904545784013,"Central Europe, Eastern Europe, and Central Asia","Diarrheal diseases","Deaths","Both","Clostridium difficile","ass",351
0.743297057961123,0.598389999397342,0.888412848052522,"Global","Diarrheal diseases","Deaths","Both","Clostridium difficile","ass",351
-1.57159474476958,-1.81506064573802,-1.32752512957242,"High-income","Diarrheal diseases","Deaths","Both","Clostridium difficile","ass",351
0.239389929663414,0.101556462083074,0.3774131851497,"Latin America and Caribbean","Diarrheal diseases","Deaths","Both","Clostridium difficile","ass",351
0.976939814345767,0.659880076916619,1.29499823046422,"North Africa and Middle East","Diarrheal diseases","Deaths","Both","Clostridium difficile","ass",351
1.39058244568291,1.15196121289276,1.62976659482243,"South Asia","Diarrheal diseases","Deaths","Both","Clostridium difficile","ass",351
0.0888601947480527,-0.150407097020056,0.328700837245455,"Southeast Asia, East Asia, and Oceania","Diarrheal diseases","Deaths","Both","Clostridium difficile","ass",351
-0.00925056324800888,-0.296882255104125,0.279210911989325,"Sub-Saharan Africa","Diarrheal diseases","Deaths","Both","Clostridium difficile","ass",351
-0.242637097299292,-0.499648986663592,0.0150386601881047,"Central Europe, Eastern Europe, and Central Asia","Diarrheal diseases","Deaths","Both","Clostridium difficile","ass",352
0.83856137915892,0.658822848116269,1.01862085513842,"Global","Diarrheal diseases","Deaths","Both","Clostridium difficile","ass",352
-1.61329657822311,-1.85374349769608,-1.37226059174806,"High-income","Diarrheal diseases","Deaths","Both","Clostridium difficile","ass",352
0.182873366834158,0.0341066355135311,0.331861338100747,"Latin America and Caribbean","Diarrheal diseases","Deaths","Both","Clostridium difficile","ass",352
0.780985977988036,0.486730180795281,1.07610344591111,"North Africa and Middle East","Diarrheal diseases","Deaths","Both","Clostridium difficile","ass",352
1.48812411412065,1.2798960806965,1.69678025732358,"South Asia","Diarrheal diseases","Deaths","Both","Clostridium difficile","ass",352
0.243008349280815,0.0153059656216259,0.47122913734845,"Southeast Asia, East Asia, and Oceania","Diarrheal diseases","Deaths","Both","Clostridium difficile","ass",352
0.277114678778556,0.0276672036101155,0.527184222266763,"Sub-Saharan Africa","Diarrheal diseases","Deaths","Both","Clostridium difficile","ass",352
-0.190265235257725,-0.395342749679406,0.015234516317153,"Central Europe, Eastern Europe, and Central Asia","Diarrheal diseases","Deaths","Both","Clostridium difficile","ass",353
0.771949470054167,0.600605806485488,0.943584967362932,"Global","Diarrheal diseases","Deaths","Both","Clostridium difficile","ass",353
-1.53319262268236,-1.77869431726105,-1.28707730276421,"High-income","Diarrheal diseases","Deaths","Both","Clostridium difficile","ass",353
0.262140355322904,0.116258988336648,0.408234288913722,"Latin America and Caribbean","Diarrheal diseases","Deaths","Both","Clostridium difficile","ass",353
0.726896953121425,0.391773496705472,1.06313910409899,"North Africa and Middle East","Diarrheal diseases","Deaths","Both","Clostridium difficile","ass",353
1.57139740688907,1.35610801648474,1.78714409111149,"South Asia","Diarrheal diseases","Deaths","Both","Clostridium difficile","ass",353
0.253959982224417,0.0403347948874977,0.468041342771452,"Southeast Asia, East Asia, and Oceania","Diarrheal diseases","Deaths","Both","Clostridium difficile","ass",353
-0.0269588477802007,-0.346433510979127,0.293540004156001,"Sub-Saharan Africa","Diarrheal diseases","Deaths","Both","Clostridium difficile","ass",353
-0.237459880787849,-0.480035196812156,0.00570670136141871,"Central Europe, Eastern Europe, and Central Asia","Diarrheal diseases","Deaths","Both","Clostridium difficile","ass",354
0.679059011166316,0.504826706212747,0.853593360281191,"Global","Diarrheal diseases","Deaths","Both","Clostridium difficile","ass",354
-1.54354605429619,-1.75950050775456,-1.32711688494966,"High-income","Diarrheal diseases","Deaths","Both","Clostridium difficile","ass",354
0.252224605604701,0.127876438511554,0.376727199888438,"Latin America and Caribbean","Diarrheal diseases","Deaths","Both","Clostridium difficile","ass",354
0.819884598515785,0.544107332671406,1.09641827965266,"North Africa and Middle East","Diarrheal diseases","Deaths","Both","Clostridium difficile","ass",354
1.58783304735968,1.38028691835388,1.79580406563116,"South Asia","Diarrheal diseases","Deaths","Both","Clostridium difficile","ass",354
0.305792727571408,0.0973445616552659,0.514674977309304,"Southeast Asia, East Asia, and Oceania","Diarrheal diseases","Deaths","Both","Clostridium difficile","ass",354
0.470388694146862,0.273031687708447,0.668134137908183,"Sub-Saharan Africa","Diarrheal diseases","Deaths","Both","Clostridium difficile","ass",354
-0.07360284122373,-0.30857140578554,0.161919534504307,"Central Europe, Eastern Europe, and Central Asia","Diarrheal diseases","Deaths","Both","Clostridium difficile","ass",355
0.908677834321425,0.738706250709487,1.07893620282777,"Global","Diarrheal diseases","Deaths","Both","Clostridium difficile","ass",355
-1.64288316844354,-1.85294163007728,-1.43237513085677,"High-income","Diarrheal diseases","Deaths","Both","Clostridium difficile","ass",355
0.145375442457918,0.0114476097717198,0.279482621256966,"Latin America and Caribbean","Diarrheal diseases","Deaths","Both","Clostridium difficile","ass",355
0.77361574082333,0.454151404878589,1.09409603738804,"North Africa and Middle East","Diarrheal diseases","Deaths","Both","Clostridium difficile","ass",355
1.5611126487683,1.34275937754376,1.77993638429979,"South Asia","Diarrheal diseases","Deaths","Both","Clostridium difficile","ass",355
0.16069662928706,-0.00752553075196172,0.329201797575229,"Southeast Asia, East Asia, and Oceania","Diarrheal diseases","Deaths","Both","Clostridium difficile","ass",355
0.467997810704901,0.21738559869191,0.71923672516514,"Sub-Saharan Africa","Diarrheal diseases","Deaths","Both","Clostridium difficile","ass",355
-0.0911218688203874,-0.351191227936665,0.169626234702225,"Central Europe, Eastern Europe, and Central Asia","Diarrheal diseases","Deaths","Both","Clostridium difficile","ass",356
0.802912420005719,0.633902505800887,0.972206178425972,"Global","Diarrheal diseases","Deaths","Both","Clostridium difficile","ass",356
-1.55196450997228,-1.83383621599751,-1.26928344504379,"High-income","Diarrheal diseases","Deaths","Both","Clostridium difficile","ass",356
0.207497685356905,0.0758331361538911,0.339335458733747,"Latin America and Caribbean","Diarrheal diseases","Deaths","Both","Clostridium difficile","ass",356
0.783949146881513,0.468483640258022,1.10040519782562,"North Africa and Middle East","Diarrheal diseases","Deaths","Both","Clostridium difficile","ass",356
1.47236840507785,1.28114204622451,1.66395581357559,"South Asia","Diarrheal diseases","Deaths","Both","Clostridium difficile","ass",356
0.169747344186955,-0.0433242490109564,0.383273129198325,"Southeast Asia, East Asia, and Oceania","Diarrheal diseases","Deaths","Both","Clostridium difficile","ass",356
0.146578748424986,-0.129990443905725,0.423913841534995,"Sub-Saharan Africa","Diarrheal diseases","Deaths","Both","Clostridium difficile","ass",356
-0.254253345883504,-0.544993759706469,0.0373369998979189,"Central Europe, Eastern Europe, and Central Asia","Diarrheal diseases","Deaths","Both","Clostridium difficile","ass",357
0.743597211256208,0.564622984636309,0.922889957180861,"Global","Diarrheal diseases","Deaths","Both","Clostridium difficile","ass",357
-1.62586397088392,-1.84033595359184,-1.41092338193317,"High-income","Diarrheal diseases","Deaths","Both","Clostridium difficile","ass",357
0.173986795622616,0.0164772729017715,0.331744369968789,"Latin America and Caribbean","Diarrheal diseases","Deaths","Both","Clostridium difficile","ass",357
0.753009761408485,0.469354285651225,1.03746608265241,"North Africa and Middle East","Diarrheal diseases","Deaths","Both","Clostridium difficile","ass",357
1.61090646514435,1.42859736073344,1.79354325435437,"South Asia","Diarrheal diseases","Deaths","Both","Clostridium difficile","ass",357
0.0863568279190208,-0.132313750765811,0.305506208344219,"Southeast Asia, East Asia, and Oceania","Diarrheal diseases","Deaths","Both","Clostridium difficile","ass",357
0.0977902027995636,-0.172576036681604,0.368888684990676,"Sub-Saharan Africa","Diarrheal diseases","Deaths","Both","Clostridium difficile","ass",357
0.0206077482431066,-0.25969119136825,0.301694408450959,"Central Europe, Eastern Europe, and Central Asia","Diarrheal diseases","Deaths","Both","Clostridium difficile","ass",358
0.916265250096404,0.758958776178331,1.07381731335994,"Global","Diarrheal diseases","Deaths","Both","Clostridium difficile","ass",358
-1.47837804486562,-1.71040803749154,-1.24580030434085,"High-income","Diarrheal diseases","Deaths","Both","Clostridium difficile","ass",358
0.219886698588434,0.0854244915857061,0.354529552125915,"Latin America and Caribbean","Diarrheal diseases","Deaths","Both","Clostridium difficile","ass",358
0.824600529862707,0.556517981997429,1.09339778279052,"North Africa and Middle East","Diarrheal diseases","Deaths","Both","Clostridium difficile","ass",358
1.55817430864833,1.32368529290792,1.79320599216028,"South Asia","Diarrheal diseases","Deaths","Both","Clostridium difficile","ass",358
0.131409564181828,-0.0803081570968867,0.343575889661341,"Southeast Asia, East Asia, and Oceania","Diarrheal diseases","Deaths","Both","Clostridium difficile","ass",358
0.192158132380826,-0.0396384253267157,0.424492199590332,"Sub-Saharan Africa","Diarrheal diseases","Deaths","Both","Clostridium difficile","ass",358
-0.127375513544825,-0.390614189773542,0.136558826050348,"Central Europe, Eastern Europe, and Central Asia","Diarrheal diseases","Deaths","Both","Clostridium difficile","ass",359
0.870405068523272,0.702049516473569,1.03904208050394,"Global","Diarrheal diseases","Deaths","Both","Clostridium difficile","ass",359
-1.69894834467866,-1.97530460869835,-1.42181296286261,"High-income","Diarrheal diseases","Deaths","Both","Clostridium difficile","ass",359
0.241850843459024,0.0894059558137927,0.394527917953069,"Latin America and Caribbean","Diarrheal diseases","Deaths","Both","Clostridium difficile","ass",359
0.848314162368347,0.59471550571244,1.10255213967183,"North Africa and Middle East","Diarrheal diseases","Deaths","Both","Clostridium difficile","ass",359
1.53899992491844,1.3430828751257,1.7352957227156,"South Asia","Diarrheal diseases","Deaths","Both","Clostridium difficile","ass",359
0.271708473262522,0.0681974293454291,0.475633402370512,"Southeast Asia, East Asia, and Oceania","Diarrheal diseases","Deaths","Both","Clostridium difficile","ass",359
-0.0833577464106949,-0.482398924625327,0.317283489082132,"Sub-Saharan Africa","Diarrheal diseases","Deaths","Both","Clostridium difficile","ass",359
0.0481838992180128,-0.169717825835591,0.266561243099361,"Central Europe, Eastern Europe, and Central Asia","Diarrheal diseases","Deaths","Both","Clostridium difficile","ass",360
0.829727683195713,0.648059306186344,1.01172396915268,"Global","Diarrheal diseases","Deaths","Both","Clostridium difficile","ass",360
-1.61834220712379,-1.88740866055848,-1.34853785903792,"High-income","Diarrheal diseases","Deaths","Both","Clostridium difficile","ass",360
0.144013112760177,-0.00970576587900895,0.297968309272312,"Latin America and Caribbean","Diarrheal diseases","Deaths","Both","Clostridium difficile","ass",360
0.869993385167067,0.532573271574854,1.20854599074025,"North Africa and Middle East","Diarrheal diseases","Deaths","Both","Clostridium difficile","ass",360
1.42652440905096,1.23216749785673,1.6212544685227,"South Asia","Diarrheal diseases","Deaths","Both","Clostridium difficile","ass",360
0.337082869938832,0.115349688643618,0.559307140800658,"Southeast Asia, East Asia, and Oceania","Diarrheal diseases","Deaths","Both","Clostridium difficile","ass",360
-0.0189186913613359,-0.320798522077392,0.283875386568178,"Sub-Saharan Africa","Diarrheal diseases","Deaths","Both","Clostridium difficile","ass",360
-0.232887111900859,-0.469946868520688,0.00473727144669756,"Central Europe, Eastern Europe, and Central Asia","Diarrheal diseases","Deaths","Both","Clostridium difficile","ass",361
0.895681310279284,0.702702027967805,1.08903040395285,"Global","Diarrheal diseases","Deaths","Both","Clostridium difficile","ass",361
-1.6638766134074,-1.90328925277896,-1.42387966890009,"High-income","Diarrheal diseases","Deaths","Both","Clostridium difficile","ass",361
0.140520528722243,-0.0201354141845855,0.30143462692962,"Latin America and Caribbean","Diarrheal diseases","Deaths","Both","Clostridium difficile","ass",361
0.968720069482498,0.591015386285054,1.34784297902117,"North Africa and Middle East","Diarrheal diseases","Deaths","Both","Clostridium difficile","ass",361
1.5064265930987,1.23942686421468,1.77413048297446,"South Asia","Diarrheal diseases","Deaths","Both","Clostridium difficile","ass",361
0.276380834886103,0.0491594445999555,0.504118267090936,"Southeast Asia, East Asia, and Oceania","Diarrheal diseases","Deaths","Both","Clostridium difficile","ass",361
0.135973534098377,-0.135049711917623,0.40773230944342,"Sub-Saharan Africa","Diarrheal diseases","Deaths","Both","Clostridium difficile","ass",361
0.0193658342869441,-0.218219661517394,0.257517033244925,"Central Europe, Eastern Europe, and Central Asia","Diarrheal diseases","Deaths","Both","Clostridium difficile","ass",362
0.864635388135415,0.681427073745211,1.04817708364107,"Global","Diarrheal diseases","Deaths","Both","Clostridium difficile","ass",362
-1.70481685566333,-1.96862900121054,-1.44029476545831,"High-income","Diarrheal diseases","Deaths","Both","Clostridium difficile","ass",362
0.0998720574042045,-0.0466625085197236,0.24662144736054,"Latin America and Caribbean","Diarrheal diseases","Deaths","Both","Clostridium difficile","ass",362
1.07382346339762,0.677866372848479,1.47133781795328,"North Africa and Middle East","Diarrheal diseases","Deaths","Both","Clostridium difficile","ass",362
1.56173855811126,1.3243749681509,1.79965819861583,"South Asia","Diarrheal diseases","Deaths","Both","Clostridium difficile","ass",362
0.152801789312962,-0.0738489509554241,0.379966614808525,"Southeast Asia, East Asia, and Oceania","Diarrheal diseases","Deaths","Both","Clostridium difficile","ass",362
-0.287497587816521,-0.660878057950542,0.0872862868649849,"Sub-Saharan Africa","Diarrheal diseases","Deaths","Both","Clostridium difficile","ass",362
-0.101025551205847,-0.381309563850429,0.180047059716837,"Central Europe, Eastern Europe, and Central Asia","Diarrheal diseases","Deaths","Both","Clostridium difficile","ass",363
0.842383211248343,0.680907334917014,1.00411806874432,"Global","Diarrheal diseases","Deaths","Both","Clostridium difficile","ass",363
-1.56675781923831,-1.85108606632006,-1.28160589975054,"High-income","Diarrheal diseases","Deaths","Both","Clostridium difficile","ass",363
0.124776309053587,-0.00184760590705713,0.251560563135045,"Latin America and Caribbean","Diarrheal diseases","Deaths","Both","Clostridium difficile","ass",363
0.88485458659453,0.577671704277138,1.19297566246515,"North Africa and Middle East","Diarrheal diseases","Deaths","Both","Clostridium difficile","ass",363
1.44093056954331,1.24575792956949,1.63647944611385,"South Asia","Diarrheal diseases","Deaths","Both","Clostridium difficile","ass",363
0.172612501924552,-0.0596194057327581,0.405384047900359,"Southeast Asia, East Asia, and Oceania","Diarrheal diseases","Deaths","Both","Clostridium difficile","ass",363
0.512342234331342,0.260908577864405,0.764406434491738,"Sub-Saharan Africa","Diarrheal diseases","Deaths","Both","Clostridium difficile","ass",363
-0.19279245610645,-0.538285442492048,0.153900644354921,"Central Europe, Eastern Europe, and Central Asia","Diarrheal diseases","Deaths","Both","Clostridium difficile","ass",364
0.866606044640172,0.660097245670888,1.07353850586707,"Global","Diarrheal diseases","Deaths","Both","Clostridium difficile","ass",364
-1.68962829721335,-1.90524285713145,-1.47353981147289,"High-income","Diarrheal diseases","Deaths","Both","Clostridium difficile","ass",364
0.220650554351232,0.0981894031914843,0.343261525738847,"Latin America and Caribbean","Diarrheal diseases","Deaths","Both","Clostridium difficile","ass",364
0.685006093162643,0.414874264135978,0.955864619360303,"North Africa and Middle East","Diarrheal diseases","Deaths","Both","Clostridium difficile","ass",364
1.48650157627137,1.24330852270182,1.73027879547285,"South Asia","Diarrheal diseases","Deaths","Both","Clostridium difficile","ass",364
0.114197577891484,-0.085312902187884,0.314106442160567,"Southeast Asia, East Asia, and Oceania","Diarrheal diseases","Deaths","Both","Clostridium difficile","ass",364
0.185406267703914,-0.0225710696648673,0.393816248453538,"Sub-Saharan Africa","Diarrheal diseases","Deaths","Both","Clostridium difficile","ass",364
-0.0511742000941617,-0.32700113483195,0.225416035625781,"Central Europe, Eastern Europe, and Central Asia","Diarrheal diseases","Deaths","Both","Clostridium difficile","ass",365
0.765497224561495,0.589343815464116,0.941959115873403,"Global","Diarrheal diseases","Deaths","Both","Clostridium difficile","ass",365
-1.53543944223781,-1.77517713086629,-1.2951166249456,"High-income","Diarrheal diseases","Deaths","Both","Clostridium difficile","ass",365
0.184200309864035,0.0219645100980381,0.34669925637838,"Latin America and Caribbean","Diarrheal diseases","Deaths","Both","Clostridium difficile","ass",365
0.975263146382899,0.656541371327068,1.29499413125771,"North Africa and Middle East","Diarrheal diseases","Deaths","Both","Clostridium difficile","ass",365
1.610943912174,1.39064345024711,1.8317230404933,"South Asia","Diarrheal diseases","Deaths","Both","Clostridium difficile","ass",365
0.247142733522554,0.0214018652739068,0.473393082128881,"Southeast Asia, East Asia, and Oceania","Diarrheal diseases","Deaths","Both","Clostridium difficile","ass",365
0.0510283393764244,-0.271061206318945,0.374158121503676,"Sub-Saharan Africa","Diarrheal diseases","Deaths","Both","Clostridium difficile","ass",365
-0.0196135918355322,-0.221660744386853,0.18284269813138,"Central Europe, Eastern Europe, and Central Asia","Diarrheal diseases","Deaths","Both","Clostridium difficile","ass",366
0.826732759921689,0.62509252336076,1.02877705857072,"Global","Diarrheal diseases","Deaths","Both","Clostridium difficile","ass",366
-1.60414557399735,-1.85376528564548,-1.35389099336392,"High-income","Diarrheal diseases","Deaths","Both","Clostridium difficile","ass",366
0.271018665873024,0.129497195090122,0.412740160897096,"Latin America and Caribbean","Diarrheal diseases","Deaths","Both","Clostridium difficile","ass",366
0.813268860295513,0.497020425988715,1.13051247905434,"North Africa and Middle East","Diarrheal diseases","Deaths","Both","Clostridium difficile","ass",366
1.46582537426163,1.228318475692,1.70388952328961,"South Asia","Diarrheal diseases","Deaths","Both","Clostridium difficile","ass",366
0.306247559686001,0.115919568392631,0.496937378992612,"Southeast Asia, East Asia, and Oceania","Diarrheal diseases","Deaths","Both","Clostridium difficile","ass",366
0.397276398536639,0.141201762827325,0.654005851822514,"Sub-Saharan Africa","Diarrheal diseases","Deaths","Both","Clostridium difficile","ass",366
-0.152521251504567,-0.410424133528076,0.10604951062565,"Central Europe, Eastern Europe, and Central Asia","Diarrheal diseases","Deaths","Both","Clostridium difficile","ass",367
0.961127692335229,0.771475365403407,1.15113694571851,"Global","Diarrheal diseases","Deaths","Both","Clostridium difficile","ass",367
-1.52015132139177,-1.77111421670867,-1.26854724630048,"High-income","Diarrheal diseases","Deaths","Both","Clostridium difficile","ass",367
0.20978856256495,0.0613537730723701,0.35844354582768,"Latin America and Caribbean","Diarrheal diseases","Deaths","Both","Clostridium difficile","ass",367
0.872876629602581,0.546013265327217,1.2008025885591,"North Africa and Middle East","Diarrheal diseases","Deaths","Both","Clostridium difficile","ass",367
1.53833405609907,1.2625352391038,1.81488403923171,"South Asia","Diarrheal diseases","Deaths","Both","Clostridium difficile","ass",367
0.345559849965671,0.143912852232408,0.547612878485393,"Southeast Asia, East Asia, and Oceania","Diarrheal diseases","Deaths","Both","Clostridium difficile","ass",367
0.307485878291458,0.0455719548771549,0.570085478262294,"Sub-Saharan Africa","Diarrheal diseases","Deaths","Both","Clostridium difficile","ass",367
-0.153436650377592,-0.401566950957,0.0953118190241797,"Central Europe, Eastern Europe, and Central Asia","Diarrheal diseases","Deaths","Both","Clostridium difficile","ass",368
0.864527134819526,0.670560208158211,1.05886778711186,"Global","Diarrheal diseases","Deaths","Both","Clostridium difficile","ass",368
-1.55442063304935,-1.87642150379077,-1.23136308905623,"High-income","Diarrheal diseases","Deaths","Both","Clostridium difficile","ass",368
0.172936592165929,0.0117366702734323,0.334396337711951,"Latin America and Caribbean","Diarrheal diseases","Deaths","Both","Clostridium difficile","ass",368
0.89520984143332,0.558524368927404,1.23302258890778,"North Africa and Middle East","Diarrheal diseases","Deaths","Both","Clostridium difficile","ass",368
1.58224222290058,1.37828045362234,1.7866143404619,"South Asia","Diarrheal diseases","Deaths","Both","Clostridium difficile","ass",368
0.317364444914126,0.0900811510586852,0.545163850806563,"Southeast Asia, East Asia, and Oceania","Diarrheal diseases","Deaths","Both","Clostridium difficile","ass",368
0.372661138331853,0.0579039685576488,0.68840845553062,"Sub-Saharan Africa","Diarrheal diseases","Deaths","Both","Clostridium difficile","ass",368
-0.0404137314492181,-0.292440380583392,0.212249954957944,"Central Europe, Eastern Europe, and Central Asia","Diarrheal diseases","Deaths","Both","Clostridium difficile","ass",369
0.754289008314379,0.584448853081088,0.924415944244461,"Global","Diarrheal diseases","Deaths","Both","Clostridium difficile","ass",369
-1.7076146116675,-1.93145559552746,-1.48326271183178,"High-income","Diarrheal diseases","Deaths","Both","Clostridium difficile","ass",369
0.233707126647453,0.0941605399958245,0.373448262608855,"Latin America and Caribbean","Diarrheal diseases","Deaths","Both","Clostridium difficile","ass",369
0.88015320840904,0.612614388135579,1.1484034406738,"North Africa and Middle East","Diarrheal diseases","Deaths","Both","Clostridium difficile","ass",369
1.61744561341524,1.35954682810124,1.87600059526469,"South Asia","Diarrheal diseases","Deaths","Both","Clostridium difficile","ass",369
0.199385048395717,0.0045299036587565,0.39461986120839,"Southeast Asia, East Asia, and Oceania","Diarrheal diseases","Deaths","Both","Clostridium difficile","ass",369
0.111383156146672,-0.146694689707971,0.370128022229776,"Sub-Saharan Africa","Diarrheal diseases","Deaths","Both","Clostridium difficile","ass",369
-0.315808079227542,-0.555551972353863,-0.075486203766062,"Central Europe, Eastern Europe, and Central Asia","Diarrheal diseases","Deaths","Both","Clostridium difficile","ass",370
0.74219591987339,0.597939778789769,0.886658922392614,"Global","Diarrheal diseases","Deaths","Both","Clostridium difficile","ass",370
-1.62228436267343,-1.91038972185998,-1.33333279054184,"High-income","Diarrheal diseases","Deaths","Both","Clostridium difficile","ass",370
0.235589047142115,0.0875533894338476,0.383843658708405,"Latin America and Caribbean","Diarrheal diseases","Deaths","Both","Clostridium difficile","ass",370
0.771405599832309,0.400261454931572,1.14392173295597,"North Africa and Middle East","Diarrheal diseases","Deaths","Both","Clostridium difficile","ass",370
1.5388550257815,1.28990651424068,1.78841539849914,"South Asia","Diarrheal diseases","Deaths","Both","Clostridium difficile","ass",370
0.0957195530196353,-0.144871432912308,0.336890218967456,"Southeast Asia, East Asia, and Oceania","Diarrheal diseases","Deaths","Both","Clostridium difficile","ass",370
0.21532703579572,-0.0583268894326694,0.489730262776455,"Sub-Saharan Africa","Diarrheal diseases","Deaths","Both","Clostridium difficile","ass",370
-0.182447070008818,-0.423641184409618,0.0593312654010081,"Central Europe, Eastern Europe, and Central Asia","Diarrheal diseases","Deaths","Both","Clostridium difficile","ass",371
0.654270591481421,0.469009738898007,0.839873057698637,"Global","Diarrheal diseases","Deaths","Both","Clostridium difficile","ass",371
-1.56798902058314,-1.84946080188864,-1.28571004693494,"High-income","Diarrheal diseases","Deaths","Both","Clostridium difficile","ass",371
0.185900063769306,0.052883653745428,0.31909331392701,"Latin America and Caribbean","Diarrheal diseases","Deaths","Both","Clostridium difficile","ass",371
0.9372463164107,0.676485063027243,1.19868296515808,"North Africa and Middle East","Diarrheal diseases","Deaths","Both","Clostridium difficile","ass",371
1.52673729355257,1.28805633851619,1.76598069000957,"South Asia","Diarrheal diseases","Deaths","Both","Clostridium difficile","ass",371
0.191983954053243,-0.0203908356939397,0.404809866301292,"Southeast Asia, East Asia, and Oceania","Diarrheal diseases","Deaths","Both","Clostridium difficile","ass",371
0.369534923875547,0.060771927963299,0.679250686649469,"Sub-Saharan Africa","Diarrheal diseases","Deaths","Both","Clostridium difficile","ass",371
-0.210659528595281,-0.447840008713052,0.027086027962353,"Central Europe, Eastern Europe, and Central Asia","Diarrheal diseases","Deaths","Both","Clostridium difficile","ass",372
0.798637452527551,0.637880121658752,0.959651574570786,"Global","Diarrheal diseases","Deaths","Both","Clostridium difficile","ass",372
-1.59000883276547,-1.87405745761406,-1.30513796234971,"High-income","Diarrheal diseases","Deaths","Both","Clostridium difficile","ass",372
0.147745872420835,-0.00615269726583767,0.301881304378449,"Latin America and Caribbean","Diarrheal diseases","Deaths","Both","Clostridium difficile","ass",372
0.802016370504544,0.475160321246881,1.12993571616893,"North Africa and Middle East","Diarrheal diseases","Deaths","Both","Clostridium difficile","ass",372
1.49391210833754,1.23170004546223,1.75680335733621,"South Asia","Diarrheal diseases","Deaths","Both","Clostridium difficile","ass",372
0.411613381427767,0.16092972142363,0.662924454711389,"Southeast Asia, East Asia, and Oceania","Diarrheal diseases","Deaths","Both","Clostridium difficile","ass",372
0.257386101757806,0.00896266213363806,0.506426628128098,"Sub-Saharan Africa","Diarrheal diseases","Deaths","Both","Clostridium difficile","ass",372
-0.239088891910555,-0.477422001360706,-0.000185030856059143,"Central Europe, Eastern Europe, and Central Asia","Diarrheal diseases","Deaths","Both","Clostridium difficile","ass",373
0.791482903790919,0.620557143792277,0.962699018129287,"Global","Diarrheal diseases","Deaths","Both","Clostridium difficile","ass",373
-1.63361153471102,-1.99150227788503,-1.27441390706243,"High-income","Diarrheal diseases","Deaths","Both","Clostridium difficile","ass",373
0.229861348460947,0.0776359005463911,0.382318342482502,"Latin America and Caribbean","Diarrheal diseases","Deaths","Both","Clostridium difficile","ass",373
0.746813346832553,0.44301631937409,1.05152922994944,"North Africa and Middle East","Diarrheal diseases","Deaths","Both","Clostridium difficile","ass",373
1.41784766214033,1.22228347216016,1.61378968742605,"South Asia","Diarrheal diseases","Deaths","Both","Clostridium difficile","ass",373
0.321200641236796,0.0984782672953655,0.544418579713413,"Southeast Asia, East Asia, and Oceania","Diarrheal diseases","Deaths","Both","Clostridium difficile","ass",373
0.336251734436943,0.102390294934618,0.570659526256367,"Sub-Saharan Africa","Diarrheal diseases","Deaths","Both","Clostridium difficile","ass",373
-0.062348883568486,-0.283640576795929,0.159433902733097,"Central Europe, Eastern Europe, and Central Asia","Diarrheal diseases","Deaths","Both","Clostridium difficile","ass",374
0.868169493059323,0.700068301790724,1.0365512999321,"Global","Diarrheal diseases","Deaths","Both","Clostridium difficile","ass",374
-1.47368019662931,-1.75296481746265,-1.19360165973235,"High-income","Diarrheal diseases","Deaths","Both","Clostridium difficile","ass",374
0.157415779065206,0.00450999476806491,0.310555354607112,"Latin America and Caribbean","Diarrheal diseases","Deaths","Both","Clostridium difficile","ass",374
0.76564855588972,0.401119644920045,1.13150097129242,"North Africa and Middle East","Diarrheal diseases","Deaths","Both","Clostridium difficile","ass",374
1.45878494208609,1.25255275717979,1.66543718271377,"South Asia","Diarrheal diseases","Deaths","Both","Clostridium difficile","ass",374
0.22879231340498,0.0150108968376639,0.443030686319723,"Southeast Asia, East Asia, and Oceania","Diarrheal diseases","Deaths","Both","Clostridium difficile","ass",374
0.044875856119253,-0.287078307533994,0.377935127966045,"Sub-Saharan Africa","Diarrheal diseases","Deaths","Both","Clostridium difficile","ass",374
-0.0785068080923157,-0.315736949836909,0.159287897590765,"Central Europe, Eastern Europe, and Central Asia","Diarrheal diseases","Deaths","Both","Clostridium difficile","ass",375
0.8679996394656,0.68211290848752,1.05422956821493,"Global","Diarrheal diseases","Deaths","Both","Clostridium difficile","ass",375
-1.62867948311248,-1.86495349392762,-1.39183660918294,"High-income","Diarrheal diseases","Deaths","Both","Clostridium difficile","ass",375
0.272705499703196,0.0968295827725285,0.448890440788619,"Latin America and Caribbean","Diarrheal diseases","Deaths","Both","Clostridium difficile","ass",375
0.875860033946441,0.611996471202936,1.14041560144271,"North Africa and Middle East","Diarrheal diseases","Deaths","Both","Clostridium difficile","ass",375
1.53857933805497,1.33730623114516,1.74025220755043,"South Asia","Diarrheal diseases","Deaths","Both","Clostridium difficile","ass",375
0.167190250704574,-0.0588527780150949,0.393744534820595,"Southeast Asia, East Asia, and Oceania","Diarrheal diseases","Deaths","Both","Clostridium difficile","ass",375
0.259253298091244,0.024281487875033,0.494777091793619,"Sub-Saharan Africa","Diarrheal diseases","Deaths","Both","Clostridium difficile","ass",375
-0.0742338204647752,-0.36927356382751,0.221679633782923,"Central Europe, Eastern Europe, and Central Asia","Diarrheal diseases","Deaths","Both","Clostridium difficile","ass",376
0.775990891335088,0.593076173930607,0.95923821407502,"Global","Diarrheal diseases","Deaths","Both","Clostridium difficile","ass",376
-1.64850461067041,-1.89691482428361,-1.39946538896721,"High-income","Diarrheal diseases","Deaths","Both","Clostridium difficile","ass",376
0.234084014011082,0.0966203788489439,0.371736429283076,"Latin America and Caribbean","Diarrheal diseases","Deaths","Both","Clostridium difficile","ass",376
0.925037305832754,0.677856262753962,1.17282521987927,"North Africa and Middle East","Diarrheal diseases","Deaths","Both","Clostridium difficile","ass",376
1.48586798116848,1.27934286611853,1.69281423464549,"South Asia","Diarrheal diseases","Deaths","Both","Clostridium difficile","ass",376
0.176670053589412,-0.0481085589139507,0.401954163526685,"Southeast Asia, East Asia, and Oceania","Diarrheal diseases","Deaths","Both","Clostridium difficile","ass",376
0.288267682508248,0.0158615910471616,0.56141570707362,"Sub-Saharan Africa","Diarrheal diseases","Deaths","Both","Clostridium difficile","ass",376
-0.107178113065465,-0.361666072548517,0.147959838433409,"Central Europe, Eastern Europe, and Central Asia","Diarrheal diseases","Deaths","Both","Clostridium difficile","ass",377
0.866812289937924,0.69408168453815,1.03983919737991,"Global","Diarrheal diseases","Deaths","Both","Clostridium difficile","ass",377
-1.57043773045307,-1.8257499712622,-1.31446152388623,"High-income","Diarrheal diseases","Deaths","Both","Clostridium difficile","ass",377
0.183805391197955,0.0568256577884618,0.310946271561585,"Latin America and Caribbean","Diarrheal diseases","Deaths","Both","Clostridium difficile","ass",377
0.834370449564714,0.560554153573389,1.10893231984788,"North Africa and Middle East","Diarrheal diseases","Deaths","Both","Clostridium difficile","ass",377
1.48243725730031,1.2691502247592,1.69617350224371,"South Asia","Diarrheal diseases","Deaths","Both","Clostridium difficile","ass",377
0.199898579842328,-0.0464866616028514,0.446891160491258,"Southeast Asia, East Asia, and Oceania","Diarrheal diseases","Deaths","Both","Clostridium difficile","ass",377
0.214611216404736,-0.0349455670143661,0.464791003417497,"Sub-Saharan Africa","Diarrheal diseases","Deaths","Both","Clostridium difficile","ass",377
-0.0290103249156459,-0.273009800720736,0.215586138165147,"Central Europe, Eastern Europe, and Central Asia","Diarrheal diseases","Deaths","Both","Clostridium difficile","ass",378
0.833954679415916,0.676140752702548,0.992015985848838,"Global","Diarrheal diseases","Deaths","Both","Clostridium difficile","ass",378
-1.62003610981698,-1.85778862389829,-1.3817076329857,"High-income","Diarrheal diseases","Deaths","Both","Clostridium difficile","ass",378
0.223301312816448,0.0910584152354232,0.355718933137328,"Latin America and Caribbean","Diarrheal diseases","Deaths","Both","Clostridium difficile","ass",378
0.671083449669263,0.408345690121714,0.934508713127147,"North Africa and Middle East","Diarrheal diseases","Deaths","Both","Clostridium difficile","ass",378
1.54014825701363,1.32811682678846,1.75262336791511,"South Asia","Diarrheal diseases","Deaths","Both","Clostridium difficile","ass",378
0.324385516149306,0.126959893134848,0.52220041370743,"Southeast Asia, East Asia, and Oceania","Diarrheal diseases","Deaths","Both","Clostridium difficile","ass",378
0.109326563497247,-0.188910767175365,0.408455032680499,"Sub-Saharan Africa","Diarrheal diseases","Deaths","Both","Clostridium difficile","ass",378
-0.0947148356007066,-0.316820953251151,0.127886161205559,"Central Europe, Eastern Europe, and Central Asia","Diarrheal diseases","Deaths","Both","Clostridium difficile","ass",379
0.787122752467906,0.615437193530788,0.959101267754159,"Global","Diarrheal diseases","Deaths","Both","Clostridium difficile","ass",379
-1.68990163183769,-1.94027514548989,-1.43888884557452,"High-income","Diarrheal diseases","Deaths","Both","Clostridium difficile","ass",379
0.0860573594376968,-0.0690926072448583,0.241448207673201,"Latin America and Caribbean","Diarrheal diseases","Deaths","Both","Clostridium difficile","ass",379
0.869074581395313,0.602352891232893,1.13650341664886,"North Africa and Middle East","Diarrheal diseases","Deaths","Both","Clostridium difficile","ass",379
1.56425873225829,1.37363410960656,1.75524180853639,"South Asia","Diarrheal diseases","Deaths","Both","Clostridium difficile","ass",379
0.25144057464046,0.0287391092842926,0.47463785692996,"Southeast Asia, East Asia, and Oceania","Diarrheal diseases","Deaths","Both","Clostridium difficile","ass",379
0.219357412190968,-0.0417033521352805,0.48109998808219,"Sub-Saharan Africa","Diarrheal diseases","Deaths","Both","Clostridium difficile","ass",379
-0.0917234277425183,-0.305579241316944,0.122591130751148,"Central Europe, Eastern Europe, and Central Asia","Diarrheal diseases","Deaths","Both","Clostridium difficile","ass",380
0.793150113874863,0.625821894321166,0.960756579434729,"Global","Diarrheal diseases","Deaths","Both","Clostridium difficile","ass",380
-1.68765616808494,-1.95547098999013,-1.41910979308284,"High-income","Diarrheal diseases","Deaths","Both","Clostridium difficile","ass",380
0.152093211470783,0.0395721977298757,0.264740784914586,"Latin America and Caribbean","Diarrheal diseases","Deaths","Both","Clostridium difficile","ass",380
0.793239630651232,0.544510200471326,1.04258437368423,"North Africa and Middle East","Diarrheal diseases","Deaths","Both","Clostridium difficile","ass",380
1.30399837995625,1.12013400542688,1.48819707077736,"South Asia","Diarrheal diseases","Deaths","Both","Clostridium difficile","ass",380
0.269476223617859,0.0633675970400205,0.476009388835275,"Southeast Asia, East Asia, and Oceania","Diarrheal diseases","Deaths","Both","Clostridium difficile","ass",380
0.168876313650168,-0.0511444338038292,0.389381400109712,"Sub-Saharan Africa","Diarrheal diseases","Deaths","Both","Clostridium difficile","ass",380
0.0510934303177946,-0.197822437727169,0.300630117576128,"Central Europe, Eastern Europe, and Central Asia","Diarrheal diseases","Deaths","Both","Clostridium difficile","ass",381
0.759374973816307,0.597411119744673,0.921599592948708,"Global","Diarrheal diseases","Deaths","Both","Clostridium difficile","ass",381
-1.60966179118442,-1.91101570482971,-1.30738204288073,"High-income","Diarrheal diseases","Deaths","Both","Clostridium difficile","ass",381
0.136121230934783,-0.000842316157290135,0.273272369739264,"Latin America and Caribbean","Diarrheal diseases","Deaths","Both","Clostridium difficile","ass",381
0.776459325058743,0.458155906907853,1.09577129313863,"North Africa and Middle East","Diarrheal diseases","Deaths","Both","Clostridium difficile","ass",381
1.56878977979609,1.34838545489373,1.7896734223138,"South Asia","Diarrheal diseases","Deaths","Both","Clostridium difficile","ass",381
0.276978806318384,0.0622865129866979,0.492131740541102,"Southeast Asia, East Asia, and Oceania","Diarrheal diseases","Deaths","Both","Clostridium difficile","ass",381
0.0463418052705222,-0.256609959730325,0.350213729210025,"Sub-Saharan Africa","Diarrheal diseases","Deaths","Both","Clostridium difficile","ass",381
-0.121007907659521,-0.373050852915924,0.131672672762839,"Central Europe, Eastern Europe, and Central Asia","Diarrheal diseases","Deaths","Both","Clostridium difficile","ass",382
0.934199076152065,0.78789717544363,1.080713346071,"Global","Diarrheal diseases","Deaths","Both","Clostridium difficile","ass",382
-1.50613816220946,-1.81315406030038,-1.19816227033547,"High-income","Diarrheal diseases","Deaths","Both","Clostridium difficile","ass",382
0.261199518121225,0.127254170888236,0.395324050893597,"Latin America and Caribbean","Diarrheal diseases","Deaths","Both","Clostridium difficile","ass",382
0.895790167563382,0.519458221031677,1.27353105258805,"North Africa and Middle East","Diarrheal diseases","Deaths","Both","Clostridium difficile","ass",382
1.5579633746436,1.34332116556928,1.77306018967898,"South Asia","Diarrheal diseases","Deaths","Both","Clostridium difficile","ass",382
0.273086039639048,0.0430026153729335,0.503698620175363,"Southeast Asia, East Asia, and Oceania","Diarrheal diseases","Deaths","Both","Clostridium difficile","ass",382
0.318863804311631,-0.000219624701658372,0.638965377907708,"Sub-Saharan Africa","Diarrheal diseases","Deaths","Both","Clostridium difficile","ass",382
-0.0836942284473841,-0.332770082246836,0.166004084519389,"Central Europe, Eastern Europe, and Central Asia","Diarrheal diseases","Deaths","Both","Clostridium difficile","ass",383
0.787431332628308,0.597649001949763,0.97757169685333,"Global","Diarrheal diseases","Deaths","Both","Clostridium difficile","ass",383
-1.63152773214466,-1.91105836756864,-1.35120049952184,"High-income","Diarrheal diseases","Deaths","Both","Clostridium difficile","ass",383
0.203300557683184,0.0480985912178156,0.358743284849994,"Latin America and Caribbean","Diarrheal diseases","Deaths","Both","Clostridium difficile","ass",383
0.863378753366595,0.604399900536134,1.12302427729971,"North Africa and Middle East","Diarrheal diseases","Deaths","Both","Clostridium difficile","ass",383
1.37475519521977,1.16889448084652,1.58103479954868,"South Asia","Diarrheal diseases","Deaths","Both","Clostridium difficile","ass",383
0.242420905291674,-0.0178545492794835,0.503373913959604,"Southeast Asia, East Asia, and Oceania","Diarrheal diseases","Deaths","Both","Clostridium difficile","ass",383
0.491610207107174,0.259735168582642,0.724021513091433,"Sub-Saharan Africa","Diarrheal diseases","Deaths","Both","Clostridium difficile","ass",383
0.0519360922174972,-0.176553295450022,0.280948477256882,"Central Europe, Eastern Europe, and Central Asia","Diarrheal diseases","Deaths","Both","Clostridium difficile","ass",384
0.948850819757219,0.763636416494906,1.13440566701692,"Global","Diarrheal diseases","Deaths","Both","Clostridium difficile","ass",384
-1.58433030226026,-1.83813031236915,-1.3298740857717,"High-income","Diarrheal diseases","Deaths","Both","Clostridium difficile","ass",384
0.242028427551499,0.108291698669971,0.375943818083813,"Latin America and Caribbean","Diarrheal diseases","Deaths","Both","Clostridium difficile","ass",384
0.751346701893829,0.425371280637798,1.07838022205362,"North Africa and Middle East","Diarrheal diseases","Deaths","Both","Clostridium difficile","ass",384
1.48308105017336,1.25497241781998,1.71170356887635,"South Asia","Diarrheal diseases","Deaths","Both","Clostridium difficile","ass",384
0.102887486413739,-0.166068669921748,0.372568220185654,"Southeast Asia, East Asia, and Oceania","Diarrheal diseases","Deaths","Both","Clostridium difficile","ass",384
0.286844804558428,0.0124256540691592,0.562016920188424,"Sub-Saharan Africa","Diarrheal diseases","Deaths","Both","Clostridium difficile","ass",384
-0.181306789760538,-0.433967747866015,0.0719953263614626,"Central Europe, Eastern Europe, and Central Asia","Diarrheal diseases","Deaths","Both","Clostridium difficile","ass",385
0.766773872365922,0.61206299128036,0.921722651930201,"Global","Diarrheal diseases","Deaths","Both","Clostridium difficile","ass",385
-1.48905695456206,-1.82018914095735,-1.15680795480252,"High-income","Diarrheal diseases","Deaths","Both","Clostridium difficile","ass",385
0.18833396821496,0.02871580444892,0.348206838422027,"Latin America and Caribbean","Diarrheal diseases","Deaths","Both","Clostridium difficile","ass",385
0.837570766028106,0.588599838074177,1.08715793203551,"North Africa and Middle East","Diarrheal diseases","Deaths","Both","Clostridium difficile","ass",385
1.51952533155673,1.33471359655104,1.70467412161672,"South Asia","Diarrheal diseases","Deaths","Both","Clostridium difficile","ass",385
0.449868979463086,0.253403022445942,0.646719949568109,"Southeast Asia, East Asia, and Oceania","Diarrheal diseases","Deaths","Both","Clostridium difficile","ass",385
0.165339041888424,-0.0889936948877401,0.42031920624428,"Sub-Saharan Africa","Diarrheal diseases","Deaths","Both","Clostridium difficile","ass",385
-0.230747811258092,-0.496203346578317,0.0354159044894331,"Central Europe, Eastern Europe, and Central Asia","Diarrheal diseases","Deaths","Both","Clostridium difficile","ass",386
0.895640656330166,0.73424762103893,1.05729227013323,"Global","Diarrheal diseases","Deaths","Both","Clostridium difficile","ass",386
-1.58866768635675,-1.86526657099917,-1.3112891904563,"High-income","Diarrheal diseases","Deaths","Both","Clostridium difficile","ass",386
0.197799275728117,0.0702810508897533,0.325479995340117,"Latin America and Caribbean","Diarrheal diseases","Deaths","Both","Clostridium difficile","ass",386
0.855866416042028,0.517374210346233,1.19549849406555,"North Africa and Middle East","Diarrheal diseases","Deaths","Both","Clostridium difficile","ass",386
1.51734477514396,1.2945052482191,1.7406745305826,"South Asia","Diarrheal diseases","Deaths","Both","Clostridium difficile","ass",386
0.215890442138678,0.0273541271073263,0.404782119384639,"Southeast Asia, East Asia, and Oceania","Diarrheal diseases","Deaths","Both","Clostridium difficile","ass",386
-0.0348511648730621,-0.451308799945094,0.383348702665498,"Sub-Saharan Africa","Diarrheal diseases","Deaths","Both","Clostridium difficile","ass",386
-0.126167752583761,-0.40152146003285,0.149947208102508,"Central Europe, Eastern Europe, and Central Asia","Diarrheal diseases","Deaths","Both","Clostridium difficile","ass",387
0.71666154024117,0.558262424025568,0.875310166337062,"Global","Diarrheal diseases","Deaths","Both","Clostridium difficile","ass",387
-1.55812170489916,-1.83471795821408,-1.28074609776633,"High-income","Diarrheal diseases","Deaths","Both","Clostridium difficile","ass",387
0.242191804184699,0.109905444144576,0.374652968915501,"Latin America and Caribbean","Diarrheal diseases","Deaths","Both","Clostridium difficile","ass",387
0.816684983461702,0.459895084259343,1.17474204536683,"North Africa and Middle East","Diarrheal diseases","Deaths","Both","Clostridium difficile","ass",387
1.54208998167715,1.3367971161268,1.74779873920203,"South Asia","Diarrheal diseases","Deaths","Both","Clostridium difficile","ass",387
0.180033285881964,-0.0451448747808669,0.405718727596582,"Southeast Asia, East Asia, and Oceania","Diarrheal diseases","Deaths","Both","Clostridium difficile","ass",387
0.169276154992559,-0.0899882130269591,0.429213308565002,"Sub-Saharan Africa","Diarrheal diseases","Deaths","Both","Clostridium difficile","ass",387
-0.0823764690724982,-0.339516286575725,0.175426809847745,"Central Europe, Eastern Europe, and Central Asia","Diarrheal diseases","Deaths","Both","Clostridium difficile","ass",388
0.879240549160398,0.721514989932026,1.03721309982887,"Global","Diarrheal diseases","Deaths","Both","Clostridium difficile","ass",388
-1.50556859107388,-1.73214870725187,-1.27846604005711,"High-income","Diarrheal diseases","Deaths","Both","Clostridium difficile","ass",388
0.179866884349633,0.0462366562979266,0.313675600253038,"Latin America and Caribbean","Diarrheal diseases","Deaths","Both","Clostridium difficile","ass",388
0.768662164227751,0.515907204279875,1.022052695913,"North Africa and Middle East","Diarrheal diseases","Deaths","Both","Clostridium difficile","ass",388
1.49644346110471,1.29444053903818,1.69884922048698,"South Asia","Diarrheal diseases","Deaths","Both","Clostridium difficile","ass",388
0.190303115066426,-0.04804836125053,0.429222978746835,"Southeast Asia, East Asia, and Oceania","Diarrheal diseases","Deaths","Both","Clostridium difficile","ass",388
0.396811420499121,0.188455854217895,0.605600290613895,"Sub-Saharan Africa","Diarrheal diseases","Deaths","Both","Clostridium difficile","ass",388
-0.137443118245573,-0.413968538955023,0.139850144169973,"Central Europe, Eastern Europe, and Central Asia","Diarrheal diseases","Deaths","Both","Clostridium difficile","ass",389
0.837213191558672,0.696011506478467,0.978612877687501,"Global","Diarrheal diseases","Deaths","Both","Clostridium difficile","ass",389
-1.63563805587515,-1.8914240734404,-1.37918515994415,"High-income","Diarrheal diseases","Deaths","Both","Clostridium difficile","ass",389
0.266448169043998,0.125520880131513,0.407573813985862,"Latin America and Caribbean","Diarrheal diseases","Deaths","Both","Clostridium difficile","ass",389
0.74464800367533,0.432859305569044,1.05740463391994,"North Africa and Middle East","Diarrheal diseases","Deaths","Both","Clostridium difficile","ass",389
1.54071892603793,1.29109647891472,1.79095654436843,"South Asia","Diarrheal diseases","Deaths","Both","Clostridium difficile","ass",389
0.206997689822352,-0.00909296817465099,0.423555342007753,"Southeast Asia, East Asia, and Oceania","Diarrheal diseases","Deaths","Both","Clostridium difficile","ass",389
0.203092419757422,-0.0495090715594504,0.456332302270002,"Sub-Saharan Africa","Diarrheal diseases","Deaths","Both","Clostridium difficile","ass",389
-0.154524508852316,-0.406758299719545,0.0983480993098196,"Central Europe, Eastern Europe, and Central Asia","Diarrheal diseases","Deaths","Both","Clostridium difficile","ass",390
0.896970936839181,0.729748007842645,1.0644714750677,"Global","Diarrheal diseases","Deaths","Both","Clostridium difficile","ass",390
-1.6458704264281,-1.92521580225459,-1.36572939410708,"High-income","Diarrheal diseases","Deaths","Both","Clostridium difficile","ass",390
0.178326725226396,0.05136857661312,0.305445974799379,"Latin America and Caribbean","Diarrheal diseases","Deaths","Both","Clostridium difficile","ass",390
0.798248790360834,0.507706064477476,1.08963140284464,"North Africa and Middle East","Diarrheal diseases","Deaths","Both","Clostridium difficile","ass",390
1.52922337076595,1.3194727193117,1.73940824611227,"South Asia","Diarrheal diseases","Deaths","Both","Clostridium difficile","ass",390
0.112986024982153,-0.132664997617937,0.359241293454038,"Southeast Asia, East Asia, and Oceania","Diarrheal diseases","Deaths","Both","Clostridium difficile","ass",390
0.23728063863353,-0.00211943593143582,0.477253849302772,"Sub-Saharan Africa","Diarrheal diseases","Deaths","Both","Clostridium difficile","ass",390
-0.266953967549199,-0.539437498766693,0.00627606331515818,"Central Europe, Eastern Europe, and Central Asia","Diarrheal diseases","Deaths","Both","Clostridium difficile","ass",391
0.763369882406417,0.606141103281232,0.920844381014652,"Global","Diarrheal diseases","Deaths","Both","Clostridium difficile","ass",391
-1.54544842948952,-1.79914365474656,-1.2910977998937,"High-income","Diarrheal diseases","Deaths","Both","Clostridium difficile","ass",391
0.202688439717913,0.0442189074464583,0.361408986919898,"Latin America and Caribbean","Diarrheal diseases","Deaths","Both","Clostridium difficile","ass",391
0.786254910890927,0.411704909612221,1.16220203717199,"North Africa and Middle East","Diarrheal diseases","Deaths","Both","Clostridium difficile","ass",391
1.44107042163335,1.21059521386964,1.67207046398858,"South Asia","Diarrheal diseases","Deaths","Both","Clostridium difficile","ass",391
0.124365698944673,-0.103752237740917,0.353004554025138,"Southeast Asia, East Asia, and Oceania","Diarrheal diseases","Deaths","Both","Clostridium difficile","ass",391
-0.219306684285447,-0.639418795925317,0.202581727213036,"Sub-Saharan Africa","Diarrheal diseases","Deaths","Both","Clostridium difficile","ass",391
-0.225602000728997,-0.480286763068938,0.0297345352752609,"Central Europe, Eastern Europe, and Central Asia","Diarrheal diseases","Deaths","Both","Clostridium difficile","ass",392
0.805103258954643,0.627962026838347,0.982556323045736,"Global","Diarrheal diseases","Deaths","Both","Clostridium difficile","ass",392
-1.60145103875754,-1.83072284963802,-1.37164376948528,"High-income","Diarrheal diseases","Deaths","Both","Clostridium difficile","ass",392
0.138322452397865,0.00255894497456222,0.274270272404187,"Latin America and Caribbean","Diarrheal diseases","Deaths","Both","Clostridium difficile","ass",392
0.772110577784568,0.51889578682176,1.02596323618374,"North Africa and Middle East","Diarrheal diseases","Deaths","Both","Clostridium difficile","ass",392
1.45478454932488,1.25786267809209,1.65208938561683,"South Asia","Diarrheal diseases","Deaths","Both","Clostridium difficile","ass",392
0.444754222817667,0.231495864617925,0.658466321899431,"Southeast Asia, East Asia, and Oceania","Diarrheal diseases","Deaths","Both","Clostridium difficile","ass",392
0.210929090715561,-0.0541548253501611,0.476716082356199,"Sub-Saharan Africa","Diarrheal diseases","Deaths","Both","Clostridium difficile","ass",392
-0.150269194124142,-0.415116708959529,0.115282686713347,"Central Europe, Eastern Europe, and Central Asia","Diarrheal diseases","Deaths","Both","Clostridium difficile","ass",393
0.81104908927998,0.651895874984376,0.970453960490714,"Global","Diarrheal diseases","Deaths","Both","Clostridium difficile","ass",393
-1.62579369497506,-1.87991867977183,-1.37101054207418,"High-income","Diarrheal diseases","Deaths","Both","Clostridium difficile","ass",393
0.306888751499934,0.157255056189731,0.456745997692787,"Latin America and Caribbean","Diarrheal diseases","Deaths","Both","Clostridium difficile","ass",393
0.763713647474806,0.459127135941073,1.06922364844799,"North Africa and Middle East","Diarrheal diseases","Deaths","Both","Clostridium difficile","ass",393
1.59122409563826,1.37414477718882,1.80876826072687,"South Asia","Diarrheal diseases","Deaths","Both","Clostridium difficile","ass",393
0.320891792704114,0.143405952874542,0.498692193667716,"Southeast Asia, East Asia, and Oceania","Diarrheal diseases","Deaths","Both","Clostridium difficile","ass",393
0.27224598133746,0.017874719058586,0.527264175369835,"Sub-Saharan Africa","Diarrheal diseases","Deaths","Both","Clostridium difficile","ass",393
0.00368596516837627,-0.2844090543205,0.292613339351933,"Central Europe, Eastern Europe, and Central Asia","Diarrheal diseases","Deaths","Both","Clostridium difficile","ass",394
0.953214183328321,0.797426456210348,1.10924268857697,"Global","Diarrheal diseases","Deaths","Both","Clostridium difficile","ass",394
-1.49230658432087,-1.75108077093277,-1.23285082197071,"High-income","Diarrheal diseases","Deaths","Both","Clostridium difficile","ass",394
0.20613778964178,0.0870704305217629,0.325346795789194,"Latin America and Caribbean","Diarrheal diseases","Deaths","Both","Clostridium difficile","ass",394
0.894704020948689,0.597836147051112,1.19244796274125,"North Africa and Middle East","Diarrheal diseases","Deaths","Both","Clostridium difficile","ass",394
1.39201637390005,1.12694421442159,1.6577833358397,"South Asia","Diarrheal diseases","Deaths","Both","Clostridium difficile","ass",394
0.215599754389317,-0.010050216621138,0.441758955672689,"Southeast Asia, East Asia, and Oceania","Diarrheal diseases","Deaths","Both","Clostridium difficile","ass",394
0.270906691779693,0.0030561144449992,0.539474686507058,"Sub-Saharan Africa","Diarrheal diseases","Deaths","Both","Clostridium difficile","ass",394
-0.284713384376534,-0.501258737588028,-0.0676967499266823,"Central Europe, Eastern Europe, and Central Asia","Diarrheal diseases","Deaths","Both","Clostridium difficile","ass",395
0.766098413187488,0.600924961877713,0.931543057520856,"Global","Diarrheal diseases","Deaths","Both","Clostridium difficile","ass",395
-1.66369143125609,-1.90436306166378,-1.42242932776018,"High-income","Diarrheal diseases","Deaths","Both","Clostridium difficile","ass",395
0.100241367714782,-0.0354433198661463,0.236110223915609,"Latin America and Caribbean","Diarrheal diseases","Deaths","Both","Clostridium difficile","ass",395
1.01087019428192,0.706292080561788,1.31636948010998,"North Africa and Middle East","Diarrheal diseases","Deaths","Both","Clostridium difficile","ass",395
1.48378538646279,1.28032086935062,1.68765864842657,"South Asia","Diarrheal diseases","Deaths","Both","Clostridium difficile","ass",395
0.0794961766954705,-0.17829270285894,0.337950794276431,"Southeast Asia, East Asia, and Oceania","Diarrheal diseases","Deaths","Both","Clostridium difficile","ass",395
0.127382787524177,-0.255427669813624,0.511662436045235,"Sub-Saharan Africa","Diarrheal diseases","Deaths","Both","Clostridium difficile","ass",395
0.00471025942925252,-0.238944542355157,0.248960159793543,"Central Europe, Eastern Europe, and Central Asia","Diarrheal diseases","Deaths","Both","Clostridium difficile","ass",396
0.719407661904925,0.585153297121543,0.853841220474583,"Global","Diarrheal diseases","Deaths","Both","Clostridium difficile","ass",396
-1.66396321171757,-1.86159996544665,-1.46592844572814,"High-income","Diarrheal diseases","Deaths","Both","Clostridium difficile","ass",396
0.183273981289434,0.0466048378714001,0.320129822245008,"Latin America and Caribbean","Diarrheal diseases","Deaths","Both","Clostridium difficile","ass",396
0.759161795344387,0.473884580525108,1.04524900262726,"North Africa and Middle East","Diarrheal diseases","Deaths","Both","Clostridium difficile","ass",396
1.49272983630269,1.26821875014187,1.71773866231153,"South Asia","Diarrheal diseases","Deaths","Both","Clostridium difficile","ass",396
0.191295217613807,-0.0429659151654826,0.426105369067309,"Southeast Asia, East Asia, and Oceania","Diarrheal diseases","Deaths","Both","Clostridium difficile","ass",396
0.379544755899786,0.0972571129909117,0.662628487688965,"Sub-Saharan Africa","Diarrheal diseases","Deaths","Both","Clostridium difficile","ass",396
-0.126346739197802,-0.383011003183875,0.130978823077554,"Central Europe, Eastern Europe, and Central Asia","Diarrheal diseases","Deaths","Both","Clostridium difficile","ass",397
0.743753060913899,0.567007278114051,0.920809473139683,"Global","Diarrheal diseases","Deaths","Both","Clostridium difficile","ass",397
-1.61617858381836,-1.89406390775552,-1.33750614896484,"High-income","Diarrheal diseases","Deaths","Both","Clostridium difficile","ass",397
0.101857455500443,-0.0135232612141101,0.217371317318471,"Latin America and Caribbean","Diarrheal diseases","Deaths","Both","Clostridium difficile","ass",397
0.834209454481516,0.512781360454628,1.15666543787958,"North Africa and Middle East","Diarrheal diseases","Deaths","Both","Clostridium difficile","ass",397
1.48597817775946,1.26238847780642,1.71006156895046,"South Asia","Diarrheal diseases","Deaths","Both","Clostridium difficile","ass",397
0.281384104135585,0.0788057821447641,0.484372482743489,"Southeast Asia, East Asia, and Oceania","Diarrheal diseases","Deaths","Both","Clostridium difficile","ass",397
-0.390955402004622,-0.869021198700581,0.0894158990728533,"Sub-Saharan Africa","Diarrheal diseases","Deaths","Both","Clostridium difficile","ass",397
-0.0278896290462516,-0.288163218827908,0.23306334187736,"Central Europe, Eastern Europe, and Central Asia","Diarrheal diseases","Deaths","Both","Clostridium difficile","ass",398
0.78582376106775,0.624155678471339,0.947751588143531,"Global","Diarrheal diseases","Deaths","Both","Clostridium difficile","ass",398
-1.67588714409124,-1.92500633497155,-1.42613516834961,"High-income","Diarrheal diseases","Deaths","Both","Clostridium difficile","ass",398
0.264779721851793,0.13000635277165,0.399734493706916,"Latin America and Caribbean","Diarrheal diseases","Deaths","Both","Clostridium difficile","ass",398
0.881110257827067,0.489235847315528,1.2745128474746,"North Africa and Middle East","Diarrheal diseases","Deaths","Both","Clostridium difficile","ass",398
1.48330523443463,1.26229800130304,1.70479482080195,"South Asia","Diarrheal diseases","Deaths","Both","Clostridium difficile","ass",398
0.221745363318826,0.0278281864948049,0.416038474241875,"Southeast Asia, East Asia, and Oceania","Diarrheal diseases","Deaths","Both","Clostridium difficile","ass",398
0.429646670731509,0.174784049305199,0.685157708387707,"Sub-Saharan Africa","Diarrheal diseases","Deaths","Both","Clostridium difficile","ass",398
-0.198319302920669,-0.446857205574125,0.0508390832988592,"Central Europe, Eastern Europe, and Central Asia","Diarrheal diseases","Deaths","Both","Clostridium difficile","ass",399
0.830467603913787,0.653785971173182,1.00745937301983,"Global","Diarrheal diseases","Deaths","Both","Clostridium difficile","ass",399
-1.53949685815121,-1.83053924567376,-1.24759161907907,"High-income","Diarrheal diseases","Deaths","Both","Clostridium difficile","ass",399
0.274446847597343,0.107985554640955,0.44118493527594,"Latin America and Caribbean","Diarrheal diseases","Deaths","Both","Clostridium difficile","ass",399
0.906295757442876,0.603977322590343,1.20952266965866,"North Africa and Middle East","Diarrheal diseases","Deaths","Both","Clostridium difficile","ass",399
1.55048472759309,1.31411042859924,1.78741050760955,"South Asia","Diarrheal diseases","Deaths","Both","Clostridium difficile","ass",399
0.267778842862376,0.0685563301346948,0.467397979774842,"Southeast Asia, East Asia, and Oceania","Diarrheal diseases","Deaths","Both","Clostridium difficile","ass",399
0.11095340632743,-0.17215264064937,0.394862325808809,"Sub-Saharan Africa","Diarrheal diseases","Deaths","Both","Clostridium difficile","ass",399
-0.111236755235433,-0.361090394255159,0.139243414535972,"Central Europe, Eastern Europe, and Central Asia","Diarrheal diseases","Deaths","Both","Clostridium difficile","ass",400
0.860424806120297,0.687055654006863,1.0340924758804,"Global","Diarrheal diseases","Deaths","Both","Clostridium difficile","ass",400
-1.52255961869516,-1.76734836370777,-1.27716087763046,"High-income","Diarrheal diseases","Deaths","Both","Clostridium difficile","ass",400
0.182345531597705,0.042660514861792,0.322225584169344,"Latin America and Caribbean","Diarrheal diseases","Deaths","Both","Clostridium difficile","ass",400
0.81726975392149,0.533515402267093,1.10182499801221,"North Africa and Middle East","Diarrheal diseases","Deaths","Both","Clostridium difficile","ass",400
1.5175385925192,1.33267941087627,1.70273500907232,"South Asia","Diarrheal diseases","Deaths","Both","Clostridium difficile","ass",400
0.267751670760008,0.0266198503693804,0.509464781959923,"Southeast Asia, East Asia, and Oceania","Diarrheal diseases","Deaths","Both","Clostridium difficile","ass",400
0.141695020498545,-0.0986535338937666,0.382621819625695,"Sub-Saharan Africa","Diarrheal diseases","Deaths","Both","Clostridium difficile","ass",400
-0.113751900237036,-0.425063952306592,0.198533440870996,"Central Europe, Eastern Europe, and Central Asia","Diarrheal diseases","Deaths","Both","Clostridium difficile","ass",401
0.770894491422025,0.570544103741533,0.971644004693428,"Global","Diarrheal diseases","Deaths","Both","Clostridium difficile","ass",401
-1.6383411611214,-1.8307557827387,-1.44554940115588,"High-income","Diarrheal diseases","Deaths","Both","Clostridium difficile","ass",401
0.219275895659665,0.087254273955284,0.351471662500935,"Latin America and Caribbean","Diarrheal diseases","Deaths","Both","Clostridium difficile","ass",401
0.737073159914914,0.447864441382206,1.02711456596505,"North Africa and Middle East","Diarrheal diseases","Deaths","Both","Clostridium difficile","ass",401
1.61133616383453,1.42114293371502,1.80188605986942,"South Asia","Diarrheal diseases","Deaths","Both","Clostridium difficile","ass",401
0.204842107722847,-0.0232261608518525,0.433430648488131,"Southeast Asia, East Asia, and Oceania","Diarrheal diseases","Deaths","Both","Clostridium difficile","ass",401
0.163647444179671,-0.0862163072158029,0.414136053246983,"Sub-Saharan Africa","Diarrheal diseases","Deaths","Both","Clostridium difficile","ass",401
-0.192202952251508,-0.445151515086428,0.0613883012852146,"Central Europe, Eastern Europe, and Central Asia","Diarrheal diseases","Deaths","Both","Clostridium difficile","ass",402
0.743134510154531,0.545322766248502,0.941335426673984,"Global","Diarrheal diseases","Deaths","Both","Clostridium difficile","ass",402
-1.68189467567736,-1.90198659490156,-1.4613089599814,"High-income","Diarrheal diseases","Deaths","Both","Clostridium difficile","ass",402
0.126346221439655,-0.0348887755410865,0.287841276393941,"Latin America and Caribbean","Diarrheal diseases","Deaths","Both","Clostridium difficile","ass",402
0.810300465447211,0.543052591460058,1.07825869608567,"North Africa and Middle East","Diarrheal diseases","Deaths","Both","Clostridium difficile","ass",402
1.7208264614857,1.52029352963559,1.92175550583074,"South Asia","Diarrheal diseases","Deaths","Both","Clostridium difficile","ass",402
0.340949931231282,0.132844964394785,0.549487400282556,"Southeast Asia, East Asia, and Oceania","Diarrheal diseases","Deaths","Both","Clostridium difficile","ass",402
0.232258210374336,-0.0527121851885193,0.518041115492207,"Sub-Saharan Africa","Diarrheal diseases","Deaths","Both","Clostridium difficile","ass",402
-0.171737501145353,-0.390986950515448,0.0479945382994451,"Central Europe, Eastern Europe, and Central Asia","Diarrheal diseases","Deaths","Both","Clostridium difficile","ass",403
0.883449719110119,0.731707008556892,1.03542101558618,"Global","Diarrheal diseases","Deaths","Both","Clostridium difficile","ass",403
-1.55720450169307,-1.88365167907232,-1.22967118768681,"High-income","Diarrheal diseases","Deaths","Both","Clostridium difficile","ass",403
0.144826099252438,0.0212659943634508,0.268538842676547,"Latin America and Caribbean","Diarrheal diseases","Deaths","Both","Clostridium difficile","ass",403
0.738149652302034,0.48393427661948,0.99300817017145,"North Africa and Middle East","Diarrheal diseases","Deaths","Both","Clostridium difficile","ass",403
1.54957612439364,1.32195002478341,1.77771360027732,"South Asia","Diarrheal diseases","Deaths","Both","Clostridium difficile","ass",403
0.19181802689836,-0.0105043936688087,0.394549834087732,"Southeast Asia, East Asia, and Oceania","Diarrheal diseases","Deaths","Both","Clostridium difficile","ass",403
-0.00243588637479641,-0.309615757605897,0.305690510180745,"Sub-Saharan Africa","Diarrheal diseases","Deaths","Both","Clostridium difficile","ass",403
-0.144790877149092,-0.404035604548003,0.115128654988061,"Central Europe, Eastern Europe, and Central Asia","Diarrheal diseases","Deaths","Both","Clostridium difficile","ass",404
0.80066053428185,0.627096133089977,0.974524304157898,"Global","Diarrheal diseases","Deaths","Both","Clostridium difficile","ass",404
-1.48779465895029,-1.71560614134751,-1.25945513675474,"High-income","Diarrheal diseases","Deaths","Both","Clostridium difficile","ass",404
0.202473683457249,0.0625063515201862,0.34263680155564,"Latin America and Caribbean","Diarrheal diseases","Deaths","Both","Clostridium difficile","ass",404
0.85976452705363,0.541891675199202,1.1786423644744,"North Africa and Middle East","Diarrheal diseases","Deaths","Both","Clostridium difficile","ass",404
1.38926461862003,1.18003494237269,1.59892695984369,"South Asia","Diarrheal diseases","Deaths","Both","Clostridium difficile","ass",404
0.222175933654989,0.00296459528186244,0.441867793891304,"Southeast Asia, East Asia, and Oceania","Diarrheal diseases","Deaths","Both","Clostridium difficile","ass",404
0.11080421179277,-0.188581052394277,0.411087484818462,"Sub-Saharan Africa","Diarrheal diseases","Deaths","Both","Clostridium difficile","ass",404
-0.183769377596354,-0.457708165990534,0.0909232859438003,"Central Europe, Eastern Europe, and Central Asia","Diarrheal diseases","Deaths","Both","Clostridium difficile","ass",405
0.839584850517761,0.668580807163943,1.01087937559499,"Global","Diarrheal diseases","Deaths","Both","Clostridium difficile","ass",405
-1.55997289732694,-1.81098904457681,-1.30831503767396,"High-income","Diarrheal diseases","Deaths","Both","Clostridium difficile","ass",405
0.155945956866455,0.0224326741349534,0.289637457585545,"Latin America and Caribbean","Diarrheal diseases","Deaths","Both","Clostridium difficile","ass",405
0.802994954054093,0.480938456415458,1.12608369113301,"North Africa and Middle East","Diarrheal diseases","Deaths","Both","Clostridium difficile","ass",405
1.45942096931728,1.23053209268362,1.68882737872253,"South Asia","Diarrheal diseases","Deaths","Both","Clostridium difficile","ass",405
0.209157476409794,-0.0197232090388244,0.438562128883224,"Southeast Asia, East Asia, and Oceania","Diarrheal diseases","Deaths","Both","Clostridium difficile","ass",405
0.441789773688139,0.246077895811414,0.637883742714429,"Sub-Saharan Africa","Diarrheal diseases","Deaths","Both","Clostridium difficile","ass",405
-0.0768755593898662,-0.317664825430386,0.164495349030314,"Central Europe, Eastern Europe, and Central Asia","Diarrheal diseases","Deaths","Both","Clostridium difficile","ass",406
0.768721913853176,0.570353439593063,0.967481657013458,"Global","Diarrheal diseases","Deaths","Both","Clostridium difficile","ass",406
-1.5573114741591,-1.80202251846793,-1.31199060573024,"High-income","Diarrheal diseases","Deaths","Both","Clostridium difficile","ass",406
0.131770088885586,-0.0281963516677197,0.291992494232662,"Latin America and Caribbean","Diarrheal diseases","Deaths","Both","Clostridium difficile","ass",406
0.971554307461142,0.743526976524378,1.2000977654903,"North Africa and Middle East","Diarrheal diseases","Deaths","Both","Clostridium difficile","ass",406
1.58685418255657,1.38804334386309,1.7860548675108,"South Asia","Diarrheal diseases","Deaths","Both","Clostridium difficile","ass",406
0.218102995982816,-0.0261692869046315,0.462972124542405,"Southeast Asia, East Asia, and Oceania","Diarrheal diseases","Deaths","Both","Clostridium difficile","ass",406
0.148860072557766,-0.0656043999075373,0.363784797068156,"Sub-Saharan Africa","Diarrheal diseases","Deaths","Both","Clostridium difficile","ass",406
-0.0561097975803726,-0.325430065618038,0.213938172686889,"Central Europe, Eastern Europe, and Central Asia","Diarrheal diseases","Deaths","Both","Clostridium difficile","ass",407
0.721698490828437,0.532273595625532,0.911480304159595,"Global","Diarrheal diseases","Deaths","Both","Clostridium difficile","ass",407
-1.66363710338181,-1.90833439655864,-1.41832939376523,"High-income","Diarrheal diseases","Deaths","Both","Clostridium difficile","ass",407
0.286847943996804,0.126562217390691,0.447390260997937,"Latin America and Caribbean","Diarrheal diseases","Deaths","Both","Clostridium difficile","ass",407
0.827486230538632,0.544602206711065,1.11116615359084,"North Africa and Middle East","Diarrheal diseases","Deaths","Both","Clostridium difficile","ass",407
1.67078088460504,1.4362575469522,1.9058464464806,"South Asia","Diarrheal diseases","Deaths","Both","Clostridium difficile","ass",407
0.261241372255316,0.0500326017147446,0.472896011163892,"Southeast Asia, East Asia, and Oceania","Diarrheal diseases","Deaths","Both","Clostridium difficile","ass",407
0.289738170713405,0.0407994343642804,0.539296359274055,"Sub-Saharan Africa","Diarrheal diseases","Deaths","Both","Clostridium difficile","ass",407
-0.0853106655687941,-0.348853873053512,0.17892952358558,"Central Europe, Eastern Europe, and Central Asia","Diarrheal diseases","Deaths","Both","Clostridium difficile","ass",408
0.747852228079648,0.59171105582525,0.904235766881101,"Global","Diarrheal diseases","Deaths","Both","Clostridium difficile","ass",408
-1.52587431663783,-1.82997643241093,-1.22083018115793,"High-income","Diarrheal diseases","Deaths","Both","Clostridium difficile","ass",408
0.197261737323351,0.0296024221589919,0.365202065760584,"Latin America and Caribbean","Diarrheal diseases","Deaths","Both","Clostridium difficile","ass",408
0.751539393655798,0.445873814631459,1.05813513977064,"North Africa and Middle East","Diarrheal diseases","Deaths","Both","Clostridium difficile","ass",408
1.6495560963794,1.41342902926125,1.88623295253791,"South Asia","Diarrheal diseases","Deaths","Both","Clostridium difficile","ass",408
0.374094820311788,0.142696373690931,0.606027956361199,"Southeast Asia, East Asia, and Oceania","Diarrheal diseases","Deaths","Both","Clostridium difficile","ass",408
0.181669380326932,-0.0607227823672618,0.424649439613667,"Sub-Saharan Africa","Diarrheal diseases","Deaths","Both","Clostridium difficile","ass",408
-0.124235253509186,-0.350354904144734,0.102397495756601,"Central Europe, Eastern Europe, and Central Asia","Diarrheal diseases","Deaths","Both","Clostridium difficile","ass",409
0.918311075202038,0.75899447459078,1.07787958165417,"Global","Diarrheal diseases","Deaths","Both","Clostridium difficile","ass",409
-1.58181722215622,-1.8637472004484,-1.29907730349652,"High-income","Diarrheal diseases","Deaths","Both","Clostridium difficile","ass",409
0.0668745071388255,-0.105424567125068,0.239470764416572,"Latin America and Caribbean","Diarrheal diseases","Deaths","Both","Clostridium difficile","ass",409
0.745698925991856,0.487131704411636,1.00493147662408,"North Africa and Middle East","Diarrheal diseases","Deaths","Both","Clostridium difficile","ass",409
1.53835822851534,1.29815674466038,1.77912928594099,"South Asia","Diarrheal diseases","Deaths","Both","Clostridium difficile","ass",409
0.33354213961807,0.12418875830702,0.543333265682011,"Southeast Asia, East Asia, and Oceania","Diarrheal diseases","Deaths","Both","Clostridium difficile","ass",409
0.287032891205996,-0.00084923012335647,0.575743780731308,"Sub-Saharan Africa","Diarrheal diseases","Deaths","Both","Clostridium difficile","ass",409
-0.295459552039634,-0.537163432698728,-0.0531683086233303,"Central Europe, Eastern Europe, and Central Asia","Diarrheal diseases","Deaths","Both","Clostridium difficile","ass",410
0.858348823773825,0.700323483049781,1.01662214789504,"Global","Diarrheal diseases","Deaths","Both","Clostridium difficile","ass",410
-1.58872659374985,-1.83851437233694,-1.33830318975496,"High-income","Diarrheal diseases","Deaths","Both","Clostridium difficile","ass",410
0.212499903119068,0.0676802126227782,0.357529179194938,"Latin America and Caribbean","Diarrheal diseases","Deaths","Both","Clostridium difficile","ass",410
1.02072280014822,0.668291466254556,1.37438796689333,"North Africa and Middle East","Diarrheal diseases","Deaths","Both","Clostridium difficile","ass",410
1.5720303860328,1.34820543564111,1.79634964817081,"South Asia","Diarrheal diseases","Deaths","Both","Clostridium difficile","ass",410
0.370948976716434,0.126999213082768,0.615493100389286,"Southeast Asia, East Asia, and Oceania","Diarrheal diseases","Deaths","Both","Clostridium difficile","ass",410
0.0852454036338157,-0.172216186323126,0.343371001823423,"Sub-Saharan Africa","Diarrheal diseases","Deaths","Both","Clostridium difficile","ass",410
-0.250104910894167,-0.492568365880486,-0.00705066056685411,"Central Europe, Eastern Europe, and Central Asia","Diarrheal diseases","Deaths","Both","Clostridium difficile","ass",411
0.686004294385101,0.541648034809628,0.830567818612438,"Global","Diarrheal diseases","Deaths","Both","Clostridium difficile","ass",411
-1.6307901326401,-1.85397395990563,-1.40709878588793,"High-income","Diarrheal diseases","Deaths","Both","Clostridium difficile","ass",411
0.112902995220865,-0.024559480713926,0.250554476897391,"Latin America and Caribbean","Diarrheal diseases","Deaths","Both","Clostridium difficile","ass",411
0.81023683481436,0.533521497526945,1.08771382231307,"North Africa and Middle East","Diarrheal diseases","Deaths","Both","Clostridium difficile","ass",411
1.55388308890532,1.32169203784023,1.78660623416573,"South Asia","Diarrheal diseases","Deaths","Both","Clostridium difficile","ass",411
0.276817655355988,0.0993602831378615,0.454589626177615,"Southeast Asia, East Asia, and Oceania","Diarrheal diseases","Deaths","Both","Clostridium difficile","ass",411
0.332838481585962,0.105792742039967,0.560399174027637,"Sub-Saharan Africa","Diarrheal diseases","Deaths","Both","Clostridium difficile","ass",411
-0.0408177131178467,-0.293599632612862,0.212605074953198,"Central Europe, Eastern Europe, and Central Asia","Diarrheal diseases","Deaths","Both","Clostridium difficile","ass",412
0.858173015341213,0.680362026259318,1.0362980353543,"Global","Diarrheal diseases","Deaths","Both","Clostridium difficile","ass",412
-1.53733730285589,-1.85839020994211,-1.21523412800486,"High-income","Diarrheal diseases","Deaths","Both","Clostridium difficile","ass",412
0.0948999966927877,-0.0356344150537757,0.225604861505824,"Latin America and Caribbean","Diarrheal diseases","Deaths","Both","Clostridium difficile","ass",412
0.867520205370687,0.575939690415961,1.15994604373939,"North Africa and Middle East","Diarrheal diseases","Deaths","Both","Clostridium difficile","ass",412
1.65499138819889,1.40389449227665,1.90671005167218,"South Asia","Diarrheal diseases","Deaths","Both","Clostridium difficile","ass",412
0.132085400334914,-0.111715356192632,0.376481209716739,"Southeast Asia, East Asia, and Oceania","Diarrheal diseases","Deaths","Both","Clostridium difficile","ass",412
-0.00602802219136223,-0.338937612973644,0.327993625727174,"Sub-Saharan Africa","Diarrheal diseases","Deaths","Both","Clostridium difficile","ass",412
-0.138408409496793,-0.390597426465977,0.114419094388651,"Central Europe, Eastern Europe, and Central Asia","Diarrheal diseases","Deaths","Both","Clostridium difficile","ass",413
0.938489377884366,0.777454756338147,1.09978132037007,"Global","Diarrheal diseases","Deaths","Both","Clostridium difficile","ass",413
-1.55624293926668,-1.78924121724967,-1.32269188887653,"High-income","Diarrheal diseases","Deaths","Both","Clostridium difficile","ass",413
0.134918434701303,-0.023300497473222,0.293387757523078,"Latin America and Caribbean","Diarrheal diseases","Deaths","Both","Clostridium difficile","ass",413
0.835383402340106,0.496290235410979,1.17562073265665,"North Africa and Middle East","Diarrheal diseases","Deaths","Both","Clostridium difficile","ass",413
1.48662297544293,1.29470596225827,1.67890360229921,"South Asia","Diarrheal diseases","Deaths","Both","Clostridium difficile","ass",413
0.286642903752843,0.0671540512966917,0.506613186472626,"Southeast Asia, East Asia, and Oceania","Diarrheal diseases","Deaths","Both","Clostridium difficile","ass",413
0.238993712524072,-0.237232852619684,0.717493588120566,"Sub-Saharan Africa","Diarrheal diseases","Deaths","Both","Clostridium difficile","ass",413
-0.0409941296752647,-0.250755517946488,0.169208363089912,"Central Europe, Eastern Europe, and Central Asia","Diarrheal diseases","Deaths","Both","Clostridium difficile","ass",414
0.858588275427952,0.708605201982038,1.00879471531086,"Global","Diarrheal diseases","Deaths","Both","Clostridium difficile","ass",414
-1.56018843744777,-1.7957971938351,-1.32401441517059,"High-income","Diarrheal diseases","Deaths","Both","Clostridium difficile","ass",414
0.248842740906308,0.102791162614668,0.395107410793827,"Latin America and Caribbean","Diarrheal diseases","Deaths","Both","Clostridium difficile","ass",414
0.755615312899849,0.445382430770724,1.06680637188912,"North Africa and Middle East","Diarrheal diseases","Deaths","Both","Clostridium difficile","ass",414
1.38867334675181,1.21673956824562,1.56089918390676,"South Asia","Diarrheal diseases","Deaths","Both","Clostridium difficile","ass",414
0.149158157967144,-0.0839465958595631,0.382806746587194,"Southeast Asia, East Asia, and Oceania","Diarrheal diseases","Deaths","Both","Clostridium difficile","ass",414
0.296559741551761,0.0461721767356593,0.547573956356051,"Sub-Saharan Africa","Diarrheal diseases","Deaths","Both","Clostridium difficile","ass",414
-0.168649142073041,-0.449450181919342,0.112943949892741,"Central Europe, Eastern Europe, and Central Asia","Diarrheal diseases","Deaths","Both","Clostridium difficile","ass",415
0.811324098839372,0.640923882680999,0.982012828184486,"Global","Diarrheal diseases","Deaths","Both","Clostridium difficile","ass",415
-1.54018770966278,-1.77671735954105,-1.3030884771584,"High-income","Diarrheal diseases","Deaths","Both","Clostridium difficile","ass",415
0.245316095786996,0.104398442700249,0.3864321196273,"Latin America and Caribbean","Diarrheal diseases","Deaths","Both","Clostridium difficile","ass",415
0.697868462570583,0.422371898425955,0.974120818033608,"North Africa and Middle East","Diarrheal diseases","Deaths","Both","Clostridium difficile","ass",415
1.42972172204043,1.2069326969758,1.6530011774379,"South Asia","Diarrheal diseases","Deaths","Both","Clostridium difficile","ass",415
0.276763350225062,0.0463834340473701,0.507673769395045,"Southeast Asia, East Asia, and Oceania","Diarrheal diseases","Deaths","Both","Clostridium difficile","ass",415
0.165939530285986,-0.173024160651913,0.506054176492321,"Sub-Saharan Africa","Diarrheal diseases","Deaths","Both","Clostridium difficile","ass",415
-0.1297440207359,-0.395219545270542,0.136439072790973,"Central Europe, Eastern Europe, and Central Asia","Diarrheal diseases","Deaths","Both","Clostridium difficile","ass",416
0.861767059141805,0.674367269256382,1.04951568341478,"Global","Diarrheal diseases","Deaths","Both","Clostridium difficile","ass",416
-1.65934249477512,-1.93618315428552,-1.38172029572012,"High-income","Diarrheal diseases","Deaths","Both","Clostridium difficile","ass",416
0.132916133627092,-0.00898389318298998,0.275017534704491,"Latin America and Caribbean","Diarrheal diseases","Deaths","Both","Clostridium difficile","ass",416
0.913085320526941,0.632456243927426,1.19449697445362,"North Africa and Middle East","Diarrheal diseases","Deaths","Both","Clostridium difficile","ass",416
1.41807963975393,1.24279034248882,1.59367242863198,"South Asia","Diarrheal diseases","Deaths","Both","Clostridium difficile","ass",416
0.31168107320716,0.073209795126572,0.550720620763534,"Southeast Asia, East Asia, and Oceania","Diarrheal diseases","Deaths","Both","Clostridium difficile","ass",416
0.41128482594206,0.130713870863608,0.692641953991702,"Sub-Saharan Africa","Diarrheal diseases","Deaths","Both","Clostridium difficile","ass",416
-0.136147895651773,-0.377704266916723,0.105994182658664,"Central Europe, Eastern Europe, and Central Asia","Diarrheal diseases","Deaths","Both","Clostridium difficile","ass",417
0.855519370580304,0.678366917086271,1.03298353941836,"Global","Diarrheal diseases","Deaths","Both","Clostridium difficile","ass",417
-1.65374813230527,-1.88088396639963,-1.42608650171767,"High-income","Diarrheal diseases","Deaths","Both","Clostridium difficile","ass",417
0.132809494323816,-0.0206774265775977,0.286532046296539,"Latin America and Caribbean","Diarrheal diseases","Deaths","Both","Clostridium difficile","ass",417
0.896192439965149,0.575686856458346,1.21771938193609,"North Africa and Middle East","Diarrheal diseases","Deaths","Both","Clostridium difficile","ass",417
1.62975156236516,1.43053468350216,1.82935971753315,"South Asia","Diarrheal diseases","Deaths","Both","Clostridium difficile","ass",417
0.241480374167913,0.0140476894540109,0.469430242490221,"Southeast Asia, East Asia, and Oceania","Diarrheal diseases","Deaths","Both","Clostridium difficile","ass",417
0.41705237102323,0.167248721310154,0.667478997449833,"Sub-Saharan Africa","Diarrheal diseases","Deaths","Both","Clostridium difficile","ass",417
-0.0656492362032357,-0.32565828628125,0.195038069732401,"Central Europe, Eastern Europe, and Central Asia","Diarrheal diseases","Deaths","Both","Clostridium difficile","ass",418
0.8288861599272,0.661053564547198,0.996998583295028,"Global","Diarrheal diseases","Deaths","Both","Clostridium difficile","ass",418
-1.53015132019182,-1.80084321718463,-1.25871324466247,"High-income","Diarrheal diseases","Deaths","Both","Clostridium difficile","ass",418
0.166426415375054,0.00168209648452322,0.33144213660643,"Latin America and Caribbean","Diarrheal diseases","Deaths","Both","Clostridium difficile","ass",418
0.882919394508841,0.595238202606585,1.17142329402282,"North Africa and Middle East","Diarrheal diseases","Deaths","Both","Clostridium difficile","ass",418
1.46897690380974,1.24022268029864,1.69824800187317,"South Asia","Diarrheal diseases","Deaths","Both","Clostridium difficile","ass",418
0.11148974373405,-0.131777470878802,0.355349528598037,"Southeast Asia, East Asia, and Oceania","Diarrheal diseases","Deaths","Both","Clostridium difficile","ass",418
-0.394623230419933,-0.879612912498473,0.0927394749955068,"Sub-Saharan Africa","Diarrheal diseases","Deaths","Both","Clostridium difficile","ass",418
-0.119632637364853,-0.369919875509161,0.131283363714307,"Central Europe, Eastern Europe, and Central Asia","Diarrheal diseases","Deaths","Both","Clostridium difficile","ass",419
0.842649819635533,0.683733743857728,1.00181672360777,"Global","Diarrheal diseases","Deaths","Both","Clostridium difficile","ass",419
-1.6465977090045,-1.91237077088094,-1.3801045224704,"High-income","Diarrheal diseases","Deaths","Both","Clostridium difficile","ass",419
0.21760520958507,0.0560446186014696,0.379426672609529,"Latin America and Caribbean","Diarrheal diseases","Deaths","Both","Clostridium difficile","ass",419
0.710769118520793,0.405500038666951,1.01696632692412,"North Africa and Middle East","Diarrheal diseases","Deaths","Both","Clostridium difficile","ass",419
1.55732472436283,1.32803194491642,1.78713636495453,"South Asia","Diarrheal diseases","Deaths","Both","Clostridium difficile","ass",419
0.131804798639212,-0.0466693464366008,0.310597622644981,"Southeast Asia, East Asia, and Oceania","Diarrheal diseases","Deaths","Both","Clostridium difficile","ass",419
0.350992638403258,0.107312120358238,0.595266321858667,"Sub-Saharan Africa","Diarrheal diseases","Deaths","Both","Clostridium difficile","ass",419
-0.0836676412257487,-0.312512735900272,0.14570279598467,"Central Europe, Eastern Europe, and Central Asia","Diarrheal diseases","Deaths","Both","Clostridium difficile","ass",420
0.827752203841348,0.635598210504829,1.02027309674235,"Global","Diarrheal diseases","Deaths","Both","Clostridium difficile","ass",420
-1.50123537926731,-1.72647841618729,-1.27547608501918,"High-income","Diarrheal diseases","Deaths","Both","Clostridium difficile","ass",420
0.134325000996371,0.0129226966505636,0.255874671493506,"Latin America and Caribbean","Diarrheal diseases","Deaths","Both","Clostridium difficile","ass",420
0.756497275600054,0.422749079144191,1.09135466155392,"North Africa and Middle East","Diarrheal diseases","Deaths","Both","Clostridium difficile","ass",420
1.58930338124967,1.37601255460353,1.80304296274014,"South Asia","Diarrheal diseases","Deaths","Both","Clostridium difficile","ass",420
0.154205985089373,-0.0764703569525294,0.385414850101284,"Southeast Asia, East Asia, and Oceania","Diarrheal diseases","Deaths","Both","Clostridium difficile","ass",420
0.521355694449332,0.294585105835221,0.748639021610664,"Sub-Saharan Africa","Diarrheal diseases","Deaths","Both","Clostridium difficile","ass",420
-0.137003317647777,-0.37644191769941,0.103010757164013,"Central Europe, Eastern Europe, and Central Asia","Diarrheal diseases","Deaths","Both","Clostridium difficile","ass",421
0.669714112366782,0.484934124435288,0.85483388898635,"Global","Diarrheal diseases","Deaths","Both","Clostridium difficile","ass",421
-1.5794253934063,-1.82372132637554,-1.33452156916564,"High-income","Diarrheal diseases","Deaths","Both","Clostridium difficile","ass",421
0.160205365111299,0.0259089897348908,0.294682048936012,"Latin America and Caribbean","Diarrheal diseases","Deaths","Both","Clostridium difficile","ass",421
0.778121892266825,0.490613225437952,1.06645313576084,"North Africa and Middle East","Diarrheal diseases","Deaths","Both","Clostridium difficile","ass",421
1.3338383922016,1.13049193602734,1.53759372388362,"South Asia","Diarrheal diseases","Deaths","Both","Clostridium difficile","ass",421
0.153867493280946,-0.0902751010487868,0.398606682250757,"Southeast Asia, East Asia, and Oceania","Diarrheal diseases","Deaths","Both","Clostridium difficile","ass",421
0.156424075947426,-0.0763161313571126,0.389706376997911,"Sub-Saharan Africa","Diarrheal diseases","Deaths","Both","Clostridium difficile","ass",421
-0.215474247712899,-0.445951068225425,0.0155361479315719,"Central Europe, Eastern Europe, and Central Asia","Diarrheal diseases","Deaths","Both","Clostridium difficile","ass",422
0.863834621113102,0.665089155378618,1.06297247471989,"Global","Diarrheal diseases","Deaths","Both","Clostridium difficile","ass",422
-1.60621320389021,-1.85963435229983,-1.35213766339597,"High-income","Diarrheal diseases","Deaths","Both","Clostridium difficile","ass",422
0.219792208053149,0.0697131400560602,0.370096356406191,"Latin America and Caribbean","Diarrheal diseases","Deaths","Both","Clostridium difficile","ass",422
0.836252745433952,0.530929603138697,1.142503186637,"North Africa and Middle East","Diarrheal diseases","Deaths","Both","Clostridium difficile","ass",422
1.51973573032855,1.29886096488516,1.74109209706088,"South Asia","Diarrheal diseases","Deaths","Both","Clostridium difficile","ass",422
0.291977908555596,0.0926457393193303,0.491707043157308,"Southeast Asia, East Asia, and Oceania","Diarrheal diseases","Deaths","Both","Clostridium difficile","ass",422
-0.0211645033417862,-0.308857378597738,0.267358608064505,"Sub-Saharan Africa","Diarrheal diseases","Deaths","Both","Clostridium difficile","ass",422
-0.104552711776273,-0.356649657431707,0.148182037302957,"Central Europe, Eastern Europe, and Central Asia","Diarrheal diseases","Deaths","Both","Clostridium difficile","ass",423
0.874167467413844,0.682163624842147,1.06653746695153,"Global","Diarrheal diseases","Deaths","Both","Clostridium difficile","ass",423
-1.55983527022967,-1.77619819759098,-1.34299574844341,"High-income","Diarrheal diseases","Deaths","Both","Clostridium difficile","ass",423
0.243177028853125,0.117979105782329,0.368531512414694,"Latin America and Caribbean","Diarrheal diseases","Deaths","Both","Clostridium difficile","ass",423
0.935617537648281,0.563958906922735,1.30864972346545,"North Africa and Middle East","Diarrheal diseases","Deaths","Both","Clostridium difficile","ass",423
1.51013632382357,1.31138149301577,1.70928107610107,"South Asia","Diarrheal diseases","Deaths","Both","Clostridium difficile","ass",423
0.107702343669769,-0.118594791420001,0.334512190742742,"Southeast Asia, East Asia, and Oceania","Diarrheal diseases","Deaths","Both","Clostridium difficile","ass",423
0.206429722328605,-0.045589233932386,0.459084103818252,"Sub-Saharan Africa","Diarrheal diseases","Deaths","Both","Clostridium difficile","ass",423
-0.122766080091441,-0.353991842958867,0.108996235663583,"Central Europe, Eastern Europe, and Central Asia","Diarrheal diseases","Deaths","Both","Clostridium difficile","ass",424
0.799596896012433,0.654892708329013,0.944509114337677,"Global","Diarrheal diseases","Deaths","Both","Clostridium difficile","ass",424
-1.75255985888304,-1.99232847096211,-1.51220467040193,"High-income","Diarrheal diseases","Deaths","Both","Clostridium difficile","ass",424
0.183590858066696,0.0147079079500623,0.352758980748802,"Latin America and Caribbean","Diarrheal diseases","Deaths","Both","Clostridium difficile","ass",424
0.809216453964323,0.543694524739258,1.0754395897169,"North Africa and Middle East","Diarrheal diseases","Deaths","Both","Clostridium difficile","ass",424
1.54221596899005,1.33784949208415,1.74699458861549,"South Asia","Diarrheal diseases","Deaths","Both","Clostridium difficile","ass",424
0.199089758283244,0.00386713126836469,0.394693489301301,"Southeast Asia, East Asia, and Oceania","Diarrheal diseases","Deaths","Both","Clostridium difficile","ass",424
0.240144387619967,-0.0621067570906741,0.543309657608959,"Sub-Saharan Africa","Diarrheal diseases","Deaths","Both","Clostridium difficile","ass",424
-0.0787133570260834,-0.382371748803434,0.22587065826305,"Central Europe, Eastern Europe, and Central Asia","Diarrheal diseases","Deaths","Both","Clostridium difficile","ass",425
0.834280837796775,0.670271993775229,0.998556879873758,"Global","Diarrheal diseases","Deaths","Both","Clostridium difficile","ass",425
-1.52370773159145,-1.71345389537904,-1.3335952551385,"High-income","Diarrheal diseases","Deaths","Both","Clostridium difficile","ass",425
0.250294756552494,0.116364673153524,0.384404004140015,"Latin America and Caribbean","Diarrheal diseases","Deaths","Both","Clostridium difficile","ass",425
0.873250161547623,0.631551014683951,1.11552982691674,"North Africa and Middle East","Diarrheal diseases","Deaths","Both","Clostridium difficile","ass",425
1.50156542746325,1.29235864884052,1.71120429668794,"South Asia","Diarrheal diseases","Deaths","Both","Clostridium difficile","ass",425
0.215054086913136,0.0130889404435397,0.417427079203891,"Southeast Asia, East Asia, and Oceania","Diarrheal diseases","Deaths","Both","Clostridium difficile","ass",425
-0.0924763153101749,-0.412158102544824,0.228231665917056,"Sub-Saharan Africa","Diarrheal diseases","Deaths","Both","Clostridium difficile","ass",425
-0.0946226156174013,-0.319022737163022,0.130282671667303,"Central Europe, Eastern Europe, and Central Asia","Diarrheal diseases","Deaths","Both","Clostridium difficile","ass",426
0.873632726320039,0.676597169236293,1.07105390441056,"Global","Diarrheal diseases","Deaths","Both","Clostridium difficile","ass",426
-1.61171087060121,-1.82498930729217,-1.39796910122267,"High-income","Diarrheal diseases","Deaths","Both","Clostridium difficile","ass",426
0.113881911222036,-0.0146875396639934,0.242616687427288,"Latin America and Caribbean","Diarrheal diseases","Deaths","Both","Clostridium difficile","ass",426
0.80553039364788,0.529344446628688,1.08247511093214,"North Africa and Middle East","Diarrheal diseases","Deaths","Both","Clostridium difficile","ass",426
1.66885628419589,1.45156080095914,1.88661718488567,"South Asia","Diarrheal diseases","Deaths","Both","Clostridium difficile","ass",426
0.179773057989796,-0.0404140306488388,0.400445166184427,"Southeast Asia, East Asia, and Oceania","Diarrheal diseases","Deaths","Both","Clostridium difficile","ass",426
0.168844886856601,-0.0819717599730985,0.420291139688711,"Sub-Saharan Africa","Diarrheal diseases","Deaths","Both","Clostridium difficile","ass",426
-0.137295842448837,-0.381001611855114,0.107006123496278,"Central Europe, Eastern Europe, and Central Asia","Diarrheal diseases","Deaths","Both","Clostridium difficile","ass",427
0.791731749838043,0.581104026669022,1.002800550267,"Global","Diarrheal diseases","Deaths","Both","Clostridium difficile","ass",427
-1.54069260592742,-1.79911665155223,-1.28158849526571,"High-income","Diarrheal diseases","Deaths","Both","Clostridium difficile","ass",427
0.256992341078499,0.106735343742348,0.407474869345914,"Latin America and Caribbean","Diarrheal diseases","Deaths","Both","Clostridium difficile","ass",427
0.780342315315563,0.461675324904331,1.10002012552897,"North Africa and Middle East","Diarrheal diseases","Deaths","Both","Clostridium difficile","ass",427
1.4972606066046,1.28716006261733,1.70779696336971,"South Asia","Diarrheal diseases","Deaths","Both","Clostridium difficile","ass",427
0.26135644367582,0.0454445015115823,0.477734353750936,"Southeast Asia, East Asia, and Oceania","Diarrheal diseases","Deaths","Both","Clostridium difficile","ass",427
0.09709752909004,-0.241887736072632,0.437234690648824,"Sub-Saharan Africa","Diarrheal diseases","Deaths","Both","Clostridium difficile","ass",427
-0.0964567705334596,-0.346605451986315,0.154319830952798,"Central Europe, Eastern Europe, and Central Asia","Diarrheal diseases","Deaths","Both","Clostridium difficile","ass",428
0.677312009077569,0.469310850821447,0.885743791187554,"Global","Diarrheal diseases","Deaths","Both","Clostridium difficile","ass",428
-1.51897364366339,-1.7405744647041,-1.29687305454834,"High-income","Diarrheal diseases","Deaths","Both","Clostridium difficile","ass",428
0.15918261766168,0.006836184177339,0.311761129638666,"Latin America and Caribbean","Diarrheal diseases","Deaths","Both","Clostridium difficile","ass",428
0.855848029341577,0.571629994865308,1.14086927135386,"North Africa and Middle East","Diarrheal diseases","Deaths","Both","Clostridium difficile","ass",428
1.48676538849941,1.31455301641181,1.65927048359882,"South Asia","Diarrheal diseases","Deaths","Both","Clostridium difficile","ass",428
0.268632368774036,0.0252065630161447,0.512650586434349,"Southeast Asia, East Asia, and Oceania","Diarrheal diseases","Deaths","Both","Clostridium difficile","ass",428
-0.0900323663140967,-0.436072220561656,0.257210168295696,"Sub-Saharan Africa","Diarrheal diseases","Deaths","Both","Clostridium difficile","ass",428
-0.122150901672047,-0.417322810616949,0.173895923054301,"Central Europe, Eastern Europe, and Central Asia","Diarrheal diseases","Deaths","Both","Clostridium difficile","ass",429
0.766605378642349,0.578277199794286,0.955286193307359,"Global","Diarrheal diseases","Deaths","Both","Clostridium difficile","ass",429
-1.57627227380375,-1.79876763944028,-1.35327279852887,"High-income","Diarrheal diseases","Deaths","Both","Clostridium difficile","ass",429
0.172520863874071,0.0237756773066256,0.321487249155283,"Latin America and Caribbean","Diarrheal diseases","Deaths","Both","Clostridium difficile","ass",429
0.731556102779729,0.47944431909579,0.984300457154164,"North Africa and Middle East","Diarrheal diseases","Deaths","Both","Clostridium difficile","ass",429
1.44251735902992,1.23951897261878,1.64592278357498,"South Asia","Diarrheal diseases","Deaths","Both","Clostridium difficile","ass",429
0.248019520543052,0.0444749150105617,0.451978245960483,"Southeast Asia, East Asia, and Oceania","Diarrheal diseases","Deaths","Both","Clostridium difficile","ass",429
0.185655699260079,-0.0696382859684319,0.441601888861487,"Sub-Saharan Africa","Diarrheal diseases","Deaths","Both","Clostridium difficile","ass",429
-0.209866783190127,-0.436377442492264,0.0171591956379613,"Central Europe, Eastern Europe, and Central Asia","Diarrheal diseases","Deaths","Both","Clostridium difficile","ass",430
0.906034790315702,0.72582697931145,1.08656500974411,"Global","Diarrheal diseases","Deaths","Both","Clostridium difficile","ass",430
-1.5172705859854,-1.73422359398855,-1.29983858509781,"High-income","Diarrheal diseases","Deaths","Both","Clostridium difficile","ass",430
0.172505369267051,0.0308390649244927,0.314372305154587,"Latin America and Caribbean","Diarrheal diseases","Deaths","Both","Clostridium difficile","ass",430
0.946852345345151,0.629936941654008,1.26476581557744,"North Africa and Middle East","Diarrheal diseases","Deaths","Both","Clostridium difficile","ass",430
1.5290535891344,1.30685886767103,1.75173564674458,"South Asia","Diarrheal diseases","Deaths","Both","Clostridium difficile","ass",430
0.145456076574013,-0.111771427864082,0.403345981276737,"Southeast Asia, East Asia, and Oceania","Diarrheal diseases","Deaths","Both","Clostridium difficile","ass",430
-0.119346846668478,-0.528333207230791,0.291321096685371,"Sub-Saharan Africa","Diarrheal diseases","Deaths","Both","Clostridium difficile","ass",430
-0.16959877031677,-0.436304004667798,0.0978208979583783,"Central Europe, Eastern Europe, and Central Asia","Diarrheal diseases","Deaths","Both","Clostridium difficile","ass",431
0.771082080338603,0.563686449997469,0.978905429163435,"Global","Diarrheal diseases","Deaths","Both","Clostridium difficile","ass",431
-1.6264744284908,-1.88614331408611,-1.36611830123133,"High-income","Diarrheal diseases","Deaths","Both","Clostridium difficile","ass",431
0.239788645298766,0.0991822641889684,0.380592532062063,"Latin America and Caribbean","Diarrheal diseases","Deaths","Both","Clostridium difficile","ass",431
0.819017357204932,0.616096553611678,1.02234740796583,"North Africa and Middle East","Diarrheal diseases","Deaths","Both","Clostridium difficile","ass",431
1.47866661080418,1.25192791805804,1.70591305126286,"South Asia","Diarrheal diseases","Deaths","Both","Clostridium difficile","ass",431
0.162676103145176,-0.0493440903696629,0.375146044208408,"Southeast Asia, East Asia, and Oceania","Diarrheal diseases","Deaths","Both","Clostridium difficile","ass",431
-0.00927269423631749,-0.305781887742507,0.288118372898039,"Sub-Saharan Africa","Diarrheal diseases","Deaths","Both","Clostridium difficile","ass",431
-0.144853365056952,-0.375321620934566,0.0861480480446541,"Central Europe, Eastern Europe, and Central Asia","Diarrheal diseases","Deaths","Both","Clostridium difficile","ass",432
0.725537269455478,0.538332928450425,0.913090188602506,"Global","Diarrheal diseases","Deaths","Both","Clostridium difficile","ass",432
-1.55309281227106,-1.81953841078129,-1.28592412430071,"High-income","Diarrheal diseases","Deaths","Both","Clostridium difficile","ass",432
0.243452174290204,0.097354539654515,0.389763046517899,"Latin America and Caribbean","Diarrheal diseases","Deaths","Both","Clostridium difficile","ass",432
0.849347744967122,0.616271676193803,1.08296373092212,"North Africa and Middle East","Diarrheal diseases","Deaths","Both","Clostridium difficile","ass",432
1.51481993202556,1.29610248981049,1.73400962656185,"South Asia","Diarrheal diseases","Deaths","Both","Clostridium difficile","ass",432
0.356139069332206,0.105454213542044,0.60745169208487,"Southeast Asia, East Asia, and Oceania","Diarrheal diseases","Deaths","Both","Clostridium difficile","ass",432
0.303454584556029,0.0463505707624545,0.561219316841899,"Sub-Saharan Africa","Diarrheal diseases","Deaths","Both","Clostridium difficile","ass",432
-0.209859344771801,-0.521479690799675,0.102737164147904,"Central Europe, Eastern Europe, and Central Asia","Diarrheal diseases","Deaths","Both","Clostridium difficile","ass",433
0.866844248298992,0.704150008285409,1.02980133165849,"Global","Diarrheal diseases","Deaths","Both","Clostridium difficile","ass",433
-1.55115443224118,-1.81092896090329,-1.29069262947588,"High-income","Diarrheal diseases","Deaths","Both","Clostridium difficile","ass",433
0.173483425619736,0.0342153628388076,0.312945377993756,"Latin America and Caribbean","Diarrheal diseases","Deaths","Both","Clostridium difficile","ass",433
0.690684282428711,0.41675441667377,0.965361409651999,"North Africa and Middle East","Diarrheal diseases","Deaths","Both","Clostridium difficile","ass",433
1.49303601673791,1.29818490278313,1.68826193461094,"South Asia","Diarrheal diseases","Deaths","Both","Clostridium difficile","ass",433
0.32286672404509,0.126951163637479,0.519165626863161,"Southeast Asia, East Asia, and Oceania","Diarrheal diseases","Deaths","Both","Clostridium difficile","ass",433
0.368152474053907,0.142253442208662,0.594561084731593,"Sub-Saharan Africa","Diarrheal diseases","Deaths","Both","Clostridium difficile","ass",433
-0.237069897247111,-0.498131220979214,0.0246763685427309,"Central Europe, Eastern Europe, and Central Asia","Diarrheal diseases","Deaths","Both","Clostridium difficile","ass",434
0.881774071795571,0.721564899555438,1.04223807505321,"Global","Diarrheal diseases","Deaths","Both","Clostridium difficile","ass",434
-1.56182727529919,-1.77756542313967,-1.34561527493575,"High-income","Diarrheal diseases","Deaths","Both","Clostridium difficile","ass",434
0.00217297084992296,-0.150390136570255,0.154969183855358,"Latin America and Caribbean","Diarrheal diseases","Deaths","Both","Clostridium difficile","ass",434
0.859577001558121,0.605324764726922,1.11447179085946,"North Africa and Middle East","Diarrheal diseases","Deaths","Both","Clostridium difficile","ass",434
1.43900812414277,1.20234767815437,1.67622199767492,"South Asia","Diarrheal diseases","Deaths","Both","Clostridium difficile","ass",434
0.270835538469183,0.0614211169216894,0.480688234822946,"Southeast Asia, East Asia, and Oceania","Diarrheal diseases","Deaths","Both","Clostridium difficile","ass",434
0.125860925318722,-0.130160710926275,0.38253888662334,"Sub-Saharan Africa","Diarrheal diseases","Deaths","Both","Clostridium difficile","ass",434
-0.282639215703684,-0.533466877916056,-0.0311790340482676,"Central Europe, Eastern Europe, and Central Asia","Diarrheal diseases","Deaths","Both","Clostridium difficile","ass",435
0.765069513877314,0.609533308074206,0.920846169173806,"Global","Diarrheal diseases","Deaths","Both","Clostridium difficile","ass",435
-1.63010203192171,-1.87934239392338,-1.38022856411371,"High-income","Diarrheal diseases","Deaths","Both","Clostridium difficile","ass",435
0.233196749264963,0.0803261944825273,0.386300810545714,"Latin America and Caribbean","Diarrheal diseases","Deaths","Both","Clostridium difficile","ass",435
0.895686233749249,0.589480202843995,1.20282439128621,"North Africa and Middle East","Diarrheal diseases","Deaths","Both","Clostridium difficile","ass",435
1.53600416984805,1.30993441442215,1.76257839242824,"South Asia","Diarrheal diseases","Deaths","Both","Clostridium difficile","ass",435
0.224449462296938,0.00411568192193457,0.445268692440126,"Southeast Asia, East Asia, and Oceania","Diarrheal diseases","Deaths","Both","Clostridium difficile","ass",435
0.0558209282462085,-0.226022055389663,0.338460066040303,"Sub-Saharan Africa","Diarrheal diseases","Deaths","Both","Clostridium difficile","ass",435
-0.175933685685215,-0.41669673654231,0.0654114592053112,"Central Europe, Eastern Europe, and Central Asia","Diarrheal diseases","Deaths","Both","Clostridium difficile","ass",436
0.863270922598858,0.688031683053714,1.03881515163047,"Global","Diarrheal diseases","Deaths","Both","Clostridium difficile","ass",436
-1.5831508655622,-1.87417073122071,-1.29126789828367,"High-income","Diarrheal diseases","Deaths","Both","Clostridium difficile","ass",436
0.2314996485836,0.103787604471917,0.359374627251485,"Latin America and Caribbean","Diarrheal diseases","Deaths","Both","Clostridium difficile","ass",436
0.862060576492962,0.625039427645313,1.09964002599143,"North Africa and Middle East","Diarrheal diseases","Deaths","Both","Clostridium difficile","ass",436
1.42146561872378,1.19942868545235,1.64398971284561,"South Asia","Diarrheal diseases","Deaths","Both","Clostridium difficile","ass",436
0.332959613164241,0.091290539351041,0.575212193703378,"Southeast Asia, East Asia, and Oceania","Diarrheal diseases","Deaths","Both","Clostridium difficile","ass",436
0.622782699780422,0.380285874356301,0.865865344519823,"Sub-Saharan Africa","Diarrheal diseases","Deaths","Both","Clostridium difficile","ass",436
-0.0626918216269257,-0.288254604712546,0.163381217987757,"Central Europe, Eastern Europe, and Central Asia","Diarrheal diseases","Deaths","Both","Clostridium difficile","ass",437
0.904672695866959,0.755919124968707,1.05364588289345,"Global","Diarrheal diseases","Deaths","Both","Clostridium difficile","ass",437
-1.69860508578555,-1.94836660907739,-1.44820735872678,"High-income","Diarrheal diseases","Deaths","Both","Clostridium difficile","ass",437
0.113486724921841,-0.00471546477835982,0.23182863878719,"Latin America and Caribbean","Diarrheal diseases","Deaths","Both","Clostridium difficile","ass",437
0.715576463434919,0.406595066258264,1.02550868962574,"North Africa and Middle East","Diarrheal diseases","Deaths","Both","Clostridium difficile","ass",437
1.45215511814063,1.22331261428332,1.6815149819837,"South Asia","Diarrheal diseases","Deaths","Both","Clostridium difficile","ass",437
0.252498628950204,0.0411502718561607,0.464293483589784,"Southeast Asia, East Asia, and Oceania","Diarrheal diseases","Deaths","Both","Clostridium difficile","ass",437
0.275221500273259,0.00276513193608885,0.548420172811204,"Sub-Saharan Africa","Diarrheal diseases","Deaths","Both","Clostridium difficile","ass",437
-0.238475048038134,-0.468166276064785,-0.00825375783681803,"Central Europe, Eastern Europe, and Central Asia","Diarrheal diseases","Deaths","Both","Clostridium difficile","ass",438
0.812690164975227,0.643784739942133,0.981879055526602,"Global","Diarrheal diseases","Deaths","Both","Clostridium difficile","ass",438
-1.67884528511679,-1.95374667165612,-1.40317313202845,"High-income","Diarrheal diseases","Deaths","Both","Clostridium difficile","ass",438
0.121273301956215,-0.00198352285458725,0.244682052229139,"Latin America and Caribbean","Diarrheal diseases","Deaths","Both","Clostridium difficile","ass",438
0.670016263226891,0.418466251879934,0.922196411744536,"North Africa and Middle East","Diarrheal diseases","Deaths","Both","Clostridium difficile","ass",438
1.39590429709142,1.15150090264629,1.64089822176776,"South Asia","Diarrheal diseases","Deaths","Both","Clostridium difficile","ass",438
0.121261983472154,-0.100632366002529,0.343649199953844,"Southeast Asia, East Asia, and Oceania","Diarrheal diseases","Deaths","Both","Clostridium difficile","ass",438
0.0484781067735085,-0.213374945464473,0.311018295398036,"Sub-Saharan Africa","Diarrheal diseases","Deaths","Both","Clostridium difficile","ass",438
-0.051035516390685,-0.347561758173864,0.246373070206318,"Central Europe, Eastern Europe, and Central Asia","Diarrheal diseases","Deaths","Both","Clostridium difficile","ass",439
0.817330587524623,0.649989722686617,0.984949673603608,"Global","Diarrheal diseases","Deaths","Both","Clostridium difficile","ass",439
-1.51402683159593,-1.73119355036851,-1.2963801906034,"High-income","Diarrheal diseases","Deaths","Both","Clostridium difficile","ass",439
0.129994637862296,-0.0304588974788689,0.29070570501486,"Latin America and Caribbean","Diarrheal diseases","Deaths","Both","Clostridium difficile","ass",439
0.964709628378202,0.651167518511109,1.2792284646667,"North Africa and Middle East","Diarrheal diseases","Deaths","Both","Clostridium difficile","ass",439
1.56715431968559,1.36137083358152,1.77335558667411,"South Asia","Diarrheal diseases","Deaths","Both","Clostridium difficile","ass",439
0.127876889127454,-0.110739963487572,0.367063752996266,"Southeast Asia, East Asia, and Oceania","Diarrheal diseases","Deaths","Both","Clostridium difficile","ass",439
0.303310303892701,0.058300674723033,0.548919880472853,"Sub-Saharan Africa","Diarrheal diseases","Deaths","Both","Clostridium difficile","ass",439
-0.181745198230188,-0.432800610156348,0.0699432416433554,"Central Europe, Eastern Europe, and Central Asia","Diarrheal diseases","Deaths","Both","Clostridium difficile","ass",440
0.835159433714772,0.665541756668619,1.00506291020992,"Global","Diarrheal diseases","Deaths","Both","Clostridium difficile","ass",440
-1.62738591288444,-1.92399102736686,-1.32988379418194,"High-income","Diarrheal diseases","Deaths","Both","Clostridium difficile","ass",440
0.168817109379593,0.0297128749967346,0.30811478616537,"Latin America and Caribbean","Diarrheal diseases","Deaths","Both","Clostridium difficile","ass",440
0.827101044872314,0.571654800230914,1.08319610834873,"North Africa and Middle East","Diarrheal diseases","Deaths","Both","Clostridium difficile","ass",440
1.52106226802251,1.28611910898866,1.75655040092308,"South Asia","Diarrheal diseases","Deaths","Both","Clostridium difficile","ass",440
0.269890852253885,0.0726267947760206,0.467543758407163,"Southeast Asia, East Asia, and Oceania","Diarrheal diseases","Deaths","Both","Clostridium difficile","ass",440
0.123244424229552,-0.156434319255183,0.40370659525939,"Sub-Saharan Africa","Diarrheal diseases","Deaths","Both","Clostridium difficile","ass",440
-0.149776631594845,-0.383085108437875,0.0840782669620843,"Central Europe, Eastern Europe, and Central Asia","Diarrheal diseases","Deaths","Both","Clostridium difficile","ass",441
0.892080911006321,0.713575190923499,1.07090301636332,"Global","Diarrheal diseases","Deaths","Both","Clostridium difficile","ass",441
-1.5849994927017,-1.77908803288289,-1.39052742562511,"High-income","Diarrheal diseases","Deaths","Both","Clostridium difficile","ass",441
0.14713474746233,-0.00156432245130844,0.29605493496887,"Latin America and Caribbean","Diarrheal diseases","Deaths","Both","Clostridium difficile","ass",441
0.912206016941552,0.646342733671812,1.17877159384137,"North Africa and Middle East","Diarrheal diseases","Deaths","Both","Clostridium difficile","ass",441
1.53927556479747,1.34456074356883,1.73436449452613,"South Asia","Diarrheal diseases","Deaths","Both","Clostridium difficile","ass",441
0.10655791574905,-0.0880231557283229,0.301517938725282,"Southeast Asia, East Asia, and Oceania","Diarrheal diseases","Deaths","Both","Clostridium difficile","ass",441
0.125825965363702,-0.161593459150999,0.414072826217304,"Sub-Saharan Africa","Diarrheal diseases","Deaths","Both","Clostridium difficile","ass",441
-0.114780772002943,-0.398879259703677,0.170128067530317,"Central Europe, Eastern Europe, and Central Asia","Diarrheal diseases","Deaths","Both","Clostridium difficile","ass",442
0.896797043870734,0.74301203281093,1.05081680897601,"Global","Diarrheal diseases","Deaths","Both","Clostridium difficile","ass",442
-1.58620171215096,-1.86902970161791,-1.30255857053191,"High-income","Diarrheal diseases","Deaths","Both","Clostridium difficile","ass",442
0.221782454753394,0.0728693404733471,0.370917158718531,"Latin America and Caribbean","Diarrheal diseases","Deaths","Both","Clostridium difficile","ass",442
0.822811165523429,0.508303702156709,1.1383027758797,"North Africa and Middle East","Diarrheal diseases","Deaths","Both","Clostridium difficile","ass",442
1.48274039579095,1.31216600599662,1.65360197342859,"South Asia","Diarrheal diseases","Deaths","Both","Clostridium difficile","ass",442
0.157267282109608,-0.0460014001294029,0.360949336077176,"Southeast Asia, East Asia, and Oceania","Diarrheal diseases","Deaths","Both","Clostridium difficile","ass",442
-0.34114641632067,-0.825411037820711,0.145482845417266,"Sub-Saharan Africa","Diarrheal diseases","Deaths","Both","Clostridium difficile","ass",442
-0.133574707405304,-0.418256818957452,0.151921247147047,"Central Europe, Eastern Europe, and Central Asia","Diarrheal diseases","Deaths","Both","Clostridium difficile","ass",443
0.71650348236838,0.56320009449593,0.870040573312236,"Global","Diarrheal diseases","Deaths","Both","Clostridium difficile","ass",443
-1.63253741787065,-1.85477783692134,-1.40979375675914,"High-income","Diarrheal diseases","Deaths","Both","Clostridium difficile","ass",443
0.121299605675285,-0.000498164784978883,0.243245723843488,"Latin America and Caribbean","Diarrheal diseases","Deaths","Both","Clostridium difficile","ass",443
0.828336274122066,0.542812306464491,1.11467107981207,"North Africa and Middle East","Diarrheal diseases","Deaths","Both","Clostridium difficile","ass",443
1.52219528283961,1.31262132027101,1.73220276736445,"South Asia","Diarrheal diseases","Deaths","Both","Clostridium difficile","ass",443
0.311235471906302,0.111088367673395,0.511782720258958,"Southeast Asia, East Asia, and Oceania","Diarrheal diseases","Deaths","Both","Clostridium difficile","ass",443
0.163104328364483,-0.142086499113547,0.469227895551483,"Sub-Saharan Africa","Diarrheal diseases","Deaths","Both","Clostridium difficile","ass",443
-0.142763139289392,-0.398162934158208,0.113291553693173,"Central Europe, Eastern Europe, and Central Asia","Diarrheal diseases","Deaths","Both","Clostridium difficile","ass",444
0.854508813144084,0.66546907891325,1.04390354518544,"Global","Diarrheal diseases","Deaths","Both","Clostridium difficile","ass",444
-1.59259941133706,-1.83649834050311,-1.34809448618836,"High-income","Diarrheal diseases","Deaths","Both","Clostridium difficile","ass",444
0.149276545986665,0.0308541685717811,0.267839118740154,"Latin America and Caribbean","Diarrheal diseases","Deaths","Both","Clostridium difficile","ass",444
0.775843677338184,0.440427991699477,1.11237946654894,"North Africa and Middle East","Diarrheal diseases","Deaths","Both","Clostridium difficile","ass",444
1.61661784595966,1.38696353957584,1.846792348418,"South Asia","Diarrheal diseases","Deaths","Both","Clostridium difficile","ass",444
0.187326483764627,-0.0152835288577458,0.390347067308872,"Southeast Asia, East Asia, and Oceania","Diarrheal diseases","Deaths","Both","Clostridium difficile","ass",444
0.013096519226985,-0.247276308803013,0.27414896789355,"Sub-Saharan Africa","Diarrheal diseases","Deaths","Both","Clostridium difficile","ass",444
-0.149646431162775,-0.420132728256539,0.121574581078931,"Central Europe, Eastern Europe, and Central Asia","Diarrheal diseases","Deaths","Both","Clostridium difficile","ass",445
0.730686949337422,0.555203389797687,0.906476753393881,"Global","Diarrheal diseases","Deaths","Both","Clostridium difficile","ass",445
-1.59641906648086,-1.90233903785001,-1.28954507614771,"High-income","Diarrheal diseases","Deaths","Both","Clostridium difficile","ass",445
0.221929780749841,0.0878622835335019,0.35617686111844,"Latin America and Caribbean","Diarrheal diseases","Deaths","Both","Clostridium difficile","ass",445
0.84691519994895,0.474370413216363,1.22084133017792,"North Africa and Middle East","Diarrheal diseases","Deaths","Both","Clostridium difficile","ass",445
1.40039903809615,1.20802406085454,1.5931396793472,"South Asia","Diarrheal diseases","Deaths","Both","Clostridium difficile","ass",445
0.257231748769016,0.0168814407479179,0.498159641991069,"Southeast Asia, East Asia, and Oceania","Diarrheal diseases","Deaths","Both","Clostridium difficile","ass",445
-0.169350896069986,-0.519588609444588,0.182119888762156,"Sub-Saharan Africa","Diarrheal diseases","Deaths","Both","Clostridium difficile","ass",445
-0.131517514085544,-0.356259152409799,0.0937310181345685,"Central Europe, Eastern Europe, and Central Asia","Diarrheal diseases","Deaths","Both","Clostridium difficile","ass",446
0.663677572104682,0.453157366692003,0.874638965808994,"Global","Diarrheal diseases","Deaths","Both","Clostridium difficile","ass",446
-1.52827404252494,-1.74386676483737,-1.31220826860357,"High-income","Diarrheal diseases","Deaths","Both","Clostridium difficile","ass",446
0.130511635449171,0.00790036946847206,0.253273224779238,"Latin America and Caribbean","Diarrheal diseases","Deaths","Both","Clostridium difficile","ass",446
0.893281116925082,0.588211735125754,1.19927572968446,"North Africa and Middle East","Diarrheal diseases","Deaths","Both","Clostridium difficile","ass",446
1.4222973574809,1.209491296959,1.63555087030016,"South Asia","Diarrheal diseases","Deaths","Both","Clostridium difficile","ass",446
0.249162509175993,0.00484493298829047,0.494076967225521,"Southeast Asia, East Asia, and Oceania","Diarrheal diseases","Deaths","Both","Clostridium difficile","ass",446
0.206114475669539,-0.0525481610992751,0.465446527800428,"Sub-Saharan Africa","Diarrheal diseases","Deaths","Both","Clostridium difficile","ass",446
-0.105291988393474,-0.335509362721398,0.12545717051593,"Central Europe, Eastern Europe, and Central Asia","Diarrheal diseases","Deaths","Both","Clostridium difficile","ass",447
0.839552586195014,0.675264140364717,1.00410912859963,"Global","Diarrheal diseases","Deaths","Both","Clostridium difficile","ass",447
-1.6225831353274,-1.9150608968591,-1.32923323948262,"High-income","Diarrheal diseases","Deaths","Both","Clostridium difficile","ass",447
0.0781823701624162,-0.0715402603088444,0.228129329780069,"Latin America and Caribbean","Diarrheal diseases","Deaths","Both","Clostridium difficile","ass",447
0.921985721832641,0.589616000765059,1.25545366392814,"North Africa and Middle East","Diarrheal diseases","Deaths","Both","Clostridium difficile","ass",447
1.49114490888658,1.283792850363,1.69892146648316,"South Asia","Diarrheal diseases","Deaths","Both","Clostridium difficile","ass",447
0.0988024569891222,-0.140098426229529,0.338274877242184,"Southeast Asia, East Asia, and Oceania","Diarrheal diseases","Deaths","Both","Clostridium difficile","ass",447
0.178024052266079,-0.102666837541276,0.459503625546009,"Sub-Saharan Africa","Diarrheal diseases","Deaths","Both","Clostridium difficile","ass",447
-0.250629862109919,-0.478256652454623,-0.0224824422631609,"Central Europe, Eastern Europe, and Central Asia","Diarrheal diseases","Deaths","Both","Clostridium difficile","ass",448
0.734475288085412,0.553771195562147,0.915504121975097,"Global","Diarrheal diseases","Deaths","Both","Clostridium difficile","ass",448
-1.64456286451373,-1.83624931498352,-1.45250210382213,"High-income","Diarrheal diseases","Deaths","Both","Clostridium difficile","ass",448
0.174744905273205,0.0507166193350894,0.298926943390554,"Latin America and Caribbean","Diarrheal diseases","Deaths","Both","Clostridium difficile","ass",448
0.65006383847952,0.398562921165913,0.902194771896636,"North Africa and Middle East","Diarrheal diseases","Deaths","Both","Clostridium difficile","ass",448
1.59635100600215,1.34785699821225,1.8454542942814,"South Asia","Diarrheal diseases","Deaths","Both","Clostridium difficile","ass",448
0.238305249924653,0.0152241807532372,0.461883894978432,"Southeast Asia, East Asia, and Oceania","Diarrheal diseases","Deaths","Both","Clostridium difficile","ass",448
-0.364744894141378,-0.828145287123494,0.100820830172288,"Sub-Saharan Africa","Diarrheal diseases","Deaths","Both","Clostridium difficile","ass",448
-0.121201413815075,-0.383850335882818,0.142140010989378,"Central Europe, Eastern Europe, and Central Asia","Diarrheal diseases","Deaths","Both","Clostridium difficile","ass",449
0.934119285067947,0.778367581677952,1.09011170076247,"Global","Diarrheal diseases","Deaths","Both","Clostridium difficile","ass",449
-1.5745017525047,-1.81599119967261,-1.33241834758536,"High-income","Diarrheal diseases","Deaths","Both","Clostridium difficile","ass",449
0.125885031819384,-0.00987036485170512,0.261824741960126,"Latin America and Caribbean","Diarrheal diseases","Deaths","Both","Clostridium difficile","ass",449
0.86398363880551,0.620933157128589,1.10762121041281,"North Africa and Middle East","Diarrheal diseases","Deaths","Both","Clostridium difficile","ass",449
1.54874070420183,1.35512816711725,1.74272308754084,"South Asia","Diarrheal diseases","Deaths","Both","Clostridium difficile","ass",449
0.0998642368021052,-0.0997628042932019,0.299890185414098,"Southeast Asia, East Asia, and Oceania","Diarrheal diseases","Deaths","Both","Clostridium difficile","ass",449
0.0666384839297818,-0.186981573336253,0.320902977507465,"Sub-Saharan Africa","Diarrheal diseases","Deaths","Both","Clostridium difficile","ass",449
-0.222655656944004,-0.485465869774493,0.0408486173979261,"Central Europe, Eastern Europe, and Central Asia","Diarrheal diseases","Deaths","Both","Clostridium difficile","ass",450
0.669770083519161,0.513569994495078,0.826212910591595,"Global","Diarrheal diseases","Deaths","Both","Clostridium difficile","ass",450
-1.60215108651154,-1.88845093284603,-1.31501578703426,"High-income","Diarrheal diseases","Deaths","Both","Clostridium difficile","ass",450
0.195689322081716,0.0670212292336103,0.324522858828469,"Latin America and Caribbean","Diarrheal diseases","Deaths","Both","Clostridium difficile","ass",450
0.814463158251399,0.433615422549383,1.19675508171047,"North Africa and Middle East","Diarrheal diseases","Deaths","Both","Clostridium difficile","ass",450
1.44843450294114,1.22715105761668,1.67020167582945,"South Asia","Diarrheal diseases","Deaths","Both","Clostridium difficile","ass",450
0.1449719167681,-0.0825396490068298,0.373001525259298,"Southeast Asia, East Asia, and Oceania","Diarrheal diseases","Deaths","Both","Clostridium difficile","ass",450
0.207896790282347,-0.0493073833925384,0.465762830175698,"Sub-Saharan Africa","Diarrheal diseases","Deaths","Both","Clostridium difficile","ass",450
-0.0514748506890594,-0.29862406154596,0.196287017032937,"Central Europe, Eastern Europe, and Central Asia","Diarrheal diseases","Deaths","Both","Clostridium difficile","ass",451
0.854115252745902,0.705317141146411,1.00313322242882,"Global","Diarrheal diseases","Deaths","Both","Clostridium difficile","ass",451
-1.65474921452043,-1.97036506433776,-1.33811720908117,"High-income","Diarrheal diseases","Deaths","Both","Clostridium difficile","ass",451
0.0815826510849105,-0.0614508811519254,0.224820895032329,"Latin America and Caribbean","Diarrheal diseases","Deaths","Both","Clostridium difficile","ass",451
0.809170721916619,0.550775956061811,1.0682295090521,"North Africa and Middle East","Diarrheal diseases","Deaths","Both","Clostridium difficile","ass",451
1.45918796632836,1.20718848783119,1.71181490753951,"South Asia","Diarrheal diseases","Deaths","Both","Clostridium difficile","ass",451
0.288169932489457,0.0447680283094609,0.532164016431858,"Southeast Asia, East Asia, and Oceania","Diarrheal diseases","Deaths","Both","Clostridium difficile","ass",451
0.230426303670228,-0.000993249207303926,0.46238141196171,"Sub-Saharan Africa","Diarrheal diseases","Deaths","Both","Clostridium difficile","ass",451
-0.185263181526052,-0.459982724817409,0.0902145576098912,"Central Europe, Eastern Europe, and Central Asia","Diarrheal diseases","Deaths","Both","Clostridium difficile","ass",452
0.743892508096788,0.580435976259852,0.907614678450197,"Global","Diarrheal diseases","Deaths","Both","Clostridium difficile","ass",452
-1.6052922563658,-1.86004655174772,-1.34987666302381,"High-income","Diarrheal diseases","Deaths","Both","Clostridium difficile","ass",452
0.160945977282045,0.0358521921387966,0.286196190893051,"Latin America and Caribbean","Diarrheal diseases","Deaths","Both","Clostridium difficile","ass",452
0.839469471670395,0.566299656117586,1.11338130267353,"North Africa and Middle East","Diarrheal diseases","Deaths","Both","Clostridium difficile","ass",452
1.64646099499084,1.43666486056993,1.8566910397545,"South Asia","Diarrheal diseases","Deaths","Both","Clostridium difficile","ass",452
0.186217994528115,-0.0291852374818435,0.402085347516468,"Southeast Asia, East Asia, and Oceania","Diarrheal diseases","Deaths","Both","Clostridium difficile","ass",452
0.156977679081938,-0.0753598778830189,0.389855450555654,"Sub-Saharan Africa","Diarrheal diseases","Deaths","Both","Clostridium difficile","ass",452
-0.0454162760585297,-0.327089149887827,0.237052597477949,"Central Europe, Eastern Europe, and Central Asia","Diarrheal diseases","Deaths","Both","Clostridium difficile","ass",453
0.897063505593421,0.734455928013333,1.05993356758407,"Global","Diarrheal diseases","Deaths","Both","Clostridium difficile","ass",453
-1.58187844375655,-1.85677398665389,-1.3062129286199,"High-income","Diarrheal diseases","Deaths","Both","Clostridium difficile","ass",453
0.14650772717808,-0.00492906525653147,0.298173861938156,"Latin America and Caribbean","Diarrheal diseases","Deaths","Both","Clostridium difficile","ass",453
0.81800341364564,0.542710373221,1.09405022585367,"North Africa and Middle East","Diarrheal diseases","Deaths","Both","Clostridium difficile","ass",453
1.34476216347883,1.12848388292088,1.56150298725746,"South Asia","Diarrheal diseases","Deaths","Both","Clostridium difficile","ass",453
0.155700159591543,-0.0616670526727203,0.373540148452856,"Southeast Asia, East Asia, and Oceania","Diarrheal diseases","Deaths","Both","Clostridium difficile","ass",453
0.621427596219393,0.368724127725506,0.87476730915641,"Sub-Saharan Africa","Diarrheal diseases","Deaths","Both","Clostridium difficile","ass",453
-0.195370331792888,-0.452281163815482,0.0622035307479729,"Central Europe, Eastern Europe, and Central Asia","Diarrheal diseases","Deaths","Both","Clostridium difficile","ass",454
0.86553032953951,0.710340979134361,1.02095881858966,"Global","Diarrheal diseases","Deaths","Both","Clostridium difficile","ass",454
-1.54452241177756,-1.76027788668925,-1.3282930916233,"High-income","Diarrheal diseases","Deaths","Both","Clostridium difficile","ass",454
0.225035442340982,0.0816823620741314,0.368593855942922,"Latin America and Caribbean","Diarrheal diseases","Deaths","Both","Clostridium difficile","ass",454
0.682927499513619,0.421668083435311,0.94486661434412,"North Africa and Middle East","Diarrheal diseases","Deaths","Both","Clostridium difficile","ass",454
1.52231693622091,1.3391809777817,1.70578385035713,"South Asia","Diarrheal diseases","Deaths","Both","Clostridium difficile","ass",454
0.352755947347649,0.112146226788945,0.593943949761333,"Southeast Asia, East Asia, and Oceania","Diarrheal diseases","Deaths","Both","Clostridium difficile","ass",454
0.372813052827237,0.130726182929597,0.615485218116318,"Sub-Saharan Africa","Diarrheal diseases","Deaths","Both","Clostridium difficile","ass",454
-0.23933021621505,-0.508146134269638,0.0302120125372562,"Central Europe, Eastern Europe, and Central Asia","Diarrheal diseases","Deaths","Both","Clostridium difficile","ass",455
0.851355971839407,0.671810887306856,1.03122126951898,"Global","Diarrheal diseases","Deaths","Both","Clostridium difficile","ass",455
-1.59108842576035,-1.89440926154373,-1.28682978889214,"High-income","Diarrheal diseases","Deaths","Both","Clostridium difficile","ass",455
0.164141022351649,-0.0010560843782037,0.329611032804289,"Latin America and Caribbean","Diarrheal diseases","Deaths","Both","Clostridium difficile","ass",455
0.863333565146651,0.598749715343305,1.12861329450888,"North Africa and Middle East","Diarrheal diseases","Deaths","Both","Clostridium difficile","ass",455
1.49025141302654,1.30156482437906,1.67928945358691,"South Asia","Diarrheal diseases","Deaths","Both","Clostridium difficile","ass",455
0.0414006161479241,-0.192432338124482,0.275781403132647,"Southeast Asia, East Asia, and Oceania","Diarrheal diseases","Deaths","Both","Clostridium difficile","ass",455
0.0807013685290014,-0.180597297643725,0.342684039926144,"Sub-Saharan Africa","Diarrheal diseases","Deaths","Both","Clostridium difficile","ass",455
-0.219375878761663,-0.462718817528573,0.0245619706271238,"Central Europe, Eastern Europe, and Central Asia","Diarrheal diseases","Deaths","Both","Clostridium difficile","ass",456
0.839228533381586,0.675302054383087,1.00342192879324,"Global","Diarrheal diseases","Deaths","Both","Clostridium difficile","ass",456
-1.64049442891799,-1.94467505958685,-1.33537018956567,"High-income","Diarrheal diseases","Deaths","Both","Clostridium difficile","ass",456
0.20164812710104,0.0576950409210353,0.345808318701679,"Latin America and Caribbean","Diarrheal diseases","Deaths","Both","Clostridium difficile","ass",456
0.887108043431817,0.633505840601689,1.14134933834908,"North Africa and Middle East","Diarrheal diseases","Deaths","Both","Clostridium difficile","ass",456
1.4410325148392,1.20846457970283,1.6741348701417,"South Asia","Diarrheal diseases","Deaths","Both","Clostridium difficile","ass",456
0.197137076138887,-0.0899841471001639,0.48508342783109,"Southeast Asia, East Asia, and Oceania","Diarrheal diseases","Deaths","Both","Clostridium difficile","ass",456
0.246856951518093,0.0318542492315776,0.46232176822143,"Sub-Saharan Africa","Diarrheal diseases","Deaths","Both","Clostridium difficile","ass",456
-0.0821169549581113,-0.348242835554546,0.184719630460184,"Central Europe, Eastern Europe, and Central Asia","Diarrheal diseases","Deaths","Both","Clostridium difficile","ass",457
0.74627240717362,0.581366882004497,0.911448298843753,"Global","Diarrheal diseases","Deaths","Both","Clostridium difficile","ass",457
-1.54521074275337,-1.79191434524986,-1.29788740852013,"High-income","Diarrheal diseases","Deaths","Both","Clostridium difficile","ass",457
0.166042554415458,0.0243169888715977,0.307968932487035,"Latin America and Caribbean","Diarrheal diseases","Deaths","Both","Clostridium difficile","ass",457
0.762628617962102,0.438978603494955,1.08732154757356,"North Africa and Middle East","Diarrheal diseases","Deaths","Both","Clostridium difficile","ass",457
1.53774071754895,1.31658512889634,1.75937904843309,"South Asia","Diarrheal diseases","Deaths","Both","Clostridium difficile","ass",457
0.198567563956953,-0.0320368009521843,0.429703883018329,"Southeast Asia, East Asia, and Oceania","Diarrheal diseases","Deaths","Both","Clostridium difficile","ass",457
0.349085723486953,0.0996298129908535,0.599163297134031,"Sub-Saharan Africa","Diarrheal diseases","Deaths","Both","Clostridium difficile","ass",457
-0.177538495919038,-0.434076651971438,0.0796606475806483,"Central Europe, Eastern Europe, and Central Asia","Diarrheal diseases","Deaths","Both","Clostridium difficile","ass",458
0.869929706259875,0.729104772328837,1.01095152134125,"Global","Diarrheal diseases","Deaths","Both","Clostridium difficile","ass",458
-1.50248454395925,-1.7348350629799,-1.26958462613868,"High-income","Diarrheal diseases","Deaths","Both","Clostridium difficile","ass",458
0.286561608198488,0.133658612705845,0.439698084883711,"Latin America and Caribbean","Diarrheal diseases","Deaths","Both","Clostridium difficile","ass",458
0.849611103332881,0.563701418300044,1.13633364973462,"North Africa and Middle East","Diarrheal diseases","Deaths","Both","Clostridium difficile","ass",458
1.50383151836302,1.29599242701646,1.712097053904,"South Asia","Diarrheal diseases","Deaths","Both","Clostridium difficile","ass",458
0.43556610125659,0.217928248689048,0.653676586173435,"Southeast Asia, East Asia, and Oceania","Diarrheal diseases","Deaths","Both","Clostridium difficile","ass",458
0.178747749736452,-0.0469105172186679,0.40491547221424,"Sub-Saharan Africa","Diarrheal diseases","Deaths","Both","Clostridium difficile","ass",458
-0.091060266030274,-0.35014206487286,0.168695125127272,"Central Europe, Eastern Europe, and Central Asia","Diarrheal diseases","Deaths","Both","Clostridium difficile","ass",459
0.824178541234466,0.635196103951285,1.01351586789022,"Global","Diarrheal diseases","Deaths","Both","Clostridium difficile","ass",459
-1.55545473080244,-1.80238608155067,-1.30790243734952,"High-income","Diarrheal diseases","Deaths","Both","Clostridium difficile","ass",459
0.217197731457675,0.0692344583069771,0.365379784439335,"Latin America and Caribbean","Diarrheal diseases","Deaths","Both","Clostridium difficile","ass",459
0.922110883015925,0.621849719625733,1.22326804232042,"North Africa and Middle East","Diarrheal diseases","Deaths","Both","Clostridium difficile","ass",459
1.5755253517763,1.36199241291748,1.78950812705694,"South Asia","Diarrheal diseases","Deaths","Both","Clostridium difficile","ass",459
0.287466746739873,0.0271118354698618,0.548499321081186,"Southeast Asia, East Asia, and Oceania","Diarrheal diseases","Deaths","Both","Clostridium difficile","ass",459
0.031931145613795,-0.205819896764692,0.270248609381718,"Sub-Saharan Africa","Diarrheal diseases","Deaths","Both","Clostridium difficile","ass",459
-0.17653006936984,-0.399228630579618,0.0466664262282368,"Central Europe, Eastern Europe, and Central Asia","Diarrheal diseases","Deaths","Both","Clostridium difficile","ass",460
0.756449201237808,0.592779561824974,0.920385139593582,"Global","Diarrheal diseases","Deaths","Both","Clostridium difficile","ass",460
-1.53682881292115,-1.78610374932383,-1.28692119625337,"High-income","Diarrheal diseases","Deaths","Both","Clostridium difficile","ass",460
0.163770452302225,0.0256600893761227,0.302071511019109,"Latin America and Caribbean","Diarrheal diseases","Deaths","Both","Clostridium difficile","ass",460
0.943708811034716,0.657194148060558,1.23103902080404,"North Africa and Middle East","Diarrheal diseases","Deaths","Both","Clostridium difficile","ass",460
1.62358862856549,1.38965973910434,1.85805724491264,"South Asia","Diarrheal diseases","Deaths","Both","Clostridium difficile","ass",460
0.391601796854646,0.172045059753145,0.611639757642646,"Southeast Asia, East Asia, and Oceania","Diarrheal diseases","Deaths","Both","Clostridium difficile","ass",460
0.0910421251718363,-0.213937322031266,0.396953691157087,"Sub-Saharan Africa","Diarrheal diseases","Deaths","Both","Clostridium difficile","ass",460
-0.113115419425924,-0.36601836093334,0.14042947070958,"Central Europe, Eastern Europe, and Central Asia","Diarrheal diseases","Deaths","Both","Clostridium difficile","ass",461
0.828020808828978,0.65574716129071,1.00058930500206,"Global","Diarrheal diseases","Deaths","Both","Clostridium difficile","ass",461
-1.64326676038025,-1.94046131615883,-1.34517148035628,"High-income","Diarrheal diseases","Deaths","Both","Clostridium difficile","ass",461
0.224205016951728,0.0865587775111143,0.362040557408028,"Latin America and Caribbean","Diarrheal diseases","Deaths","Both","Clostridium difficile","ass",461
0.773360320328664,0.522576683831244,1.02476961162337,"North Africa and Middle East","Diarrheal diseases","Deaths","Both","Clostridium difficile","ass",461
1.60064352288938,1.38600150942516,1.81573995011153,"South Asia","Diarrheal diseases","Deaths","Both","Clostridium difficile","ass",461
0.195509488473,-0.069277260998335,0.460997844224909,"Southeast Asia, East Asia, and Oceania","Diarrheal diseases","Deaths","Both","Clostridium difficile","ass",461
0.0683268550072169,-0.267947281798531,0.405734832860083,"Sub-Saharan Africa","Diarrheal diseases","Deaths","Both","Clostridium difficile","ass",461
-0.0976968996987404,-0.353068945940471,0.158329606056307,"Central Europe, Eastern Europe, and Central Asia","Diarrheal diseases","Deaths","Both","Clostridium difficile","ass",462
0.930049105041175,0.793363760596866,1.06691980775402,"Global","Diarrheal diseases","Deaths","Both","Clostridium difficile","ass",462
-1.53679781657815,-1.79294015672733,-1.27998740940281,"High-income","Diarrheal diseases","Deaths","Both","Clostridium difficile","ass",462
0.205505950856932,0.0556685813397406,0.355567707833826,"Latin America and Caribbean","Diarrheal diseases","Deaths","Both","Clostridium difficile","ass",462
0.89555528331009,0.579840521169994,1.21226105727241,"North Africa and Middle East","Diarrheal diseases","Deaths","Both","Clostridium difficile","ass",462
1.62857650411805,1.41811392441171,1.83947583516733,"South Asia","Diarrheal diseases","Deaths","Both","Clostridium difficile","ass",462
0.0294099564174699,-0.196249559713746,0.255579696032227,"Southeast Asia, East Asia, and Oceania","Diarrheal diseases","Deaths","Both","Clostridium difficile","ass",462
0.200743948946158,-0.0396093724998603,0.441675196496383,"Sub-Saharan Africa","Diarrheal diseases","Deaths","Both","Clostridium difficile","ass",462
-0.219690349190771,-0.550935434092759,0.112658047308467,"Central Europe, Eastern Europe, and Central Asia","Diarrheal diseases","Deaths","Both","Clostridium difficile","ass",463
0.865475489395884,0.685637075057843,1.04563511990947,"Global","Diarrheal diseases","Deaths","Both","Clostridium difficile","ass",463
-1.71195075597139,-1.93347122314341,-1.489929900767,"High-income","Diarrheal diseases","Deaths","Both","Clostridium difficile","ass",463
0.171628351147191,0.0268413007212809,0.316624978219693,"Latin America and Caribbean","Diarrheal diseases","Deaths","Both","Clostridium difficile","ass",463
0.741197170341867,0.463999117866654,1.01916006157494,"North Africa and Middle East","Diarrheal diseases","Deaths","Both","Clostridium difficile","ass",463
1.51307197126602,1.31833475895469,1.70818347498225,"South Asia","Diarrheal diseases","Deaths","Both","Clostridium difficile","ass",463
0.39567638955238,0.149267384713547,0.642691663405937,"Southeast Asia, East Asia, and Oceania","Diarrheal diseases","Deaths","Both","Clostridium difficile","ass",463
0.194307316791242,-0.0362902505470331,0.425436829554471,"Sub-Saharan Africa","Diarrheal diseases","Deaths","Both","Clostridium difficile","ass",463
-0.0960108749918254,-0.361459188602253,0.170144622873059,"Central Europe, Eastern Europe, and Central Asia","Diarrheal diseases","Deaths","Both","Clostridium difficile","ass",464
0.797262439264523,0.632408936715345,0.962386000710147,"Global","Diarrheal diseases","Deaths","Both","Clostridium difficile","ass",464
-1.67443852980749,-1.90244261205685,-1.44590450713038,"High-income","Diarrheal diseases","Deaths","Both","Clostridium difficile","ass",464
0.277679879044901,0.123394309004232,0.432203196090541,"Latin America and Caribbean","Diarrheal diseases","Deaths","Both","Clostridium difficile","ass",464
0.80782614688899,0.444129452829167,1.17283974504259,"North Africa and Middle East","Diarrheal diseases","Deaths","Both","Clostridium difficile","ass",464
1.44185257955909,1.24591104984784,1.63817331552831,"South Asia","Diarrheal diseases","Deaths","Both","Clostridium difficile","ass",464
0.525098287171022,0.345456769674191,0.705061404427787,"Southeast Asia, East Asia, and Oceania","Diarrheal diseases","Deaths","Both","Clostridium difficile","ass",464
0.340829797024411,0.103610648381203,0.578611092468484,"Sub-Saharan Africa","Diarrheal diseases","Deaths","Both","Clostridium difficile","ass",464
-0.0894095742900114,-0.311946598137802,0.133624226506401,"Central Europe, Eastern Europe, and Central Asia","Diarrheal diseases","Deaths","Both","Clostridium difficile","ass",465
0.845789878128622,0.651550623756925,1.0404039790646,"Global","Diarrheal diseases","Deaths","Both","Clostridium difficile","ass",465
-1.61714666470022,-1.85063846629314,-1.38309939926566,"High-income","Diarrheal diseases","Deaths","Both","Clostridium difficile","ass",465
0.152785600817551,0.0340002396976846,0.271712013599679,"Latin America and Caribbean","Diarrheal diseases","Deaths","Both","Clostridium difficile","ass",465
0.895482875583919,0.639354729507291,1.15226287030754,"North Africa and Middle East","Diarrheal diseases","Deaths","Both","Clostridium difficile","ass",465
1.47997999621619,1.25768962439787,1.70275836069547,"South Asia","Diarrheal diseases","Deaths","Both","Clostridium difficile","ass",465
0.165134285187341,-0.0399021034144242,0.370591240810692,"Southeast Asia, East Asia, and Oceania","Diarrheal diseases","Deaths","Both","Clostridium difficile","ass",465
0.170778879420386,-0.0755603850906228,0.417725433133831,"Sub-Saharan Africa","Diarrheal diseases","Deaths","Both","Clostridium difficile","ass",465
-0.146897399464507,-0.402249463035953,0.10910934431827,"Central Europe, Eastern Europe, and Central Asia","Diarrheal diseases","Deaths","Both","Clostridium difficile","ass",466
0.851277906775705,0.666124288066672,1.03677207562276,"Global","Diarrheal diseases","Deaths","Both","Clostridium difficile","ass",466
-1.58191824029312,-1.81902114779527,-1.34424273930694,"High-income","Diarrheal diseases","Deaths","Both","Clostridium difficile","ass",466
0.204532808712798,0.0498849394090062,0.359419718406229,"Latin America and Caribbean","Diarrheal diseases","Deaths","Both","Clostridium difficile","ass",466
0.789901016069594,0.482906838654729,1.09783311843044,"North Africa and Middle East","Diarrheal diseases","Deaths","Both","Clostridium difficile","ass",466
1.35510118333597,1.15424686141323,1.55635432646382,"South Asia","Diarrheal diseases","Deaths","Both","Clostridium difficile","ass",466
0.29339864913438,0.0688802936599453,0.518420742552084,"Southeast Asia, East Asia, and Oceania","Diarrheal diseases","Deaths","Both","Clostridium difficile","ass",466
0.451997186867947,0.220800979319402,0.683726733662038,"Sub-Saharan Africa","Diarrheal diseases","Deaths","Both","Clostridium difficile","ass",466
-0.268028794130837,-0.562209044144713,0.0270217690574004,"Central Europe, Eastern Europe, and Central Asia","Diarrheal diseases","Deaths","Both","Clostridium difficile","ass",467
0.841191967816135,0.677616480817789,1.00503322332273,"Global","Diarrheal diseases","Deaths","Both","Clostridium difficile","ass",467
-1.54689231594662,-1.76933854680402,-1.32394234903686,"High-income","Diarrheal diseases","Deaths","Both","Clostridium difficile","ass",467
0.0961568628015996,-0.052024641287074,0.244558058765731,"Latin America and Caribbean","Diarrheal diseases","Deaths","Both","Clostridium difficile","ass",467
0.853091063381162,0.509271844401904,1.19808640923085,"North Africa and Middle East","Diarrheal diseases","Deaths","Both","Clostridium difficile","ass",467
1.56439424367574,1.33049838008856,1.79882999679151,"South Asia","Diarrheal diseases","Deaths","Both","Clostridium difficile","ass",467
0.180781236544436,-0.0882874480415463,0.450574540448567,"Southeast Asia, East Asia, and Oceania","Diarrheal diseases","Deaths","Both","Clostridium difficile","ass",467
0.131796505293358,-0.121526678089057,0.385762195845807,"Sub-Saharan Africa","Diarrheal diseases","Deaths","Both","Clostridium difficile","ass",467
-0.0519149159837307,-0.293903839923781,0.190661320483487,"Central Europe, Eastern Europe, and Central Asia","Diarrheal diseases","Deaths","Both","Clostridium difficile","ass",468
0.790981817891012,0.625954167850318,0.956280115057506,"Global","Diarrheal diseases","Deaths","Both","Clostridium difficile","ass",468
-1.59920708500414,-1.9062026233848,-1.29125076966198,"High-income","Diarrheal diseases","Deaths","Both","Clostridium difficile","ass",468
0.149862558128389,-0.00205691371143457,0.302012829974818,"Latin America and Caribbean","Diarrheal diseases","Deaths","Both","Clostridium difficile","ass",468
0.812863991084756,0.593687694638922,1.03251783487999,"North Africa and Middle East","Diarrheal diseases","Deaths","Both","Clostridium difficile","ass",468
1.53227812793195,1.33237692764272,1.73257367888271,"South Asia","Diarrheal diseases","Deaths","Both","Clostridium difficile","ass",468
0.395952881714901,0.171513955447877,0.620894673813099,"Southeast Asia, East Asia, and Oceania","Diarrheal diseases","Deaths","Both","Clostridium difficile","ass",468
0.346849113484105,0.0813859637821324,0.613016396958521,"Sub-Saharan Africa","Diarrheal diseases","Deaths","Both","Clostridium difficile","ass",468
-0.149100967213456,-0.381167141807315,0.0835058150932877,"Central Europe, Eastern Europe, and Central Asia","Diarrheal diseases","Deaths","Both","Clostridium difficile","ass",469
0.802852975421975,0.621656038153606,0.984376207559334,"Global","Diarrheal diseases","Deaths","Both","Clostridium difficile","ass",469
-1.67534243396319,-1.91258888016848,-1.43752215391324,"High-income","Diarrheal diseases","Deaths","Both","Clostridium difficile","ass",469
0.159090440677501,-0.00256942335069565,0.321011650537173,"Latin America and Caribbean","Diarrheal diseases","Deaths","Both","Clostridium difficile","ass",469
0.998707281659739,0.668735270943155,1.32976087473218,"North Africa and Middle East","Diarrheal diseases","Deaths","Both","Clostridium difficile","ass",469
1.64484901342969,1.43544042661796,1.85468991419449,"South Asia","Diarrheal diseases","Deaths","Both","Clostridium difficile","ass",469
0.350106273237838,0.128433951938289,0.572269350420518,"Southeast Asia, East Asia, and Oceania","Diarrheal diseases","Deaths","Both","Clostridium difficile","ass",469
0.508553837436021,0.259642559614881,0.758083079002536,"Sub-Saharan Africa","Diarrheal diseases","Deaths","Both","Clostridium difficile","ass",469
-0.118501377931457,-0.346946653959379,0.110467587460583,"Central Europe, Eastern Europe, and Central Asia","Diarrheal diseases","Deaths","Both","Clostridium difficile","ass",470
0.662712313998903,0.511139788447612,0.814513413522677,"Global","Diarrheal diseases","Deaths","Both","Clostridium difficile","ass",470
-1.52975091965361,-1.75929435897352,-1.29967114267008,"High-income","Diarrheal diseases","Deaths","Both","Clostridium difficile","ass",470
0.174303006068799,0.0261491355562971,0.322676314893555,"Latin America and Caribbean","Diarrheal diseases","Deaths","Both","Clostridium difficile","ass",470
0.698221667020671,0.429279794511328,0.967883745140719,"North Africa and Middle East","Diarrheal diseases","Deaths","Both","Clostridium difficile","ass",470
1.50088586602508,1.30070153767454,1.70146578655521,"South Asia","Diarrheal diseases","Deaths","Both","Clostridium difficile","ass",470
0.27158263186986,0.0708282326060905,0.472739769169639,"Southeast Asia, East Asia, and Oceania","Diarrheal diseases","Deaths","Both","Clostridium difficile","ass",470
0.372554200838349,0.117569298382403,0.628188512792893,"Sub-Saharan Africa","Diarrheal diseases","Deaths","Both","Clostridium difficile","ass",470
-0.132455123233644,-0.41728359170321,0.153188017293249,"Central Europe, Eastern Europe, and Central Asia","Diarrheal diseases","Deaths","Both","Clostridium difficile","ass",471
0.917252726398821,0.735524883182892,1.09930840836914,"Global","Diarrheal diseases","Deaths","Both","Clostridium difficile","ass",471
-1.63069793601441,-1.91567960907492,-1.34488825544306,"High-income","Diarrheal diseases","Deaths","Both","Clostridium difficile","ass",471
0.230987709866248,0.109881509701237,0.352240416165328,"Latin America and Caribbean","Diarrheal diseases","Deaths","Both","Clostridium difficile","ass",471
0.781166340979889,0.48225232946375,1.0809695601343,"North Africa and Middle East","Diarrheal diseases","Deaths","Both","Clostridium difficile","ass",471
1.61072325206917,1.39253244437356,1.82938359363889,"South Asia","Diarrheal diseases","Deaths","Both","Clostridium difficile","ass",471
0.111998175052497,-0.0756486535472778,0.29999738354578,"Southeast Asia, East Asia, and Oceania","Diarrheal diseases","Deaths","Both","Clostridium difficile","ass",471
0.173295109244398,-0.075690370270598,0.422900996038034,"Sub-Saharan Africa","Diarrheal diseases","Deaths","Both","Clostridium difficile","ass",471
-0.203420705891277,-0.480751967497006,0.074683397452957,"Central Europe, Eastern Europe, and Central Asia","Diarrheal diseases","Deaths","Both","Clostridium difficile","ass",472
0.814816173890387,0.651417862015968,0.978479747883232,"Global","Diarrheal diseases","Deaths","Both","Clostridium difficile","ass",472
-1.66486976119683,-1.94627181440772,-1.38266011895269,"High-income","Diarrheal diseases","Deaths","Both","Clostridium difficile","ass",472
0.146182545497342,-0.00388159530458898,0.296471887504213,"Latin America and Caribbean","Diarrheal diseases","Deaths","Both","Clostridium difficile","ass",472
0.739083185565947,0.487345061678468,0.991451956854661,"North Africa and Middle East","Diarrheal diseases","Deaths","Both","Clostridium difficile","ass",472
1.5514933676452,1.29805068804618,1.80557014821066,"South Asia","Diarrheal diseases","Deaths","Both","Clostridium difficile","ass",472
0.232491718798311,0.00489989595859885,0.460601496637025,"Southeast Asia, East Asia, and Oceania","Diarrheal diseases","Deaths","Both","Clostridium difficile","ass",472
-0.480827505078729,-0.936708403487352,-0.022848681291443,"Sub-Saharan Africa","Diarrheal diseases","Deaths","Both","Clostridium difficile","ass",472
-0.139325371760957,-0.378209623923442,0.100131703733819,"Central Europe, Eastern Europe, and Central Asia","Diarrheal diseases","Deaths","Both","Clostridium difficile","ass",473
0.709099543755576,0.530355243341463,0.888161653898445,"Global","Diarrheal diseases","Deaths","Both","Clostridium difficile","ass",473
-1.58034698866697,-1.90355819346936,-1.25607085754325,"High-income","Diarrheal diseases","Deaths","Both","Clostridium difficile","ass",473
0.257506597681578,0.11902512885904,0.396179609691627,"Latin America and Caribbean","Diarrheal diseases","Deaths","Both","Clostridium difficile","ass",473
0.786640500157731,0.505271080756398,1.06879762700287,"North Africa and Middle East","Diarrheal diseases","Deaths","Both","Clostridium difficile","ass",473
1.53381943264479,1.34559799044869,1.72239044415623,"South Asia","Diarrheal diseases","Deaths","Both","Clostridium difficile","ass",473
0.1799628015412,-0.0269657532146028,0.387319666061692,"Southeast Asia, East Asia, and Oceania","Diarrheal diseases","Deaths","Both","Clostridium difficile","ass",473
-0.0560549257893062,-0.309870137347279,0.198406509840265,"Sub-Saharan Africa","Diarrheal diseases","Deaths","Both","Clostridium difficile","ass",473
-0.148214853901851,-0.37898205156377,0.0830869046450466,"Central Europe, Eastern Europe, and Central Asia","Diarrheal diseases","Deaths","Both","Clostridium difficile","ass",474
0.718161065918332,0.567067535798538,0.869481601313371,"Global","Diarrheal diseases","Deaths","Both","Clostridium difficile","ass",474
-1.65014220453361,-1.93922512514213,-1.36020706819364,"High-income","Diarrheal diseases","Deaths","Both","Clostridium difficile","ass",474
0.187729913063617,0.0460741392048547,0.329586258093628,"Latin America and Caribbean","Diarrheal diseases","Deaths","Both","Clostridium difficile","ass",474
0.85896824124212,0.517286404429074,1.20181153477354,"North Africa and Middle East","Diarrheal diseases","Deaths","Both","Clostridium difficile","ass",474
1.39642500019752,1.17356483366209,1.61977607217758,"South Asia","Diarrheal diseases","Deaths","Both","Clostridium difficile","ass",474
0.251990633818777,-0.00377696806703742,0.508412431075067,"Southeast Asia, East Asia, and Oceania","Diarrheal diseases","Deaths","Both","Clostridium difficile","ass",474
0.020474287455241,-0.437495760529649,0.480550917294975,"Sub-Saharan Africa","Diarrheal diseases","Deaths","Both","Clostridium difficile","ass",474
-0.0646131814501349,-0.351187619406879,0.222785399881009,"Central Europe, Eastern Europe, and Central Asia","Diarrheal diseases","Deaths","Both","Clostridium difficile","ass",475
0.768884840017336,0.596654796592166,0.941409755950118,"Global","Diarrheal diseases","Deaths","Both","Clostridium difficile","ass",475
-1.58320748590907,-1.78126295564992,-1.38475264258356,"High-income","Diarrheal diseases","Deaths","Both","Clostridium difficile","ass",475
0.108055467806856,-0.0588379621846213,0.27522759594838,"Latin America and Caribbean","Diarrheal diseases","Deaths","Both","Clostridium difficile","ass",475
0.741886488749222,0.428162512061858,1.05659049664584,"North Africa and Middle East","Diarrheal diseases","Deaths","Both","Clostridium difficile","ass",475
1.50775833970163,1.28049798055081,1.73552864175233,"South Asia","Diarrheal diseases","Deaths","Both","Clostridium difficile","ass",475
0.202183785651489,-0.0157971026317427,0.420639905684128,"Southeast Asia, East Asia, and Oceania","Diarrheal diseases","Deaths","Both","Clostridium difficile","ass",475
-0.127296076124539,-0.500690430225725,0.247499527334849,"Sub-Saharan Africa","Diarrheal diseases","Deaths","Both","Clostridium difficile","ass",475
-0.165942138572006,-0.430872922956038,0.0996935663287957,"Central Europe, Eastern Europe, and Central Asia","Diarrheal diseases","Deaths","Both","Clostridium difficile","ass",476
0.811573302314406,0.619905877293037,1.003605828073,"Global","Diarrheal diseases","Deaths","Both","Clostridium difficile","ass",476
-1.58552818561885,-1.8761267319196,-1.29406901781691,"High-income","Diarrheal diseases","Deaths","Both","Clostridium difficile","ass",476
0.172425241971674,0.0229406199221627,0.322133269292935,"Latin America and Caribbean","Diarrheal diseases","Deaths","Both","Clostridium difficile","ass",476
0.896369615316939,0.607167362314742,1.18640320017487,"North Africa and Middle East","Diarrheal diseases","Deaths","Both","Clostridium difficile","ass",476
1.58293139364181,1.39205312883797,1.77416900132166,"South Asia","Diarrheal diseases","Deaths","Both","Clostridium difficile","ass",476
0.128828407140014,-0.0596293902196954,0.317641579821748,"Southeast Asia, East Asia, and Oceania","Diarrheal diseases","Deaths","Both","Clostridium difficile","ass",476
0.276812622563227,0.0516337986149251,0.502498239862437,"Sub-Saharan Africa","Diarrheal diseases","Deaths","Both","Clostridium difficile","ass",476
-0.0497526624807731,-0.338599878506285,0.239931715315533,"Central Europe, Eastern Europe, and Central Asia","Diarrheal diseases","Deaths","Both","Clostridium difficile","ass",477
0.788914722428347,0.614886330777042,0.963244122033902,"Global","Diarrheal diseases","Deaths","Both","Clostridium difficile","ass",477
-1.48817310592723,-1.79006672213321,-1.18535148017616,"High-income","Diarrheal diseases","Deaths","Both","Clostridium difficile","ass",477
0.161505840442255,0.0169640096078671,0.306256559249474,"Latin America and Caribbean","Diarrheal diseases","Deaths","Both","Clostridium difficile","ass",477
0.888262834882925,0.601990999057689,1.17534928245864,"North Africa and Middle East","Diarrheal diseases","Deaths","Both","Clostridium difficile","ass",477
1.52082760312304,1.30209041823655,1.74003709767121,"South Asia","Diarrheal diseases","Deaths","Both","Clostridium difficile","ass",477
0.261870432739664,0.0284310855759529,0.4958545643033,"Southeast Asia, East Asia, and Oceania","Diarrheal diseases","Deaths","Both","Clostridium difficile","ass",477
0.13045998404706,-0.128592633228009,0.390184547981209,"Sub-Saharan Africa","Diarrheal diseases","Deaths","Both","Clostridium difficile","ass",477
-0.142625971457311,-0.409767507981096,0.125232147393373,"Central Europe, Eastern Europe, and Central Asia","Diarrheal diseases","Deaths","Both","Clostridium difficile","ass",478
0.848557597230104,0.674761526020684,1.0226536947213,"Global","Diarrheal diseases","Deaths","Both","Clostridium difficile","ass",478
-1.54640602049145,-1.79511692204263,-1.29706524076507,"High-income","Diarrheal diseases","Deaths","Both","Clostridium difficile","ass",478
0.172490092471755,0.03663849453861,0.308526179377511,"Latin America and Caribbean","Diarrheal diseases","Deaths","Both","Clostridium difficile","ass",478
0.896404673719253,0.560353016555282,1.23357934520143,"North Africa and Middle East","Diarrheal diseases","Deaths","Both","Clostridium difficile","ass",478
1.524663712323,1.24781256541253,1.80227187862581,"South Asia","Diarrheal diseases","Deaths","Both","Clostridium difficile","ass",478
0.234352701667229,0.00303621059956072,0.466204249679847,"Southeast Asia, East Asia, and Oceania","Diarrheal diseases","Deaths","Both","Clostridium difficile","ass",478
0.27131494486361,0.00152997857183479,0.541827739300138,"Sub-Saharan Africa","Diarrheal diseases","Deaths","Both","Clostridium difficile","ass",478
-0.0996099067396505,-0.374959166070221,0.176500378272593,"Central Europe, Eastern Europe, and Central Asia","Diarrheal diseases","Deaths","Both","Clostridium difficile","ass",479
0.837859533295049,0.647929048567275,1.02814843164711,"Global","Diarrheal diseases","Deaths","Both","Clostridium difficile","ass",479
-1.53075124060468,-1.83787182805885,-1.22266976266253,"High-income","Diarrheal diseases","Deaths","Both","Clostridium difficile","ass",479
0.0711849623754812,-0.0462657755452511,0.188773710906265,"Latin America and Caribbean","Diarrheal diseases","Deaths","Both","Clostridium difficile","ass",479
0.830659071454298,0.502180559230681,1.16021117364775,"North Africa and Middle East","Diarrheal diseases","Deaths","Both","Clostridium difficile","ass",479
1.43955355505634,1.19732668449943,1.68236022212311,"South Asia","Diarrheal diseases","Deaths","Both","Clostridium difficile","ass",479
0.321686306586155,0.0699348676425515,0.574071090470918,"Southeast Asia, East Asia, and Oceania","Diarrheal diseases","Deaths","Both","Clostridium difficile","ass",479
-0.0970988558538388,-0.388456859361852,0.195111352966237,"Sub-Saharan Africa","Diarrheal diseases","Deaths","Both","Clostridium difficile","ass",479
-0.0666988331900709,-0.298089223513942,0.165228573047704,"Central Europe, Eastern Europe, and Central Asia","Diarrheal diseases","Deaths","Both","Clostridium difficile","ass",480
0.85296884963153,0.680296803592406,1.0259370373829,"Global","Diarrheal diseases","Deaths","Both","Clostridium difficile","ass",480
-1.56426796148197,-1.83111547060261,-1.29669509428617,"High-income","Diarrheal diseases","Deaths","Both","Clostridium difficile","ass",480
0.152351981874266,-0.00502250830720641,0.309974151797054,"Latin America and Caribbean","Diarrheal diseases","Deaths","Both","Clostridium difficile","ass",480
0.874288591522276,0.572738008643014,1.17674332353612,"North Africa and Middle East","Diarrheal diseases","Deaths","Both","Clostridium difficile","ass",480
1.67155543021751,1.47003534237597,1.87347573814045,"South Asia","Diarrheal diseases","Deaths","Both","Clostridium difficile","ass",480
0.300591228171143,0.125784434602583,0.475703212008649,"Southeast Asia, East Asia, and Oceania","Diarrheal diseases","Deaths","Both","Clostridium difficile","ass",480
0.112301982631413,-0.141698869924656,0.36694891500626,"Sub-Saharan Africa","Diarrheal diseases","Deaths","Both","Clostridium difficile","ass",480
7.6182038855066e-05,-0.254565462803868,0.255367905429926,"Central Europe, Eastern Europe, and Central Asia","Diarrheal diseases","Deaths","Both","Clostridium difficile","ass",481
0.699699369026185,0.537794386221546,0.861865081873869,"Global","Diarrheal diseases","Deaths","Both","Clostridium difficile","ass",481
-1.56088533711106,-1.81817623913948,-1.30292019003676,"High-income","Diarrheal diseases","Deaths","Both","Clostridium difficile","ass",481
0.192789949907901,0.0619845442912714,0.323766350075694,"Latin America and Caribbean","Diarrheal diseases","Deaths","Both","Clostridium difficile","ass",481
0.806184525988907,0.48698131391236,1.12640170713159,"North Africa and Middle East","Diarrheal diseases","Deaths","Both","Clostridium difficile","ass",481
1.59766223052811,1.33507676153517,1.86092812658274,"South Asia","Diarrheal diseases","Deaths","Both","Clostridium difficile","ass",481
0.34236344615648,0.131260702411318,0.553911249397609,"Southeast Asia, East Asia, and Oceania","Diarrheal diseases","Deaths","Both","Clostridium difficile","ass",481
0.112819795590613,-0.206930076771294,0.433594187801001,"Sub-Saharan Africa","Diarrheal diseases","Deaths","Both","Clostridium difficile","ass",481
-0.162633072754503,-0.388347351509355,0.0635926615808913,"Central Europe, Eastern Europe, and Central Asia","Diarrheal diseases","Deaths","Both","Clostridium difficile","ass",482
0.778276776762921,0.615611321018239,0.941205214068286,"Global","Diarrheal diseases","Deaths","Both","Clostridium difficile","ass",482
-1.69268071156519,-1.93962115061517,-1.44511841503155,"High-income","Diarrheal diseases","Deaths","Both","Clostridium difficile","ass",482
0.15452417975339,0.0142225438556354,0.295022633149045,"Latin America and Caribbean","Diarrheal diseases","Deaths","Both","Clostridium difficile","ass",482
0.930784635070214,0.659884576393255,1.2024137512272,"North Africa and Middle East","Diarrheal diseases","Deaths","Both","Clostridium difficile","ass",482
1.53398527684137,1.27186097888008,1.79678803718024,"South Asia","Diarrheal diseases","Deaths","Both","Clostridium difficile","ass",482
0.459953589280171,0.238729418059958,0.681665996277281,"Southeast Asia, East Asia, and Oceania","Diarrheal diseases","Deaths","Both","Clostridium difficile","ass",482
0.31294592630795,0.0554129150799332,0.571141802741759,"Sub-Saharan Africa","Diarrheal diseases","Deaths","Both","Clostridium difficile","ass",482
-0.0835240920625702,-0.371342244680994,0.205125541084072,"Central Europe, Eastern Europe, and Central Asia","Diarrheal diseases","Deaths","Both","Clostridium difficile","ass",483
0.678594939684296,0.512206429991302,0.845258889914713,"Global","Diarrheal diseases","Deaths","Both","Clostridium difficile","ass",483
-1.64432055392292,-1.87954231735267,-1.40853489913658,"High-income","Diarrheal diseases","Deaths","Both","Clostridium difficile","ass",483
0.298375570280562,0.145606585374369,0.451377599486413,"Latin America and Caribbean","Diarrheal diseases","Deaths","Both","Clostridium difficile","ass",483
0.837942091769128,0.545622539371271,1.13111151429117,"North Africa and Middle East","Diarrheal diseases","Deaths","Both","Clostridium difficile","ass",483
1.54105874765835,1.32828412773456,1.75428016325496,"South Asia","Diarrheal diseases","Deaths","Both","Clostridium difficile","ass",483
0.22630504386032,0.0370518160112576,0.415916306893394,"Southeast Asia, East Asia, and Oceania","Diarrheal diseases","Deaths","Both","Clostridium difficile","ass",483
0.0356813731041683,-0.273794847498843,0.346117978502458,"Sub-Saharan Africa","Diarrheal diseases","Deaths","Both","Clostridium difficile","ass",483
-0.102076473236201,-0.319725167509077,0.116047450004486,"Central Europe, Eastern Europe, and Central Asia","Diarrheal diseases","Deaths","Both","Clostridium difficile","ass",484
0.836362972932014,0.66157264007134,1.01145681446695,"Global","Diarrheal diseases","Deaths","Both","Clostridium difficile","ass",484
-1.68820549596146,-1.93338167143423,-1.44241635597494,"High-income","Diarrheal diseases","Deaths","Both","Clostridium difficile","ass",484
0.107988704640194,-0.0321283424180363,0.248302142664358,"Latin America and Caribbean","Diarrheal diseases","Deaths","Both","Clostridium difficile","ass",484
0.747844495914984,0.448790364027141,1.04778896578974,"North Africa and Middle East","Diarrheal diseases","Deaths","Both","Clostridium difficile","ass",484
1.58680904604087,1.41519112728248,1.75871738194202,"South Asia","Diarrheal diseases","Deaths","Both","Clostridium difficile","ass",484
0.13191781754387,-0.111151267718679,0.375578386049646,"Southeast Asia, East Asia, and Oceania","Diarrheal diseases","Deaths","Both","Clostridium difficile","ass",484
-0.0267032949689883,-0.292278336813734,0.239579115389188,"Sub-Saharan Africa","Diarrheal diseases","Deaths","Both","Clostridium difficile","ass",484
-0.0860236863129082,-0.364361309783612,0.193091488580732,"Central Europe, Eastern Europe, and Central Asia","Diarrheal diseases","Deaths","Both","Clostridium difficile","ass",485
0.944593472527955,0.762383262757682,1.12713317589961,"Global","Diarrheal diseases","Deaths","Both","Clostridium difficile","ass",485
-1.61275740951642,-1.85075462222271,-1.37418308923241,"High-income","Diarrheal diseases","Deaths","Both","Clostridium difficile","ass",485
0.245121071753718,0.124587023779799,0.365800223514356,"Latin America and Caribbean","Diarrheal diseases","Deaths","Both","Clostridium difficile","ass",485
0.885767252765168,0.607556385705954,1.16474745852346,"North Africa and Middle East","Diarrheal diseases","Deaths","Both","Clostridium difficile","ass",485
1.39364463782157,1.1956979051823,1.5919785698159,"South Asia","Diarrheal diseases","Deaths","Both","Clostridium difficile","ass",485
0.396764664299787,0.183212988876869,0.610771548901101,"Southeast Asia, East Asia, and Oceania","Diarrheal diseases","Deaths","Both","Clostridium difficile","ass",485
0.38949154613912,0.157364730067178,0.622156344204527,"Sub-Saharan Africa","Diarrheal diseases","Deaths","Both","Clostridium difficile","ass",485
-0.141791111620471,-0.398046902567584,0.115123973932341,"Central Europe, Eastern Europe, and Central Asia","Diarrheal diseases","Deaths","Both","Clostridium difficile","ass",486
0.791909363612464,0.61831421302494,0.965804015106397,"Global","Diarrheal diseases","Deaths","Both","Clostridium difficile","ass",486
-1.65728675829387,-1.92383890352917,-1.39001017558736,"High-income","Diarrheal diseases","Deaths","Both","Clostridium difficile","ass",486
0.208619695583434,0.062530214819656,0.354922464341656,"Latin America and Caribbean","Diarrheal diseases","Deaths","Both","Clostridium difficile","ass",486
0.738557291957131,0.511948006813046,0.965677479229066,"North Africa and Middle East","Diarrheal diseases","Deaths","Both","Clostridium difficile","ass",486
1.49665433748916,1.29575227946117,1.6979548489173,"South Asia","Diarrheal diseases","Deaths","Both","Clostridium difficile","ass",486
0.187713609796791,-0.0451599186237717,0.421129684033006,"Southeast Asia, East Asia, and Oceania","Diarrheal diseases","Deaths","Both","Clostridium difficile","ass",486
0.261858936101556,0.0637813544415611,0.460328614960237,"Sub-Saharan Africa","Diarrheal diseases","Deaths","Both","Clostridium difficile","ass",486
-0.130803981574523,-0.371242414490425,0.110214711914969,"Central Europe, Eastern Europe, and Central Asia","Diarrheal diseases","Deaths","Both","Clostridium difficile","ass",487
0.68615625472066,0.523197890163907,0.849378791420152,"Global","Diarrheal diseases","Deaths","Both","Clostridium difficile","ass",487
-1.56705453208373,-1.77987614321458,-1.35377178288478,"High-income","Diarrheal diseases","Deaths","Both","Clostridium difficile","ass",487
0.216454680041567,0.0729886041489713,0.360126430964147,"Latin America and Caribbean","Diarrheal diseases","Deaths","Both","Clostridium difficile","ass",487
0.955912676195259,0.682211103672437,1.23035829823765,"North Africa and Middle East","Diarrheal diseases","Deaths","Both","Clostridium difficile","ass",487
1.61300329421155,1.40820859426583,1.81821157871522,"South Asia","Diarrheal diseases","Deaths","Both","Clostridium difficile","ass",487
0.333255861481607,0.122259620110099,0.544696753363816,"Southeast Asia, East Asia, and Oceania","Diarrheal diseases","Deaths","Both","Clostridium difficile","ass",487
0.331843036831114,0.0914051747079148,0.572858474675653,"Sub-Saharan Africa","Diarrheal diseases","Deaths","Both","Clostridium difficile","ass",487
-0.248582767873629,-0.533181212000466,0.0368299807156136,"Central Europe, Eastern Europe, and Central Asia","Diarrheal diseases","Deaths","Both","Clostridium difficile","ass",488
0.723865585197148,0.572457358568745,0.875501751479124,"Global","Diarrheal diseases","Deaths","Both","Clostridium difficile","ass",488
-1.52950765467768,-1.74486564476762,-1.31367763771402,"High-income","Diarrheal diseases","Deaths","Both","Clostridium difficile","ass",488
0.214473841308593,0.0971960219017243,0.331889068030256,"Latin America and Caribbean","Diarrheal diseases","Deaths","Both","Clostridium difficile","ass",488
0.84471076372381,0.529004480795092,1.16140850635704,"North Africa and Middle East","Diarrheal diseases","Deaths","Both","Clostridium difficile","ass",488
1.51397177845234,1.31655326658207,1.71177496654356,"South Asia","Diarrheal diseases","Deaths","Both","Clostridium difficile","ass",488
0.355463137684064,0.0967141266216887,0.614881012368107,"Southeast Asia, East Asia, and Oceania","Diarrheal diseases","Deaths","Both","Clostridium difficile","ass",488
0.495314022505156,0.235551013344049,0.755750214187279,"Sub-Saharan Africa","Diarrheal diseases","Deaths","Both","Clostridium difficile","ass",488
-0.145980685267699,-0.385534090285145,0.0941487990704593,"Central Europe, Eastern Europe, and Central Asia","Diarrheal diseases","Deaths","Both","Clostridium difficile","ass",489
0.779672679642585,0.602974397212352,0.956681313562924,"Global","Diarrheal diseases","Deaths","Both","Clostridium difficile","ass",489
-1.50236083431262,-1.74286341193824,-1.2612695819927,"High-income","Diarrheal diseases","Deaths","Both","Clostridium difficile","ass",489
0.118484607483205,-0.0458813755867427,0.283120876327891,"Latin America and Caribbean","Diarrheal diseases","Deaths","Both","Clostridium difficile","ass",489
0.731086384614188,0.495797565077516,0.966926081201858,"North Africa and Middle East","Diarrheal diseases","Deaths","Both","Clostridium difficile","ass",489
1.55301194635564,1.35616891570016,1.75023726433645,"South Asia","Diarrheal diseases","Deaths","Both","Clostridium difficile","ass",489
0.141774326645572,-0.102331776719489,0.386476918304712,"Southeast Asia, East Asia, and Oceania","Diarrheal diseases","Deaths","Both","Clostridium difficile","ass",489
0.270809764390267,-0.00866771695812174,0.55106839007184,"Sub-Saharan Africa","Diarrheal diseases","Deaths","Both","Clostridium difficile","ass",489
-0.253357031423607,-0.541316488481314,0.0354361451845975,"Central Europe, Eastern Europe, and Central Asia","Diarrheal diseases","Deaths","Both","Clostridium difficile","ass",490
0.719113353149048,0.56579690666394,0.872663536485918,"Global","Diarrheal diseases","Deaths","Both","Clostridium difficile","ass",490
-1.56959369021542,-1.83639304968941,-1.3020691954247,"High-income","Diarrheal diseases","Deaths","Both","Clostridium difficile","ass",490
0.209916767293805,0.0581523003780893,0.361911424882533,"Latin America and Caribbean","Diarrheal diseases","Deaths","Both","Clostridium difficile","ass",490
0.828855894775149,0.465188933558491,1.19383926877206,"North Africa and Middle East","Diarrheal diseases","Deaths","Both","Clostridium difficile","ass",490
1.56195412073483,1.33959411375253,1.78480203151363,"South Asia","Diarrheal diseases","Deaths","Both","Clostridium difficile","ass",490
0.303310663723244,0.061656278533162,0.545548657500783,"Southeast Asia, East Asia, and Oceania","Diarrheal diseases","Deaths","Both","Clostridium difficile","ass",490
0.0469394089073427,-0.283180248386494,0.37815195091615,"Sub-Saharan Africa","Diarrheal diseases","Deaths","Both","Clostridium difficile","ass",490
-0.0910434861175147,-0.365091695018716,0.183758498965947,"Central Europe, Eastern Europe, and Central Asia","Diarrheal diseases","Deaths","Both","Clostridium difficile","ass",491
0.801216853848707,0.640544501743312,0.962145718921681,"Global","Diarrheal diseases","Deaths","Both","Clostridium difficile","ass",491
-1.70033055718545,-1.91521841126483,-1.48497191865732,"High-income","Diarrheal diseases","Deaths","Both","Clostridium difficile","ass",491
0.0757028411624283,-0.0684296415949248,0.220043207899923,"Latin America and Caribbean","Diarrheal diseases","Deaths","Both","Clostridium difficile","ass",491
0.74740083901812,0.4039598466137,1.09201660296985,"North Africa and Middle East","Diarrheal diseases","Deaths","Both","Clostridium difficile","ass",491
1.38725465469307,1.16191342745946,1.61309783633787,"South Asia","Diarrheal diseases","Deaths","Both","Clostridium difficile","ass",491
0.0389323502736127,-0.220301722686489,0.298839930026618,"Southeast Asia, East Asia, and Oceania","Diarrheal diseases","Deaths","Both","Clostridium difficile","ass",491
0.158657410260066,-0.116468269779646,0.43454091432249,"Sub-Saharan Africa","Diarrheal diseases","Deaths","Both","Clostridium difficile","ass",491
-0.198074507801593,-0.453613953094734,0.0581209171879982,"Central Europe, Eastern Europe, and Central Asia","Diarrheal diseases","Deaths","Both","Clostridium difficile","ass",492
0.777881991829199,0.629135357363642,0.926848498612931,"Global","Diarrheal diseases","Deaths","Both","Clostridium difficile","ass",492
-1.57399876290281,-1.80144260037315,-1.34602812849601,"High-income","Diarrheal diseases","Deaths","Both","Clostridium difficile","ass",492
0.259695684237071,0.130694680835686,0.388862883018715,"Latin America and Caribbean","Diarrheal diseases","Deaths","Both","Clostridium difficile","ass",492
0.875630536239091,0.584570353619651,1.16753295569076,"North Africa and Middle East","Diarrheal diseases","Deaths","Both","Clostridium difficile","ass",492
1.58153650286141,1.34805741020831,1.81555346953104,"South Asia","Diarrheal diseases","Deaths","Both","Clostridium difficile","ass",492
0.35349743432791,0.121635839632939,0.5858959738964,"Southeast Asia, East Asia, and Oceania","Diarrheal diseases","Deaths","Both","Clostridium difficile","ass",492
0.243239267516571,-0.0592784250079914,0.546672672403892,"Sub-Saharan Africa","Diarrheal diseases","Deaths","Both","Clostridium difficile","ass",492
-0.216161405188831,-0.482300650315726,0.0506895736121615,"Central Europe, Eastern Europe, and Central Asia","Diarrheal diseases","Deaths","Both","Clostridium difficile","ass",493
0.902815431396808,0.720797192057532,1.08516260617322,"Global","Diarrheal diseases","Deaths","Both","Clostridium difficile","ass",493
-1.60254504622792,-1.85253415562172,-1.35191919543404,"High-income","Diarrheal diseases","Deaths","Both","Clostridium difficile","ass",493
0.327615895214217,0.179815221969282,0.475634626747268,"Latin America and Caribbean","Diarrheal diseases","Deaths","Both","Clostridium difficile","ass",493
0.947580591819963,0.60617067348645,1.29014909447842,"North Africa and Middle East","Diarrheal diseases","Deaths","Both","Clostridium difficile","ass",493
1.47968001679564,1.26510617894013,1.69470852194602,"South Asia","Diarrheal diseases","Deaths","Both","Clostridium difficile","ass",493
0.13143647621221,-0.122039677800434,0.385555916896374,"Southeast Asia, East Asia, and Oceania","Diarrheal diseases","Deaths","Both","Clostridium difficile","ass",493
0.198673562384499,-0.0704028223667663,0.468474478234437,"Sub-Saharan Africa","Diarrheal diseases","Deaths","Both","Clostridium difficile","ass",493
-0.0565859263925383,-0.289397144102921,0.176768875064615,"Central Europe, Eastern Europe, and Central Asia","Diarrheal diseases","Deaths","Both","Clostridium difficile","ass",494
0.777270615131065,0.599624566138801,0.955230364287307,"Global","Diarrheal diseases","Deaths","Both","Clostridium difficile","ass",494
-1.62305044440814,-1.83141513179795,-1.4142434990087,"High-income","Diarrheal diseases","Deaths","Both","Clostridium difficile","ass",494
0.107701503685487,-0.0494280118690904,0.265078038183209,"Latin America and Caribbean","Diarrheal diseases","Deaths","Both","Clostridium difficile","ass",494
0.766271909749294,0.46614851233524,1.06729186839325,"North Africa and Middle East","Diarrheal diseases","Deaths","Both","Clostridium difficile","ass",494
1.4391571933581,1.24323731599196,1.63545620319141,"South Asia","Diarrheal diseases","Deaths","Both","Clostridium difficile","ass",494
0.193316058179915,-0.0230374262718658,0.410137738794369,"Southeast Asia, East Asia, and Oceania","Diarrheal diseases","Deaths","Both","Clostridium difficile","ass",494
0.566862524658363,0.310492326094081,0.823887945594559,"Sub-Saharan Africa","Diarrheal diseases","Deaths","Both","Clostridium difficile","ass",494
-0.0997549338690895,-0.359930200501835,0.161099689667998,"Central Europe, Eastern Europe, and Central Asia","Diarrheal diseases","Deaths","Both","Clostridium difficile","ass",495
0.907961809212332,0.755527634137509,1.06062660367126,"Global","Diarrheal diseases","Deaths","Both","Clostridium difficile","ass",495
-1.61168180974306,-1.86840195918774,-1.35429005974925,"High-income","Diarrheal diseases","Deaths","Both","Clostridium difficile","ass",495
0.199386288354675,0.0483951709319808,0.350605278673299,"Latin America and Caribbean","Diarrheal diseases","Deaths","Both","Clostridium difficile","ass",495
0.920931198197383,0.667844335111556,1.17465434152433,"North Africa and Middle East","Diarrheal diseases","Deaths","Both","Clostridium difficile","ass",495
1.47138664558555,1.28294941945204,1.6601744597341,"South Asia","Diarrheal diseases","Deaths","Both","Clostridium difficile","ass",495
0.262585539213722,0.0554050340233259,0.470195044333854,"Southeast Asia, East Asia, and Oceania","Diarrheal diseases","Deaths","Both","Clostridium difficile","ass",495
0.346165503664153,0.125828562083719,0.566987318813417,"Sub-Saharan Africa","Diarrheal diseases","Deaths","Both","Clostridium difficile","ass",495
-0.12401054281389,-0.357353759424506,0.109879117099809,"Central Europe, Eastern Europe, and Central Asia","Diarrheal diseases","Deaths","Both","Clostridium difficile","ass",496
0.932978340685242,0.763132435555902,1.10311053734591,"Global","Diarrheal diseases","Deaths","Both","Clostridium difficile","ass",496
-1.62840700412966,-1.83603668808481,-1.42033815610447,"High-income","Diarrheal diseases","Deaths","Both","Clostridium difficile","ass",496
0.214652566312967,0.0690859226331719,0.36043096018068,"Latin America and Caribbean","Diarrheal diseases","Deaths","Both","Clostridium difficile","ass",496
0.680573615914071,0.436256018753611,0.925485531208703,"North Africa and Middle East","Diarrheal diseases","Deaths","Both","Clostridium difficile","ass",496
1.56115544523976,1.36155153388964,1.76115242201582,"South Asia","Diarrheal diseases","Deaths","Both","Clostridium difficile","ass",496
0.115508414416254,-0.0786581639535711,0.310052296167562,"Southeast Asia, East Asia, and Oceania","Diarrheal diseases","Deaths","Both","Clostridium difficile","ass",496
0.426564088083703,0.173306868327527,0.680461590379822,"Sub-Saharan Africa","Diarrheal diseases","Deaths","Both","Clostridium difficile","ass",496
-0.105610256321431,-0.367722248044988,0.157191298039416,"Central Europe, Eastern Europe, and Central Asia","Diarrheal diseases","Deaths","Both","Clostridium difficile","ass",497
0.69446448748447,0.533315777848808,0.855871508570583,"Global","Diarrheal diseases","Deaths","Both","Clostridium difficile","ass",497
-1.54561087344817,-1.76927383046911,-1.32143865501489,"High-income","Diarrheal diseases","Deaths","Both","Clostridium difficile","ass",497
0.223712861404168,0.0694521963233496,0.378211324856714,"Latin America and Caribbean","Diarrheal diseases","Deaths","Both","Clostridium difficile","ass",497
0.842000031816181,0.530584579500704,1.15438016154148,"North Africa and Middle East","Diarrheal diseases","Deaths","Both","Clostridium difficile","ass",497
1.61104541881509,1.39445659700888,1.82809689626648,"South Asia","Diarrheal diseases","Deaths","Both","Clostridium difficile","ass",497
0.284196029678974,0.060217502274984,0.508675918982715,"Southeast Asia, East Asia, and Oceania","Diarrheal diseases","Deaths","Both","Clostridium difficile","ass",497
0.175986172883325,-0.0950045585636827,0.447711962434361,"Sub-Saharan Africa","Diarrheal diseases","Deaths","Both","Clostridium difficile","ass",497
-0.129595761490575,-0.361697678472062,0.103046824075315,"Central Europe, Eastern Europe, and Central Asia","Diarrheal diseases","Deaths","Both","Clostridium difficile","ass",498
0.802531525787886,0.623908282648133,0.981471853242244,"Global","Diarrheal diseases","Deaths","Both","Clostridium difficile","ass",498
-1.64610467602173,-1.95596730685835,-1.33526274183178,"High-income","Diarrheal diseases","Deaths","Both","Clostridium difficile","ass",498
0.0237040665458377,-0.113569491067078,0.161166278708946,"Latin America and Caribbean","Diarrheal diseases","Deaths","Both","Clostridium difficile","ass",498
0.850458284356459,0.538734271454677,1.16314880893085,"North Africa and Middle East","Diarrheal diseases","Deaths","Both","Clostridium difficile","ass",498
1.47532316385399,1.25796504850457,1.69314785534174,"South Asia","Diarrheal diseases","Deaths","Both","Clostridium difficile","ass",498
0.264487425439808,0.0441106037178063,0.485349692464454,"Southeast Asia, East Asia, and Oceania","Diarrheal diseases","Deaths","Both","Clostridium difficile","ass",498
0.106855124401872,-0.153515751824329,0.367904972889321,"Sub-Saharan Africa","Diarrheal diseases","Deaths","Both","Clostridium difficile","ass",498
-0.123213085491147,-0.366554644413786,0.120722803117546,"Central Europe, Eastern Europe, and Central Asia","Diarrheal diseases","Deaths","Both","Clostridium difficile","ass",499
0.682612108255931,0.489731769466673,0.875862662234717,"Global","Diarrheal diseases","Deaths","Both","Clostridium difficile","ass",499
-1.70258467998862,-1.93297082612686,-1.4716572940802,"High-income","Diarrheal diseases","Deaths","Both","Clostridium difficile","ass",499
0.11191209701229,-0.0348188296352081,0.258858398299089,"Latin America and Caribbean","Diarrheal diseases","Deaths","Both","Clostridium difficile","ass",499
0.845796712554625,0.585942238256365,1.10632249684224,"North Africa and Middle East","Diarrheal diseases","Deaths","Both","Clostridium difficile","ass",499
1.57522962432013,1.35867732782644,1.79224458368938,"South Asia","Diarrheal diseases","Deaths","Both","Clostridium difficile","ass",499
0.267231143814461,0.0291722894204982,0.505856553112927,"Southeast Asia, East Asia, and Oceania","Diarrheal diseases","Deaths","Both","Clostridium difficile","ass",499
0.440229928348801,0.218966909148754,0.661981451124327,"Sub-Saharan Africa","Diarrheal diseases","Deaths","Both","Clostridium difficile","ass",499
-0.210475757542716,-0.515278683947407,0.0952610290840816,"Central Europe, Eastern Europe, and Central Asia","Diarrheal diseases","Deaths","Both","Clostridium difficile","ass",500
0.814590261575021,0.637117697390255,0.992375796875788,"Global","Diarrheal diseases","Deaths","Both","Clostridium difficile","ass",500
-1.67525829364634,-1.96955816331358,-1.38007489829399,"High-income","Diarrheal diseases","Deaths","Both","Clostridium difficile","ass",500
0.216379145913859,0.0813728191923602,0.351567591522639,"Latin America and Caribbean","Diarrheal diseases","Deaths","Both","Clostridium difficile","ass",500
0.861351369539221,0.594693984914607,1.12871561212979,"North Africa and Middle East","Diarrheal diseases","Deaths","Both","Clostridium difficile","ass",500
1.38073210030154,1.16187246747967,1.60006522711584,"South Asia","Diarrheal diseases","Deaths","Both","Clostridium difficile","ass",500
0.315980667593774,0.126828946026913,0.505489719699792,"Southeast Asia, East Asia, and Oceania","Diarrheal diseases","Deaths","Both","Clostridium difficile","ass",500
0.296035254718308,0.0510797603786139,0.541590474661646,"Sub-Saharan Africa","Diarrheal diseases","Deaths","Both","Clostridium difficile","ass",500
